/workspace/miniconda3/envs/marllib/lib/python3.8/site-packages/redis/utils.py:29: CryptographyDeprecationWarning: Python 3.8 is no longer supported by the Python core team and support for it is deprecated in cryptography. The next release of cryptography will remove support for Python 3.8.
  import cryptography  # noqa
2026-05-22 22:02:55,394	WARNING utils.py:531 -- Ray currently does not support initializing Raywith fractional cpus. Your num_cpus will be truncated from 8.5 to 8.
2026-05-22 22:02:56,812	ERROR syncer.py:75 -- Log sync requires rsync to be installed.
verified rware-small-4ag-v2
== Status ==
Current time: 2026-05-22 22:02:56 (running for 00:00:00.13)
Memory usage on this node: 56.6/251.6 GiB
Using FIFO scheduling algorithm.
Resources requested: 0/8 CPUs, 0/1 GPUs, 0.0/17.63 GiB heap, 0.0/8.82 GiB objects (0.0/1.0 accelerator_type:G)
Result logdir: /workspace/MARLlib/runs/rware_mappo_gru_small_20m_tensorboard/mappo_gru_rware-small-4ag-v2
Number of trials: 1/1 (1 PENDING)
+------------------------------------------------------+----------+-------+
| Trial name                                           | status   | loc   |
|------------------------------------------------------+----------+-------|
| MAPPOTrainer_rware_v2_rware-small-4ag-v2_fd22d_00000 | PENDING  |       |
+------------------------------------------------------+----------+-------+


== Status ==
Current time: 2026-05-22 22:03:08 (running for 00:00:11.95)
Memory usage on this node: 62.3/251.6 GiB
Using FIFO scheduling algorithm.
Resources requested: 7.0/8 CPUs, 1.0/1 GPUs, 0.0/17.63 GiB heap, 0.0/8.82 GiB objects (0.0/1.0 accelerator_type:G)
Result logdir: /workspace/MARLlib/runs/rware_mappo_gru_small_20m_tensorboard/mappo_gru_rware-small-4ag-v2
Number of trials: 1/1 (1 RUNNING)
+------------------------------------------------------+----------+-------------------+
| Trial name                                           | status   | loc               |
|------------------------------------------------------+----------+-------------------|
| MAPPOTrainer_rware_v2_rware-small-4ag-v2_fd22d_00000 | RUNNING  | 172.24.0.2:950918 |
+------------------------------------------------------+----------+-------------------+


== Status ==
Current time: 2026-05-22 22:03:08 (running for 00:00:11.99)
Memory usage on this node: 62.4/251.6 GiB
Using FIFO scheduling algorithm.
Resources requested: 7.0/8 CPUs, 1.0/1 GPUs, 0.0/17.63 GiB heap, 0.0/8.82 GiB objects (0.0/1.0 accelerator_type:G)
Result logdir: /workspace/MARLlib/runs/rware_mappo_gru_small_20m_tensorboard/mappo_gru_rware-small-4ag-v2
Number of trials: 1/1 (1 RUNNING)
+------------------------------------------------------+----------+-------------------+
| Trial name                                           | status   | loc               |
|------------------------------------------------------+----------+-------------------|
| MAPPOTrainer_rware_v2_rware-small-4ag-v2_fd22d_00000 | RUNNING  | 172.24.0.2:950918 |
+------------------------------------------------------+----------+-------------------+


== Status ==
Current time: 2026-05-22 22:03:13 (running for 00:00:17.23)
Memory usage on this node: 62.6/251.6 GiB
Using FIFO scheduling algorithm.
Resources requested: 7.0/8 CPUs, 1.0/1 GPUs, 0.0/17.63 GiB heap, 0.0/8.82 GiB objects (0.0/1.0 accelerator_type:G)
Result logdir: /workspace/MARLlib/runs/rware_mappo_gru_small_20m_tensorboard/mappo_gru_rware-small-4ag-v2
Number of trials: 1/1 (1 RUNNING)
+------------------------------------------------------+----------+-------------------+--------+------------------+------------+----------+----------------------+----------------------+--------------------+
| Trial name                                           | status   | loc               |   iter |   total time (s) |         ts |   reward |   episode_reward_max |   episode_reward_min |   episode_len_mean |
|------------------------------------------------------+----------+-------------------+--------+------------------+------------+----------+----------------------+----------------------+--------------------|
| MAPPOTrainer_rware_v2_rware-small-4ag-v2_fd22d_00000 | RUNNING  | 172.24.0.2:950918 |   1503 |          4303.72 | 3.0048e+07 |        4 |                    5 |                    2 |                500 |
+------------------------------------------------------+----------+-------------------+--------+------------------+------------+----------+----------------------+----------------------+--------------------+


== Status ==
Current time: 2026-05-22 22:03:19 (running for 00:00:22.44)
Memory usage on this node: 62.7/251.6 GiB
Using FIFO scheduling algorithm.
Resources requested: 7.0/8 CPUs, 1.0/1 GPUs, 0.0/17.63 GiB heap, 0.0/8.82 GiB objects (0.0/1.0 accelerator_type:G)
Result logdir: /workspace/MARLlib/runs/rware_mappo_gru_small_20m_tensorboard/mappo_gru_rware-small-4ag-v2
Number of trials: 1/1 (1 RUNNING)
+------------------------------------------------------+----------+-------------------+--------+------------------+------------+----------+----------------------+----------------------+--------------------+
| Trial name                                           | status   | loc               |   iter |   total time (s) |         ts |   reward |   episode_reward_max |   episode_reward_min |   episode_len_mean |
|------------------------------------------------------+----------+-------------------+--------+------------------+------------+----------+----------------------+----------------------+--------------------|
| MAPPOTrainer_rware_v2_rware-small-4ag-v2_fd22d_00000 | RUNNING  | 172.24.0.2:950918 |   1505 |          4308.88 | 3.0088e+07 |  3.88889 |                    6 |                    2 |                500 |
+------------------------------------------------------+----------+-------------------+--------+------------------+------------+----------+----------------------+----------------------+--------------------+


== Status ==
Current time: 2026-05-22 22:03:24 (running for 00:00:27.58)
Memory usage on this node: 62.7/251.6 GiB
Using FIFO scheduling algorithm.
Resources requested: 7.0/8 CPUs, 1.0/1 GPUs, 0.0/17.63 GiB heap, 0.0/8.82 GiB objects (0.0/1.0 accelerator_type:G)
Result logdir: /workspace/MARLlib/runs/rware_mappo_gru_small_20m_tensorboard/mappo_gru_rware-small-4ag-v2
Number of trials: 1/1 (1 RUNNING)
+------------------------------------------------------+----------+-------------------+--------+------------------+-------------+----------+----------------------+----------------------+--------------------+
| Trial name                                           | status   | loc               |   iter |   total time (s) |          ts |   reward |   episode_reward_max |   episode_reward_min |   episode_len_mean |
|------------------------------------------------------+----------+-------------------+--------+------------------+-------------+----------+----------------------+----------------------+--------------------|
| MAPPOTrainer_rware_v2_rware-small-4ag-v2_fd22d_00000 | RUNNING  | 172.24.0.2:950918 |   1507 |          4313.96 | 3.01279e+07 |  3.75926 |                    6 |                    1 |                500 |
+------------------------------------------------------+----------+-------------------+--------+------------------+-------------+----------+----------------------+----------------------+--------------------+


== Status ==
Current time: 2026-05-22 22:03:29 (running for 00:00:32.92)
Memory usage on this node: 62.7/251.6 GiB
Using FIFO scheduling algorithm.
Resources requested: 7.0/8 CPUs, 1.0/1 GPUs, 0.0/17.63 GiB heap, 0.0/8.82 GiB objects (0.0/1.0 accelerator_type:G)
Result logdir: /workspace/MARLlib/runs/rware_mappo_gru_small_20m_tensorboard/mappo_gru_rware-small-4ag-v2
Number of trials: 1/1 (1 RUNNING)
+------------------------------------------------------+----------+-------------------+--------+------------------+-------------+----------+----------------------+----------------------+--------------------+
| Trial name                                           | status   | loc               |   iter |   total time (s) |          ts |   reward |   episode_reward_max |   episode_reward_min |   episode_len_mean |
|------------------------------------------------------+----------+-------------------+--------+------------------+-------------+----------+----------------------+----------------------+--------------------|
| MAPPOTrainer_rware_v2_rware-small-4ag-v2_fd22d_00000 | RUNNING  | 172.24.0.2:950918 |   1509 |          4319.25 | 3.01679e+07 |  3.55128 |                    6 |                    1 |                500 |
+------------------------------------------------------+----------+-------------------+--------+------------------+-------------+----------+----------------------+----------------------+--------------------+


== Status ==
Current time: 2026-05-22 22:03:34 (running for 00:00:38.26)
Memory usage on this node: 62.7/251.6 GiB
Using FIFO scheduling algorithm.
Resources requested: 7.0/8 CPUs, 1.0/1 GPUs, 0.0/17.63 GiB heap, 0.0/8.82 GiB objects (0.0/1.0 accelerator_type:G)
Result logdir: /workspace/MARLlib/runs/rware_mappo_gru_small_20m_tensorboard/mappo_gru_rware-small-4ag-v2
Number of trials: 1/1 (1 RUNNING)
+------------------------------------------------------+----------+-------------------+--------+------------------+-------------+----------+----------------------+----------------------+--------------------+
| Trial name                                           | status   | loc               |   iter |   total time (s) |          ts |   reward |   episode_reward_max |   episode_reward_min |   episode_len_mean |
|------------------------------------------------------+----------+-------------------+--------+------------------+-------------+----------+----------------------+----------------------+--------------------|
| MAPPOTrainer_rware_v2_rware-small-4ag-v2_fd22d_00000 | RUNNING  | 172.24.0.2:950918 |   1511 |          4324.54 | 3.02079e+07 |  3.54167 |                    6 |                    1 |                500 |
+------------------------------------------------------+----------+-------------------+--------+------------------+-------------+----------+----------------------+----------------------+--------------------+


== Status ==
Current time: 2026-05-22 22:03:40 (running for 00:00:43.46)
Memory usage on this node: 62.7/251.6 GiB
Using FIFO scheduling algorithm.
Resources requested: 7.0/8 CPUs, 1.0/1 GPUs, 0.0/17.63 GiB heap, 0.0/8.82 GiB objects (0.0/1.0 accelerator_type:G)
Result logdir: /workspace/MARLlib/runs/rware_mappo_gru_small_20m_tensorboard/mappo_gru_rware-small-4ag-v2
Number of trials: 1/1 (1 RUNNING)
+------------------------------------------------------+----------+-------------------+--------+------------------+-------------+----------+----------------------+----------------------+--------------------+
| Trial name                                           | status   | loc               |   iter |   total time (s) |          ts |   reward |   episode_reward_max |   episode_reward_min |   episode_len_mean |
|------------------------------------------------------+----------+-------------------+--------+------------------+-------------+----------+----------------------+----------------------+--------------------|
| MAPPOTrainer_rware_v2_rware-small-4ag-v2_fd22d_00000 | RUNNING  | 172.24.0.2:950918 |   1513 |          4329.69 | 3.02479e+07 |     3.37 |                    6 |                    0 |                500 |
+------------------------------------------------------+----------+-------------------+--------+------------------+-------------+----------+----------------------+----------------------+--------------------+


== Status ==
Current time: 2026-05-22 22:03:45 (running for 00:00:48.66)
Memory usage on this node: 62.7/251.6 GiB
Using FIFO scheduling algorithm.
Resources requested: 7.0/8 CPUs, 1.0/1 GPUs, 0.0/17.63 GiB heap, 0.0/8.82 GiB objects (0.0/1.0 accelerator_type:G)
Result logdir: /workspace/MARLlib/runs/rware_mappo_gru_small_20m_tensorboard/mappo_gru_rware-small-4ag-v2
Number of trials: 1/1 (1 RUNNING)
+------------------------------------------------------+----------+-------------------+--------+------------------+-------------+----------+----------------------+----------------------+--------------------+
| Trial name                                           | status   | loc               |   iter |   total time (s) |          ts |   reward |   episode_reward_max |   episode_reward_min |   episode_len_mean |
|------------------------------------------------------+----------+-------------------+--------+------------------+-------------+----------+----------------------+----------------------+--------------------|
| MAPPOTrainer_rware_v2_rware-small-4ag-v2_fd22d_00000 | RUNNING  | 172.24.0.2:950918 |   1515 |          4334.83 | 3.02879e+07 |     3.38 |                    5 |                    0 |                500 |
+------------------------------------------------------+----------+-------------------+--------+------------------+-------------+----------+----------------------+----------------------+--------------------+


== Status ==
Current time: 2026-05-22 22:03:50 (running for 00:00:53.96)
Memory usage on this node: 62.7/251.6 GiB
Using FIFO scheduling algorithm.
Resources requested: 7.0/8 CPUs, 1.0/1 GPUs, 0.0/17.63 GiB heap, 0.0/8.82 GiB objects (0.0/1.0 accelerator_type:G)
Result logdir: /workspace/MARLlib/runs/rware_mappo_gru_small_20m_tensorboard/mappo_gru_rware-small-4ag-v2
Number of trials: 1/1 (1 RUNNING)
+------------------------------------------------------+----------+-------------------+--------+------------------+-------------+----------+----------------------+----------------------+--------------------+
| Trial name                                           | status   | loc               |   iter |   total time (s) |          ts |   reward |   episode_reward_max |   episode_reward_min |   episode_len_mean |
|------------------------------------------------------+----------+-------------------+--------+------------------+-------------+----------+----------------------+----------------------+--------------------|
| MAPPOTrainer_rware_v2_rware-small-4ag-v2_fd22d_00000 | RUNNING  | 172.24.0.2:950918 |   1517 |          4340.07 | 3.03279e+07 |     3.39 |                    5 |                    0 |                500 |
+------------------------------------------------------+----------+-------------------+--------+------------------+-------------+----------+----------------------+----------------------+--------------------+


== Status ==
Current time: 2026-05-22 22:03:55 (running for 00:00:59.14)
Memory usage on this node: 62.7/251.6 GiB
Using FIFO scheduling algorithm.
Resources requested: 7.0/8 CPUs, 1.0/1 GPUs, 0.0/17.63 GiB heap, 0.0/8.82 GiB objects (0.0/1.0 accelerator_type:G)
Result logdir: /workspace/MARLlib/runs/rware_mappo_gru_small_20m_tensorboard/mappo_gru_rware-small-4ag-v2
Number of trials: 1/1 (1 RUNNING)
+------------------------------------------------------+----------+-------------------+--------+------------------+-------------+----------+----------------------+----------------------+--------------------+
| Trial name                                           | status   | loc               |   iter |   total time (s) |          ts |   reward |   episode_reward_max |   episode_reward_min |   episode_len_mean |
|------------------------------------------------------+----------+-------------------+--------+------------------+-------------+----------+----------------------+----------------------+--------------------|
| MAPPOTrainer_rware_v2_rware-small-4ag-v2_fd22d_00000 | RUNNING  | 172.24.0.2:950918 |   1519 |           4345.2 | 3.03678e+07 |      3.5 |                    5 |                    0 |                500 |
+------------------------------------------------------+----------+-------------------+--------+------------------+-------------+----------+----------------------+----------------------+--------------------+


== Status ==
Current time: 2026-05-22 22:04:00 (running for 00:01:04.38)
Memory usage on this node: 62.7/251.6 GiB
Using FIFO scheduling algorithm.
Resources requested: 7.0/8 CPUs, 1.0/1 GPUs, 0.0/17.63 GiB heap, 0.0/8.82 GiB objects (0.0/1.0 accelerator_type:G)
Result logdir: /workspace/MARLlib/runs/rware_mappo_gru_small_20m_tensorboard/mappo_gru_rware-small-4ag-v2
Number of trials: 1/1 (1 RUNNING)
+------------------------------------------------------+----------+-------------------+--------+------------------+-------------+----------+----------------------+----------------------+--------------------+
| Trial name                                           | status   | loc               |   iter |   total time (s) |          ts |   reward |   episode_reward_max |   episode_reward_min |   episode_len_mean |
|------------------------------------------------------+----------+-------------------+--------+------------------+-------------+----------+----------------------+----------------------+--------------------|
| MAPPOTrainer_rware_v2_rware-small-4ag-v2_fd22d_00000 | RUNNING  | 172.24.0.2:950918 |   1521 |          4350.37 | 3.04078e+07 |     3.52 |                    5 |                    0 |                500 |
+------------------------------------------------------+----------+-------------------+--------+------------------+-------------+----------+----------------------+----------------------+--------------------+


== Status ==
Current time: 2026-05-22 22:04:06 (running for 00:01:09.62)
Memory usage on this node: 63.3/251.6 GiB
Using FIFO scheduling algorithm.
Resources requested: 7.0/8 CPUs, 1.0/1 GPUs, 0.0/17.63 GiB heap, 0.0/8.82 GiB objects (0.0/1.0 accelerator_type:G)
Result logdir: /workspace/MARLlib/runs/rware_mappo_gru_small_20m_tensorboard/mappo_gru_rware-small-4ag-v2
Number of trials: 1/1 (1 RUNNING)
+------------------------------------------------------+----------+-------------------+--------+------------------+-------------+----------+----------------------+----------------------+--------------------+
| Trial name                                           | status   | loc               |   iter |   total time (s) |          ts |   reward |   episode_reward_max |   episode_reward_min |   episode_len_mean |
|------------------------------------------------------+----------+-------------------+--------+------------------+-------------+----------+----------------------+----------------------+--------------------|
| MAPPOTrainer_rware_v2_rware-small-4ag-v2_fd22d_00000 | RUNNING  | 172.24.0.2:950918 |   1523 |          4355.55 | 3.04478e+07 |     3.64 |                    5 |                    0 |                500 |
+------------------------------------------------------+----------+-------------------+--------+------------------+-------------+----------+----------------------+----------------------+--------------------+


== Status ==
Current time: 2026-05-22 22:04:11 (running for 00:01:14.80)
Memory usage on this node: 62.8/251.6 GiB
Using FIFO scheduling algorithm.
Resources requested: 7.0/8 CPUs, 1.0/1 GPUs, 0.0/17.63 GiB heap, 0.0/8.82 GiB objects (0.0/1.0 accelerator_type:G)
Result logdir: /workspace/MARLlib/runs/rware_mappo_gru_small_20m_tensorboard/mappo_gru_rware-small-4ag-v2
Number of trials: 1/1 (1 RUNNING)
+------------------------------------------------------+----------+-------------------+--------+------------------+-------------+----------+----------------------+----------------------+--------------------+
| Trial name                                           | status   | loc               |   iter |   total time (s) |          ts |   reward |   episode_reward_max |   episode_reward_min |   episode_len_mean |
|------------------------------------------------------+----------+-------------------+--------+------------------+-------------+----------+----------------------+----------------------+--------------------|
| MAPPOTrainer_rware_v2_rware-small-4ag-v2_fd22d_00000 | RUNNING  | 172.24.0.2:950918 |   1525 |          4360.67 | 3.04878e+07 |     3.57 |                    5 |                    0 |                500 |
+------------------------------------------------------+----------+-------------------+--------+------------------+-------------+----------+----------------------+----------------------+--------------------+


== Status ==
Current time: 2026-05-22 22:04:16 (running for 00:01:20.15)
Memory usage on this node: 62.8/251.6 GiB
Using FIFO scheduling algorithm.
Resources requested: 7.0/8 CPUs, 1.0/1 GPUs, 0.0/17.63 GiB heap, 0.0/8.82 GiB objects (0.0/1.0 accelerator_type:G)
Result logdir: /workspace/MARLlib/runs/rware_mappo_gru_small_20m_tensorboard/mappo_gru_rware-small-4ag-v2
Number of trials: 1/1 (1 RUNNING)
+------------------------------------------------------+----------+-------------------+--------+------------------+-------------+----------+----------------------+----------------------+--------------------+
| Trial name                                           | status   | loc               |   iter |   total time (s) |          ts |   reward |   episode_reward_max |   episode_reward_min |   episode_len_mean |
|------------------------------------------------------+----------+-------------------+--------+------------------+-------------+----------+----------------------+----------------------+--------------------|
| MAPPOTrainer_rware_v2_rware-small-4ag-v2_fd22d_00000 | RUNNING  | 172.24.0.2:950918 |   1527 |          4365.97 | 3.05278e+07 |     3.51 |                    5 |                    0 |                500 |
+------------------------------------------------------+----------+-------------------+--------+------------------+-------------+----------+----------------------+----------------------+--------------------+


== Status ==
Current time: 2026-05-22 22:04:21 (running for 00:01:25.34)
Memory usage on this node: 62.8/251.6 GiB
Using FIFO scheduling algorithm.
Resources requested: 7.0/8 CPUs, 1.0/1 GPUs, 0.0/17.63 GiB heap, 0.0/8.82 GiB objects (0.0/1.0 accelerator_type:G)
Result logdir: /workspace/MARLlib/runs/rware_mappo_gru_small_20m_tensorboard/mappo_gru_rware-small-4ag-v2
Number of trials: 1/1 (1 RUNNING)
+------------------------------------------------------+----------+-------------------+--------+------------------+-------------+----------+----------------------+----------------------+--------------------+
| Trial name                                           | status   | loc               |   iter |   total time (s) |          ts |   reward |   episode_reward_max |   episode_reward_min |   episode_len_mean |
|------------------------------------------------------+----------+-------------------+--------+------------------+-------------+----------+----------------------+----------------------+--------------------|
| MAPPOTrainer_rware_v2_rware-small-4ag-v2_fd22d_00000 | RUNNING  | 172.24.0.2:950918 |   1529 |          4371.11 | 3.05678e+07 |     3.45 |                    5 |                    0 |                500 |
+------------------------------------------------------+----------+-------------------+--------+------------------+-------------+----------+----------------------+----------------------+--------------------+


== Status ==
Current time: 2026-05-22 22:04:27 (running for 00:01:30.50)
Memory usage on this node: 62.8/251.6 GiB
Using FIFO scheduling algorithm.
Resources requested: 7.0/8 CPUs, 1.0/1 GPUs, 0.0/17.63 GiB heap, 0.0/8.82 GiB objects (0.0/1.0 accelerator_type:G)
Result logdir: /workspace/MARLlib/runs/rware_mappo_gru_small_20m_tensorboard/mappo_gru_rware-small-4ag-v2
Number of trials: 1/1 (1 RUNNING)
+------------------------------------------------------+----------+-------------------+--------+------------------+-------------+----------+----------------------+----------------------+--------------------+
| Trial name                                           | status   | loc               |   iter |   total time (s) |          ts |   reward |   episode_reward_max |   episode_reward_min |   episode_len_mean |
|------------------------------------------------------+----------+-------------------+--------+------------------+-------------+----------+----------------------+----------------------+--------------------|
| MAPPOTrainer_rware_v2_rware-small-4ag-v2_fd22d_00000 | RUNNING  | 172.24.0.2:950918 |   1531 |          4376.21 | 3.06078e+07 |     3.47 |                    5 |                    1 |                500 |
+------------------------------------------------------+----------+-------------------+--------+------------------+-------------+----------+----------------------+----------------------+--------------------+


== Status ==
Current time: 2026-05-22 22:04:32 (running for 00:01:35.81)
Memory usage on this node: 62.8/251.6 GiB
Using FIFO scheduling algorithm.
Resources requested: 7.0/8 CPUs, 1.0/1 GPUs, 0.0/17.63 GiB heap, 0.0/8.82 GiB objects (0.0/1.0 accelerator_type:G)
Result logdir: /workspace/MARLlib/runs/rware_mappo_gru_small_20m_tensorboard/mappo_gru_rware-small-4ag-v2
Number of trials: 1/1 (1 RUNNING)
+------------------------------------------------------+----------+-------------------+--------+------------------+-------------+----------+----------------------+----------------------+--------------------+
| Trial name                                           | status   | loc               |   iter |   total time (s) |          ts |   reward |   episode_reward_max |   episode_reward_min |   episode_len_mean |
|------------------------------------------------------+----------+-------------------+--------+------------------+-------------+----------+----------------------+----------------------+--------------------|
| MAPPOTrainer_rware_v2_rware-small-4ag-v2_fd22d_00000 | RUNNING  | 172.24.0.2:950918 |   1533 |          4381.47 | 3.06477e+07 |     3.44 |                    6 |                    1 |                500 |
+------------------------------------------------------+----------+-------------------+--------+------------------+-------------+----------+----------------------+----------------------+--------------------+


== Status ==
Current time: 2026-05-22 22:04:37 (running for 00:01:41.12)
Memory usage on this node: 62.7/251.6 GiB
Using FIFO scheduling algorithm.
Resources requested: 7.0/8 CPUs, 1.0/1 GPUs, 0.0/17.63 GiB heap, 0.0/8.82 GiB objects (0.0/1.0 accelerator_type:G)
Result logdir: /workspace/MARLlib/runs/rware_mappo_gru_small_20m_tensorboard/mappo_gru_rware-small-4ag-v2
Number of trials: 1/1 (1 RUNNING)
+------------------------------------------------------+----------+-------------------+--------+------------------+-------------+----------+----------------------+----------------------+--------------------+
| Trial name                                           | status   | loc               |   iter |   total time (s) |          ts |   reward |   episode_reward_max |   episode_reward_min |   episode_len_mean |
|------------------------------------------------------+----------+-------------------+--------+------------------+-------------+----------+----------------------+----------------------+--------------------|
| MAPPOTrainer_rware_v2_rware-small-4ag-v2_fd22d_00000 | RUNNING  | 172.24.0.2:950918 |   1535 |          4386.72 | 3.06877e+07 |      3.6 |                    7 |                    1 |                500 |
+------------------------------------------------------+----------+-------------------+--------+------------------+-------------+----------+----------------------+----------------------+--------------------+


== Status ==
Current time: 2026-05-22 22:04:43 (running for 00:01:46.42)
Memory usage on this node: 62.7/251.6 GiB
Using FIFO scheduling algorithm.
Resources requested: 7.0/8 CPUs, 1.0/1 GPUs, 0.0/17.63 GiB heap, 0.0/8.82 GiB objects (0.0/1.0 accelerator_type:G)
Result logdir: /workspace/MARLlib/runs/rware_mappo_gru_small_20m_tensorboard/mappo_gru_rware-small-4ag-v2
Number of trials: 1/1 (1 RUNNING)
+------------------------------------------------------+----------+-------------------+--------+------------------+-------------+----------+----------------------+----------------------+--------------------+
| Trial name                                           | status   | loc               |   iter |   total time (s) |          ts |   reward |   episode_reward_max |   episode_reward_min |   episode_len_mean |
|------------------------------------------------------+----------+-------------------+--------+------------------+-------------+----------+----------------------+----------------------+--------------------|
| MAPPOTrainer_rware_v2_rware-small-4ag-v2_fd22d_00000 | RUNNING  | 172.24.0.2:950918 |   1537 |          4391.96 | 3.07277e+07 |     3.69 |                    7 |                    1 |                500 |
+------------------------------------------------------+----------+-------------------+--------+------------------+-------------+----------+----------------------+----------------------+--------------------+


== Status ==
Current time: 2026-05-22 22:04:48 (running for 00:01:51.71)
Memory usage on this node: 62.8/251.6 GiB
Using FIFO scheduling algorithm.
Resources requested: 7.0/8 CPUs, 1.0/1 GPUs, 0.0/17.63 GiB heap, 0.0/8.82 GiB objects (0.0/1.0 accelerator_type:G)
Result logdir: /workspace/MARLlib/runs/rware_mappo_gru_small_20m_tensorboard/mappo_gru_rware-small-4ag-v2
Number of trials: 1/1 (1 RUNNING)
+------------------------------------------------------+----------+-------------------+--------+------------------+-------------+----------+----------------------+----------------------+--------------------+
| Trial name                                           | status   | loc               |   iter |   total time (s) |          ts |   reward |   episode_reward_max |   episode_reward_min |   episode_len_mean |
|------------------------------------------------------+----------+-------------------+--------+------------------+-------------+----------+----------------------+----------------------+--------------------|
| MAPPOTrainer_rware_v2_rware-small-4ag-v2_fd22d_00000 | RUNNING  | 172.24.0.2:950918 |   1539 |          4397.21 | 3.07677e+07 |     3.81 |                    7 |                    1 |                500 |
+------------------------------------------------------+----------+-------------------+--------+------------------+-------------+----------+----------------------+----------------------+--------------------+


== Status ==
Current time: 2026-05-22 22:04:53 (running for 00:01:56.92)
Memory usage on this node: 62.8/251.6 GiB
Using FIFO scheduling algorithm.
Resources requested: 7.0/8 CPUs, 1.0/1 GPUs, 0.0/17.63 GiB heap, 0.0/8.82 GiB objects (0.0/1.0 accelerator_type:G)
Result logdir: /workspace/MARLlib/runs/rware_mappo_gru_small_20m_tensorboard/mappo_gru_rware-small-4ag-v2
Number of trials: 1/1 (1 RUNNING)
+------------------------------------------------------+----------+-------------------+--------+------------------+-------------+----------+----------------------+----------------------+--------------------+
| Trial name                                           | status   | loc               |   iter |   total time (s) |          ts |   reward |   episode_reward_max |   episode_reward_min |   episode_len_mean |
|------------------------------------------------------+----------+-------------------+--------+------------------+-------------+----------+----------------------+----------------------+--------------------|
| MAPPOTrainer_rware_v2_rware-small-4ag-v2_fd22d_00000 | RUNNING  | 172.24.0.2:950918 |   1541 |          4402.36 | 3.08077e+07 |     3.83 |                    7 |                    1 |                500 |
+------------------------------------------------------+----------+-------------------+--------+------------------+-------------+----------+----------------------+----------------------+--------------------+


== Status ==
Current time: 2026-05-22 22:04:58 (running for 00:02:02.08)
Memory usage on this node: 62.8/251.6 GiB
Using FIFO scheduling algorithm.
Resources requested: 7.0/8 CPUs, 1.0/1 GPUs, 0.0/17.63 GiB heap, 0.0/8.82 GiB objects (0.0/1.0 accelerator_type:G)
Result logdir: /workspace/MARLlib/runs/rware_mappo_gru_small_20m_tensorboard/mappo_gru_rware-small-4ag-v2
Number of trials: 1/1 (1 RUNNING)
+------------------------------------------------------+----------+-------------------+--------+------------------+-------------+----------+----------------------+----------------------+--------------------+
| Trial name                                           | status   | loc               |   iter |   total time (s) |          ts |   reward |   episode_reward_max |   episode_reward_min |   episode_len_mean |
|------------------------------------------------------+----------+-------------------+--------+------------------+-------------+----------+----------------------+----------------------+--------------------|
| MAPPOTrainer_rware_v2_rware-small-4ag-v2_fd22d_00000 | RUNNING  | 172.24.0.2:950918 |   1543 |          4407.45 | 3.08477e+07 |     3.88 |                    7 |                    1 |                500 |
+------------------------------------------------------+----------+-------------------+--------+------------------+-------------+----------+----------------------+----------------------+--------------------+


== Status ==
Current time: 2026-05-22 22:05:03 (running for 00:02:07.33)
Memory usage on this node: 62.8/251.6 GiB
Using FIFO scheduling algorithm.
Resources requested: 7.0/8 CPUs, 1.0/1 GPUs, 0.0/17.63 GiB heap, 0.0/8.82 GiB objects (0.0/1.0 accelerator_type:G)
Result logdir: /workspace/MARLlib/runs/rware_mappo_gru_small_20m_tensorboard/mappo_gru_rware-small-4ag-v2
Number of trials: 1/1 (1 RUNNING)
+------------------------------------------------------+----------+-------------------+--------+------------------+-------------+----------+----------------------+----------------------+--------------------+
| Trial name                                           | status   | loc               |   iter |   total time (s) |          ts |   reward |   episode_reward_max |   episode_reward_min |   episode_len_mean |
|------------------------------------------------------+----------+-------------------+--------+------------------+-------------+----------+----------------------+----------------------+--------------------|
| MAPPOTrainer_rware_v2_rware-small-4ag-v2_fd22d_00000 | RUNNING  | 172.24.0.2:950918 |   1545 |          4412.64 | 3.08876e+07 |     3.84 |                    6 |                    1 |                500 |
+------------------------------------------------------+----------+-------------------+--------+------------------+-------------+----------+----------------------+----------------------+--------------------+


== Status ==
Current time: 2026-05-22 22:05:08 (running for 00:02:12.39)
Memory usage on this node: 62.8/251.6 GiB
Using FIFO scheduling algorithm.
Resources requested: 7.0/8 CPUs, 1.0/1 GPUs, 0.0/17.63 GiB heap, 0.0/8.82 GiB objects (0.0/1.0 accelerator_type:G)
Result logdir: /workspace/MARLlib/runs/rware_mappo_gru_small_20m_tensorboard/mappo_gru_rware-small-4ag-v2
Number of trials: 1/1 (1 RUNNING)
+------------------------------------------------------+----------+-------------------+--------+------------------+-------------+----------+----------------------+----------------------+--------------------+
| Trial name                                           | status   | loc               |   iter |   total time (s) |          ts |   reward |   episode_reward_max |   episode_reward_min |   episode_len_mean |
|------------------------------------------------------+----------+-------------------+--------+------------------+-------------+----------+----------------------+----------------------+--------------------|
| MAPPOTrainer_rware_v2_rware-small-4ag-v2_fd22d_00000 | RUNNING  | 172.24.0.2:950918 |   1547 |          4417.65 | 3.09276e+07 |     3.81 |                    6 |                    1 |                500 |
+------------------------------------------------------+----------+-------------------+--------+------------------+-------------+----------+----------------------+----------------------+--------------------+


== Status ==
Current time: 2026-05-22 22:05:14 (running for 00:02:17.66)
Memory usage on this node: 62.8/251.6 GiB
Using FIFO scheduling algorithm.
Resources requested: 7.0/8 CPUs, 1.0/1 GPUs, 0.0/17.63 GiB heap, 0.0/8.82 GiB objects (0.0/1.0 accelerator_type:G)
Result logdir: /workspace/MARLlib/runs/rware_mappo_gru_small_20m_tensorboard/mappo_gru_rware-small-4ag-v2
Number of trials: 1/1 (1 RUNNING)
+------------------------------------------------------+----------+-------------------+--------+------------------+-------------+----------+----------------------+----------------------+--------------------+
| Trial name                                           | status   | loc               |   iter |   total time (s) |          ts |   reward |   episode_reward_max |   episode_reward_min |   episode_len_mean |
|------------------------------------------------------+----------+-------------------+--------+------------------+-------------+----------+----------------------+----------------------+--------------------|
| MAPPOTrainer_rware_v2_rware-small-4ag-v2_fd22d_00000 | RUNNING  | 172.24.0.2:950918 |   1549 |          4422.86 | 3.09676e+07 |     3.83 |                    6 |                    1 |                500 |
+------------------------------------------------------+----------+-------------------+--------+------------------+-------------+----------+----------------------+----------------------+--------------------+


== Status ==
Current time: 2026-05-22 22:05:19 (running for 00:02:22.67)
Memory usage on this node: 62.8/251.6 GiB
Using FIFO scheduling algorithm.
Resources requested: 7.0/8 CPUs, 1.0/1 GPUs, 0.0/17.63 GiB heap, 0.0/8.82 GiB objects (0.0/1.0 accelerator_type:G)
Result logdir: /workspace/MARLlib/runs/rware_mappo_gru_small_20m_tensorboard/mappo_gru_rware-small-4ag-v2
Number of trials: 1/1 (1 RUNNING)
+------------------------------------------------------+----------+-------------------+--------+------------------+-------------+----------+----------------------+----------------------+--------------------+
| Trial name                                           | status   | loc               |   iter |   total time (s) |          ts |   reward |   episode_reward_max |   episode_reward_min |   episode_len_mean |
|------------------------------------------------------+----------+-------------------+--------+------------------+-------------+----------+----------------------+----------------------+--------------------|
| MAPPOTrainer_rware_v2_rware-small-4ag-v2_fd22d_00000 | RUNNING  | 172.24.0.2:950918 |   1549 |          4422.86 | 3.09676e+07 |     3.83 |                    6 |                    1 |                500 |
+------------------------------------------------------+----------+-------------------+--------+------------------+-------------+----------+----------------------+----------------------+--------------------+


== Status ==
Current time: 2026-05-22 22:05:24 (running for 00:02:27.67)
Memory usage on this node: 62.8/251.6 GiB
Using FIFO scheduling algorithm.
Resources requested: 7.0/8 CPUs, 1.0/1 GPUs, 0.0/17.63 GiB heap, 0.0/8.82 GiB objects (0.0/1.0 accelerator_type:G)
Result logdir: /workspace/MARLlib/runs/rware_mappo_gru_small_20m_tensorboard/mappo_gru_rware-small-4ag-v2
Number of trials: 1/1 (1 RUNNING)
+------------------------------------------------------+----------+-------------------+--------+------------------+-------------+----------+----------------------+----------------------+--------------------+
| Trial name                                           | status   | loc               |   iter |   total time (s) |          ts |   reward |   episode_reward_max |   episode_reward_min |   episode_len_mean |
|------------------------------------------------------+----------+-------------------+--------+------------------+-------------+----------+----------------------+----------------------+--------------------|
| MAPPOTrainer_rware_v2_rware-small-4ag-v2_fd22d_00000 | RUNNING  | 172.24.0.2:950918 |   1549 |          4422.86 | 3.09676e+07 |     3.83 |                    6 |                    1 |                500 |
+------------------------------------------------------+----------+-------------------+--------+------------------+-------------+----------+----------------------+----------------------+--------------------+


== Status ==
Current time: 2026-05-22 22:05:29 (running for 00:02:32.68)
Memory usage on this node: 62.8/251.6 GiB
Using FIFO scheduling algorithm.
Resources requested: 7.0/8 CPUs, 1.0/1 GPUs, 0.0/17.63 GiB heap, 0.0/8.82 GiB objects (0.0/1.0 accelerator_type:G)
Result logdir: /workspace/MARLlib/runs/rware_mappo_gru_small_20m_tensorboard/mappo_gru_rware-small-4ag-v2
Number of trials: 1/1 (1 RUNNING)
+------------------------------------------------------+----------+-------------------+--------+------------------+-------------+----------+----------------------+----------------------+--------------------+
| Trial name                                           | status   | loc               |   iter |   total time (s) |          ts |   reward |   episode_reward_max |   episode_reward_min |   episode_len_mean |
|------------------------------------------------------+----------+-------------------+--------+------------------+-------------+----------+----------------------+----------------------+--------------------|
| MAPPOTrainer_rware_v2_rware-small-4ag-v2_fd22d_00000 | RUNNING  | 172.24.0.2:950918 |   1549 |          4422.86 | 3.09676e+07 |     3.83 |                    6 |                    1 |                500 |
+------------------------------------------------------+----------+-------------------+--------+------------------+-------------+----------+----------------------+----------------------+--------------------+


== Status ==
Current time: 2026-05-22 22:05:34 (running for 00:02:38.14)
Memory usage on this node: 62.8/251.6 GiB
Using FIFO scheduling algorithm.
Resources requested: 7.0/8 CPUs, 1.0/1 GPUs, 0.0/17.63 GiB heap, 0.0/8.82 GiB objects (0.0/1.0 accelerator_type:G)
Result logdir: /workspace/MARLlib/runs/rware_mappo_gru_small_20m_tensorboard/mappo_gru_rware-small-4ag-v2
Number of trials: 1/1 (1 RUNNING)
+------------------------------------------------------+----------+-------------------+--------+------------------+-------------+----------+----------------------+----------------------+--------------------+
| Trial name                                           | status   | loc               |   iter |   total time (s) |          ts |   reward |   episode_reward_max |   episode_reward_min |   episode_len_mean |
|------------------------------------------------------+----------+-------------------+--------+------------------+-------------+----------+----------------------+----------------------+--------------------|
| MAPPOTrainer_rware_v2_rware-small-4ag-v2_fd22d_00000 | RUNNING  | 172.24.0.2:950918 |   1552 |          4443.24 | 3.10276e+07 |     3.89 |                    7 |                    1 |                500 |
+------------------------------------------------------+----------+-------------------+--------+------------------+-------------+----------+----------------------+----------------------+--------------------+


== Status ==
Current time: 2026-05-22 22:05:39 (running for 00:02:43.31)
Memory usage on this node: 62.8/251.6 GiB
Using FIFO scheduling algorithm.
Resources requested: 7.0/8 CPUs, 1.0/1 GPUs, 0.0/17.63 GiB heap, 0.0/8.82 GiB objects (0.0/1.0 accelerator_type:G)
Result logdir: /workspace/MARLlib/runs/rware_mappo_gru_small_20m_tensorboard/mappo_gru_rware-small-4ag-v2
Number of trials: 1/1 (1 RUNNING)
+------------------------------------------------------+----------+-------------------+--------+------------------+-------------+----------+----------------------+----------------------+--------------------+
| Trial name                                           | status   | loc               |   iter |   total time (s) |          ts |   reward |   episode_reward_max |   episode_reward_min |   episode_len_mean |
|------------------------------------------------------+----------+-------------------+--------+------------------+-------------+----------+----------------------+----------------------+--------------------|
| MAPPOTrainer_rware_v2_rware-small-4ag-v2_fd22d_00000 | RUNNING  | 172.24.0.2:950918 |   1554 |          4448.36 | 3.10676e+07 |     3.85 |                    7 |                    1 |                500 |
+------------------------------------------------------+----------+-------------------+--------+------------------+-------------+----------+----------------------+----------------------+--------------------+


== Status ==
Current time: 2026-05-22 22:05:45 (running for 00:02:48.46)
Memory usage on this node: 62.8/251.6 GiB
Using FIFO scheduling algorithm.
Resources requested: 7.0/8 CPUs, 1.0/1 GPUs, 0.0/17.63 GiB heap, 0.0/8.82 GiB objects (0.0/1.0 accelerator_type:G)
Result logdir: /workspace/MARLlib/runs/rware_mappo_gru_small_20m_tensorboard/mappo_gru_rware-small-4ag-v2
Number of trials: 1/1 (1 RUNNING)
+------------------------------------------------------+----------+-------------------+--------+------------------+-------------+----------+----------------------+----------------------+--------------------+
| Trial name                                           | status   | loc               |   iter |   total time (s) |          ts |   reward |   episode_reward_max |   episode_reward_min |   episode_len_mean |
|------------------------------------------------------+----------+-------------------+--------+------------------+-------------+----------+----------------------+----------------------+--------------------|
| MAPPOTrainer_rware_v2_rware-small-4ag-v2_fd22d_00000 | RUNNING  | 172.24.0.2:950918 |   1556 |          4453.45 | 3.11076e+07 |      3.9 |                    7 |                    1 |                500 |
+------------------------------------------------------+----------+-------------------+--------+------------------+-------------+----------+----------------------+----------------------+--------------------+


== Status ==
Current time: 2026-05-22 22:05:50 (running for 00:02:53.66)
Memory usage on this node: 62.8/251.6 GiB
Using FIFO scheduling algorithm.
Resources requested: 7.0/8 CPUs, 1.0/1 GPUs, 0.0/17.63 GiB heap, 0.0/8.82 GiB objects (0.0/1.0 accelerator_type:G)
Result logdir: /workspace/MARLlib/runs/rware_mappo_gru_small_20m_tensorboard/mappo_gru_rware-small-4ag-v2
Number of trials: 1/1 (1 RUNNING)
+------------------------------------------------------+----------+-------------------+--------+------------------+-------------+----------+----------------------+----------------------+--------------------+
| Trial name                                           | status   | loc               |   iter |   total time (s) |          ts |   reward |   episode_reward_max |   episode_reward_min |   episode_len_mean |
|------------------------------------------------------+----------+-------------------+--------+------------------+-------------+----------+----------------------+----------------------+--------------------|
| MAPPOTrainer_rware_v2_rware-small-4ag-v2_fd22d_00000 | RUNNING  | 172.24.0.2:950918 |   1558 |           4458.6 | 3.11475e+07 |     3.93 |                    7 |                    1 |                500 |
+------------------------------------------------------+----------+-------------------+--------+------------------+-------------+----------+----------------------+----------------------+--------------------+


== Status ==
Current time: 2026-05-22 22:05:55 (running for 00:02:58.88)
Memory usage on this node: 62.8/251.6 GiB
Using FIFO scheduling algorithm.
Resources requested: 7.0/8 CPUs, 1.0/1 GPUs, 0.0/17.63 GiB heap, 0.0/8.82 GiB objects (0.0/1.0 accelerator_type:G)
Result logdir: /workspace/MARLlib/runs/rware_mappo_gru_small_20m_tensorboard/mappo_gru_rware-small-4ag-v2
Number of trials: 1/1 (1 RUNNING)
+------------------------------------------------------+----------+-------------------+--------+------------------+-------------+----------+----------------------+----------------------+--------------------+
| Trial name                                           | status   | loc               |   iter |   total time (s) |          ts |   reward |   episode_reward_max |   episode_reward_min |   episode_len_mean |
|------------------------------------------------------+----------+-------------------+--------+------------------+-------------+----------+----------------------+----------------------+--------------------|
| MAPPOTrainer_rware_v2_rware-small-4ag-v2_fd22d_00000 | RUNNING  | 172.24.0.2:950918 |   1560 |          4463.76 | 3.11875e+07 |     3.99 |                    7 |                    1 |                500 |
+------------------------------------------------------+----------+-------------------+--------+------------------+-------------+----------+----------------------+----------------------+--------------------+


== Status ==
Current time: 2026-05-22 22:06:00 (running for 00:03:04.24)
Memory usage on this node: 62.8/251.6 GiB
Using FIFO scheduling algorithm.
Resources requested: 7.0/8 CPUs, 1.0/1 GPUs, 0.0/17.63 GiB heap, 0.0/8.82 GiB objects (0.0/1.0 accelerator_type:G)
Result logdir: /workspace/MARLlib/runs/rware_mappo_gru_small_20m_tensorboard/mappo_gru_rware-small-4ag-v2
Number of trials: 1/1 (1 RUNNING)
+------------------------------------------------------+----------+-------------------+--------+------------------+-------------+----------+----------------------+----------------------+--------------------+
| Trial name                                           | status   | loc               |   iter |   total time (s) |          ts |   reward |   episode_reward_max |   episode_reward_min |   episode_len_mean |
|------------------------------------------------------+----------+-------------------+--------+------------------+-------------+----------+----------------------+----------------------+--------------------|
| MAPPOTrainer_rware_v2_rware-small-4ag-v2_fd22d_00000 | RUNNING  | 172.24.0.2:950918 |   1562 |          4469.06 | 3.12275e+07 |     3.94 |                    6 |                    1 |                500 |
+------------------------------------------------------+----------+-------------------+--------+------------------+-------------+----------+----------------------+----------------------+--------------------+


== Status ==
Current time: 2026-05-22 22:06:06 (running for 00:03:09.44)
Memory usage on this node: 62.8/251.6 GiB
Using FIFO scheduling algorithm.
Resources requested: 7.0/8 CPUs, 1.0/1 GPUs, 0.0/17.63 GiB heap, 0.0/8.82 GiB objects (0.0/1.0 accelerator_type:G)
Result logdir: /workspace/MARLlib/runs/rware_mappo_gru_small_20m_tensorboard/mappo_gru_rware-small-4ag-v2
Number of trials: 1/1 (1 RUNNING)
+------------------------------------------------------+----------+-------------------+--------+------------------+-------------+----------+----------------------+----------------------+--------------------+
| Trial name                                           | status   | loc               |   iter |   total time (s) |          ts |   reward |   episode_reward_max |   episode_reward_min |   episode_len_mean |
|------------------------------------------------------+----------+-------------------+--------+------------------+-------------+----------+----------------------+----------------------+--------------------|
| MAPPOTrainer_rware_v2_rware-small-4ag-v2_fd22d_00000 | RUNNING  | 172.24.0.2:950918 |   1564 |          4474.21 | 3.12675e+07 |     3.99 |                    6 |                    2 |                500 |
+------------------------------------------------------+----------+-------------------+--------+------------------+-------------+----------+----------------------+----------------------+--------------------+


== Status ==
Current time: 2026-05-22 22:06:11 (running for 00:03:14.69)
Memory usage on this node: 62.8/251.6 GiB
Using FIFO scheduling algorithm.
Resources requested: 7.0/8 CPUs, 1.0/1 GPUs, 0.0/17.63 GiB heap, 0.0/8.82 GiB objects (0.0/1.0 accelerator_type:G)
Result logdir: /workspace/MARLlib/runs/rware_mappo_gru_small_20m_tensorboard/mappo_gru_rware-small-4ag-v2
Number of trials: 1/1 (1 RUNNING)
+------------------------------------------------------+----------+-------------------+--------+------------------+-------------+----------+----------------------+----------------------+--------------------+
| Trial name                                           | status   | loc               |   iter |   total time (s) |          ts |   reward |   episode_reward_max |   episode_reward_min |   episode_len_mean |
|------------------------------------------------------+----------+-------------------+--------+------------------+-------------+----------+----------------------+----------------------+--------------------|
| MAPPOTrainer_rware_v2_rware-small-4ag-v2_fd22d_00000 | RUNNING  | 172.24.0.2:950918 |   1566 |          4479.41 | 3.13075e+07 |     4.04 |                    8 |                    2 |                500 |
+------------------------------------------------------+----------+-------------------+--------+------------------+-------------+----------+----------------------+----------------------+--------------------+


== Status ==
Current time: 2026-05-22 22:06:16 (running for 00:03:19.86)
Memory usage on this node: 62.9/251.6 GiB
Using FIFO scheduling algorithm.
Resources requested: 7.0/8 CPUs, 1.0/1 GPUs, 0.0/17.63 GiB heap, 0.0/8.82 GiB objects (0.0/1.0 accelerator_type:G)
Result logdir: /workspace/MARLlib/runs/rware_mappo_gru_small_20m_tensorboard/mappo_gru_rware-small-4ag-v2
Number of trials: 1/1 (1 RUNNING)
+------------------------------------------------------+----------+-------------------+--------+------------------+-------------+----------+----------------------+----------------------+--------------------+
| Trial name                                           | status   | loc               |   iter |   total time (s) |          ts |   reward |   episode_reward_max |   episode_reward_min |   episode_len_mean |
|------------------------------------------------------+----------+-------------------+--------+------------------+-------------+----------+----------------------+----------------------+--------------------|
| MAPPOTrainer_rware_v2_rware-small-4ag-v2_fd22d_00000 | RUNNING  | 172.24.0.2:950918 |   1568 |          4484.52 | 3.13475e+07 |     3.94 |                    8 |                    2 |                500 |
+------------------------------------------------------+----------+-------------------+--------+------------------+-------------+----------+----------------------+----------------------+--------------------+


== Status ==
Current time: 2026-05-22 22:06:21 (running for 00:03:25.38)
Memory usage on this node: 62.9/251.6 GiB
Using FIFO scheduling algorithm.
Resources requested: 7.0/8 CPUs, 1.0/1 GPUs, 0.0/17.63 GiB heap, 0.0/8.82 GiB objects (0.0/1.0 accelerator_type:G)
Result logdir: /workspace/MARLlib/runs/rware_mappo_gru_small_20m_tensorboard/mappo_gru_rware-small-4ag-v2
Number of trials: 1/1 (1 RUNNING)
+------------------------------------------------------+----------+-------------------+--------+------------------+-------------+----------+----------------------+----------------------+--------------------+
| Trial name                                           | status   | loc               |   iter |   total time (s) |          ts |   reward |   episode_reward_max |   episode_reward_min |   episode_len_mean |
|------------------------------------------------------+----------+-------------------+--------+------------------+-------------+----------+----------------------+----------------------+--------------------|
| MAPPOTrainer_rware_v2_rware-small-4ag-v2_fd22d_00000 | RUNNING  | 172.24.0.2:950918 |   1570 |          4489.98 | 3.13874e+07 |     3.97 |                    8 |                    2 |                500 |
+------------------------------------------------------+----------+-------------------+--------+------------------+-------------+----------+----------------------+----------------------+--------------------+


== Status ==
Current time: 2026-05-22 22:06:27 (running for 00:03:30.53)
Memory usage on this node: 62.8/251.6 GiB
Using FIFO scheduling algorithm.
Resources requested: 7.0/8 CPUs, 1.0/1 GPUs, 0.0/17.63 GiB heap, 0.0/8.82 GiB objects (0.0/1.0 accelerator_type:G)
Result logdir: /workspace/MARLlib/runs/rware_mappo_gru_small_20m_tensorboard/mappo_gru_rware-small-4ag-v2
Number of trials: 1/1 (1 RUNNING)
+------------------------------------------------------+----------+-------------------+--------+------------------+-------------+----------+----------------------+----------------------+--------------------+
| Trial name                                           | status   | loc               |   iter |   total time (s) |          ts |   reward |   episode_reward_max |   episode_reward_min |   episode_len_mean |
|------------------------------------------------------+----------+-------------------+--------+------------------+-------------+----------+----------------------+----------------------+--------------------|
| MAPPOTrainer_rware_v2_rware-small-4ag-v2_fd22d_00000 | RUNNING  | 172.24.0.2:950918 |   1572 |          4495.08 | 3.14274e+07 |     3.93 |                    8 |                    1 |                500 |
+------------------------------------------------------+----------+-------------------+--------+------------------+-------------+----------+----------------------+----------------------+--------------------+


== Status ==
Current time: 2026-05-22 22:06:32 (running for 00:03:35.79)
Memory usage on this node: 62.8/251.6 GiB
Using FIFO scheduling algorithm.
Resources requested: 7.0/8 CPUs, 1.0/1 GPUs, 0.0/17.63 GiB heap, 0.0/8.82 GiB objects (0.0/1.0 accelerator_type:G)
Result logdir: /workspace/MARLlib/runs/rware_mappo_gru_small_20m_tensorboard/mappo_gru_rware-small-4ag-v2
Number of trials: 1/1 (1 RUNNING)
+------------------------------------------------------+----------+-------------------+--------+------------------+-------------+----------+----------------------+----------------------+--------------------+
| Trial name                                           | status   | loc               |   iter |   total time (s) |          ts |   reward |   episode_reward_max |   episode_reward_min |   episode_len_mean |
|------------------------------------------------------+----------+-------------------+--------+------------------+-------------+----------+----------------------+----------------------+--------------------|
| MAPPOTrainer_rware_v2_rware-small-4ag-v2_fd22d_00000 | RUNNING  | 172.24.0.2:950918 |   1574 |          4500.29 | 3.14674e+07 |     3.87 |                    8 |                    1 |                500 |
+------------------------------------------------------+----------+-------------------+--------+------------------+-------------+----------+----------------------+----------------------+--------------------+


== Status ==
Current time: 2026-05-22 22:06:37 (running for 00:03:40.97)
Memory usage on this node: 62.8/251.6 GiB
Using FIFO scheduling algorithm.
Resources requested: 7.0/8 CPUs, 1.0/1 GPUs, 0.0/17.63 GiB heap, 0.0/8.82 GiB objects (0.0/1.0 accelerator_type:G)
Result logdir: /workspace/MARLlib/runs/rware_mappo_gru_small_20m_tensorboard/mappo_gru_rware-small-4ag-v2
Number of trials: 1/1 (1 RUNNING)
+------------------------------------------------------+----------+-------------------+--------+------------------+-------------+----------+----------------------+----------------------+--------------------+
| Trial name                                           | status   | loc               |   iter |   total time (s) |          ts |   reward |   episode_reward_max |   episode_reward_min |   episode_len_mean |
|------------------------------------------------------+----------+-------------------+--------+------------------+-------------+----------+----------------------+----------------------+--------------------|
| MAPPOTrainer_rware_v2_rware-small-4ag-v2_fd22d_00000 | RUNNING  | 172.24.0.2:950918 |   1576 |          4505.43 | 3.15074e+07 |     3.75 |                    7 |                    1 |                500 |
+------------------------------------------------------+----------+-------------------+--------+------------------+-------------+----------+----------------------+----------------------+--------------------+


== Status ==
Current time: 2026-05-22 22:06:42 (running for 00:03:46.11)
Memory usage on this node: 62.8/251.6 GiB
Using FIFO scheduling algorithm.
Resources requested: 7.0/8 CPUs, 1.0/1 GPUs, 0.0/17.63 GiB heap, 0.0/8.82 GiB objects (0.0/1.0 accelerator_type:G)
Result logdir: /workspace/MARLlib/runs/rware_mappo_gru_small_20m_tensorboard/mappo_gru_rware-small-4ag-v2
Number of trials: 1/1 (1 RUNNING)
+------------------------------------------------------+----------+-------------------+--------+------------------+-------------+----------+----------------------+----------------------+--------------------+
| Trial name                                           | status   | loc               |   iter |   total time (s) |          ts |   reward |   episode_reward_max |   episode_reward_min |   episode_len_mean |
|------------------------------------------------------+----------+-------------------+--------+------------------+-------------+----------+----------------------+----------------------+--------------------|
| MAPPOTrainer_rware_v2_rware-small-4ag-v2_fd22d_00000 | RUNNING  | 172.24.0.2:950918 |   1578 |          4510.53 | 3.15474e+07 |     3.73 |                    7 |                    1 |                500 |
+------------------------------------------------------+----------+-------------------+--------+------------------+-------------+----------+----------------------+----------------------+--------------------+


== Status ==
Current time: 2026-05-22 22:06:47 (running for 00:03:51.36)
Memory usage on this node: 62.8/251.6 GiB
Using FIFO scheduling algorithm.
Resources requested: 7.0/8 CPUs, 1.0/1 GPUs, 0.0/17.63 GiB heap, 0.0/8.82 GiB objects (0.0/1.0 accelerator_type:G)
Result logdir: /workspace/MARLlib/runs/rware_mappo_gru_small_20m_tensorboard/mappo_gru_rware-small-4ag-v2
Number of trials: 1/1 (1 RUNNING)
+------------------------------------------------------+----------+-------------------+--------+------------------+-------------+----------+----------------------+----------------------+--------------------+
| Trial name                                           | status   | loc               |   iter |   total time (s) |          ts |   reward |   episode_reward_max |   episode_reward_min |   episode_len_mean |
|------------------------------------------------------+----------+-------------------+--------+------------------+-------------+----------+----------------------+----------------------+--------------------|
| MAPPOTrainer_rware_v2_rware-small-4ag-v2_fd22d_00000 | RUNNING  | 172.24.0.2:950918 |   1580 |          4515.73 | 3.15874e+07 |     3.61 |                    6 |                    1 |                500 |
+------------------------------------------------------+----------+-------------------+--------+------------------+-------------+----------+----------------------+----------------------+--------------------+


== Status ==
Current time: 2026-05-22 22:06:53 (running for 00:03:56.60)
Memory usage on this node: 62.8/251.6 GiB
Using FIFO scheduling algorithm.
Resources requested: 7.0/8 CPUs, 1.0/1 GPUs, 0.0/17.63 GiB heap, 0.0/8.82 GiB objects (0.0/1.0 accelerator_type:G)
Result logdir: /workspace/MARLlib/runs/rware_mappo_gru_small_20m_tensorboard/mappo_gru_rware-small-4ag-v2
Number of trials: 1/1 (1 RUNNING)
+------------------------------------------------------+----------+-------------------+--------+------------------+-------------+----------+----------------------+----------------------+--------------------+
| Trial name                                           | status   | loc               |   iter |   total time (s) |          ts |   reward |   episode_reward_max |   episode_reward_min |   episode_len_mean |
|------------------------------------------------------+----------+-------------------+--------+------------------+-------------+----------+----------------------+----------------------+--------------------|
| MAPPOTrainer_rware_v2_rware-small-4ag-v2_fd22d_00000 | RUNNING  | 172.24.0.2:950918 |   1582 |          4520.91 | 3.16273e+07 |     3.51 |                    6 |                    1 |                500 |
+------------------------------------------------------+----------+-------------------+--------+------------------+-------------+----------+----------------------+----------------------+--------------------+


== Status ==
Current time: 2026-05-22 22:06:58 (running for 00:04:01.85)
Memory usage on this node: 62.8/251.6 GiB
Using FIFO scheduling algorithm.
Resources requested: 7.0/8 CPUs, 1.0/1 GPUs, 0.0/17.63 GiB heap, 0.0/8.82 GiB objects (0.0/1.0 accelerator_type:G)
Result logdir: /workspace/MARLlib/runs/rware_mappo_gru_small_20m_tensorboard/mappo_gru_rware-small-4ag-v2
Number of trials: 1/1 (1 RUNNING)
+------------------------------------------------------+----------+-------------------+--------+------------------+-------------+----------+----------------------+----------------------+--------------------+
| Trial name                                           | status   | loc               |   iter |   total time (s) |          ts |   reward |   episode_reward_max |   episode_reward_min |   episode_len_mean |
|------------------------------------------------------+----------+-------------------+--------+------------------+-------------+----------+----------------------+----------------------+--------------------|
| MAPPOTrainer_rware_v2_rware-small-4ag-v2_fd22d_00000 | RUNNING  | 172.24.0.2:950918 |   1584 |          4526.11 | 3.16673e+07 |     3.44 |                    6 |                    1 |                500 |
+------------------------------------------------------+----------+-------------------+--------+------------------+-------------+----------+----------------------+----------------------+--------------------+


== Status ==
Current time: 2026-05-22 22:07:03 (running for 00:04:07.04)
Memory usage on this node: 62.8/251.6 GiB
Using FIFO scheduling algorithm.
Resources requested: 7.0/8 CPUs, 1.0/1 GPUs, 0.0/17.63 GiB heap, 0.0/8.82 GiB objects (0.0/1.0 accelerator_type:G)
Result logdir: /workspace/MARLlib/runs/rware_mappo_gru_small_20m_tensorboard/mappo_gru_rware-small-4ag-v2
Number of trials: 1/1 (1 RUNNING)
+------------------------------------------------------+----------+-------------------+--------+------------------+-------------+----------+----------------------+----------------------+--------------------+
| Trial name                                           | status   | loc               |   iter |   total time (s) |          ts |   reward |   episode_reward_max |   episode_reward_min |   episode_len_mean |
|------------------------------------------------------+----------+-------------------+--------+------------------+-------------+----------+----------------------+----------------------+--------------------|
| MAPPOTrainer_rware_v2_rware-small-4ag-v2_fd22d_00000 | RUNNING  | 172.24.0.2:950918 |   1586 |          4531.23 | 3.17073e+07 |     3.53 |                    5 |                    1 |                500 |
+------------------------------------------------------+----------+-------------------+--------+------------------+-------------+----------+----------------------+----------------------+--------------------+


== Status ==
Current time: 2026-05-22 22:07:08 (running for 00:04:12.22)
Memory usage on this node: 62.9/251.6 GiB
Using FIFO scheduling algorithm.
Resources requested: 7.0/8 CPUs, 1.0/1 GPUs, 0.0/17.63 GiB heap, 0.0/8.82 GiB objects (0.0/1.0 accelerator_type:G)
Result logdir: /workspace/MARLlib/runs/rware_mappo_gru_small_20m_tensorboard/mappo_gru_rware-small-4ag-v2
Number of trials: 1/1 (1 RUNNING)
+------------------------------------------------------+----------+-------------------+--------+------------------+-------------+----------+----------------------+----------------------+--------------------+
| Trial name                                           | status   | loc               |   iter |   total time (s) |          ts |   reward |   episode_reward_max |   episode_reward_min |   episode_len_mean |
|------------------------------------------------------+----------+-------------------+--------+------------------+-------------+----------+----------------------+----------------------+--------------------|
| MAPPOTrainer_rware_v2_rware-small-4ag-v2_fd22d_00000 | RUNNING  | 172.24.0.2:950918 |   1588 |          4536.36 | 3.17473e+07 |     3.59 |                    5 |                    1 |                500 |
+------------------------------------------------------+----------+-------------------+--------+------------------+-------------+----------+----------------------+----------------------+--------------------+


== Status ==
Current time: 2026-05-22 22:07:14 (running for 00:04:17.40)
Memory usage on this node: 62.8/251.6 GiB
Using FIFO scheduling algorithm.
Resources requested: 7.0/8 CPUs, 1.0/1 GPUs, 0.0/17.63 GiB heap, 0.0/8.82 GiB objects (0.0/1.0 accelerator_type:G)
Result logdir: /workspace/MARLlib/runs/rware_mappo_gru_small_20m_tensorboard/mappo_gru_rware-small-4ag-v2
Number of trials: 1/1 (1 RUNNING)
+------------------------------------------------------+----------+-------------------+--------+------------------+-------------+----------+----------------------+----------------------+--------------------+
| Trial name                                           | status   | loc               |   iter |   total time (s) |          ts |   reward |   episode_reward_max |   episode_reward_min |   episode_len_mean |
|------------------------------------------------------+----------+-------------------+--------+------------------+-------------+----------+----------------------+----------------------+--------------------|
| MAPPOTrainer_rware_v2_rware-small-4ag-v2_fd22d_00000 | RUNNING  | 172.24.0.2:950918 |   1590 |          4541.49 | 3.17873e+07 |     3.74 |                    7 |                    1 |                500 |
+------------------------------------------------------+----------+-------------------+--------+------------------+-------------+----------+----------------------+----------------------+--------------------+


== Status ==
Current time: 2026-05-22 22:07:19 (running for 00:04:22.70)
Memory usage on this node: 62.8/251.6 GiB
Using FIFO scheduling algorithm.
Resources requested: 7.0/8 CPUs, 1.0/1 GPUs, 0.0/17.63 GiB heap, 0.0/8.82 GiB objects (0.0/1.0 accelerator_type:G)
Result logdir: /workspace/MARLlib/runs/rware_mappo_gru_small_20m_tensorboard/mappo_gru_rware-small-4ag-v2
Number of trials: 1/1 (1 RUNNING)
+------------------------------------------------------+----------+-------------------+--------+------------------+-------------+----------+----------------------+----------------------+--------------------+
| Trial name                                           | status   | loc               |   iter |   total time (s) |          ts |   reward |   episode_reward_max |   episode_reward_min |   episode_len_mean |
|------------------------------------------------------+----------+-------------------+--------+------------------+-------------+----------+----------------------+----------------------+--------------------|
| MAPPOTrainer_rware_v2_rware-small-4ag-v2_fd22d_00000 | RUNNING  | 172.24.0.2:950918 |   1592 |          4546.73 | 3.18273e+07 |     3.85 |                    7 |                    2 |                500 |
+------------------------------------------------------+----------+-------------------+--------+------------------+-------------+----------+----------------------+----------------------+--------------------+


== Status ==
Current time: 2026-05-22 22:07:24 (running for 00:04:27.92)
Memory usage on this node: 62.9/251.6 GiB
Using FIFO scheduling algorithm.
Resources requested: 7.0/8 CPUs, 1.0/1 GPUs, 0.0/17.63 GiB heap, 0.0/8.82 GiB objects (0.0/1.0 accelerator_type:G)
Result logdir: /workspace/MARLlib/runs/rware_mappo_gru_small_20m_tensorboard/mappo_gru_rware-small-4ag-v2
Number of trials: 1/1 (1 RUNNING)
+------------------------------------------------------+----------+-------------------+--------+------------------+-------------+----------+----------------------+----------------------+--------------------+
| Trial name                                           | status   | loc               |   iter |   total time (s) |          ts |   reward |   episode_reward_max |   episode_reward_min |   episode_len_mean |
|------------------------------------------------------+----------+-------------------+--------+------------------+-------------+----------+----------------------+----------------------+--------------------|
| MAPPOTrainer_rware_v2_rware-small-4ag-v2_fd22d_00000 | RUNNING  | 172.24.0.2:950918 |   1594 |          4551.89 | 3.18672e+07 |      3.9 |                    7 |                    2 |                500 |
+------------------------------------------------------+----------+-------------------+--------+------------------+-------------+----------+----------------------+----------------------+--------------------+


== Status ==
Current time: 2026-05-22 22:07:29 (running for 00:04:33.10)
Memory usage on this node: 62.8/251.6 GiB
Using FIFO scheduling algorithm.
Resources requested: 7.0/8 CPUs, 1.0/1 GPUs, 0.0/17.63 GiB heap, 0.0/8.82 GiB objects (0.0/1.0 accelerator_type:G)
Result logdir: /workspace/MARLlib/runs/rware_mappo_gru_small_20m_tensorboard/mappo_gru_rware-small-4ag-v2
Number of trials: 1/1 (1 RUNNING)
+------------------------------------------------------+----------+-------------------+--------+------------------+-------------+----------+----------------------+----------------------+--------------------+
| Trial name                                           | status   | loc               |   iter |   total time (s) |          ts |   reward |   episode_reward_max |   episode_reward_min |   episode_len_mean |
|------------------------------------------------------+----------+-------------------+--------+------------------+-------------+----------+----------------------+----------------------+--------------------|
| MAPPOTrainer_rware_v2_rware-small-4ag-v2_fd22d_00000 | RUNNING  | 172.24.0.2:950918 |   1596 |          4557.01 | 3.19072e+07 |     3.85 |                    7 |                    1 |                500 |
+------------------------------------------------------+----------+-------------------+--------+------------------+-------------+----------+----------------------+----------------------+--------------------+


== Status ==
Current time: 2026-05-22 22:07:34 (running for 00:04:38.35)
Memory usage on this node: 63.1/251.6 GiB
Using FIFO scheduling algorithm.
Resources requested: 7.0/8 CPUs, 1.0/1 GPUs, 0.0/17.63 GiB heap, 0.0/8.82 GiB objects (0.0/1.0 accelerator_type:G)
Result logdir: /workspace/MARLlib/runs/rware_mappo_gru_small_20m_tensorboard/mappo_gru_rware-small-4ag-v2
Number of trials: 1/1 (1 RUNNING)
+------------------------------------------------------+----------+-------------------+--------+------------------+-------------+----------+----------------------+----------------------+--------------------+
| Trial name                                           | status   | loc               |   iter |   total time (s) |          ts |   reward |   episode_reward_max |   episode_reward_min |   episode_len_mean |
|------------------------------------------------------+----------+-------------------+--------+------------------+-------------+----------+----------------------+----------------------+--------------------|
| MAPPOTrainer_rware_v2_rware-small-4ag-v2_fd22d_00000 | RUNNING  | 172.24.0.2:950918 |   1598 |          4562.21 | 3.19472e+07 |     3.87 |                    7 |                    1 |                500 |
+------------------------------------------------------+----------+-------------------+--------+------------------+-------------+----------+----------------------+----------------------+--------------------+


== Status ==
Current time: 2026-05-22 22:07:40 (running for 00:04:43.97)
Memory usage on this node: 62.8/251.6 GiB
Using FIFO scheduling algorithm.
Resources requested: 7.0/8 CPUs, 1.0/1 GPUs, 0.0/17.63 GiB heap, 0.0/8.82 GiB objects (0.0/1.0 accelerator_type:G)
Result logdir: /workspace/MARLlib/runs/rware_mappo_gru_small_20m_tensorboard/mappo_gru_rware-small-4ag-v2
Number of trials: 1/1 (1 RUNNING)
+------------------------------------------------------+----------+-------------------+--------+------------------+-------------+----------+----------------------+----------------------+--------------------+
| Trial name                                           | status   | loc               |   iter |   total time (s) |          ts |   reward |   episode_reward_max |   episode_reward_min |   episode_len_mean |
|------------------------------------------------------+----------+-------------------+--------+------------------+-------------+----------+----------------------+----------------------+--------------------|
| MAPPOTrainer_rware_v2_rware-small-4ag-v2_fd22d_00000 | RUNNING  | 172.24.0.2:950918 |   1599 |          4564.79 | 3.19672e+07 |     3.89 |                    7 |                    1 |                500 |
+------------------------------------------------------+----------+-------------------+--------+------------------+-------------+----------+----------------------+----------------------+--------------------+


== Status ==
Current time: 2026-05-22 22:07:45 (running for 00:04:48.97)
Memory usage on this node: 62.8/251.6 GiB
Using FIFO scheduling algorithm.
Resources requested: 7.0/8 CPUs, 1.0/1 GPUs, 0.0/17.63 GiB heap, 0.0/8.82 GiB objects (0.0/1.0 accelerator_type:G)
Result logdir: /workspace/MARLlib/runs/rware_mappo_gru_small_20m_tensorboard/mappo_gru_rware-small-4ag-v2
Number of trials: 1/1 (1 RUNNING)
+------------------------------------------------------+----------+-------------------+--------+------------------+-------------+----------+----------------------+----------------------+--------------------+
| Trial name                                           | status   | loc               |   iter |   total time (s) |          ts |   reward |   episode_reward_max |   episode_reward_min |   episode_len_mean |
|------------------------------------------------------+----------+-------------------+--------+------------------+-------------+----------+----------------------+----------------------+--------------------|
| MAPPOTrainer_rware_v2_rware-small-4ag-v2_fd22d_00000 | RUNNING  | 172.24.0.2:950918 |   1599 |          4564.79 | 3.19672e+07 |     3.89 |                    7 |                    1 |                500 |
+------------------------------------------------------+----------+-------------------+--------+------------------+-------------+----------+----------------------+----------------------+--------------------+


== Status ==
Current time: 2026-05-22 22:07:50 (running for 00:04:53.98)
Memory usage on this node: 62.8/251.6 GiB
Using FIFO scheduling algorithm.
Resources requested: 7.0/8 CPUs, 1.0/1 GPUs, 0.0/17.63 GiB heap, 0.0/8.82 GiB objects (0.0/1.0 accelerator_type:G)
Result logdir: /workspace/MARLlib/runs/rware_mappo_gru_small_20m_tensorboard/mappo_gru_rware-small-4ag-v2
Number of trials: 1/1 (1 RUNNING)
+------------------------------------------------------+----------+-------------------+--------+------------------+-------------+----------+----------------------+----------------------+--------------------+
| Trial name                                           | status   | loc               |   iter |   total time (s) |          ts |   reward |   episode_reward_max |   episode_reward_min |   episode_len_mean |
|------------------------------------------------------+----------+-------------------+--------+------------------+-------------+----------+----------------------+----------------------+--------------------|
| MAPPOTrainer_rware_v2_rware-small-4ag-v2_fd22d_00000 | RUNNING  | 172.24.0.2:950918 |   1599 |          4564.79 | 3.19672e+07 |     3.89 |                    7 |                    1 |                500 |
+------------------------------------------------------+----------+-------------------+--------+------------------+-------------+----------+----------------------+----------------------+--------------------+


== Status ==
Current time: 2026-05-22 22:07:55 (running for 00:04:59.09)
Memory usage on this node: 62.8/251.6 GiB
Using FIFO scheduling algorithm.
Resources requested: 7.0/8 CPUs, 1.0/1 GPUs, 0.0/17.63 GiB heap, 0.0/8.82 GiB objects (0.0/1.0 accelerator_type:G)
Result logdir: /workspace/MARLlib/runs/rware_mappo_gru_small_20m_tensorboard/mappo_gru_rware-small-4ag-v2
Number of trials: 1/1 (1 RUNNING)
+------------------------------------------------------+----------+-------------------+--------+------------------+-------------+----------+----------------------+----------------------+--------------------+
| Trial name                                           | status   | loc               |   iter |   total time (s) |          ts |   reward |   episode_reward_max |   episode_reward_min |   episode_len_mean |
|------------------------------------------------------+----------+-------------------+--------+------------------+-------------+----------+----------------------+----------------------+--------------------|
| MAPPOTrainer_rware_v2_rware-small-4ag-v2_fd22d_00000 | RUNNING  | 172.24.0.2:950918 |   1601 |          4582.85 | 3.20072e+07 |     3.91 |                    6 |                    1 |                500 |
+------------------------------------------------------+----------+-------------------+--------+------------------+-------------+----------+----------------------+----------------------+--------------------+


== Status ==
Current time: 2026-05-22 22:08:00 (running for 00:05:04.39)
Memory usage on this node: 62.8/251.6 GiB
Using FIFO scheduling algorithm.
Resources requested: 7.0/8 CPUs, 1.0/1 GPUs, 0.0/17.63 GiB heap, 0.0/8.82 GiB objects (0.0/1.0 accelerator_type:G)
Result logdir: /workspace/MARLlib/runs/rware_mappo_gru_small_20m_tensorboard/mappo_gru_rware-small-4ag-v2
Number of trials: 1/1 (1 RUNNING)
+------------------------------------------------------+----------+-------------------+--------+------------------+-------------+----------+----------------------+----------------------+--------------------+
| Trial name                                           | status   | loc               |   iter |   total time (s) |          ts |   reward |   episode_reward_max |   episode_reward_min |   episode_len_mean |
|------------------------------------------------------+----------+-------------------+--------+------------------+-------------+----------+----------------------+----------------------+--------------------|
| MAPPOTrainer_rware_v2_rware-small-4ag-v2_fd22d_00000 | RUNNING  | 172.24.0.2:950918 |   1603 |          4588.09 | 3.20472e+07 |     3.89 |                    6 |                    1 |                500 |
+------------------------------------------------------+----------+-------------------+--------+------------------+-------------+----------+----------------------+----------------------+--------------------+


== Status ==
Current time: 2026-05-22 22:08:06 (running for 00:05:09.56)
Memory usage on this node: 62.8/251.6 GiB
Using FIFO scheduling algorithm.
Resources requested: 7.0/8 CPUs, 1.0/1 GPUs, 0.0/17.63 GiB heap, 0.0/8.82 GiB objects (0.0/1.0 accelerator_type:G)
Result logdir: /workspace/MARLlib/runs/rware_mappo_gru_small_20m_tensorboard/mappo_gru_rware-small-4ag-v2
Number of trials: 1/1 (1 RUNNING)
+------------------------------------------------------+----------+-------------------+--------+------------------+-------------+----------+----------------------+----------------------+--------------------+
| Trial name                                           | status   | loc               |   iter |   total time (s) |          ts |   reward |   episode_reward_max |   episode_reward_min |   episode_len_mean |
|------------------------------------------------------+----------+-------------------+--------+------------------+-------------+----------+----------------------+----------------------+--------------------|
| MAPPOTrainer_rware_v2_rware-small-4ag-v2_fd22d_00000 | RUNNING  | 172.24.0.2:950918 |   1605 |          4593.22 | 3.20872e+07 |     3.94 |                    6 |                    2 |                500 |
+------------------------------------------------------+----------+-------------------+--------+------------------+-------------+----------+----------------------+----------------------+--------------------+


== Status ==
Current time: 2026-05-22 22:08:11 (running for 00:05:14.78)
Memory usage on this node: 62.8/251.6 GiB
Using FIFO scheduling algorithm.
Resources requested: 7.0/8 CPUs, 1.0/1 GPUs, 0.0/17.63 GiB heap, 0.0/8.82 GiB objects (0.0/1.0 accelerator_type:G)
Result logdir: /workspace/MARLlib/runs/rware_mappo_gru_small_20m_tensorboard/mappo_gru_rware-small-4ag-v2
Number of trials: 1/1 (1 RUNNING)
+------------------------------------------------------+----------+-------------------+--------+------------------+-------------+----------+----------------------+----------------------+--------------------+
| Trial name                                           | status   | loc               |   iter |   total time (s) |          ts |   reward |   episode_reward_max |   episode_reward_min |   episode_len_mean |
|------------------------------------------------------+----------+-------------------+--------+------------------+-------------+----------+----------------------+----------------------+--------------------|
| MAPPOTrainer_rware_v2_rware-small-4ag-v2_fd22d_00000 | RUNNING  | 172.24.0.2:950918 |   1607 |           4598.4 | 3.21271e+07 |     3.96 |                    6 |                    2 |                500 |
+------------------------------------------------------+----------+-------------------+--------+------------------+-------------+----------+----------------------+----------------------+--------------------+


== Status ==
Current time: 2026-05-22 22:08:16 (running for 00:05:20.10)
Memory usage on this node: 62.8/251.6 GiB
Using FIFO scheduling algorithm.
Resources requested: 7.0/8 CPUs, 1.0/1 GPUs, 0.0/17.63 GiB heap, 0.0/8.82 GiB objects (0.0/1.0 accelerator_type:G)
Result logdir: /workspace/MARLlib/runs/rware_mappo_gru_small_20m_tensorboard/mappo_gru_rware-small-4ag-v2
Number of trials: 1/1 (1 RUNNING)
+------------------------------------------------------+----------+-------------------+--------+------------------+-------------+----------+----------------------+----------------------+--------------------+
| Trial name                                           | status   | loc               |   iter |   total time (s) |          ts |   reward |   episode_reward_max |   episode_reward_min |   episode_len_mean |
|------------------------------------------------------+----------+-------------------+--------+------------------+-------------+----------+----------------------+----------------------+--------------------|
| MAPPOTrainer_rware_v2_rware-small-4ag-v2_fd22d_00000 | RUNNING  | 172.24.0.2:950918 |   1609 |          4603.66 | 3.21671e+07 |     3.97 |                    6 |                    2 |                500 |
+------------------------------------------------------+----------+-------------------+--------+------------------+-------------+----------+----------------------+----------------------+--------------------+


== Status ==
Current time: 2026-05-22 22:08:21 (running for 00:05:25.29)
Memory usage on this node: 62.8/251.6 GiB
Using FIFO scheduling algorithm.
Resources requested: 7.0/8 CPUs, 1.0/1 GPUs, 0.0/17.63 GiB heap, 0.0/8.82 GiB objects (0.0/1.0 accelerator_type:G)
Result logdir: /workspace/MARLlib/runs/rware_mappo_gru_small_20m_tensorboard/mappo_gru_rware-small-4ag-v2
Number of trials: 1/1 (1 RUNNING)
+------------------------------------------------------+----------+-------------------+--------+------------------+-------------+----------+----------------------+----------------------+--------------------+
| Trial name                                           | status   | loc               |   iter |   total time (s) |          ts |   reward |   episode_reward_max |   episode_reward_min |   episode_len_mean |
|------------------------------------------------------+----------+-------------------+--------+------------------+-------------+----------+----------------------+----------------------+--------------------|
| MAPPOTrainer_rware_v2_rware-small-4ag-v2_fd22d_00000 | RUNNING  | 172.24.0.2:950918 |   1611 |          4608.79 | 3.22071e+07 |     4.03 |                    7 |                    2 |                500 |
+------------------------------------------------------+----------+-------------------+--------+------------------+-------------+----------+----------------------+----------------------+--------------------+


== Status ==
Current time: 2026-05-22 22:08:27 (running for 00:05:30.58)
Memory usage on this node: 62.8/251.6 GiB
Using FIFO scheduling algorithm.
Resources requested: 7.0/8 CPUs, 1.0/1 GPUs, 0.0/17.63 GiB heap, 0.0/8.82 GiB objects (0.0/1.0 accelerator_type:G)
Result logdir: /workspace/MARLlib/runs/rware_mappo_gru_small_20m_tensorboard/mappo_gru_rware-small-4ag-v2
Number of trials: 1/1 (1 RUNNING)
+------------------------------------------------------+----------+-------------------+--------+------------------+-------------+----------+----------------------+----------------------+--------------------+
| Trial name                                           | status   | loc               |   iter |   total time (s) |          ts |   reward |   episode_reward_max |   episode_reward_min |   episode_len_mean |
|------------------------------------------------------+----------+-------------------+--------+------------------+-------------+----------+----------------------+----------------------+--------------------|
| MAPPOTrainer_rware_v2_rware-small-4ag-v2_fd22d_00000 | RUNNING  | 172.24.0.2:950918 |   1613 |          4614.03 | 3.22471e+07 |     4.05 |                    7 |                    2 |                500 |
+------------------------------------------------------+----------+-------------------+--------+------------------+-------------+----------+----------------------+----------------------+--------------------+


== Status ==
Current time: 2026-05-22 22:08:32 (running for 00:05:35.71)
Memory usage on this node: 62.8/251.6 GiB
Using FIFO scheduling algorithm.
Resources requested: 7.0/8 CPUs, 1.0/1 GPUs, 0.0/17.63 GiB heap, 0.0/8.82 GiB objects (0.0/1.0 accelerator_type:G)
Result logdir: /workspace/MARLlib/runs/rware_mappo_gru_small_20m_tensorboard/mappo_gru_rware-small-4ag-v2
Number of trials: 1/1 (1 RUNNING)
+------------------------------------------------------+----------+-------------------+--------+------------------+-------------+----------+----------------------+----------------------+--------------------+
| Trial name                                           | status   | loc               |   iter |   total time (s) |          ts |   reward |   episode_reward_max |   episode_reward_min |   episode_len_mean |
|------------------------------------------------------+----------+-------------------+--------+------------------+-------------+----------+----------------------+----------------------+--------------------|
| MAPPOTrainer_rware_v2_rware-small-4ag-v2_fd22d_00000 | RUNNING  | 172.24.0.2:950918 |   1615 |           4619.1 | 3.22871e+07 |     4.05 |                    7 |                    1 |                500 |
+------------------------------------------------------+----------+-------------------+--------+------------------+-------------+----------+----------------------+----------------------+--------------------+


== Status ==
Current time: 2026-05-22 22:08:37 (running for 00:05:40.88)
Memory usage on this node: 62.8/251.6 GiB
Using FIFO scheduling algorithm.
Resources requested: 7.0/8 CPUs, 1.0/1 GPUs, 0.0/17.63 GiB heap, 0.0/8.82 GiB objects (0.0/1.0 accelerator_type:G)
Result logdir: /workspace/MARLlib/runs/rware_mappo_gru_small_20m_tensorboard/mappo_gru_rware-small-4ag-v2
Number of trials: 1/1 (1 RUNNING)
+------------------------------------------------------+----------+-------------------+--------+------------------+-------------+----------+----------------------+----------------------+--------------------+
| Trial name                                           | status   | loc               |   iter |   total time (s) |          ts |   reward |   episode_reward_max |   episode_reward_min |   episode_len_mean |
|------------------------------------------------------+----------+-------------------+--------+------------------+-------------+----------+----------------------+----------------------+--------------------|
| MAPPOTrainer_rware_v2_rware-small-4ag-v2_fd22d_00000 | RUNNING  | 172.24.0.2:950918 |   1617 |          4624.23 | 3.23271e+07 |     3.95 |                    7 |                    1 |                500 |
+------------------------------------------------------+----------+-------------------+--------+------------------+-------------+----------+----------------------+----------------------+--------------------+


== Status ==
Current time: 2026-05-22 22:08:42 (running for 00:05:46.13)
Memory usage on this node: 62.8/251.6 GiB
Using FIFO scheduling algorithm.
Resources requested: 7.0/8 CPUs, 1.0/1 GPUs, 0.0/17.63 GiB heap, 0.0/8.82 GiB objects (0.0/1.0 accelerator_type:G)
Result logdir: /workspace/MARLlib/runs/rware_mappo_gru_small_20m_tensorboard/mappo_gru_rware-small-4ag-v2
Number of trials: 1/1 (1 RUNNING)
+------------------------------------------------------+----------+-------------------+--------+------------------+------------+----------+----------------------+----------------------+--------------------+
| Trial name                                           | status   | loc               |   iter |   total time (s) |         ts |   reward |   episode_reward_max |   episode_reward_min |   episode_len_mean |
|------------------------------------------------------+----------+-------------------+--------+------------------+------------+----------+----------------------+----------------------+--------------------|
| MAPPOTrainer_rware_v2_rware-small-4ag-v2_fd22d_00000 | RUNNING  | 172.24.0.2:950918 |   1619 |          4629.43 | 3.2367e+07 |     3.93 |                    7 |                    1 |                500 |
+------------------------------------------------------+----------+-------------------+--------+------------------+------------+----------+----------------------+----------------------+--------------------+


== Status ==
Current time: 2026-05-22 22:08:48 (running for 00:05:51.41)
Memory usage on this node: 62.8/251.6 GiB
Using FIFO scheduling algorithm.
Resources requested: 7.0/8 CPUs, 1.0/1 GPUs, 0.0/17.63 GiB heap, 0.0/8.82 GiB objects (0.0/1.0 accelerator_type:G)
Result logdir: /workspace/MARLlib/runs/rware_mappo_gru_small_20m_tensorboard/mappo_gru_rware-small-4ag-v2
Number of trials: 1/1 (1 RUNNING)
+------------------------------------------------------+----------+-------------------+--------+------------------+------------+----------+----------------------+----------------------+--------------------+
| Trial name                                           | status   | loc               |   iter |   total time (s) |         ts |   reward |   episode_reward_max |   episode_reward_min |   episode_len_mean |
|------------------------------------------------------+----------+-------------------+--------+------------------+------------+----------+----------------------+----------------------+--------------------|
| MAPPOTrainer_rware_v2_rware-small-4ag-v2_fd22d_00000 | RUNNING  | 172.24.0.2:950918 |   1621 |          4634.66 | 3.2407e+07 |     3.82 |                    6 |                    1 |                500 |
+------------------------------------------------------+----------+-------------------+--------+------------------+------------+----------+----------------------+----------------------+--------------------+


== Status ==
Current time: 2026-05-22 22:08:53 (running for 00:05:56.53)
Memory usage on this node: 62.8/251.6 GiB
Using FIFO scheduling algorithm.
Resources requested: 7.0/8 CPUs, 1.0/1 GPUs, 0.0/17.63 GiB heap, 0.0/8.82 GiB objects (0.0/1.0 accelerator_type:G)
Result logdir: /workspace/MARLlib/runs/rware_mappo_gru_small_20m_tensorboard/mappo_gru_rware-small-4ag-v2
Number of trials: 1/1 (1 RUNNING)
+------------------------------------------------------+----------+-------------------+--------+------------------+------------+----------+----------------------+----------------------+--------------------+
| Trial name                                           | status   | loc               |   iter |   total time (s) |         ts |   reward |   episode_reward_max |   episode_reward_min |   episode_len_mean |
|------------------------------------------------------+----------+-------------------+--------+------------------+------------+----------+----------------------+----------------------+--------------------|
| MAPPOTrainer_rware_v2_rware-small-4ag-v2_fd22d_00000 | RUNNING  | 172.24.0.2:950918 |   1623 |          4639.72 | 3.2447e+07 |     3.79 |                    6 |                    1 |                500 |
+------------------------------------------------------+----------+-------------------+--------+------------------+------------+----------+----------------------+----------------------+--------------------+


== Status ==
Current time: 2026-05-22 22:08:58 (running for 00:06:01.87)
Memory usage on this node: 62.8/251.6 GiB
Using FIFO scheduling algorithm.
Resources requested: 7.0/8 CPUs, 1.0/1 GPUs, 0.0/17.63 GiB heap, 0.0/8.82 GiB objects (0.0/1.0 accelerator_type:G)
Result logdir: /workspace/MARLlib/runs/rware_mappo_gru_small_20m_tensorboard/mappo_gru_rware-small-4ag-v2
Number of trials: 1/1 (1 RUNNING)
+------------------------------------------------------+----------+-------------------+--------+------------------+------------+----------+----------------------+----------------------+--------------------+
| Trial name                                           | status   | loc               |   iter |   total time (s) |         ts |   reward |   episode_reward_max |   episode_reward_min |   episode_len_mean |
|------------------------------------------------------+----------+-------------------+--------+------------------+------------+----------+----------------------+----------------------+--------------------|
| MAPPOTrainer_rware_v2_rware-small-4ag-v2_fd22d_00000 | RUNNING  | 172.24.0.2:950918 |   1625 |          4645.01 | 3.2487e+07 |     3.84 |                    6 |                    1 |                500 |
+------------------------------------------------------+----------+-------------------+--------+------------------+------------+----------+----------------------+----------------------+--------------------+


== Status ==
Current time: 2026-05-22 22:09:03 (running for 00:06:07.17)
Memory usage on this node: 62.8/251.6 GiB
Using FIFO scheduling algorithm.
Resources requested: 7.0/8 CPUs, 1.0/1 GPUs, 0.0/17.63 GiB heap, 0.0/8.82 GiB objects (0.0/1.0 accelerator_type:G)
Result logdir: /workspace/MARLlib/runs/rware_mappo_gru_small_20m_tensorboard/mappo_gru_rware-small-4ag-v2
Number of trials: 1/1 (1 RUNNING)
+------------------------------------------------------+----------+-------------------+--------+------------------+------------+----------+----------------------+----------------------+--------------------+
| Trial name                                           | status   | loc               |   iter |   total time (s) |         ts |   reward |   episode_reward_max |   episode_reward_min |   episode_len_mean |
|------------------------------------------------------+----------+-------------------+--------+------------------+------------+----------+----------------------+----------------------+--------------------|
| MAPPOTrainer_rware_v2_rware-small-4ag-v2_fd22d_00000 | RUNNING  | 172.24.0.2:950918 |   1627 |          4650.25 | 3.2527e+07 |     3.83 |                    6 |                    1 |                500 |
+------------------------------------------------------+----------+-------------------+--------+------------------+------------+----------+----------------------+----------------------+--------------------+


== Status ==
Current time: 2026-05-22 22:09:08 (running for 00:06:12.40)
Memory usage on this node: 62.8/251.6 GiB
Using FIFO scheduling algorithm.
Resources requested: 7.0/8 CPUs, 1.0/1 GPUs, 0.0/17.63 GiB heap, 0.0/8.82 GiB objects (0.0/1.0 accelerator_type:G)
Result logdir: /workspace/MARLlib/runs/rware_mappo_gru_small_20m_tensorboard/mappo_gru_rware-small-4ag-v2
Number of trials: 1/1 (1 RUNNING)
+------------------------------------------------------+----------+-------------------+--------+------------------+------------+----------+----------------------+----------------------+--------------------+
| Trial name                                           | status   | loc               |   iter |   total time (s) |         ts |   reward |   episode_reward_max |   episode_reward_min |   episode_len_mean |
|------------------------------------------------------+----------+-------------------+--------+------------------+------------+----------+----------------------+----------------------+--------------------|
| MAPPOTrainer_rware_v2_rware-small-4ag-v2_fd22d_00000 | RUNNING  | 172.24.0.2:950918 |   1629 |          4655.43 | 3.2567e+07 |     3.92 |                    6 |                    2 |                500 |
+------------------------------------------------------+----------+-------------------+--------+------------------+------------+----------+----------------------+----------------------+--------------------+


== Status ==
Current time: 2026-05-22 22:09:14 (running for 00:06:17.72)
Memory usage on this node: 62.8/251.6 GiB
Using FIFO scheduling algorithm.
Resources requested: 7.0/8 CPUs, 1.0/1 GPUs, 0.0/17.63 GiB heap, 0.0/8.82 GiB objects (0.0/1.0 accelerator_type:G)
Result logdir: /workspace/MARLlib/runs/rware_mappo_gru_small_20m_tensorboard/mappo_gru_rware-small-4ag-v2
Number of trials: 1/1 (1 RUNNING)
+------------------------------------------------------+----------+-------------------+--------+------------------+------------+----------+----------------------+----------------------+--------------------+
| Trial name                                           | status   | loc               |   iter |   total time (s) |         ts |   reward |   episode_reward_max |   episode_reward_min |   episode_len_mean |
|------------------------------------------------------+----------+-------------------+--------+------------------+------------+----------+----------------------+----------------------+--------------------|
| MAPPOTrainer_rware_v2_rware-small-4ag-v2_fd22d_00000 | RUNNING  | 172.24.0.2:950918 |   1631 |          4660.69 | 3.2607e+07 |     3.94 |                    6 |                    2 |                500 |
+------------------------------------------------------+----------+-------------------+--------+------------------+------------+----------+----------------------+----------------------+--------------------+


== Status ==
Current time: 2026-05-22 22:09:19 (running for 00:06:22.98)
Memory usage on this node: 62.8/251.6 GiB
Using FIFO scheduling algorithm.
Resources requested: 7.0/8 CPUs, 1.0/1 GPUs, 0.0/17.63 GiB heap, 0.0/8.82 GiB objects (0.0/1.0 accelerator_type:G)
Result logdir: /workspace/MARLlib/runs/rware_mappo_gru_small_20m_tensorboard/mappo_gru_rware-small-4ag-v2
Number of trials: 1/1 (1 RUNNING)
+------------------------------------------------------+----------+-------------------+--------+------------------+-------------+----------+----------------------+----------------------+--------------------+
| Trial name                                           | status   | loc               |   iter |   total time (s) |          ts |   reward |   episode_reward_max |   episode_reward_min |   episode_len_mean |
|------------------------------------------------------+----------+-------------------+--------+------------------+-------------+----------+----------------------+----------------------+--------------------|
| MAPPOTrainer_rware_v2_rware-small-4ag-v2_fd22d_00000 | RUNNING  | 172.24.0.2:950918 |   1633 |          4665.89 | 3.26469e+07 |     3.94 |                    6 |                    2 |                500 |
+------------------------------------------------------+----------+-------------------+--------+------------------+-------------+----------+----------------------+----------------------+--------------------+


== Status ==
Current time: 2026-05-22 22:09:24 (running for 00:06:28.20)
Memory usage on this node: 62.9/251.6 GiB
Using FIFO scheduling algorithm.
Resources requested: 7.0/8 CPUs, 1.0/1 GPUs, 0.0/17.63 GiB heap, 0.0/8.82 GiB objects (0.0/1.0 accelerator_type:G)
Result logdir: /workspace/MARLlib/runs/rware_mappo_gru_small_20m_tensorboard/mappo_gru_rware-small-4ag-v2
Number of trials: 1/1 (1 RUNNING)
+------------------------------------------------------+----------+-------------------+--------+------------------+-------------+----------+----------------------+----------------------+--------------------+
| Trial name                                           | status   | loc               |   iter |   total time (s) |          ts |   reward |   episode_reward_max |   episode_reward_min |   episode_len_mean |
|------------------------------------------------------+----------+-------------------+--------+------------------+-------------+----------+----------------------+----------------------+--------------------|
| MAPPOTrainer_rware_v2_rware-small-4ag-v2_fd22d_00000 | RUNNING  | 172.24.0.2:950918 |   1635 |          4671.06 | 3.26869e+07 |     3.98 |                    6 |                    2 |                500 |
+------------------------------------------------------+----------+-------------------+--------+------------------+-------------+----------+----------------------+----------------------+--------------------+


== Status ==
Current time: 2026-05-22 22:09:29 (running for 00:06:33.39)
Memory usage on this node: 62.9/251.6 GiB
Using FIFO scheduling algorithm.
Resources requested: 7.0/8 CPUs, 1.0/1 GPUs, 0.0/17.63 GiB heap, 0.0/8.82 GiB objects (0.0/1.0 accelerator_type:G)
Result logdir: /workspace/MARLlib/runs/rware_mappo_gru_small_20m_tensorboard/mappo_gru_rware-small-4ag-v2
Number of trials: 1/1 (1 RUNNING)
+------------------------------------------------------+----------+-------------------+--------+------------------+-------------+----------+----------------------+----------------------+--------------------+
| Trial name                                           | status   | loc               |   iter |   total time (s) |          ts |   reward |   episode_reward_max |   episode_reward_min |   episode_len_mean |
|------------------------------------------------------+----------+-------------------+--------+------------------+-------------+----------+----------------------+----------------------+--------------------|
| MAPPOTrainer_rware_v2_rware-small-4ag-v2_fd22d_00000 | RUNNING  | 172.24.0.2:950918 |   1637 |           4676.2 | 3.27269e+07 |     3.98 |                    6 |                    2 |                500 |
+------------------------------------------------------+----------+-------------------+--------+------------------+-------------+----------+----------------------+----------------------+--------------------+


== Status ==
Current time: 2026-05-22 22:09:35 (running for 00:06:38.55)
Memory usage on this node: 62.9/251.6 GiB
Using FIFO scheduling algorithm.
Resources requested: 7.0/8 CPUs, 1.0/1 GPUs, 0.0/17.63 GiB heap, 0.0/8.82 GiB objects (0.0/1.0 accelerator_type:G)
Result logdir: /workspace/MARLlib/runs/rware_mappo_gru_small_20m_tensorboard/mappo_gru_rware-small-4ag-v2
Number of trials: 1/1 (1 RUNNING)
+------------------------------------------------------+----------+-------------------+--------+------------------+-------------+----------+----------------------+----------------------+--------------------+
| Trial name                                           | status   | loc               |   iter |   total time (s) |          ts |   reward |   episode_reward_max |   episode_reward_min |   episode_len_mean |
|------------------------------------------------------+----------+-------------------+--------+------------------+-------------+----------+----------------------+----------------------+--------------------|
| MAPPOTrainer_rware_v2_rware-small-4ag-v2_fd22d_00000 | RUNNING  | 172.24.0.2:950918 |   1639 |          4681.31 | 3.27669e+07 |        4 |                    6 |                    2 |                500 |
+------------------------------------------------------+----------+-------------------+--------+------------------+-------------+----------+----------------------+----------------------+--------------------+


== Status ==
Current time: 2026-05-22 22:09:40 (running for 00:06:43.85)
Memory usage on this node: 62.8/251.6 GiB
Using FIFO scheduling algorithm.
Resources requested: 7.0/8 CPUs, 1.0/1 GPUs, 0.0/17.63 GiB heap, 0.0/8.82 GiB objects (0.0/1.0 accelerator_type:G)
Result logdir: /workspace/MARLlib/runs/rware_mappo_gru_small_20m_tensorboard/mappo_gru_rware-small-4ag-v2
Number of trials: 1/1 (1 RUNNING)
+------------------------------------------------------+----------+-------------------+--------+------------------+-------------+----------+----------------------+----------------------+--------------------+
| Trial name                                           | status   | loc               |   iter |   total time (s) |          ts |   reward |   episode_reward_max |   episode_reward_min |   episode_len_mean |
|------------------------------------------------------+----------+-------------------+--------+------------------+-------------+----------+----------------------+----------------------+--------------------|
| MAPPOTrainer_rware_v2_rware-small-4ag-v2_fd22d_00000 | RUNNING  | 172.24.0.2:950918 |   1641 |          4686.56 | 3.28069e+07 |     4.06 |                    6 |                    2 |                500 |
+------------------------------------------------------+----------+-------------------+--------+------------------+-------------+----------+----------------------+----------------------+--------------------+


== Status ==
Current time: 2026-05-22 22:09:45 (running for 00:06:49.13)
Memory usage on this node: 62.8/251.6 GiB
Using FIFO scheduling algorithm.
Resources requested: 7.0/8 CPUs, 1.0/1 GPUs, 0.0/17.63 GiB heap, 0.0/8.82 GiB objects (0.0/1.0 accelerator_type:G)
Result logdir: /workspace/MARLlib/runs/rware_mappo_gru_small_20m_tensorboard/mappo_gru_rware-small-4ag-v2
Number of trials: 1/1 (1 RUNNING)
+------------------------------------------------------+----------+-------------------+--------+------------------+-------------+----------+----------------------+----------------------+--------------------+
| Trial name                                           | status   | loc               |   iter |   total time (s) |          ts |   reward |   episode_reward_max |   episode_reward_min |   episode_len_mean |
|------------------------------------------------------+----------+-------------------+--------+------------------+-------------+----------+----------------------+----------------------+--------------------|
| MAPPOTrainer_rware_v2_rware-small-4ag-v2_fd22d_00000 | RUNNING  | 172.24.0.2:950918 |   1643 |          4691.77 | 3.28469e+07 |     4.02 |                    6 |                    2 |                500 |
+------------------------------------------------------+----------+-------------------+--------+------------------+-------------+----------+----------------------+----------------------+--------------------+


== Status ==
Current time: 2026-05-22 22:09:50 (running for 00:06:54.36)
Memory usage on this node: 62.8/251.6 GiB
Using FIFO scheduling algorithm.
Resources requested: 7.0/8 CPUs, 1.0/1 GPUs, 0.0/17.63 GiB heap, 0.0/8.82 GiB objects (0.0/1.0 accelerator_type:G)
Result logdir: /workspace/MARLlib/runs/rware_mappo_gru_small_20m_tensorboard/mappo_gru_rware-small-4ag-v2
Number of trials: 1/1 (1 RUNNING)
+------------------------------------------------------+----------+-------------------+--------+------------------+-------------+----------+----------------------+----------------------+--------------------+
| Trial name                                           | status   | loc               |   iter |   total time (s) |          ts |   reward |   episode_reward_max |   episode_reward_min |   episode_len_mean |
|------------------------------------------------------+----------+-------------------+--------+------------------+-------------+----------+----------------------+----------------------+--------------------|
| MAPPOTrainer_rware_v2_rware-small-4ag-v2_fd22d_00000 | RUNNING  | 172.24.0.2:950918 |   1645 |          4696.95 | 3.28868e+07 |     3.93 |                    6 |                    1 |                500 |
+------------------------------------------------------+----------+-------------------+--------+------------------+-------------+----------+----------------------+----------------------+--------------------+


== Status ==
Current time: 2026-05-22 22:09:56 (running for 00:06:59.78)
Memory usage on this node: 62.9/251.6 GiB
Using FIFO scheduling algorithm.
Resources requested: 7.0/8 CPUs, 1.0/1 GPUs, 0.0/17.63 GiB heap, 0.0/8.82 GiB objects (0.0/1.0 accelerator_type:G)
Result logdir: /workspace/MARLlib/runs/rware_mappo_gru_small_20m_tensorboard/mappo_gru_rware-small-4ag-v2
Number of trials: 1/1 (1 RUNNING)
+------------------------------------------------------+----------+-------------------+--------+------------------+-------------+----------+----------------------+----------------------+--------------------+
| Trial name                                           | status   | loc               |   iter |   total time (s) |          ts |   reward |   episode_reward_max |   episode_reward_min |   episode_len_mean |
|------------------------------------------------------+----------+-------------------+--------+------------------+-------------+----------+----------------------+----------------------+--------------------|
| MAPPOTrainer_rware_v2_rware-small-4ag-v2_fd22d_00000 | RUNNING  | 172.24.0.2:950918 |   1647 |          4702.32 | 3.29268e+07 |     3.89 |                    6 |                    1 |                500 |
+------------------------------------------------------+----------+-------------------+--------+------------------+-------------+----------+----------------------+----------------------+--------------------+


== Status ==
Current time: 2026-05-22 22:10:01 (running for 00:07:05.20)
Memory usage on this node: 62.8/251.6 GiB
Using FIFO scheduling algorithm.
Resources requested: 7.0/8 CPUs, 1.0/1 GPUs, 0.0/17.63 GiB heap, 0.0/8.82 GiB objects (0.0/1.0 accelerator_type:G)
Result logdir: /workspace/MARLlib/runs/rware_mappo_gru_small_20m_tensorboard/mappo_gru_rware-small-4ag-v2
Number of trials: 1/1 (1 RUNNING)
+------------------------------------------------------+----------+-------------------+--------+------------------+-------------+----------+----------------------+----------------------+--------------------+
| Trial name                                           | status   | loc               |   iter |   total time (s) |          ts |   reward |   episode_reward_max |   episode_reward_min |   episode_len_mean |
|------------------------------------------------------+----------+-------------------+--------+------------------+-------------+----------+----------------------+----------------------+--------------------|
| MAPPOTrainer_rware_v2_rware-small-4ag-v2_fd22d_00000 | RUNNING  | 172.24.0.2:950918 |   1649 |          4707.68 | 3.29668e+07 |     3.87 |                    6 |                    1 |                500 |
+------------------------------------------------------+----------+-------------------+--------+------------------+-------------+----------+----------------------+----------------------+--------------------+


== Status ==
Current time: 2026-05-22 22:10:06 (running for 00:07:10.22)
Memory usage on this node: 62.8/251.6 GiB
Using FIFO scheduling algorithm.
Resources requested: 7.0/8 CPUs, 1.0/1 GPUs, 0.0/17.63 GiB heap, 0.0/8.82 GiB objects (0.0/1.0 accelerator_type:G)
Result logdir: /workspace/MARLlib/runs/rware_mappo_gru_small_20m_tensorboard/mappo_gru_rware-small-4ag-v2
Number of trials: 1/1 (1 RUNNING)
+------------------------------------------------------+----------+-------------------+--------+------------------+-------------+----------+----------------------+----------------------+--------------------+
| Trial name                                           | status   | loc               |   iter |   total time (s) |          ts |   reward |   episode_reward_max |   episode_reward_min |   episode_len_mean |
|------------------------------------------------------+----------+-------------------+--------+------------------+-------------+----------+----------------------+----------------------+--------------------|
| MAPPOTrainer_rware_v2_rware-small-4ag-v2_fd22d_00000 | RUNNING  | 172.24.0.2:950918 |   1649 |          4707.68 | 3.29668e+07 |     3.87 |                    6 |                    1 |                500 |
+------------------------------------------------------+----------+-------------------+--------+------------------+-------------+----------+----------------------+----------------------+--------------------+


== Status ==
Current time: 2026-05-22 22:10:11 (running for 00:07:15.22)
Memory usage on this node: 62.8/251.6 GiB
Using FIFO scheduling algorithm.
Resources requested: 7.0/8 CPUs, 1.0/1 GPUs, 0.0/17.63 GiB heap, 0.0/8.82 GiB objects (0.0/1.0 accelerator_type:G)
Result logdir: /workspace/MARLlib/runs/rware_mappo_gru_small_20m_tensorboard/mappo_gru_rware-small-4ag-v2
Number of trials: 1/1 (1 RUNNING)
+------------------------------------------------------+----------+-------------------+--------+------------------+-------------+----------+----------------------+----------------------+--------------------+
| Trial name                                           | status   | loc               |   iter |   total time (s) |          ts |   reward |   episode_reward_max |   episode_reward_min |   episode_len_mean |
|------------------------------------------------------+----------+-------------------+--------+------------------+-------------+----------+----------------------+----------------------+--------------------|
| MAPPOTrainer_rware_v2_rware-small-4ag-v2_fd22d_00000 | RUNNING  | 172.24.0.2:950918 |   1649 |          4707.68 | 3.29668e+07 |     3.87 |                    6 |                    1 |                500 |
+------------------------------------------------------+----------+-------------------+--------+------------------+-------------+----------+----------------------+----------------------+--------------------+


== Status ==
Current time: 2026-05-22 22:10:16 (running for 00:07:20.23)
Memory usage on this node: 62.8/251.6 GiB
Using FIFO scheduling algorithm.
Resources requested: 7.0/8 CPUs, 1.0/1 GPUs, 0.0/17.63 GiB heap, 0.0/8.82 GiB objects (0.0/1.0 accelerator_type:G)
Result logdir: /workspace/MARLlib/runs/rware_mappo_gru_small_20m_tensorboard/mappo_gru_rware-small-4ag-v2
Number of trials: 1/1 (1 RUNNING)
+------------------------------------------------------+----------+-------------------+--------+------------------+-------------+----------+----------------------+----------------------+--------------------+
| Trial name                                           | status   | loc               |   iter |   total time (s) |          ts |   reward |   episode_reward_max |   episode_reward_min |   episode_len_mean |
|------------------------------------------------------+----------+-------------------+--------+------------------+-------------+----------+----------------------+----------------------+--------------------|
| MAPPOTrainer_rware_v2_rware-small-4ag-v2_fd22d_00000 | RUNNING  | 172.24.0.2:950918 |   1649 |          4707.68 | 3.29668e+07 |     3.87 |                    6 |                    1 |                500 |
+------------------------------------------------------+----------+-------------------+--------+------------------+-------------+----------+----------------------+----------------------+--------------------+


== Status ==
Current time: 2026-05-22 22:10:22 (running for 00:07:25.79)
Memory usage on this node: 62.8/251.6 GiB
Using FIFO scheduling algorithm.
Resources requested: 7.0/8 CPUs, 1.0/1 GPUs, 0.0/17.63 GiB heap, 0.0/8.82 GiB objects (0.0/1.0 accelerator_type:G)
Result logdir: /workspace/MARLlib/runs/rware_mappo_gru_small_20m_tensorboard/mappo_gru_rware-small-4ag-v2
Number of trials: 1/1 (1 RUNNING)
+------------------------------------------------------+----------+-------------------+--------+------------------+-------------+----------+----------------------+----------------------+--------------------+
| Trial name                                           | status   | loc               |   iter |   total time (s) |          ts |   reward |   episode_reward_max |   episode_reward_min |   episode_len_mean |
|------------------------------------------------------+----------+-------------------+--------+------------------+-------------+----------+----------------------+----------------------+--------------------|
| MAPPOTrainer_rware_v2_rware-small-4ag-v2_fd22d_00000 | RUNNING  | 172.24.0.2:950918 |   1652 |          4728.17 | 3.30268e+07 |     3.99 |                    7 |                    1 |                500 |
+------------------------------------------------------+----------+-------------------+--------+------------------+-------------+----------+----------------------+----------------------+--------------------+


== Status ==
Current time: 2026-05-22 22:10:27 (running for 00:07:31.03)
Memory usage on this node: 62.8/251.6 GiB
Using FIFO scheduling algorithm.
Resources requested: 7.0/8 CPUs, 1.0/1 GPUs, 0.0/17.63 GiB heap, 0.0/8.82 GiB objects (0.0/1.0 accelerator_type:G)
Result logdir: /workspace/MARLlib/runs/rware_mappo_gru_small_20m_tensorboard/mappo_gru_rware-small-4ag-v2
Number of trials: 1/1 (1 RUNNING)
+------------------------------------------------------+----------+-------------------+--------+------------------+-------------+----------+----------------------+----------------------+--------------------+
| Trial name                                           | status   | loc               |   iter |   total time (s) |          ts |   reward |   episode_reward_max |   episode_reward_min |   episode_len_mean |
|------------------------------------------------------+----------+-------------------+--------+------------------+-------------+----------+----------------------+----------------------+--------------------|
| MAPPOTrainer_rware_v2_rware-small-4ag-v2_fd22d_00000 | RUNNING  | 172.24.0.2:950918 |   1654 |          4733.36 | 3.30668e+07 |     4.06 |                    7 |                    2 |                500 |
+------------------------------------------------------+----------+-------------------+--------+------------------+-------------+----------+----------------------+----------------------+--------------------+


== Status ==
Current time: 2026-05-22 22:10:32 (running for 00:07:36.38)
Memory usage on this node: 62.8/251.6 GiB
Using FIFO scheduling algorithm.
Resources requested: 7.0/8 CPUs, 1.0/1 GPUs, 0.0/17.63 GiB heap, 0.0/8.82 GiB objects (0.0/1.0 accelerator_type:G)
Result logdir: /workspace/MARLlib/runs/rware_mappo_gru_small_20m_tensorboard/mappo_gru_rware-small-4ag-v2
Number of trials: 1/1 (1 RUNNING)
+------------------------------------------------------+----------+-------------------+--------+------------------+-------------+----------+----------------------+----------------------+--------------------+
| Trial name                                           | status   | loc               |   iter |   total time (s) |          ts |   reward |   episode_reward_max |   episode_reward_min |   episode_len_mean |
|------------------------------------------------------+----------+-------------------+--------+------------------+-------------+----------+----------------------+----------------------+--------------------|
| MAPPOTrainer_rware_v2_rware-small-4ag-v2_fd22d_00000 | RUNNING  | 172.24.0.2:950918 |   1656 |          4738.65 | 3.31068e+07 |     4.11 |                    7 |                    2 |                500 |
+------------------------------------------------------+----------+-------------------+--------+------------------+-------------+----------+----------------------+----------------------+--------------------+


== Status ==
Current time: 2026-05-22 22:10:38 (running for 00:07:41.74)
Memory usage on this node: 62.8/251.6 GiB
Using FIFO scheduling algorithm.
Resources requested: 7.0/8 CPUs, 1.0/1 GPUs, 0.0/17.63 GiB heap, 0.0/8.82 GiB objects (0.0/1.0 accelerator_type:G)
Result logdir: /workspace/MARLlib/runs/rware_mappo_gru_small_20m_tensorboard/mappo_gru_rware-small-4ag-v2
Number of trials: 1/1 (1 RUNNING)
+------------------------------------------------------+----------+-------------------+--------+------------------+-------------+----------+----------------------+----------------------+--------------------+
| Trial name                                           | status   | loc               |   iter |   total time (s) |          ts |   reward |   episode_reward_max |   episode_reward_min |   episode_len_mean |
|------------------------------------------------------+----------+-------------------+--------+------------------+-------------+----------+----------------------+----------------------+--------------------|
| MAPPOTrainer_rware_v2_rware-small-4ag-v2_fd22d_00000 | RUNNING  | 172.24.0.2:950918 |   1658 |          4743.97 | 3.31467e+07 |     4.11 |                    7 |                    3 |                500 |
+------------------------------------------------------+----------+-------------------+--------+------------------+-------------+----------+----------------------+----------------------+--------------------+


== Status ==
Current time: 2026-05-22 22:10:43 (running for 00:07:46.98)
Memory usage on this node: 62.8/251.6 GiB
Using FIFO scheduling algorithm.
Resources requested: 7.0/8 CPUs, 1.0/1 GPUs, 0.0/17.63 GiB heap, 0.0/8.82 GiB objects (0.0/1.0 accelerator_type:G)
Result logdir: /workspace/MARLlib/runs/rware_mappo_gru_small_20m_tensorboard/mappo_gru_rware-small-4ag-v2
Number of trials: 1/1 (1 RUNNING)
+------------------------------------------------------+----------+-------------------+--------+------------------+-------------+----------+----------------------+----------------------+--------------------+
| Trial name                                           | status   | loc               |   iter |   total time (s) |          ts |   reward |   episode_reward_max |   episode_reward_min |   episode_len_mean |
|------------------------------------------------------+----------+-------------------+--------+------------------+-------------+----------+----------------------+----------------------+--------------------|
| MAPPOTrainer_rware_v2_rware-small-4ag-v2_fd22d_00000 | RUNNING  | 172.24.0.2:950918 |   1660 |          4749.16 | 3.31867e+07 |     4.12 |                    7 |                    2 |                500 |
+------------------------------------------------------+----------+-------------------+--------+------------------+-------------+----------+----------------------+----------------------+--------------------+


== Status ==
Current time: 2026-05-22 22:10:48 (running for 00:07:52.31)
Memory usage on this node: 62.8/251.6 GiB
Using FIFO scheduling algorithm.
Resources requested: 7.0/8 CPUs, 1.0/1 GPUs, 0.0/17.63 GiB heap, 0.0/8.82 GiB objects (0.0/1.0 accelerator_type:G)
Result logdir: /workspace/MARLlib/runs/rware_mappo_gru_small_20m_tensorboard/mappo_gru_rware-small-4ag-v2
Number of trials: 1/1 (1 RUNNING)
+------------------------------------------------------+----------+-------------------+--------+------------------+-------------+----------+----------------------+----------------------+--------------------+
| Trial name                                           | status   | loc               |   iter |   total time (s) |          ts |   reward |   episode_reward_max |   episode_reward_min |   episode_len_mean |
|------------------------------------------------------+----------+-------------------+--------+------------------+-------------+----------+----------------------+----------------------+--------------------|
| MAPPOTrainer_rware_v2_rware-small-4ag-v2_fd22d_00000 | RUNNING  | 172.24.0.2:950918 |   1662 |          4754.45 | 3.32267e+07 |     4.17 |                    6 |                    2 |                500 |
+------------------------------------------------------+----------+-------------------+--------+------------------+-------------+----------+----------------------+----------------------+--------------------+


== Status ==
Current time: 2026-05-22 22:10:54 (running for 00:07:57.69)
Memory usage on this node: 62.8/251.6 GiB
Using FIFO scheduling algorithm.
Resources requested: 7.0/8 CPUs, 1.0/1 GPUs, 0.0/17.63 GiB heap, 0.0/8.82 GiB objects (0.0/1.0 accelerator_type:G)
Result logdir: /workspace/MARLlib/runs/rware_mappo_gru_small_20m_tensorboard/mappo_gru_rware-small-4ag-v2
Number of trials: 1/1 (1 RUNNING)
+------------------------------------------------------+----------+-------------------+--------+------------------+-------------+----------+----------------------+----------------------+--------------------+
| Trial name                                           | status   | loc               |   iter |   total time (s) |          ts |   reward |   episode_reward_max |   episode_reward_min |   episode_len_mean |
|------------------------------------------------------+----------+-------------------+--------+------------------+-------------+----------+----------------------+----------------------+--------------------|
| MAPPOTrainer_rware_v2_rware-small-4ag-v2_fd22d_00000 | RUNNING  | 172.24.0.2:950918 |   1664 |          4759.79 | 3.32667e+07 |     4.13 |                    6 |                    2 |                500 |
+------------------------------------------------------+----------+-------------------+--------+------------------+-------------+----------+----------------------+----------------------+--------------------+


== Status ==
Current time: 2026-05-22 22:10:59 (running for 00:08:02.96)
Memory usage on this node: 62.8/251.6 GiB
Using FIFO scheduling algorithm.
Resources requested: 7.0/8 CPUs, 1.0/1 GPUs, 0.0/17.63 GiB heap, 0.0/8.82 GiB objects (0.0/1.0 accelerator_type:G)
Result logdir: /workspace/MARLlib/runs/rware_mappo_gru_small_20m_tensorboard/mappo_gru_rware-small-4ag-v2
Number of trials: 1/1 (1 RUNNING)
+------------------------------------------------------+----------+-------------------+--------+------------------+-------------+----------+----------------------+----------------------+--------------------+
| Trial name                                           | status   | loc               |   iter |   total time (s) |          ts |   reward |   episode_reward_max |   episode_reward_min |   episode_len_mean |
|------------------------------------------------------+----------+-------------------+--------+------------------+-------------+----------+----------------------+----------------------+--------------------|
| MAPPOTrainer_rware_v2_rware-small-4ag-v2_fd22d_00000 | RUNNING  | 172.24.0.2:950918 |   1666 |          4765.02 | 3.33067e+07 |      4.1 |                    6 |                    1 |                500 |
+------------------------------------------------------+----------+-------------------+--------+------------------+-------------+----------+----------------------+----------------------+--------------------+


== Status ==
Current time: 2026-05-22 22:11:04 (running for 00:08:08.26)
Memory usage on this node: 62.8/251.6 GiB
Using FIFO scheduling algorithm.
Resources requested: 7.0/8 CPUs, 1.0/1 GPUs, 0.0/17.63 GiB heap, 0.0/8.82 GiB objects (0.0/1.0 accelerator_type:G)
Result logdir: /workspace/MARLlib/runs/rware_mappo_gru_small_20m_tensorboard/mappo_gru_rware-small-4ag-v2
Number of trials: 1/1 (1 RUNNING)
+------------------------------------------------------+----------+-------------------+--------+------------------+-------------+----------+----------------------+----------------------+--------------------+
| Trial name                                           | status   | loc               |   iter |   total time (s) |          ts |   reward |   episode_reward_max |   episode_reward_min |   episode_len_mean |
|------------------------------------------------------+----------+-------------------+--------+------------------+-------------+----------+----------------------+----------------------+--------------------|
| MAPPOTrainer_rware_v2_rware-small-4ag-v2_fd22d_00000 | RUNNING  | 172.24.0.2:950918 |   1668 |          4770.28 | 3.33467e+07 |     4.09 |                    6 |                    1 |                500 |
+------------------------------------------------------+----------+-------------------+--------+------------------+-------------+----------+----------------------+----------------------+--------------------+


== Status ==
Current time: 2026-05-22 22:11:10 (running for 00:08:13.59)
Memory usage on this node: 62.8/251.6 GiB
Using FIFO scheduling algorithm.
Resources requested: 7.0/8 CPUs, 1.0/1 GPUs, 0.0/17.63 GiB heap, 0.0/8.82 GiB objects (0.0/1.0 accelerator_type:G)
Result logdir: /workspace/MARLlib/runs/rware_mappo_gru_small_20m_tensorboard/mappo_gru_rware-small-4ag-v2
Number of trials: 1/1 (1 RUNNING)
+------------------------------------------------------+----------+-------------------+--------+------------------+-------------+----------+----------------------+----------------------+--------------------+
| Trial name                                           | status   | loc               |   iter |   total time (s) |          ts |   reward |   episode_reward_max |   episode_reward_min |   episode_len_mean |
|------------------------------------------------------+----------+-------------------+--------+------------------+-------------+----------+----------------------+----------------------+--------------------|
| MAPPOTrainer_rware_v2_rware-small-4ag-v2_fd22d_00000 | RUNNING  | 172.24.0.2:950918 |   1670 |          4775.56 | 3.33866e+07 |     4.14 |                    6 |                    1 |                500 |
+------------------------------------------------------+----------+-------------------+--------+------------------+-------------+----------+----------------------+----------------------+--------------------+


== Status ==
Current time: 2026-05-22 22:11:15 (running for 00:08:18.97)
Memory usage on this node: 62.8/251.6 GiB
Using FIFO scheduling algorithm.
Resources requested: 7.0/8 CPUs, 1.0/1 GPUs, 0.0/17.63 GiB heap, 0.0/8.82 GiB objects (0.0/1.0 accelerator_type:G)
Result logdir: /workspace/MARLlib/runs/rware_mappo_gru_small_20m_tensorboard/mappo_gru_rware-small-4ag-v2
Number of trials: 1/1 (1 RUNNING)
+------------------------------------------------------+----------+-------------------+--------+------------------+-------------+----------+----------------------+----------------------+--------------------+
| Trial name                                           | status   | loc               |   iter |   total time (s) |          ts |   reward |   episode_reward_max |   episode_reward_min |   episode_len_mean |
|------------------------------------------------------+----------+-------------------+--------+------------------+-------------+----------+----------------------+----------------------+--------------------|
| MAPPOTrainer_rware_v2_rware-small-4ag-v2_fd22d_00000 | RUNNING  | 172.24.0.2:950918 |   1672 |          4780.88 | 3.34266e+07 |     4.11 |                    6 |                    1 |                500 |
+------------------------------------------------------+----------+-------------------+--------+------------------+-------------+----------+----------------------+----------------------+--------------------+


== Status ==
Current time: 2026-05-22 22:11:20 (running for 00:08:24.25)
Memory usage on this node: 62.8/251.6 GiB
Using FIFO scheduling algorithm.
Resources requested: 7.0/8 CPUs, 1.0/1 GPUs, 0.0/17.63 GiB heap, 0.0/8.82 GiB objects (0.0/1.0 accelerator_type:G)
Result logdir: /workspace/MARLlib/runs/rware_mappo_gru_small_20m_tensorboard/mappo_gru_rware-small-4ag-v2
Number of trials: 1/1 (1 RUNNING)
+------------------------------------------------------+----------+-------------------+--------+------------------+-------------+----------+----------------------+----------------------+--------------------+
| Trial name                                           | status   | loc               |   iter |   total time (s) |          ts |   reward |   episode_reward_max |   episode_reward_min |   episode_len_mean |
|------------------------------------------------------+----------+-------------------+--------+------------------+-------------+----------+----------------------+----------------------+--------------------|
| MAPPOTrainer_rware_v2_rware-small-4ag-v2_fd22d_00000 | RUNNING  | 172.24.0.2:950918 |   1674 |          4786.11 | 3.34666e+07 |     4.17 |                    6 |                    1 |                500 |
+------------------------------------------------------+----------+-------------------+--------+------------------+-------------+----------+----------------------+----------------------+--------------------+


== Status ==
Current time: 2026-05-22 22:11:26 (running for 00:08:29.58)
Memory usage on this node: 62.8/251.6 GiB
Using FIFO scheduling algorithm.
Resources requested: 7.0/8 CPUs, 1.0/1 GPUs, 0.0/17.63 GiB heap, 0.0/8.82 GiB objects (0.0/1.0 accelerator_type:G)
Result logdir: /workspace/MARLlib/runs/rware_mappo_gru_small_20m_tensorboard/mappo_gru_rware-small-4ag-v2
Number of trials: 1/1 (1 RUNNING)
+------------------------------------------------------+----------+-------------------+--------+------------------+-------------+----------+----------------------+----------------------+--------------------+
| Trial name                                           | status   | loc               |   iter |   total time (s) |          ts |   reward |   episode_reward_max |   episode_reward_min |   episode_len_mean |
|------------------------------------------------------+----------+-------------------+--------+------------------+-------------+----------+----------------------+----------------------+--------------------|
| MAPPOTrainer_rware_v2_rware-small-4ag-v2_fd22d_00000 | RUNNING  | 172.24.0.2:950918 |   1676 |          4791.38 | 3.35066e+07 |     4.22 |                    6 |                    2 |                500 |
+------------------------------------------------------+----------+-------------------+--------+------------------+-------------+----------+----------------------+----------------------+--------------------+


== Status ==
Current time: 2026-05-22 22:11:31 (running for 00:08:34.80)
Memory usage on this node: 62.8/251.6 GiB
Using FIFO scheduling algorithm.
Resources requested: 7.0/8 CPUs, 1.0/1 GPUs, 0.0/17.63 GiB heap, 0.0/8.82 GiB objects (0.0/1.0 accelerator_type:G)
Result logdir: /workspace/MARLlib/runs/rware_mappo_gru_small_20m_tensorboard/mappo_gru_rware-small-4ag-v2
Number of trials: 1/1 (1 RUNNING)
+------------------------------------------------------+----------+-------------------+--------+------------------+-------------+----------+----------------------+----------------------+--------------------+
| Trial name                                           | status   | loc               |   iter |   total time (s) |          ts |   reward |   episode_reward_max |   episode_reward_min |   episode_len_mean |
|------------------------------------------------------+----------+-------------------+--------+------------------+-------------+----------+----------------------+----------------------+--------------------|
| MAPPOTrainer_rware_v2_rware-small-4ag-v2_fd22d_00000 | RUNNING  | 172.24.0.2:950918 |   1678 |          4796.55 | 3.35466e+07 |     4.16 |                    6 |                    2 |                500 |
+------------------------------------------------------+----------+-------------------+--------+------------------+-------------+----------+----------------------+----------------------+--------------------+


== Status ==
Current time: 2026-05-22 22:11:36 (running for 00:08:40.22)
Memory usage on this node: 62.8/251.6 GiB
Using FIFO scheduling algorithm.
Resources requested: 7.0/8 CPUs, 1.0/1 GPUs, 0.0/17.63 GiB heap, 0.0/8.82 GiB objects (0.0/1.0 accelerator_type:G)
Result logdir: /workspace/MARLlib/runs/rware_mappo_gru_small_20m_tensorboard/mappo_gru_rware-small-4ag-v2
Number of trials: 1/1 (1 RUNNING)
+------------------------------------------------------+----------+-------------------+--------+------------------+-------------+----------+----------------------+----------------------+--------------------+
| Trial name                                           | status   | loc               |   iter |   total time (s) |          ts |   reward |   episode_reward_max |   episode_reward_min |   episode_len_mean |
|------------------------------------------------------+----------+-------------------+--------+------------------+-------------+----------+----------------------+----------------------+--------------------|
| MAPPOTrainer_rware_v2_rware-small-4ag-v2_fd22d_00000 | RUNNING  | 172.24.0.2:950918 |   1680 |          4801.91 | 3.35866e+07 |     4.11 |                    6 |                    2 |                500 |
+------------------------------------------------------+----------+-------------------+--------+------------------+-------------+----------+----------------------+----------------------+--------------------+


== Status ==
Current time: 2026-05-22 22:11:42 (running for 00:08:45.48)
Memory usage on this node: 62.8/251.6 GiB
Using FIFO scheduling algorithm.
Resources requested: 7.0/8 CPUs, 1.0/1 GPUs, 0.0/17.63 GiB heap, 0.0/8.82 GiB objects (0.0/1.0 accelerator_type:G)
Result logdir: /workspace/MARLlib/runs/rware_mappo_gru_small_20m_tensorboard/mappo_gru_rware-small-4ag-v2
Number of trials: 1/1 (1 RUNNING)
+------------------------------------------------------+----------+-------------------+--------+------------------+-------------+----------+----------------------+----------------------+--------------------+
| Trial name                                           | status   | loc               |   iter |   total time (s) |          ts |   reward |   episode_reward_max |   episode_reward_min |   episode_len_mean |
|------------------------------------------------------+----------+-------------------+--------+------------------+-------------+----------+----------------------+----------------------+--------------------|
| MAPPOTrainer_rware_v2_rware-small-4ag-v2_fd22d_00000 | RUNNING  | 172.24.0.2:950918 |   1682 |          4807.11 | 3.36265e+07 |     4.08 |                    6 |                    2 |                500 |
+------------------------------------------------------+----------+-------------------+--------+------------------+-------------+----------+----------------------+----------------------+--------------------+


== Status ==
Current time: 2026-05-22 22:11:47 (running for 00:08:50.79)
Memory usage on this node: 62.8/251.6 GiB
Using FIFO scheduling algorithm.
Resources requested: 7.0/8 CPUs, 1.0/1 GPUs, 0.0/17.63 GiB heap, 0.0/8.82 GiB objects (0.0/1.0 accelerator_type:G)
Result logdir: /workspace/MARLlib/runs/rware_mappo_gru_small_20m_tensorboard/mappo_gru_rware-small-4ag-v2
Number of trials: 1/1 (1 RUNNING)
+------------------------------------------------------+----------+-------------------+--------+------------------+-------------+----------+----------------------+----------------------+--------------------+
| Trial name                                           | status   | loc               |   iter |   total time (s) |          ts |   reward |   episode_reward_max |   episode_reward_min |   episode_len_mean |
|------------------------------------------------------+----------+-------------------+--------+------------------+-------------+----------+----------------------+----------------------+--------------------|
| MAPPOTrainer_rware_v2_rware-small-4ag-v2_fd22d_00000 | RUNNING  | 172.24.0.2:950918 |   1684 |          4812.37 | 3.36665e+07 |     4.03 |                    6 |                    2 |                500 |
+------------------------------------------------------+----------+-------------------+--------+------------------+-------------+----------+----------------------+----------------------+--------------------+


== Status ==
Current time: 2026-05-22 22:11:52 (running for 00:08:56.16)
Memory usage on this node: 62.8/251.6 GiB
Using FIFO scheduling algorithm.
Resources requested: 7.0/8 CPUs, 1.0/1 GPUs, 0.0/17.63 GiB heap, 0.0/8.82 GiB objects (0.0/1.0 accelerator_type:G)
Result logdir: /workspace/MARLlib/runs/rware_mappo_gru_small_20m_tensorboard/mappo_gru_rware-small-4ag-v2
Number of trials: 1/1 (1 RUNNING)
+------------------------------------------------------+----------+-------------------+--------+------------------+-------------+----------+----------------------+----------------------+--------------------+
| Trial name                                           | status   | loc               |   iter |   total time (s) |          ts |   reward |   episode_reward_max |   episode_reward_min |   episode_len_mean |
|------------------------------------------------------+----------+-------------------+--------+------------------+-------------+----------+----------------------+----------------------+--------------------|
| MAPPOTrainer_rware_v2_rware-small-4ag-v2_fd22d_00000 | RUNNING  | 172.24.0.2:950918 |   1686 |          4817.68 | 3.37065e+07 |     4.05 |                    7 |                    2 |                500 |
+------------------------------------------------------+----------+-------------------+--------+------------------+-------------+----------+----------------------+----------------------+--------------------+


== Status ==
Current time: 2026-05-22 22:11:58 (running for 00:09:01.46)
Memory usage on this node: 62.8/251.6 GiB
Using FIFO scheduling algorithm.
Resources requested: 7.0/8 CPUs, 1.0/1 GPUs, 0.0/17.63 GiB heap, 0.0/8.82 GiB objects (0.0/1.0 accelerator_type:G)
Result logdir: /workspace/MARLlib/runs/rware_mappo_gru_small_20m_tensorboard/mappo_gru_rware-small-4ag-v2
Number of trials: 1/1 (1 RUNNING)
+------------------------------------------------------+----------+-------------------+--------+------------------+-------------+----------+----------------------+----------------------+--------------------+
| Trial name                                           | status   | loc               |   iter |   total time (s) |          ts |   reward |   episode_reward_max |   episode_reward_min |   episode_len_mean |
|------------------------------------------------------+----------+-------------------+--------+------------------+-------------+----------+----------------------+----------------------+--------------------|
| MAPPOTrainer_rware_v2_rware-small-4ag-v2_fd22d_00000 | RUNNING  | 172.24.0.2:950918 |   1688 |          4822.93 | 3.37465e+07 |     4.12 |                    7 |                    3 |                500 |
+------------------------------------------------------+----------+-------------------+--------+------------------+-------------+----------+----------------------+----------------------+--------------------+


== Status ==
Current time: 2026-05-22 22:12:03 (running for 00:09:07.05)
Memory usage on this node: 62.8/251.6 GiB
Using FIFO scheduling algorithm.
Resources requested: 7.0/8 CPUs, 1.0/1 GPUs, 0.0/17.63 GiB heap, 0.0/8.82 GiB objects (0.0/1.0 accelerator_type:G)
Result logdir: /workspace/MARLlib/runs/rware_mappo_gru_small_20m_tensorboard/mappo_gru_rware-small-4ag-v2
Number of trials: 1/1 (1 RUNNING)
+------------------------------------------------------+----------+-------------------+--------+------------------+-------------+----------+----------------------+----------------------+--------------------+
| Trial name                                           | status   | loc               |   iter |   total time (s) |          ts |   reward |   episode_reward_max |   episode_reward_min |   episode_len_mean |
|------------------------------------------------------+----------+-------------------+--------+------------------+-------------+----------+----------------------+----------------------+--------------------|
| MAPPOTrainer_rware_v2_rware-small-4ag-v2_fd22d_00000 | RUNNING  | 172.24.0.2:950918 |   1690 |          4828.46 | 3.37865e+07 |     4.11 |                    7 |                    3 |                500 |
+------------------------------------------------------+----------+-------------------+--------+------------------+-------------+----------+----------------------+----------------------+--------------------+


== Status ==
Current time: 2026-05-22 22:12:08 (running for 00:09:12.34)
Memory usage on this node: 62.8/251.6 GiB
Using FIFO scheduling algorithm.
Resources requested: 7.0/8 CPUs, 1.0/1 GPUs, 0.0/17.63 GiB heap, 0.0/8.82 GiB objects (0.0/1.0 accelerator_type:G)
Result logdir: /workspace/MARLlib/runs/rware_mappo_gru_small_20m_tensorboard/mappo_gru_rware-small-4ag-v2
Number of trials: 1/1 (1 RUNNING)
+------------------------------------------------------+----------+-------------------+--------+------------------+-------------+----------+----------------------+----------------------+--------------------+
| Trial name                                           | status   | loc               |   iter |   total time (s) |          ts |   reward |   episode_reward_max |   episode_reward_min |   episode_len_mean |
|------------------------------------------------------+----------+-------------------+--------+------------------+-------------+----------+----------------------+----------------------+--------------------|
| MAPPOTrainer_rware_v2_rware-small-4ag-v2_fd22d_00000 | RUNNING  | 172.24.0.2:950918 |   1692 |          4833.69 | 3.38265e+07 |     4.14 |                    7 |                    2 |                500 |
+------------------------------------------------------+----------+-------------------+--------+------------------+-------------+----------+----------------------+----------------------+--------------------+


== Status ==
Current time: 2026-05-22 22:12:14 (running for 00:09:17.58)
Memory usage on this node: 62.8/251.6 GiB
Using FIFO scheduling algorithm.
Resources requested: 7.0/8 CPUs, 1.0/1 GPUs, 0.0/17.63 GiB heap, 0.0/8.82 GiB objects (0.0/1.0 accelerator_type:G)
Result logdir: /workspace/MARLlib/runs/rware_mappo_gru_small_20m_tensorboard/mappo_gru_rware-small-4ag-v2
Number of trials: 1/1 (1 RUNNING)
+------------------------------------------------------+----------+-------------------+--------+------------------+-------------+----------+----------------------+----------------------+--------------------+
| Trial name                                           | status   | loc               |   iter |   total time (s) |          ts |   reward |   episode_reward_max |   episode_reward_min |   episode_len_mean |
|------------------------------------------------------+----------+-------------------+--------+------------------+-------------+----------+----------------------+----------------------+--------------------|
| MAPPOTrainer_rware_v2_rware-small-4ag-v2_fd22d_00000 | RUNNING  | 172.24.0.2:950918 |   1694 |          4838.89 | 3.38664e+07 |     4.14 |                    7 |                    2 |                500 |
+------------------------------------------------------+----------+-------------------+--------+------------------+-------------+----------+----------------------+----------------------+--------------------+


== Status ==
Current time: 2026-05-22 22:12:19 (running for 00:09:23.07)
Memory usage on this node: 62.8/251.6 GiB
Using FIFO scheduling algorithm.
Resources requested: 7.0/8 CPUs, 1.0/1 GPUs, 0.0/17.63 GiB heap, 0.0/8.82 GiB objects (0.0/1.0 accelerator_type:G)
Result logdir: /workspace/MARLlib/runs/rware_mappo_gru_small_20m_tensorboard/mappo_gru_rware-small-4ag-v2
Number of trials: 1/1 (1 RUNNING)
+------------------------------------------------------+----------+-------------------+--------+------------------+-------------+----------+----------------------+----------------------+--------------------+
| Trial name                                           | status   | loc               |   iter |   total time (s) |          ts |   reward |   episode_reward_max |   episode_reward_min |   episode_len_mean |
|------------------------------------------------------+----------+-------------------+--------+------------------+-------------+----------+----------------------+----------------------+--------------------|
| MAPPOTrainer_rware_v2_rware-small-4ag-v2_fd22d_00000 | RUNNING  | 172.24.0.2:950918 |   1696 |          4844.33 | 3.39064e+07 |     4.12 |                    7 |                    2 |                500 |
+------------------------------------------------------+----------+-------------------+--------+------------------+-------------+----------+----------------------+----------------------+--------------------+


== Status ==
Current time: 2026-05-22 22:12:25 (running for 00:09:28.41)
Memory usage on this node: 62.8/251.6 GiB
Using FIFO scheduling algorithm.
Resources requested: 7.0/8 CPUs, 1.0/1 GPUs, 0.0/17.63 GiB heap, 0.0/8.82 GiB objects (0.0/1.0 accelerator_type:G)
Result logdir: /workspace/MARLlib/runs/rware_mappo_gru_small_20m_tensorboard/mappo_gru_rware-small-4ag-v2
Number of trials: 1/1 (1 RUNNING)
+------------------------------------------------------+----------+-------------------+--------+------------------+-------------+----------+----------------------+----------------------+--------------------+
| Trial name                                           | status   | loc               |   iter |   total time (s) |          ts |   reward |   episode_reward_max |   episode_reward_min |   episode_len_mean |
|------------------------------------------------------+----------+-------------------+--------+------------------+-------------+----------+----------------------+----------------------+--------------------|
| MAPPOTrainer_rware_v2_rware-small-4ag-v2_fd22d_00000 | RUNNING  | 172.24.0.2:950918 |   1698 |          4849.61 | 3.39464e+07 |     4.06 |                    6 |                    1 |                500 |
+------------------------------------------------------+----------+-------------------+--------+------------------+-------------+----------+----------------------+----------------------+--------------------+


== Status ==
Current time: 2026-05-22 22:12:30 (running for 00:09:34.07)
Memory usage on this node: 62.8/251.6 GiB
Using FIFO scheduling algorithm.
Resources requested: 7.0/8 CPUs, 1.0/1 GPUs, 0.0/17.63 GiB heap, 0.0/8.82 GiB objects (0.0/1.0 accelerator_type:G)
Result logdir: /workspace/MARLlib/runs/rware_mappo_gru_small_20m_tensorboard/mappo_gru_rware-small-4ag-v2
Number of trials: 1/1 (1 RUNNING)
+------------------------------------------------------+----------+-------------------+--------+------------------+-------------+----------+----------------------+----------------------+--------------------+
| Trial name                                           | status   | loc               |   iter |   total time (s) |          ts |   reward |   episode_reward_max |   episode_reward_min |   episode_len_mean |
|------------------------------------------------------+----------+-------------------+--------+------------------+-------------+----------+----------------------+----------------------+--------------------|
| MAPPOTrainer_rware_v2_rware-small-4ag-v2_fd22d_00000 | RUNNING  | 172.24.0.2:950918 |   1699 |          4852.25 | 3.39664e+07 |     4.06 |                    6 |                    1 |                500 |
+------------------------------------------------------+----------+-------------------+--------+------------------+-------------+----------+----------------------+----------------------+--------------------+


== Status ==
Current time: 2026-05-22 22:12:35 (running for 00:09:39.08)
Memory usage on this node: 62.8/251.6 GiB
Using FIFO scheduling algorithm.
Resources requested: 7.0/8 CPUs, 1.0/1 GPUs, 0.0/17.63 GiB heap, 0.0/8.82 GiB objects (0.0/1.0 accelerator_type:G)
Result logdir: /workspace/MARLlib/runs/rware_mappo_gru_small_20m_tensorboard/mappo_gru_rware-small-4ag-v2
Number of trials: 1/1 (1 RUNNING)
+------------------------------------------------------+----------+-------------------+--------+------------------+-------------+----------+----------------------+----------------------+--------------------+
| Trial name                                           | status   | loc               |   iter |   total time (s) |          ts |   reward |   episode_reward_max |   episode_reward_min |   episode_len_mean |
|------------------------------------------------------+----------+-------------------+--------+------------------+-------------+----------+----------------------+----------------------+--------------------|
| MAPPOTrainer_rware_v2_rware-small-4ag-v2_fd22d_00000 | RUNNING  | 172.24.0.2:950918 |   1699 |          4852.25 | 3.39664e+07 |     4.06 |                    6 |                    1 |                500 |
+------------------------------------------------------+----------+-------------------+--------+------------------+-------------+----------+----------------------+----------------------+--------------------+


== Status ==
Current time: 2026-05-22 22:12:40 (running for 00:09:44.09)
Memory usage on this node: 62.8/251.6 GiB
Using FIFO scheduling algorithm.
Resources requested: 7.0/8 CPUs, 1.0/1 GPUs, 0.0/17.63 GiB heap, 0.0/8.82 GiB objects (0.0/1.0 accelerator_type:G)
Result logdir: /workspace/MARLlib/runs/rware_mappo_gru_small_20m_tensorboard/mappo_gru_rware-small-4ag-v2
Number of trials: 1/1 (1 RUNNING)
+------------------------------------------------------+----------+-------------------+--------+------------------+-------------+----------+----------------------+----------------------+--------------------+
| Trial name                                           | status   | loc               |   iter |   total time (s) |          ts |   reward |   episode_reward_max |   episode_reward_min |   episode_len_mean |
|------------------------------------------------------+----------+-------------------+--------+------------------+-------------+----------+----------------------+----------------------+--------------------|
| MAPPOTrainer_rware_v2_rware-small-4ag-v2_fd22d_00000 | RUNNING  | 172.24.0.2:950918 |   1699 |          4852.25 | 3.39664e+07 |     4.06 |                    6 |                    1 |                500 |
+------------------------------------------------------+----------+-------------------+--------+------------------+-------------+----------+----------------------+----------------------+--------------------+


== Status ==
Current time: 2026-05-22 22:12:45 (running for 00:09:49.26)
Memory usage on this node: 62.9/251.6 GiB
Using FIFO scheduling algorithm.
Resources requested: 7.0/8 CPUs, 1.0/1 GPUs, 0.0/17.63 GiB heap, 0.0/8.82 GiB objects (0.0/1.0 accelerator_type:G)
Result logdir: /workspace/MARLlib/runs/rware_mappo_gru_small_20m_tensorboard/mappo_gru_rware-small-4ag-v2
Number of trials: 1/1 (1 RUNNING)
+------------------------------------------------------+----------+-------------------+--------+------------------+-------------+----------+----------------------+----------------------+--------------------+
| Trial name                                           | status   | loc               |   iter |   total time (s) |          ts |   reward |   episode_reward_max |   episode_reward_min |   episode_len_mean |
|------------------------------------------------------+----------+-------------------+--------+------------------+-------------+----------+----------------------+----------------------+--------------------|
| MAPPOTrainer_rware_v2_rware-small-4ag-v2_fd22d_00000 | RUNNING  | 172.24.0.2:950918 |   1701 |          4870.36 | 3.40064e+07 |     4.07 |                    6 |                    1 |                500 |
+------------------------------------------------------+----------+-------------------+--------+------------------+-------------+----------+----------------------+----------------------+--------------------+


== Status ==
Current time: 2026-05-22 22:12:51 (running for 00:09:54.64)
Memory usage on this node: 62.9/251.6 GiB
Using FIFO scheduling algorithm.
Resources requested: 7.0/8 CPUs, 1.0/1 GPUs, 0.0/17.63 GiB heap, 0.0/8.82 GiB objects (0.0/1.0 accelerator_type:G)
Result logdir: /workspace/MARLlib/runs/rware_mappo_gru_small_20m_tensorboard/mappo_gru_rware-small-4ag-v2
Number of trials: 1/1 (1 RUNNING)
+------------------------------------------------------+----------+-------------------+--------+------------------+-------------+----------+----------------------+----------------------+--------------------+
| Trial name                                           | status   | loc               |   iter |   total time (s) |          ts |   reward |   episode_reward_max |   episode_reward_min |   episode_len_mean |
|------------------------------------------------------+----------+-------------------+--------+------------------+-------------+----------+----------------------+----------------------+--------------------|
| MAPPOTrainer_rware_v2_rware-small-4ag-v2_fd22d_00000 | RUNNING  | 172.24.0.2:950918 |   1703 |          4875.69 | 3.40464e+07 |     4.08 |                    6 |                    1 |                500 |
+------------------------------------------------------+----------+-------------------+--------+------------------+-------------+----------+----------------------+----------------------+--------------------+


== Status ==
Current time: 2026-05-22 22:12:56 (running for 00:10:00.01)
Memory usage on this node: 62.9/251.6 GiB
Using FIFO scheduling algorithm.
Resources requested: 7.0/8 CPUs, 1.0/1 GPUs, 0.0/17.63 GiB heap, 0.0/8.82 GiB objects (0.0/1.0 accelerator_type:G)
Result logdir: /workspace/MARLlib/runs/rware_mappo_gru_small_20m_tensorboard/mappo_gru_rware-small-4ag-v2
Number of trials: 1/1 (1 RUNNING)
+------------------------------------------------------+----------+-------------------+--------+------------------+-------------+----------+----------------------+----------------------+--------------------+
| Trial name                                           | status   | loc               |   iter |   total time (s) |          ts |   reward |   episode_reward_max |   episode_reward_min |   episode_len_mean |
|------------------------------------------------------+----------+-------------------+--------+------------------+-------------+----------+----------------------+----------------------+--------------------|
| MAPPOTrainer_rware_v2_rware-small-4ag-v2_fd22d_00000 | RUNNING  | 172.24.0.2:950918 |   1705 |          4881.02 | 3.40864e+07 |     4.01 |                    6 |                    1 |                500 |
+------------------------------------------------------+----------+-------------------+--------+------------------+-------------+----------+----------------------+----------------------+--------------------+


== Status ==
Current time: 2026-05-22 22:13:01 (running for 00:10:05.28)
Memory usage on this node: 62.9/251.6 GiB
Using FIFO scheduling algorithm.
Resources requested: 7.0/8 CPUs, 1.0/1 GPUs, 0.0/17.63 GiB heap, 0.0/8.82 GiB objects (0.0/1.0 accelerator_type:G)
Result logdir: /workspace/MARLlib/runs/rware_mappo_gru_small_20m_tensorboard/mappo_gru_rware-small-4ag-v2
Number of trials: 1/1 (1 RUNNING)
+------------------------------------------------------+----------+-------------------+--------+------------------+-------------+----------+----------------------+----------------------+--------------------+
| Trial name                                           | status   | loc               |   iter |   total time (s) |          ts |   reward |   episode_reward_max |   episode_reward_min |   episode_len_mean |
|------------------------------------------------------+----------+-------------------+--------+------------------+-------------+----------+----------------------+----------------------+--------------------|
| MAPPOTrainer_rware_v2_rware-small-4ag-v2_fd22d_00000 | RUNNING  | 172.24.0.2:950918 |   1707 |          4886.24 | 3.41263e+07 |     3.93 |                    5 |                    1 |                500 |
+------------------------------------------------------+----------+-------------------+--------+------------------+-------------+----------+----------------------+----------------------+--------------------+


== Status ==
Current time: 2026-05-22 22:13:07 (running for 00:10:10.49)
Memory usage on this node: 62.9/251.6 GiB
Using FIFO scheduling algorithm.
Resources requested: 7.0/8 CPUs, 1.0/1 GPUs, 0.0/17.63 GiB heap, 0.0/8.82 GiB objects (0.0/1.0 accelerator_type:G)
Result logdir: /workspace/MARLlib/runs/rware_mappo_gru_small_20m_tensorboard/mappo_gru_rware-small-4ag-v2
Number of trials: 1/1 (1 RUNNING)
+------------------------------------------------------+----------+-------------------+--------+------------------+-------------+----------+----------------------+----------------------+--------------------+
| Trial name                                           | status   | loc               |   iter |   total time (s) |          ts |   reward |   episode_reward_max |   episode_reward_min |   episode_len_mean |
|------------------------------------------------------+----------+-------------------+--------+------------------+-------------+----------+----------------------+----------------------+--------------------|
| MAPPOTrainer_rware_v2_rware-small-4ag-v2_fd22d_00000 | RUNNING  | 172.24.0.2:950918 |   1709 |           4891.4 | 3.41663e+07 |     3.92 |                    5 |                    2 |                500 |
+------------------------------------------------------+----------+-------------------+--------+------------------+-------------+----------+----------------------+----------------------+--------------------+


== Status ==
Current time: 2026-05-22 22:13:12 (running for 00:10:15.76)
Memory usage on this node: 62.9/251.6 GiB
Using FIFO scheduling algorithm.
Resources requested: 7.0/8 CPUs, 1.0/1 GPUs, 0.0/17.63 GiB heap, 0.0/8.82 GiB objects (0.0/1.0 accelerator_type:G)
Result logdir: /workspace/MARLlib/runs/rware_mappo_gru_small_20m_tensorboard/mappo_gru_rware-small-4ag-v2
Number of trials: 1/1 (1 RUNNING)
+------------------------------------------------------+----------+-------------------+--------+------------------+-------------+----------+----------------------+----------------------+--------------------+
| Trial name                                           | status   | loc               |   iter |   total time (s) |          ts |   reward |   episode_reward_max |   episode_reward_min |   episode_len_mean |
|------------------------------------------------------+----------+-------------------+--------+------------------+-------------+----------+----------------------+----------------------+--------------------|
| MAPPOTrainer_rware_v2_rware-small-4ag-v2_fd22d_00000 | RUNNING  | 172.24.0.2:950918 |   1711 |          4896.61 | 3.42063e+07 |     3.87 |                    6 |                    2 |                500 |
+------------------------------------------------------+----------+-------------------+--------+------------------+-------------+----------+----------------------+----------------------+--------------------+


== Status ==
Current time: 2026-05-22 22:13:17 (running for 00:10:20.99)
Memory usage on this node: 62.8/251.6 GiB
Using FIFO scheduling algorithm.
Resources requested: 7.0/8 CPUs, 1.0/1 GPUs, 0.0/17.63 GiB heap, 0.0/8.82 GiB objects (0.0/1.0 accelerator_type:G)
Result logdir: /workspace/MARLlib/runs/rware_mappo_gru_small_20m_tensorboard/mappo_gru_rware-small-4ag-v2
Number of trials: 1/1 (1 RUNNING)
+------------------------------------------------------+----------+-------------------+--------+------------------+-------------+----------+----------------------+----------------------+--------------------+
| Trial name                                           | status   | loc               |   iter |   total time (s) |          ts |   reward |   episode_reward_max |   episode_reward_min |   episode_len_mean |
|------------------------------------------------------+----------+-------------------+--------+------------------+-------------+----------+----------------------+----------------------+--------------------|
| MAPPOTrainer_rware_v2_rware-small-4ag-v2_fd22d_00000 | RUNNING  | 172.24.0.2:950918 |   1713 |           4901.8 | 3.42463e+07 |     3.87 |                    6 |                    2 |                500 |
+------------------------------------------------------+----------+-------------------+--------+------------------+-------------+----------+----------------------+----------------------+--------------------+


== Status ==
Current time: 2026-05-22 22:13:22 (running for 00:10:26.33)
Memory usage on this node: 62.9/251.6 GiB
Using FIFO scheduling algorithm.
Resources requested: 7.0/8 CPUs, 1.0/1 GPUs, 0.0/17.63 GiB heap, 0.0/8.82 GiB objects (0.0/1.0 accelerator_type:G)
Result logdir: /workspace/MARLlib/runs/rware_mappo_gru_small_20m_tensorboard/mappo_gru_rware-small-4ag-v2
Number of trials: 1/1 (1 RUNNING)
+------------------------------------------------------+----------+-------------------+--------+------------------+-------------+----------+----------------------+----------------------+--------------------+
| Trial name                                           | status   | loc               |   iter |   total time (s) |          ts |   reward |   episode_reward_max |   episode_reward_min |   episode_len_mean |
|------------------------------------------------------+----------+-------------------+--------+------------------+-------------+----------+----------------------+----------------------+--------------------|
| MAPPOTrainer_rware_v2_rware-small-4ag-v2_fd22d_00000 | RUNNING  | 172.24.0.2:950918 |   1715 |          4907.08 | 3.42863e+07 |     3.97 |                    7 |                    2 |                500 |
+------------------------------------------------------+----------+-------------------+--------+------------------+-------------+----------+----------------------+----------------------+--------------------+


== Status ==
Current time: 2026-05-22 22:13:28 (running for 00:10:31.68)
Memory usage on this node: 62.9/251.6 GiB
Using FIFO scheduling algorithm.
Resources requested: 7.0/8 CPUs, 1.0/1 GPUs, 0.0/17.63 GiB heap, 0.0/8.82 GiB objects (0.0/1.0 accelerator_type:G)
Result logdir: /workspace/MARLlib/runs/rware_mappo_gru_small_20m_tensorboard/mappo_gru_rware-small-4ag-v2
Number of trials: 1/1 (1 RUNNING)
+------------------------------------------------------+----------+-------------------+--------+------------------+-------------+----------+----------------------+----------------------+--------------------+
| Trial name                                           | status   | loc               |   iter |   total time (s) |          ts |   reward |   episode_reward_max |   episode_reward_min |   episode_len_mean |
|------------------------------------------------------+----------+-------------------+--------+------------------+-------------+----------+----------------------+----------------------+--------------------|
| MAPPOTrainer_rware_v2_rware-small-4ag-v2_fd22d_00000 | RUNNING  | 172.24.0.2:950918 |   1717 |          4912.38 | 3.43263e+07 |     3.97 |                    7 |                    2 |                500 |
+------------------------------------------------------+----------+-------------------+--------+------------------+-------------+----------+----------------------+----------------------+--------------------+


== Status ==
Current time: 2026-05-22 22:13:33 (running for 00:10:36.83)
Memory usage on this node: 62.9/251.6 GiB
Using FIFO scheduling algorithm.
Resources requested: 7.0/8 CPUs, 1.0/1 GPUs, 0.0/17.63 GiB heap, 0.0/8.82 GiB objects (0.0/1.0 accelerator_type:G)
Result logdir: /workspace/MARLlib/runs/rware_mappo_gru_small_20m_tensorboard/mappo_gru_rware-small-4ag-v2
Number of trials: 1/1 (1 RUNNING)
+------------------------------------------------------+----------+-------------------+--------+------------------+-------------+----------+----------------------+----------------------+--------------------+
| Trial name                                           | status   | loc               |   iter |   total time (s) |          ts |   reward |   episode_reward_max |   episode_reward_min |   episode_len_mean |
|------------------------------------------------------+----------+-------------------+--------+------------------+-------------+----------+----------------------+----------------------+--------------------|
| MAPPOTrainer_rware_v2_rware-small-4ag-v2_fd22d_00000 | RUNNING  | 172.24.0.2:950918 |   1719 |          4917.48 | 3.43662e+07 |     4.06 |                    7 |                    2 |                500 |
+------------------------------------------------------+----------+-------------------+--------+------------------+-------------+----------+----------------------+----------------------+--------------------+


== Status ==
Current time: 2026-05-22 22:13:38 (running for 00:10:42.13)
Memory usage on this node: 62.9/251.6 GiB
Using FIFO scheduling algorithm.
Resources requested: 7.0/8 CPUs, 1.0/1 GPUs, 0.0/17.63 GiB heap, 0.0/8.82 GiB objects (0.0/1.0 accelerator_type:G)
Result logdir: /workspace/MARLlib/runs/rware_mappo_gru_small_20m_tensorboard/mappo_gru_rware-small-4ag-v2
Number of trials: 1/1 (1 RUNNING)
+------------------------------------------------------+----------+-------------------+--------+------------------+-------------+----------+----------------------+----------------------+--------------------+
| Trial name                                           | status   | loc               |   iter |   total time (s) |          ts |   reward |   episode_reward_max |   episode_reward_min |   episode_len_mean |
|------------------------------------------------------+----------+-------------------+--------+------------------+-------------+----------+----------------------+----------------------+--------------------|
| MAPPOTrainer_rware_v2_rware-small-4ag-v2_fd22d_00000 | RUNNING  | 172.24.0.2:950918 |   1721 |          4922.73 | 3.44062e+07 |      4.1 |                    7 |                    2 |                500 |
+------------------------------------------------------+----------+-------------------+--------+------------------+-------------+----------+----------------------+----------------------+--------------------+


== Status ==
Current time: 2026-05-22 22:13:44 (running for 00:10:47.42)
Memory usage on this node: 62.9/251.6 GiB
Using FIFO scheduling algorithm.
Resources requested: 7.0/8 CPUs, 1.0/1 GPUs, 0.0/17.63 GiB heap, 0.0/8.82 GiB objects (0.0/1.0 accelerator_type:G)
Result logdir: /workspace/MARLlib/runs/rware_mappo_gru_small_20m_tensorboard/mappo_gru_rware-small-4ag-v2
Number of trials: 1/1 (1 RUNNING)
+------------------------------------------------------+----------+-------------------+--------+------------------+-------------+----------+----------------------+----------------------+--------------------+
| Trial name                                           | status   | loc               |   iter |   total time (s) |          ts |   reward |   episode_reward_max |   episode_reward_min |   episode_len_mean |
|------------------------------------------------------+----------+-------------------+--------+------------------+-------------+----------+----------------------+----------------------+--------------------|
| MAPPOTrainer_rware_v2_rware-small-4ag-v2_fd22d_00000 | RUNNING  | 172.24.0.2:950918 |   1723 |          4927.96 | 3.44462e+07 |     4.06 |                    7 |                    2 |                500 |
+------------------------------------------------------+----------+-------------------+--------+------------------+-------------+----------+----------------------+----------------------+--------------------+


== Status ==
Current time: 2026-05-22 22:13:49 (running for 00:10:52.73)
Memory usage on this node: 62.8/251.6 GiB
Using FIFO scheduling algorithm.
Resources requested: 7.0/8 CPUs, 1.0/1 GPUs, 0.0/17.63 GiB heap, 0.0/8.82 GiB objects (0.0/1.0 accelerator_type:G)
Result logdir: /workspace/MARLlib/runs/rware_mappo_gru_small_20m_tensorboard/mappo_gru_rware-small-4ag-v2
Number of trials: 1/1 (1 RUNNING)
+------------------------------------------------------+----------+-------------------+--------+------------------+-------------+----------+----------------------+----------------------+--------------------+
| Trial name                                           | status   | loc               |   iter |   total time (s) |          ts |   reward |   episode_reward_max |   episode_reward_min |   episode_len_mean |
|------------------------------------------------------+----------+-------------------+--------+------------------+-------------+----------+----------------------+----------------------+--------------------|
| MAPPOTrainer_rware_v2_rware-small-4ag-v2_fd22d_00000 | RUNNING  | 172.24.0.2:950918 |   1725 |          4933.22 | 3.44862e+07 |     3.98 |                    6 |                    2 |                500 |
+------------------------------------------------------+----------+-------------------+--------+------------------+-------------+----------+----------------------+----------------------+--------------------+


== Status ==
Current time: 2026-05-22 22:13:54 (running for 00:10:58.10)
Memory usage on this node: 62.9/251.6 GiB
Using FIFO scheduling algorithm.
Resources requested: 7.0/8 CPUs, 1.0/1 GPUs, 0.0/17.63 GiB heap, 0.0/8.82 GiB objects (0.0/1.0 accelerator_type:G)
Result logdir: /workspace/MARLlib/runs/rware_mappo_gru_small_20m_tensorboard/mappo_gru_rware-small-4ag-v2
Number of trials: 1/1 (1 RUNNING)
+------------------------------------------------------+----------+-------------------+--------+------------------+-------------+----------+----------------------+----------------------+--------------------+
| Trial name                                           | status   | loc               |   iter |   total time (s) |          ts |   reward |   episode_reward_max |   episode_reward_min |   episode_len_mean |
|------------------------------------------------------+----------+-------------------+--------+------------------+-------------+----------+----------------------+----------------------+--------------------|
| MAPPOTrainer_rware_v2_rware-small-4ag-v2_fd22d_00000 | RUNNING  | 172.24.0.2:950918 |   1727 |          4938.53 | 3.45262e+07 |     4.07 |                    7 |                    2 |                500 |
+------------------------------------------------------+----------+-------------------+--------+------------------+-------------+----------+----------------------+----------------------+--------------------+


== Status ==
Current time: 2026-05-22 22:14:00 (running for 00:11:03.43)
Memory usage on this node: 62.9/251.6 GiB
Using FIFO scheduling algorithm.
Resources requested: 7.0/8 CPUs, 1.0/1 GPUs, 0.0/17.63 GiB heap, 0.0/8.82 GiB objects (0.0/1.0 accelerator_type:G)
Result logdir: /workspace/MARLlib/runs/rware_mappo_gru_small_20m_tensorboard/mappo_gru_rware-small-4ag-v2
Number of trials: 1/1 (1 RUNNING)
+------------------------------------------------------+----------+-------------------+--------+------------------+-------------+----------+----------------------+----------------------+--------------------+
| Trial name                                           | status   | loc               |   iter |   total time (s) |          ts |   reward |   episode_reward_max |   episode_reward_min |   episode_len_mean |
|------------------------------------------------------+----------+-------------------+--------+------------------+-------------+----------+----------------------+----------------------+--------------------|
| MAPPOTrainer_rware_v2_rware-small-4ag-v2_fd22d_00000 | RUNNING  | 172.24.0.2:950918 |   1729 |          4943.81 | 3.45662e+07 |     4.06 |                    7 |                    2 |                500 |
+------------------------------------------------------+----------+-------------------+--------+------------------+-------------+----------+----------------------+----------------------+--------------------+


== Status ==
Current time: 2026-05-22 22:14:05 (running for 00:11:08.63)
Memory usage on this node: 62.9/251.6 GiB
Using FIFO scheduling algorithm.
Resources requested: 7.0/8 CPUs, 1.0/1 GPUs, 0.0/17.63 GiB heap, 0.0/8.82 GiB objects (0.0/1.0 accelerator_type:G)
Result logdir: /workspace/MARLlib/runs/rware_mappo_gru_small_20m_tensorboard/mappo_gru_rware-small-4ag-v2
Number of trials: 1/1 (1 RUNNING)
+------------------------------------------------------+----------+-------------------+--------+------------------+-------------+----------+----------------------+----------------------+--------------------+
| Trial name                                           | status   | loc               |   iter |   total time (s) |          ts |   reward |   episode_reward_max |   episode_reward_min |   episode_len_mean |
|------------------------------------------------------+----------+-------------------+--------+------------------+-------------+----------+----------------------+----------------------+--------------------|
| MAPPOTrainer_rware_v2_rware-small-4ag-v2_fd22d_00000 | RUNNING  | 172.24.0.2:950918 |   1731 |          4948.96 | 3.46062e+07 |     3.92 |                    7 |                    2 |                500 |
+------------------------------------------------------+----------+-------------------+--------+------------------+-------------+----------+----------------------+----------------------+--------------------+


== Status ==
Current time: 2026-05-22 22:14:10 (running for 00:11:13.96)
Memory usage on this node: 62.9/251.6 GiB
Using FIFO scheduling algorithm.
Resources requested: 7.0/8 CPUs, 1.0/1 GPUs, 0.0/17.63 GiB heap, 0.0/8.82 GiB objects (0.0/1.0 accelerator_type:G)
Result logdir: /workspace/MARLlib/runs/rware_mappo_gru_small_20m_tensorboard/mappo_gru_rware-small-4ag-v2
Number of trials: 1/1 (1 RUNNING)
+------------------------------------------------------+----------+-------------------+--------+------------------+-------------+----------+----------------------+----------------------+--------------------+
| Trial name                                           | status   | loc               |   iter |   total time (s) |          ts |   reward |   episode_reward_max |   episode_reward_min |   episode_len_mean |
|------------------------------------------------------+----------+-------------------+--------+------------------+-------------+----------+----------------------+----------------------+--------------------|
| MAPPOTrainer_rware_v2_rware-small-4ag-v2_fd22d_00000 | RUNNING  | 172.24.0.2:950918 |   1733 |          4954.24 | 3.46461e+07 |     4.07 |                    7 |                    2 |                500 |
+------------------------------------------------------+----------+-------------------+--------+------------------+-------------+----------+----------------------+----------------------+--------------------+


== Status ==
Current time: 2026-05-22 22:14:15 (running for 00:11:19.08)
Memory usage on this node: 62.9/251.6 GiB
Using FIFO scheduling algorithm.
Resources requested: 7.0/8 CPUs, 1.0/1 GPUs, 0.0/17.63 GiB heap, 0.0/8.82 GiB objects (0.0/1.0 accelerator_type:G)
Result logdir: /workspace/MARLlib/runs/rware_mappo_gru_small_20m_tensorboard/mappo_gru_rware-small-4ag-v2
Number of trials: 1/1 (1 RUNNING)
+------------------------------------------------------+----------+-------------------+--------+------------------+-------------+----------+----------------------+----------------------+--------------------+
| Trial name                                           | status   | loc               |   iter |   total time (s) |          ts |   reward |   episode_reward_max |   episode_reward_min |   episode_len_mean |
|------------------------------------------------------+----------+-------------------+--------+------------------+-------------+----------+----------------------+----------------------+--------------------|
| MAPPOTrainer_rware_v2_rware-small-4ag-v2_fd22d_00000 | RUNNING  | 172.24.0.2:950918 |   1735 |          4959.33 | 3.46861e+07 |     4.14 |                    7 |                    2 |                500 |
+------------------------------------------------------+----------+-------------------+--------+------------------+-------------+----------+----------------------+----------------------+--------------------+


== Status ==
Current time: 2026-05-22 22:14:20 (running for 00:11:24.27)
Memory usage on this node: 62.9/251.6 GiB
Using FIFO scheduling algorithm.
Resources requested: 7.0/8 CPUs, 1.0/1 GPUs, 0.0/17.63 GiB heap, 0.0/8.82 GiB objects (0.0/1.0 accelerator_type:G)
Result logdir: /workspace/MARLlib/runs/rware_mappo_gru_small_20m_tensorboard/mappo_gru_rware-small-4ag-v2
Number of trials: 1/1 (1 RUNNING)
+------------------------------------------------------+----------+-------------------+--------+------------------+-------------+----------+----------------------+----------------------+--------------------+
| Trial name                                           | status   | loc               |   iter |   total time (s) |          ts |   reward |   episode_reward_max |   episode_reward_min |   episode_len_mean |
|------------------------------------------------------+----------+-------------------+--------+------------------+-------------+----------+----------------------+----------------------+--------------------|
| MAPPOTrainer_rware_v2_rware-small-4ag-v2_fd22d_00000 | RUNNING  | 172.24.0.2:950918 |   1737 |          4964.49 | 3.47261e+07 |     4.07 |                    6 |                    2 |                500 |
+------------------------------------------------------+----------+-------------------+--------+------------------+-------------+----------+----------------------+----------------------+--------------------+


== Status ==
Current time: 2026-05-22 22:14:26 (running for 00:11:29.45)
Memory usage on this node: 62.9/251.6 GiB
Using FIFO scheduling algorithm.
Resources requested: 7.0/8 CPUs, 1.0/1 GPUs, 0.0/17.63 GiB heap, 0.0/8.82 GiB objects (0.0/1.0 accelerator_type:G)
Result logdir: /workspace/MARLlib/runs/rware_mappo_gru_small_20m_tensorboard/mappo_gru_rware-small-4ag-v2
Number of trials: 1/1 (1 RUNNING)
+------------------------------------------------------+----------+-------------------+--------+------------------+-------------+----------+----------------------+----------------------+--------------------+
| Trial name                                           | status   | loc               |   iter |   total time (s) |          ts |   reward |   episode_reward_max |   episode_reward_min |   episode_len_mean |
|------------------------------------------------------+----------+-------------------+--------+------------------+-------------+----------+----------------------+----------------------+--------------------|
| MAPPOTrainer_rware_v2_rware-small-4ag-v2_fd22d_00000 | RUNNING  | 172.24.0.2:950918 |   1739 |          4969.62 | 3.47661e+07 |     4.08 |                    6 |                    2 |                500 |
+------------------------------------------------------+----------+-------------------+--------+------------------+-------------+----------+----------------------+----------------------+--------------------+


== Status ==
Current time: 2026-05-22 22:14:31 (running for 00:11:34.71)
Memory usage on this node: 62.9/251.6 GiB
Using FIFO scheduling algorithm.
Resources requested: 7.0/8 CPUs, 1.0/1 GPUs, 0.0/17.63 GiB heap, 0.0/8.82 GiB objects (0.0/1.0 accelerator_type:G)
Result logdir: /workspace/MARLlib/runs/rware_mappo_gru_small_20m_tensorboard/mappo_gru_rware-small-4ag-v2
Number of trials: 1/1 (1 RUNNING)
+------------------------------------------------------+----------+-------------------+--------+------------------+-------------+----------+----------------------+----------------------+--------------------+
| Trial name                                           | status   | loc               |   iter |   total time (s) |          ts |   reward |   episode_reward_max |   episode_reward_min |   episode_len_mean |
|------------------------------------------------------+----------+-------------------+--------+------------------+-------------+----------+----------------------+----------------------+--------------------|
| MAPPOTrainer_rware_v2_rware-small-4ag-v2_fd22d_00000 | RUNNING  | 172.24.0.2:950918 |   1741 |          4974.84 | 3.48061e+07 |     4.16 |                    6 |                    2 |                500 |
+------------------------------------------------------+----------+-------------------+--------+------------------+-------------+----------+----------------------+----------------------+--------------------+


== Status ==
Current time: 2026-05-22 22:14:36 (running for 00:11:40.02)
Memory usage on this node: 62.9/251.6 GiB
Using FIFO scheduling algorithm.
Resources requested: 7.0/8 CPUs, 1.0/1 GPUs, 0.0/17.63 GiB heap, 0.0/8.82 GiB objects (0.0/1.0 accelerator_type:G)
Result logdir: /workspace/MARLlib/runs/rware_mappo_gru_small_20m_tensorboard/mappo_gru_rware-small-4ag-v2
Number of trials: 1/1 (1 RUNNING)
+------------------------------------------------------+----------+-------------------+--------+------------------+-------------+----------+----------------------+----------------------+--------------------+
| Trial name                                           | status   | loc               |   iter |   total time (s) |          ts |   reward |   episode_reward_max |   episode_reward_min |   episode_len_mean |
|------------------------------------------------------+----------+-------------------+--------+------------------+-------------+----------+----------------------+----------------------+--------------------|
| MAPPOTrainer_rware_v2_rware-small-4ag-v2_fd22d_00000 | RUNNING  | 172.24.0.2:950918 |   1743 |          4980.09 | 3.48461e+07 |     4.08 |                    6 |                    2 |                500 |
+------------------------------------------------------+----------+-------------------+--------+------------------+-------------+----------+----------------------+----------------------+--------------------+


== Status ==
Current time: 2026-05-22 22:14:41 (running for 00:11:45.34)
Memory usage on this node: 62.9/251.6 GiB
Using FIFO scheduling algorithm.
Resources requested: 7.0/8 CPUs, 1.0/1 GPUs, 0.0/17.63 GiB heap, 0.0/8.82 GiB objects (0.0/1.0 accelerator_type:G)
Result logdir: /workspace/MARLlib/runs/rware_mappo_gru_small_20m_tensorboard/mappo_gru_rware-small-4ag-v2
Number of trials: 1/1 (1 RUNNING)
+------------------------------------------------------+----------+-------------------+--------+------------------+------------+----------+----------------------+----------------------+--------------------+
| Trial name                                           | status   | loc               |   iter |   total time (s) |         ts |   reward |   episode_reward_max |   episode_reward_min |   episode_len_mean |
|------------------------------------------------------+----------+-------------------+--------+------------------+------------+----------+----------------------+----------------------+--------------------|
| MAPPOTrainer_rware_v2_rware-small-4ag-v2_fd22d_00000 | RUNNING  | 172.24.0.2:950918 |   1745 |          4985.36 | 3.4886e+07 |     4.02 |                    6 |                    2 |                500 |
+------------------------------------------------------+----------+-------------------+--------+------------------+------------+----------+----------------------+----------------------+--------------------+


== Status ==
Current time: 2026-05-22 22:14:47 (running for 00:11:50.80)
Memory usage on this node: 62.9/251.6 GiB
Using FIFO scheduling algorithm.
Resources requested: 7.0/8 CPUs, 1.0/1 GPUs, 0.0/17.63 GiB heap, 0.0/8.82 GiB objects (0.0/1.0 accelerator_type:G)
Result logdir: /workspace/MARLlib/runs/rware_mappo_gru_small_20m_tensorboard/mappo_gru_rware-small-4ag-v2
Number of trials: 1/1 (1 RUNNING)
+------------------------------------------------------+----------+-------------------+--------+------------------+------------+----------+----------------------+----------------------+--------------------+
| Trial name                                           | status   | loc               |   iter |   total time (s) |         ts |   reward |   episode_reward_max |   episode_reward_min |   episode_len_mean |
|------------------------------------------------------+----------+-------------------+--------+------------------+------------+----------+----------------------+----------------------+--------------------|
| MAPPOTrainer_rware_v2_rware-small-4ag-v2_fd22d_00000 | RUNNING  | 172.24.0.2:950918 |   1747 |          4990.77 | 3.4926e+07 |     4.06 |                    6 |                    2 |                500 |
+------------------------------------------------------+----------+-------------------+--------+------------------+------------+----------+----------------------+----------------------+--------------------+


== Status ==
Current time: 2026-05-22 22:14:52 (running for 00:11:56.03)
Memory usage on this node: 62.8/251.6 GiB
Using FIFO scheduling algorithm.
Resources requested: 7.0/8 CPUs, 1.0/1 GPUs, 0.0/17.63 GiB heap, 0.0/8.82 GiB objects (0.0/1.0 accelerator_type:G)
Result logdir: /workspace/MARLlib/runs/rware_mappo_gru_small_20m_tensorboard/mappo_gru_rware-small-4ag-v2
Number of trials: 1/1 (1 RUNNING)
+------------------------------------------------------+----------+-------------------+--------+------------------+------------+----------+----------------------+----------------------+--------------------+
| Trial name                                           | status   | loc               |   iter |   total time (s) |         ts |   reward |   episode_reward_max |   episode_reward_min |   episode_len_mean |
|------------------------------------------------------+----------+-------------------+--------+------------------+------------+----------+----------------------+----------------------+--------------------|
| MAPPOTrainer_rware_v2_rware-small-4ag-v2_fd22d_00000 | RUNNING  | 172.24.0.2:950918 |   1749 |          4995.95 | 3.4966e+07 |     4.08 |                    6 |                    2 |                500 |
+------------------------------------------------------+----------+-------------------+--------+------------------+------------+----------+----------------------+----------------------+--------------------+


== Status ==
Current time: 2026-05-22 22:14:57 (running for 00:12:01.04)
Memory usage on this node: 62.8/251.6 GiB
Using FIFO scheduling algorithm.
Resources requested: 7.0/8 CPUs, 1.0/1 GPUs, 0.0/17.63 GiB heap, 0.0/8.82 GiB objects (0.0/1.0 accelerator_type:G)
Result logdir: /workspace/MARLlib/runs/rware_mappo_gru_small_20m_tensorboard/mappo_gru_rware-small-4ag-v2
Number of trials: 1/1 (1 RUNNING)
+------------------------------------------------------+----------+-------------------+--------+------------------+------------+----------+----------------------+----------------------+--------------------+
| Trial name                                           | status   | loc               |   iter |   total time (s) |         ts |   reward |   episode_reward_max |   episode_reward_min |   episode_len_mean |
|------------------------------------------------------+----------+-------------------+--------+------------------+------------+----------+----------------------+----------------------+--------------------|
| MAPPOTrainer_rware_v2_rware-small-4ag-v2_fd22d_00000 | RUNNING  | 172.24.0.2:950918 |   1749 |          4995.95 | 3.4966e+07 |     4.08 |                    6 |                    2 |                500 |
+------------------------------------------------------+----------+-------------------+--------+------------------+------------+----------+----------------------+----------------------+--------------------+


== Status ==
Current time: 2026-05-22 22:15:02 (running for 00:12:06.05)
Memory usage on this node: 62.9/251.6 GiB
Using FIFO scheduling algorithm.
Resources requested: 7.0/8 CPUs, 1.0/1 GPUs, 0.0/17.63 GiB heap, 0.0/8.82 GiB objects (0.0/1.0 accelerator_type:G)
Result logdir: /workspace/MARLlib/runs/rware_mappo_gru_small_20m_tensorboard/mappo_gru_rware-small-4ag-v2
Number of trials: 1/1 (1 RUNNING)
+------------------------------------------------------+----------+-------------------+--------+------------------+------------+----------+----------------------+----------------------+--------------------+
| Trial name                                           | status   | loc               |   iter |   total time (s) |         ts |   reward |   episode_reward_max |   episode_reward_min |   episode_len_mean |
|------------------------------------------------------+----------+-------------------+--------+------------------+------------+----------+----------------------+----------------------+--------------------|
| MAPPOTrainer_rware_v2_rware-small-4ag-v2_fd22d_00000 | RUNNING  | 172.24.0.2:950918 |   1749 |          4995.95 | 3.4966e+07 |     4.08 |                    6 |                    2 |                500 |
+------------------------------------------------------+----------+-------------------+--------+------------------+------------+----------+----------------------+----------------------+--------------------+


== Status ==
Current time: 2026-05-22 22:15:07 (running for 00:12:11.05)
Memory usage on this node: 62.9/251.6 GiB
Using FIFO scheduling algorithm.
Resources requested: 7.0/8 CPUs, 1.0/1 GPUs, 0.0/17.63 GiB heap, 0.0/8.82 GiB objects (0.0/1.0 accelerator_type:G)
Result logdir: /workspace/MARLlib/runs/rware_mappo_gru_small_20m_tensorboard/mappo_gru_rware-small-4ag-v2
Number of trials: 1/1 (1 RUNNING)
+------------------------------------------------------+----------+-------------------+--------+------------------+------------+----------+----------------------+----------------------+--------------------+
| Trial name                                           | status   | loc               |   iter |   total time (s) |         ts |   reward |   episode_reward_max |   episode_reward_min |   episode_len_mean |
|------------------------------------------------------+----------+-------------------+--------+------------------+------------+----------+----------------------+----------------------+--------------------|
| MAPPOTrainer_rware_v2_rware-small-4ag-v2_fd22d_00000 | RUNNING  | 172.24.0.2:950918 |   1749 |          4995.95 | 3.4966e+07 |     4.08 |                    6 |                    2 |                500 |
+------------------------------------------------------+----------+-------------------+--------+------------------+------------+----------+----------------------+----------------------+--------------------+


== Status ==
Current time: 2026-05-22 22:15:12 (running for 00:12:16.10)
Memory usage on this node: 62.9/251.6 GiB
Using FIFO scheduling algorithm.
Resources requested: 7.0/8 CPUs, 1.0/1 GPUs, 0.0/17.63 GiB heap, 0.0/8.82 GiB objects (0.0/1.0 accelerator_type:G)
Result logdir: /workspace/MARLlib/runs/rware_mappo_gru_small_20m_tensorboard/mappo_gru_rware-small-4ag-v2
Number of trials: 1/1 (1 RUNNING)
+------------------------------------------------------+----------+-------------------+--------+------------------+------------+----------+----------------------+----------------------+--------------------+
| Trial name                                           | status   | loc               |   iter |   total time (s) |         ts |   reward |   episode_reward_max |   episode_reward_min |   episode_len_mean |
|------------------------------------------------------+----------+-------------------+--------+------------------+------------+----------+----------------------+----------------------+--------------------|
| MAPPOTrainer_rware_v2_rware-small-4ag-v2_fd22d_00000 | RUNNING  | 172.24.0.2:950918 |   1751 |          5013.95 | 3.5006e+07 |     4.04 |                    6 |                    2 |                500 |
+------------------------------------------------------+----------+-------------------+--------+------------------+------------+----------+----------------------+----------------------+--------------------+


== Status ==
Current time: 2026-05-22 22:15:18 (running for 00:12:21.47)
Memory usage on this node: 62.9/251.6 GiB
Using FIFO scheduling algorithm.
Resources requested: 7.0/8 CPUs, 1.0/1 GPUs, 0.0/17.63 GiB heap, 0.0/8.82 GiB objects (0.0/1.0 accelerator_type:G)
Result logdir: /workspace/MARLlib/runs/rware_mappo_gru_small_20m_tensorboard/mappo_gru_rware-small-4ag-v2
Number of trials: 1/1 (1 RUNNING)
+------------------------------------------------------+----------+-------------------+--------+------------------+------------+----------+----------------------+----------------------+--------------------+
| Trial name                                           | status   | loc               |   iter |   total time (s) |         ts |   reward |   episode_reward_max |   episode_reward_min |   episode_len_mean |
|------------------------------------------------------+----------+-------------------+--------+------------------+------------+----------+----------------------+----------------------+--------------------|
| MAPPOTrainer_rware_v2_rware-small-4ag-v2_fd22d_00000 | RUNNING  | 172.24.0.2:950918 |   1753 |          5019.27 | 3.5046e+07 |     4.06 |                    6 |                    2 |                500 |
+------------------------------------------------------+----------+-------------------+--------+------------------+------------+----------+----------------------+----------------------+--------------------+


== Status ==
Current time: 2026-05-22 22:15:23 (running for 00:12:26.80)
Memory usage on this node: 62.9/251.6 GiB
Using FIFO scheduling algorithm.
Resources requested: 7.0/8 CPUs, 1.0/1 GPUs, 0.0/17.63 GiB heap, 0.0/8.82 GiB objects (0.0/1.0 accelerator_type:G)
Result logdir: /workspace/MARLlib/runs/rware_mappo_gru_small_20m_tensorboard/mappo_gru_rware-small-4ag-v2
Number of trials: 1/1 (1 RUNNING)
+------------------------------------------------------+----------+-------------------+--------+------------------+------------+----------+----------------------+----------------------+--------------------+
| Trial name                                           | status   | loc               |   iter |   total time (s) |         ts |   reward |   episode_reward_max |   episode_reward_min |   episode_len_mean |
|------------------------------------------------------+----------+-------------------+--------+------------------+------------+----------+----------------------+----------------------+--------------------|
| MAPPOTrainer_rware_v2_rware-small-4ag-v2_fd22d_00000 | RUNNING  | 172.24.0.2:950918 |   1755 |          5024.54 | 3.5086e+07 |     4.11 |                    6 |                    2 |                500 |
+------------------------------------------------------+----------+-------------------+--------+------------------+------------+----------+----------------------+----------------------+--------------------+


== Status ==
Current time: 2026-05-22 22:15:28 (running for 00:12:32.13)
Memory usage on this node: 62.8/251.6 GiB
Using FIFO scheduling algorithm.
Resources requested: 7.0/8 CPUs, 1.0/1 GPUs, 0.0/17.63 GiB heap, 0.0/8.82 GiB objects (0.0/1.0 accelerator_type:G)
Result logdir: /workspace/MARLlib/runs/rware_mappo_gru_small_20m_tensorboard/mappo_gru_rware-small-4ag-v2
Number of trials: 1/1 (1 RUNNING)
+------------------------------------------------------+----------+-------------------+--------+------------------+-------------+----------+----------------------+----------------------+--------------------+
| Trial name                                           | status   | loc               |   iter |   total time (s) |          ts |   reward |   episode_reward_max |   episode_reward_min |   episode_len_mean |
|------------------------------------------------------+----------+-------------------+--------+------------------+-------------+----------+----------------------+----------------------+--------------------|
| MAPPOTrainer_rware_v2_rware-small-4ag-v2_fd22d_00000 | RUNNING  | 172.24.0.2:950918 |   1757 |          5029.82 | 3.51259e+07 |     4.14 |                    6 |                    2 |                500 |
+------------------------------------------------------+----------+-------------------+--------+------------------+-------------+----------+----------------------+----------------------+--------------------+


== Status ==
Current time: 2026-05-22 22:15:34 (running for 00:12:37.51)
Memory usage on this node: 62.8/251.6 GiB
Using FIFO scheduling algorithm.
Resources requested: 7.0/8 CPUs, 1.0/1 GPUs, 0.0/17.63 GiB heap, 0.0/8.82 GiB objects (0.0/1.0 accelerator_type:G)
Result logdir: /workspace/MARLlib/runs/rware_mappo_gru_small_20m_tensorboard/mappo_gru_rware-small-4ag-v2
Number of trials: 1/1 (1 RUNNING)
+------------------------------------------------------+----------+-------------------+--------+------------------+-------------+----------+----------------------+----------------------+--------------------+
| Trial name                                           | status   | loc               |   iter |   total time (s) |          ts |   reward |   episode_reward_max |   episode_reward_min |   episode_len_mean |
|------------------------------------------------------+----------+-------------------+--------+------------------+-------------+----------+----------------------+----------------------+--------------------|
| MAPPOTrainer_rware_v2_rware-small-4ag-v2_fd22d_00000 | RUNNING  | 172.24.0.2:950918 |   1759 |          5035.14 | 3.51659e+07 |     4.15 |                    6 |                    2 |                500 |
+------------------------------------------------------+----------+-------------------+--------+------------------+-------------+----------+----------------------+----------------------+--------------------+


== Status ==
Current time: 2026-05-22 22:15:39 (running for 00:12:42.77)
Memory usage on this node: 62.8/251.6 GiB
Using FIFO scheduling algorithm.
Resources requested: 7.0/8 CPUs, 1.0/1 GPUs, 0.0/17.63 GiB heap, 0.0/8.82 GiB objects (0.0/1.0 accelerator_type:G)
Result logdir: /workspace/MARLlib/runs/rware_mappo_gru_small_20m_tensorboard/mappo_gru_rware-small-4ag-v2
Number of trials: 1/1 (1 RUNNING)
+------------------------------------------------------+----------+-------------------+--------+------------------+-------------+----------+----------------------+----------------------+--------------------+
| Trial name                                           | status   | loc               |   iter |   total time (s) |          ts |   reward |   episode_reward_max |   episode_reward_min |   episode_len_mean |
|------------------------------------------------------+----------+-------------------+--------+------------------+-------------+----------+----------------------+----------------------+--------------------|
| MAPPOTrainer_rware_v2_rware-small-4ag-v2_fd22d_00000 | RUNNING  | 172.24.0.2:950918 |   1761 |          5040.36 | 3.52059e+07 |      4.2 |                    6 |                    2 |                500 |
+------------------------------------------------------+----------+-------------------+--------+------------------+-------------+----------+----------------------+----------------------+--------------------+


== Status ==
Current time: 2026-05-22 22:15:44 (running for 00:12:47.95)
Memory usage on this node: 62.8/251.6 GiB
Using FIFO scheduling algorithm.
Resources requested: 7.0/8 CPUs, 1.0/1 GPUs, 0.0/17.63 GiB heap, 0.0/8.82 GiB objects (0.0/1.0 accelerator_type:G)
Result logdir: /workspace/MARLlib/runs/rware_mappo_gru_small_20m_tensorboard/mappo_gru_rware-small-4ag-v2
Number of trials: 1/1 (1 RUNNING)
+------------------------------------------------------+----------+-------------------+--------+------------------+-------------+----------+----------------------+----------------------+--------------------+
| Trial name                                           | status   | loc               |   iter |   total time (s) |          ts |   reward |   episode_reward_max |   episode_reward_min |   episode_len_mean |
|------------------------------------------------------+----------+-------------------+--------+------------------+-------------+----------+----------------------+----------------------+--------------------|
| MAPPOTrainer_rware_v2_rware-small-4ag-v2_fd22d_00000 | RUNNING  | 172.24.0.2:950918 |   1763 |          5045.49 | 3.52459e+07 |     4.15 |                    6 |                    3 |                500 |
+------------------------------------------------------+----------+-------------------+--------+------------------+-------------+----------+----------------------+----------------------+--------------------+


== Status ==
Current time: 2026-05-22 22:15:49 (running for 00:12:53.33)
Memory usage on this node: 62.8/251.6 GiB
Using FIFO scheduling algorithm.
Resources requested: 7.0/8 CPUs, 1.0/1 GPUs, 0.0/17.63 GiB heap, 0.0/8.82 GiB objects (0.0/1.0 accelerator_type:G)
Result logdir: /workspace/MARLlib/runs/rware_mappo_gru_small_20m_tensorboard/mappo_gru_rware-small-4ag-v2
Number of trials: 1/1 (1 RUNNING)
+------------------------------------------------------+----------+-------------------+--------+------------------+-------------+----------+----------------------+----------------------+--------------------+
| Trial name                                           | status   | loc               |   iter |   total time (s) |          ts |   reward |   episode_reward_max |   episode_reward_min |   episode_len_mean |
|------------------------------------------------------+----------+-------------------+--------+------------------+-------------+----------+----------------------+----------------------+--------------------|
| MAPPOTrainer_rware_v2_rware-small-4ag-v2_fd22d_00000 | RUNNING  | 172.24.0.2:950918 |   1765 |          5050.81 | 3.52859e+07 |     4.16 |                    6 |                    3 |                500 |
+------------------------------------------------------+----------+-------------------+--------+------------------+-------------+----------+----------------------+----------------------+--------------------+


== Status ==
Current time: 2026-05-22 22:15:55 (running for 00:12:58.70)
Memory usage on this node: 62.8/251.6 GiB
Using FIFO scheduling algorithm.
Resources requested: 7.0/8 CPUs, 1.0/1 GPUs, 0.0/17.63 GiB heap, 0.0/8.82 GiB objects (0.0/1.0 accelerator_type:G)
Result logdir: /workspace/MARLlib/runs/rware_mappo_gru_small_20m_tensorboard/mappo_gru_rware-small-4ag-v2
Number of trials: 1/1 (1 RUNNING)
+------------------------------------------------------+----------+-------------------+--------+------------------+-------------+----------+----------------------+----------------------+--------------------+
| Trial name                                           | status   | loc               |   iter |   total time (s) |          ts |   reward |   episode_reward_max |   episode_reward_min |   episode_len_mean |
|------------------------------------------------------+----------+-------------------+--------+------------------+-------------+----------+----------------------+----------------------+--------------------|
| MAPPOTrainer_rware_v2_rware-small-4ag-v2_fd22d_00000 | RUNNING  | 172.24.0.2:950918 |   1767 |          5056.11 | 3.53259e+07 |     4.14 |                    6 |                    3 |                500 |
+------------------------------------------------------+----------+-------------------+--------+------------------+-------------+----------+----------------------+----------------------+--------------------+


== Status ==
Current time: 2026-05-22 22:16:00 (running for 00:13:03.90)
Memory usage on this node: 62.8/251.6 GiB
Using FIFO scheduling algorithm.
Resources requested: 7.0/8 CPUs, 1.0/1 GPUs, 0.0/17.63 GiB heap, 0.0/8.82 GiB objects (0.0/1.0 accelerator_type:G)
Result logdir: /workspace/MARLlib/runs/rware_mappo_gru_small_20m_tensorboard/mappo_gru_rware-small-4ag-v2
Number of trials: 1/1 (1 RUNNING)
+------------------------------------------------------+----------+-------------------+--------+------------------+-------------+----------+----------------------+----------------------+--------------------+
| Trial name                                           | status   | loc               |   iter |   total time (s) |          ts |   reward |   episode_reward_max |   episode_reward_min |   episode_len_mean |
|------------------------------------------------------+----------+-------------------+--------+------------------+-------------+----------+----------------------+----------------------+--------------------|
| MAPPOTrainer_rware_v2_rware-small-4ag-v2_fd22d_00000 | RUNNING  | 172.24.0.2:950918 |   1769 |          5061.27 | 3.53658e+07 |     4.13 |                    6 |                    3 |                500 |
+------------------------------------------------------+----------+-------------------+--------+------------------+-------------+----------+----------------------+----------------------+--------------------+


== Status ==
Current time: 2026-05-22 22:16:05 (running for 00:13:09.21)
Memory usage on this node: 62.8/251.6 GiB
Using FIFO scheduling algorithm.
Resources requested: 7.0/8 CPUs, 1.0/1 GPUs, 0.0/17.63 GiB heap, 0.0/8.82 GiB objects (0.0/1.0 accelerator_type:G)
Result logdir: /workspace/MARLlib/runs/rware_mappo_gru_small_20m_tensorboard/mappo_gru_rware-small-4ag-v2
Number of trials: 1/1 (1 RUNNING)
+------------------------------------------------------+----------+-------------------+--------+------------------+-------------+----------+----------------------+----------------------+--------------------+
| Trial name                                           | status   | loc               |   iter |   total time (s) |          ts |   reward |   episode_reward_max |   episode_reward_min |   episode_len_mean |
|------------------------------------------------------+----------+-------------------+--------+------------------+-------------+----------+----------------------+----------------------+--------------------|
| MAPPOTrainer_rware_v2_rware-small-4ag-v2_fd22d_00000 | RUNNING  | 172.24.0.2:950918 |   1771 |          5066.52 | 3.54058e+07 |      4.1 |                    5 |                    2 |                500 |
+------------------------------------------------------+----------+-------------------+--------+------------------+-------------+----------+----------------------+----------------------+--------------------+


== Status ==
Current time: 2026-05-22 22:16:11 (running for 00:13:14.48)
Memory usage on this node: 62.8/251.6 GiB
Using FIFO scheduling algorithm.
Resources requested: 7.0/8 CPUs, 1.0/1 GPUs, 0.0/17.63 GiB heap, 0.0/8.82 GiB objects (0.0/1.0 accelerator_type:G)
Result logdir: /workspace/MARLlib/runs/rware_mappo_gru_small_20m_tensorboard/mappo_gru_rware-small-4ag-v2
Number of trials: 1/1 (1 RUNNING)
+------------------------------------------------------+----------+-------------------+--------+------------------+-------------+----------+----------------------+----------------------+--------------------+
| Trial name                                           | status   | loc               |   iter |   total time (s) |          ts |   reward |   episode_reward_max |   episode_reward_min |   episode_len_mean |
|------------------------------------------------------+----------+-------------------+--------+------------------+-------------+----------+----------------------+----------------------+--------------------|
| MAPPOTrainer_rware_v2_rware-small-4ag-v2_fd22d_00000 | RUNNING  | 172.24.0.2:950918 |   1773 |          5071.74 | 3.54458e+07 |     4.22 |                    7 |                    2 |                500 |
+------------------------------------------------------+----------+-------------------+--------+------------------+-------------+----------+----------------------+----------------------+--------------------+


== Status ==
Current time: 2026-05-22 22:16:16 (running for 00:13:19.76)
Memory usage on this node: 62.8/251.6 GiB
Using FIFO scheduling algorithm.
Resources requested: 7.0/8 CPUs, 1.0/1 GPUs, 0.0/17.63 GiB heap, 0.0/8.82 GiB objects (0.0/1.0 accelerator_type:G)
Result logdir: /workspace/MARLlib/runs/rware_mappo_gru_small_20m_tensorboard/mappo_gru_rware-small-4ag-v2
Number of trials: 1/1 (1 RUNNING)
+------------------------------------------------------+----------+-------------------+--------+------------------+-------------+----------+----------------------+----------------------+--------------------+
| Trial name                                           | status   | loc               |   iter |   total time (s) |          ts |   reward |   episode_reward_max |   episode_reward_min |   episode_len_mean |
|------------------------------------------------------+----------+-------------------+--------+------------------+-------------+----------+----------------------+----------------------+--------------------|
| MAPPOTrainer_rware_v2_rware-small-4ag-v2_fd22d_00000 | RUNNING  | 172.24.0.2:950918 |   1775 |          5076.96 | 3.54858e+07 |     4.24 |                    7 |                    2 |                500 |
+------------------------------------------------------+----------+-------------------+--------+------------------+-------------+----------+----------------------+----------------------+--------------------+


== Status ==
Current time: 2026-05-22 22:16:21 (running for 00:13:25.09)
Memory usage on this node: 62.8/251.6 GiB
Using FIFO scheduling algorithm.
Resources requested: 7.0/8 CPUs, 1.0/1 GPUs, 0.0/17.63 GiB heap, 0.0/8.82 GiB objects (0.0/1.0 accelerator_type:G)
Result logdir: /workspace/MARLlib/runs/rware_mappo_gru_small_20m_tensorboard/mappo_gru_rware-small-4ag-v2
Number of trials: 1/1 (1 RUNNING)
+------------------------------------------------------+----------+-------------------+--------+------------------+-------------+----------+----------------------+----------------------+--------------------+
| Trial name                                           | status   | loc               |   iter |   total time (s) |          ts |   reward |   episode_reward_max |   episode_reward_min |   episode_len_mean |
|------------------------------------------------------+----------+-------------------+--------+------------------+-------------+----------+----------------------+----------------------+--------------------|
| MAPPOTrainer_rware_v2_rware-small-4ag-v2_fd22d_00000 | RUNNING  | 172.24.0.2:950918 |   1777 |          5082.24 | 3.55258e+07 |     4.29 |                    7 |                    2 |                500 |
+------------------------------------------------------+----------+-------------------+--------+------------------+-------------+----------+----------------------+----------------------+--------------------+


== Status ==
Current time: 2026-05-22 22:16:27 (running for 00:13:30.56)
Memory usage on this node: 62.8/251.6 GiB
Using FIFO scheduling algorithm.
Resources requested: 7.0/8 CPUs, 1.0/1 GPUs, 0.0/17.63 GiB heap, 0.0/8.82 GiB objects (0.0/1.0 accelerator_type:G)
Result logdir: /workspace/MARLlib/runs/rware_mappo_gru_small_20m_tensorboard/mappo_gru_rware-small-4ag-v2
Number of trials: 1/1 (1 RUNNING)
+------------------------------------------------------+----------+-------------------+--------+------------------+-------------+----------+----------------------+----------------------+--------------------+
| Trial name                                           | status   | loc               |   iter |   total time (s) |          ts |   reward |   episode_reward_max |   episode_reward_min |   episode_len_mean |
|------------------------------------------------------+----------+-------------------+--------+------------------+-------------+----------+----------------------+----------------------+--------------------|
| MAPPOTrainer_rware_v2_rware-small-4ag-v2_fd22d_00000 | RUNNING  | 172.24.0.2:950918 |   1779 |          5087.65 | 3.55658e+07 |     4.34 |                    7 |                    3 |                500 |
+------------------------------------------------------+----------+-------------------+--------+------------------+-------------+----------+----------------------+----------------------+--------------------+


== Status ==
Current time: 2026-05-22 22:16:32 (running for 00:13:35.92)
Memory usage on this node: 62.8/251.6 GiB
Using FIFO scheduling algorithm.
Resources requested: 7.0/8 CPUs, 1.0/1 GPUs, 0.0/17.63 GiB heap, 0.0/8.82 GiB objects (0.0/1.0 accelerator_type:G)
Result logdir: /workspace/MARLlib/runs/rware_mappo_gru_small_20m_tensorboard/mappo_gru_rware-small-4ag-v2
Number of trials: 1/1 (1 RUNNING)
+------------------------------------------------------+----------+-------------------+--------+------------------+-------------+----------+----------------------+----------------------+--------------------+
| Trial name                                           | status   | loc               |   iter |   total time (s) |          ts |   reward |   episode_reward_max |   episode_reward_min |   episode_len_mean |
|------------------------------------------------------+----------+-------------------+--------+------------------+-------------+----------+----------------------+----------------------+--------------------|
| MAPPOTrainer_rware_v2_rware-small-4ag-v2_fd22d_00000 | RUNNING  | 172.24.0.2:950918 |   1781 |          5092.96 | 3.56058e+07 |     4.32 |                    7 |                    2 |                500 |
+------------------------------------------------------+----------+-------------------+--------+------------------+-------------+----------+----------------------+----------------------+--------------------+


== Status ==
Current time: 2026-05-22 22:16:37 (running for 00:13:41.19)
Memory usage on this node: 62.8/251.6 GiB
Using FIFO scheduling algorithm.
Resources requested: 7.0/8 CPUs, 1.0/1 GPUs, 0.0/17.63 GiB heap, 0.0/8.82 GiB objects (0.0/1.0 accelerator_type:G)
Result logdir: /workspace/MARLlib/runs/rware_mappo_gru_small_20m_tensorboard/mappo_gru_rware-small-4ag-v2
Number of trials: 1/1 (1 RUNNING)
+------------------------------------------------------+----------+-------------------+--------+------------------+-------------+----------+----------------------+----------------------+--------------------+
| Trial name                                           | status   | loc               |   iter |   total time (s) |          ts |   reward |   episode_reward_max |   episode_reward_min |   episode_len_mean |
|------------------------------------------------------+----------+-------------------+--------+------------------+-------------+----------+----------------------+----------------------+--------------------|
| MAPPOTrainer_rware_v2_rware-small-4ag-v2_fd22d_00000 | RUNNING  | 172.24.0.2:950918 |   1783 |          5098.17 | 3.56457e+07 |     4.29 |                    7 |                    2 |                500 |
+------------------------------------------------------+----------+-------------------+--------+------------------+-------------+----------+----------------------+----------------------+--------------------+


== Status ==
Current time: 2026-05-22 22:16:43 (running for 00:13:46.48)
Memory usage on this node: 62.9/251.6 GiB
Using FIFO scheduling algorithm.
Resources requested: 7.0/8 CPUs, 1.0/1 GPUs, 0.0/17.63 GiB heap, 0.0/8.82 GiB objects (0.0/1.0 accelerator_type:G)
Result logdir: /workspace/MARLlib/runs/rware_mappo_gru_small_20m_tensorboard/mappo_gru_rware-small-4ag-v2
Number of trials: 1/1 (1 RUNNING)
+------------------------------------------------------+----------+-------------------+--------+------------------+-------------+----------+----------------------+----------------------+--------------------+
| Trial name                                           | status   | loc               |   iter |   total time (s) |          ts |   reward |   episode_reward_max |   episode_reward_min |   episode_len_mean |
|------------------------------------------------------+----------+-------------------+--------+------------------+-------------+----------+----------------------+----------------------+--------------------|
| MAPPOTrainer_rware_v2_rware-small-4ag-v2_fd22d_00000 | RUNNING  | 172.24.0.2:950918 |   1785 |          5103.41 | 3.56857e+07 |     4.22 |                    6 |                    2 |                500 |
+------------------------------------------------------+----------+-------------------+--------+------------------+-------------+----------+----------------------+----------------------+--------------------+


== Status ==
Current time: 2026-05-22 22:16:48 (running for 00:13:51.83)
Memory usage on this node: 62.8/251.6 GiB
Using FIFO scheduling algorithm.
Resources requested: 7.0/8 CPUs, 1.0/1 GPUs, 0.0/17.63 GiB heap, 0.0/8.82 GiB objects (0.0/1.0 accelerator_type:G)
Result logdir: /workspace/MARLlib/runs/rware_mappo_gru_small_20m_tensorboard/mappo_gru_rware-small-4ag-v2
Number of trials: 1/1 (1 RUNNING)
+------------------------------------------------------+----------+-------------------+--------+------------------+-------------+----------+----------------------+----------------------+--------------------+
| Trial name                                           | status   | loc               |   iter |   total time (s) |          ts |   reward |   episode_reward_max |   episode_reward_min |   episode_len_mean |
|------------------------------------------------------+----------+-------------------+--------+------------------+-------------+----------+----------------------+----------------------+--------------------|
| MAPPOTrainer_rware_v2_rware-small-4ag-v2_fd22d_00000 | RUNNING  | 172.24.0.2:950918 |   1787 |           5108.7 | 3.57257e+07 |     4.12 |                    6 |                    2 |                500 |
+------------------------------------------------------+----------+-------------------+--------+------------------+-------------+----------+----------------------+----------------------+--------------------+


== Status ==
Current time: 2026-05-22 22:16:53 (running for 00:13:57.13)
Memory usage on this node: 62.8/251.6 GiB
Using FIFO scheduling algorithm.
Resources requested: 7.0/8 CPUs, 1.0/1 GPUs, 0.0/17.63 GiB heap, 0.0/8.82 GiB objects (0.0/1.0 accelerator_type:G)
Result logdir: /workspace/MARLlib/runs/rware_mappo_gru_small_20m_tensorboard/mappo_gru_rware-small-4ag-v2
Number of trials: 1/1 (1 RUNNING)
+------------------------------------------------------+----------+-------------------+--------+------------------+-------------+----------+----------------------+----------------------+--------------------+
| Trial name                                           | status   | loc               |   iter |   total time (s) |          ts |   reward |   episode_reward_max |   episode_reward_min |   episode_len_mean |
|------------------------------------------------------+----------+-------------------+--------+------------------+-------------+----------+----------------------+----------------------+--------------------|
| MAPPOTrainer_rware_v2_rware-small-4ag-v2_fd22d_00000 | RUNNING  | 172.24.0.2:950918 |   1789 |          5113.95 | 3.57657e+07 |     4.12 |                    6 |                    2 |                500 |
+------------------------------------------------------+----------+-------------------+--------+------------------+-------------+----------+----------------------+----------------------+--------------------+


== Status ==
Current time: 2026-05-22 22:16:59 (running for 00:14:02.43)
Memory usage on this node: 62.8/251.6 GiB
Using FIFO scheduling algorithm.
Resources requested: 7.0/8 CPUs, 1.0/1 GPUs, 0.0/17.63 GiB heap, 0.0/8.82 GiB objects (0.0/1.0 accelerator_type:G)
Result logdir: /workspace/MARLlib/runs/rware_mappo_gru_small_20m_tensorboard/mappo_gru_rware-small-4ag-v2
Number of trials: 1/1 (1 RUNNING)
+------------------------------------------------------+----------+-------------------+--------+------------------+-------------+----------+----------------------+----------------------+--------------------+
| Trial name                                           | status   | loc               |   iter |   total time (s) |          ts |   reward |   episode_reward_max |   episode_reward_min |   episode_len_mean |
|------------------------------------------------------+----------+-------------------+--------+------------------+-------------+----------+----------------------+----------------------+--------------------|
| MAPPOTrainer_rware_v2_rware-small-4ag-v2_fd22d_00000 | RUNNING  | 172.24.0.2:950918 |   1791 |           5119.2 | 3.58057e+07 |     4.21 |                    7 |                    2 |                500 |
+------------------------------------------------------+----------+-------------------+--------+------------------+-------------+----------+----------------------+----------------------+--------------------+


== Status ==
Current time: 2026-05-22 22:17:04 (running for 00:14:07.66)
Memory usage on this node: 62.8/251.6 GiB
Using FIFO scheduling algorithm.
Resources requested: 7.0/8 CPUs, 1.0/1 GPUs, 0.0/17.63 GiB heap, 0.0/8.82 GiB objects (0.0/1.0 accelerator_type:G)
Result logdir: /workspace/MARLlib/runs/rware_mappo_gru_small_20m_tensorboard/mappo_gru_rware-small-4ag-v2
Number of trials: 1/1 (1 RUNNING)
+------------------------------------------------------+----------+-------------------+--------+------------------+-------------+----------+----------------------+----------------------+--------------------+
| Trial name                                           | status   | loc               |   iter |   total time (s) |          ts |   reward |   episode_reward_max |   episode_reward_min |   episode_len_mean |
|------------------------------------------------------+----------+-------------------+--------+------------------+-------------+----------+----------------------+----------------------+--------------------|
| MAPPOTrainer_rware_v2_rware-small-4ag-v2_fd22d_00000 | RUNNING  | 172.24.0.2:950918 |   1793 |          5124.39 | 3.58457e+07 |     4.25 |                    7 |                    2 |                500 |
+------------------------------------------------------+----------+-------------------+--------+------------------+-------------+----------+----------------------+----------------------+--------------------+


== Status ==
Current time: 2026-05-22 22:17:09 (running for 00:14:13.03)
Memory usage on this node: 62.8/251.6 GiB
Using FIFO scheduling algorithm.
Resources requested: 7.0/8 CPUs, 1.0/1 GPUs, 0.0/17.63 GiB heap, 0.0/8.82 GiB objects (0.0/1.0 accelerator_type:G)
Result logdir: /workspace/MARLlib/runs/rware_mappo_gru_small_20m_tensorboard/mappo_gru_rware-small-4ag-v2
Number of trials: 1/1 (1 RUNNING)
+------------------------------------------------------+----------+-------------------+--------+------------------+-------------+----------+----------------------+----------------------+--------------------+
| Trial name                                           | status   | loc               |   iter |   total time (s) |          ts |   reward |   episode_reward_max |   episode_reward_min |   episode_len_mean |
|------------------------------------------------------+----------+-------------------+--------+------------------+-------------+----------+----------------------+----------------------+--------------------|
| MAPPOTrainer_rware_v2_rware-small-4ag-v2_fd22d_00000 | RUNNING  | 172.24.0.2:950918 |   1795 |          5129.72 | 3.58856e+07 |     4.28 |                    7 |                    2 |                500 |
+------------------------------------------------------+----------+-------------------+--------+------------------+-------------+----------+----------------------+----------------------+--------------------+


== Status ==
Current time: 2026-05-22 22:17:14 (running for 00:14:18.26)
Memory usage on this node: 62.8/251.6 GiB
Using FIFO scheduling algorithm.
Resources requested: 7.0/8 CPUs, 1.0/1 GPUs, 0.0/17.63 GiB heap, 0.0/8.82 GiB objects (0.0/1.0 accelerator_type:G)
Result logdir: /workspace/MARLlib/runs/rware_mappo_gru_small_20m_tensorboard/mappo_gru_rware-small-4ag-v2
Number of trials: 1/1 (1 RUNNING)
+------------------------------------------------------+----------+-------------------+--------+------------------+-------------+----------+----------------------+----------------------+--------------------+
| Trial name                                           | status   | loc               |   iter |   total time (s) |          ts |   reward |   episode_reward_max |   episode_reward_min |   episode_len_mean |
|------------------------------------------------------+----------+-------------------+--------+------------------+-------------+----------+----------------------+----------------------+--------------------|
| MAPPOTrainer_rware_v2_rware-small-4ag-v2_fd22d_00000 | RUNNING  | 172.24.0.2:950918 |   1797 |           5134.9 | 3.59256e+07 |     4.35 |                    7 |                    2 |                500 |
+------------------------------------------------------+----------+-------------------+--------+------------------+-------------+----------+----------------------+----------------------+--------------------+


== Status ==
Current time: 2026-05-22 22:17:20 (running for 00:14:23.48)
Memory usage on this node: 62.8/251.6 GiB
Using FIFO scheduling algorithm.
Resources requested: 7.0/8 CPUs, 1.0/1 GPUs, 0.0/17.63 GiB heap, 0.0/8.82 GiB objects (0.0/1.0 accelerator_type:G)
Result logdir: /workspace/MARLlib/runs/rware_mappo_gru_small_20m_tensorboard/mappo_gru_rware-small-4ag-v2
Number of trials: 1/1 (1 RUNNING)
+------------------------------------------------------+----------+-------------------+--------+------------------+-------------+----------+----------------------+----------------------+--------------------+
| Trial name                                           | status   | loc               |   iter |   total time (s) |          ts |   reward |   episode_reward_max |   episode_reward_min |   episode_len_mean |
|------------------------------------------------------+----------+-------------------+--------+------------------+-------------+----------+----------------------+----------------------+--------------------|
| MAPPOTrainer_rware_v2_rware-small-4ag-v2_fd22d_00000 | RUNNING  | 172.24.0.2:950918 |   1799 |          5140.05 | 3.59656e+07 |     4.33 |                    7 |                    2 |                500 |
+------------------------------------------------------+----------+-------------------+--------+------------------+-------------+----------+----------------------+----------------------+--------------------+


== Status ==
Current time: 2026-05-22 22:17:25 (running for 00:14:28.48)
Memory usage on this node: 62.8/251.6 GiB
Using FIFO scheduling algorithm.
Resources requested: 7.0/8 CPUs, 1.0/1 GPUs, 0.0/17.63 GiB heap, 0.0/8.82 GiB objects (0.0/1.0 accelerator_type:G)
Result logdir: /workspace/MARLlib/runs/rware_mappo_gru_small_20m_tensorboard/mappo_gru_rware-small-4ag-v2
Number of trials: 1/1 (1 RUNNING)
+------------------------------------------------------+----------+-------------------+--------+------------------+-------------+----------+----------------------+----------------------+--------------------+
| Trial name                                           | status   | loc               |   iter |   total time (s) |          ts |   reward |   episode_reward_max |   episode_reward_min |   episode_len_mean |
|------------------------------------------------------+----------+-------------------+--------+------------------+-------------+----------+----------------------+----------------------+--------------------|
| MAPPOTrainer_rware_v2_rware-small-4ag-v2_fd22d_00000 | RUNNING  | 172.24.0.2:950918 |   1799 |          5140.05 | 3.59656e+07 |     4.33 |                    7 |                    2 |                500 |
+------------------------------------------------------+----------+-------------------+--------+------------------+-------------+----------+----------------------+----------------------+--------------------+


== Status ==
Current time: 2026-05-22 22:17:30 (running for 00:14:33.49)
Memory usage on this node: 62.8/251.6 GiB
Using FIFO scheduling algorithm.
Resources requested: 7.0/8 CPUs, 1.0/1 GPUs, 0.0/17.63 GiB heap, 0.0/8.82 GiB objects (0.0/1.0 accelerator_type:G)
Result logdir: /workspace/MARLlib/runs/rware_mappo_gru_small_20m_tensorboard/mappo_gru_rware-small-4ag-v2
Number of trials: 1/1 (1 RUNNING)
+------------------------------------------------------+----------+-------------------+--------+------------------+-------------+----------+----------------------+----------------------+--------------------+
| Trial name                                           | status   | loc               |   iter |   total time (s) |          ts |   reward |   episode_reward_max |   episode_reward_min |   episode_len_mean |
|------------------------------------------------------+----------+-------------------+--------+------------------+-------------+----------+----------------------+----------------------+--------------------|
| MAPPOTrainer_rware_v2_rware-small-4ag-v2_fd22d_00000 | RUNNING  | 172.24.0.2:950918 |   1799 |          5140.05 | 3.59656e+07 |     4.33 |                    7 |                    2 |                500 |
+------------------------------------------------------+----------+-------------------+--------+------------------+-------------+----------+----------------------+----------------------+--------------------+


== Status ==
Current time: 2026-05-22 22:17:35 (running for 00:14:38.97)
Memory usage on this node: 62.8/251.6 GiB
Using FIFO scheduling algorithm.
Resources requested: 7.0/8 CPUs, 1.0/1 GPUs, 0.0/17.63 GiB heap, 0.0/8.82 GiB objects (0.0/1.0 accelerator_type:G)
Result logdir: /workspace/MARLlib/runs/rware_mappo_gru_small_20m_tensorboard/mappo_gru_rware-small-4ag-v2
Number of trials: 1/1 (1 RUNNING)
+------------------------------------------------------+----------+-------------------+--------+------------------+-------------+----------+----------------------+----------------------+--------------------+
| Trial name                                           | status   | loc               |   iter |   total time (s) |          ts |   reward |   episode_reward_max |   episode_reward_min |   episode_len_mean |
|------------------------------------------------------+----------+-------------------+--------+------------------+-------------+----------+----------------------+----------------------+--------------------|
| MAPPOTrainer_rware_v2_rware-small-4ag-v2_fd22d_00000 | RUNNING  | 172.24.0.2:950918 |   1800 |          5155.51 | 3.59856e+07 |     4.32 |                    7 |                    2 |                500 |
+------------------------------------------------------+----------+-------------------+--------+------------------+-------------+----------+----------------------+----------------------+--------------------+


== Status ==
Current time: 2026-05-22 22:17:40 (running for 00:14:44.31)
Memory usage on this node: 62.8/251.6 GiB
Using FIFO scheduling algorithm.
Resources requested: 7.0/8 CPUs, 1.0/1 GPUs, 0.0/17.63 GiB heap, 0.0/8.82 GiB objects (0.0/1.0 accelerator_type:G)
Result logdir: /workspace/MARLlib/runs/rware_mappo_gru_small_20m_tensorboard/mappo_gru_rware-small-4ag-v2
Number of trials: 1/1 (1 RUNNING)
+------------------------------------------------------+----------+-------------------+--------+------------------+-------------+----------+----------------------+----------------------+--------------------+
| Trial name                                           | status   | loc               |   iter |   total time (s) |          ts |   reward |   episode_reward_max |   episode_reward_min |   episode_len_mean |
|------------------------------------------------------+----------+-------------------+--------+------------------+-------------+----------+----------------------+----------------------+--------------------|
| MAPPOTrainer_rware_v2_rware-small-4ag-v2_fd22d_00000 | RUNNING  | 172.24.0.2:950918 |   1802 |          5160.71 | 3.60256e+07 |     4.28 |                    7 |                    2 |                500 |
+------------------------------------------------------+----------+-------------------+--------+------------------+-------------+----------+----------------------+----------------------+--------------------+


== Status ==
Current time: 2026-05-22 22:17:46 (running for 00:14:49.51)
Memory usage on this node: 62.8/251.6 GiB
Using FIFO scheduling algorithm.
Resources requested: 7.0/8 CPUs, 1.0/1 GPUs, 0.0/17.63 GiB heap, 0.0/8.82 GiB objects (0.0/1.0 accelerator_type:G)
Result logdir: /workspace/MARLlib/runs/rware_mappo_gru_small_20m_tensorboard/mappo_gru_rware-small-4ag-v2
Number of trials: 1/1 (1 RUNNING)
+------------------------------------------------------+----------+-------------------+--------+------------------+-------------+----------+----------------------+----------------------+--------------------+
| Trial name                                           | status   | loc               |   iter |   total time (s) |          ts |   reward |   episode_reward_max |   episode_reward_min |   episode_len_mean |
|------------------------------------------------------+----------+-------------------+--------+------------------+-------------+----------+----------------------+----------------------+--------------------|
| MAPPOTrainer_rware_v2_rware-small-4ag-v2_fd22d_00000 | RUNNING  | 172.24.0.2:950918 |   1804 |          5165.94 | 3.60656e+07 |     4.28 |                    7 |                    2 |                500 |
+------------------------------------------------------+----------+-------------------+--------+------------------+-------------+----------+----------------------+----------------------+--------------------+


== Status ==
Current time: 2026-05-22 22:17:51 (running for 00:14:54.95)
Memory usage on this node: 62.8/251.6 GiB
Using FIFO scheduling algorithm.
Resources requested: 7.0/8 CPUs, 1.0/1 GPUs, 0.0/17.63 GiB heap, 0.0/8.82 GiB objects (0.0/1.0 accelerator_type:G)
Result logdir: /workspace/MARLlib/runs/rware_mappo_gru_small_20m_tensorboard/mappo_gru_rware-small-4ag-v2
Number of trials: 1/1 (1 RUNNING)
+------------------------------------------------------+----------+-------------------+--------+------------------+-------------+----------+----------------------+----------------------+--------------------+
| Trial name                                           | status   | loc               |   iter |   total time (s) |          ts |   reward |   episode_reward_max |   episode_reward_min |   episode_len_mean |
|------------------------------------------------------+----------+-------------------+--------+------------------+-------------+----------+----------------------+----------------------+--------------------|
| MAPPOTrainer_rware_v2_rware-small-4ag-v2_fd22d_00000 | RUNNING  | 172.24.0.2:950918 |   1806 |          5171.32 | 3.61056e+07 |     4.28 |                    7 |                    3 |                500 |
+------------------------------------------------------+----------+-------------------+--------+------------------+-------------+----------+----------------------+----------------------+--------------------+


== Status ==
Current time: 2026-05-22 22:17:56 (running for 00:15:00.21)
Memory usage on this node: 62.8/251.6 GiB
Using FIFO scheduling algorithm.
Resources requested: 7.0/8 CPUs, 1.0/1 GPUs, 0.0/17.63 GiB heap, 0.0/8.82 GiB objects (0.0/1.0 accelerator_type:G)
Result logdir: /workspace/MARLlib/runs/rware_mappo_gru_small_20m_tensorboard/mappo_gru_rware-small-4ag-v2
Number of trials: 1/1 (1 RUNNING)
+------------------------------------------------------+----------+-------------------+--------+------------------+-------------+----------+----------------------+----------------------+--------------------+
| Trial name                                           | status   | loc               |   iter |   total time (s) |          ts |   reward |   episode_reward_max |   episode_reward_min |   episode_len_mean |
|------------------------------------------------------+----------+-------------------+--------+------------------+-------------+----------+----------------------+----------------------+--------------------|
| MAPPOTrainer_rware_v2_rware-small-4ag-v2_fd22d_00000 | RUNNING  | 172.24.0.2:950918 |   1808 |          5176.52 | 3.61455e+07 |     4.29 |                    7 |                    3 |                500 |
+------------------------------------------------------+----------+-------------------+--------+------------------+-------------+----------+----------------------+----------------------+--------------------+


== Status ==
Current time: 2026-05-22 22:18:02 (running for 00:15:05.41)
Memory usage on this node: 62.8/251.6 GiB
Using FIFO scheduling algorithm.
Resources requested: 7.0/8 CPUs, 1.0/1 GPUs, 0.0/17.63 GiB heap, 0.0/8.82 GiB objects (0.0/1.0 accelerator_type:G)
Result logdir: /workspace/MARLlib/runs/rware_mappo_gru_small_20m_tensorboard/mappo_gru_rware-small-4ag-v2
Number of trials: 1/1 (1 RUNNING)
+------------------------------------------------------+----------+-------------------+--------+------------------+-------------+----------+----------------------+----------------------+--------------------+
| Trial name                                           | status   | loc               |   iter |   total time (s) |          ts |   reward |   episode_reward_max |   episode_reward_min |   episode_len_mean |
|------------------------------------------------------+----------+-------------------+--------+------------------+-------------+----------+----------------------+----------------------+--------------------|
| MAPPOTrainer_rware_v2_rware-small-4ag-v2_fd22d_00000 | RUNNING  | 172.24.0.2:950918 |   1810 |          5181.66 | 3.61855e+07 |     4.32 |                    7 |                    3 |                500 |
+------------------------------------------------------+----------+-------------------+--------+------------------+-------------+----------+----------------------+----------------------+--------------------+


== Status ==
Current time: 2026-05-22 22:18:07 (running for 00:15:10.71)
Memory usage on this node: 62.8/251.6 GiB
Using FIFO scheduling algorithm.
Resources requested: 7.0/8 CPUs, 1.0/1 GPUs, 0.0/17.63 GiB heap, 0.0/8.82 GiB objects (0.0/1.0 accelerator_type:G)
Result logdir: /workspace/MARLlib/runs/rware_mappo_gru_small_20m_tensorboard/mappo_gru_rware-small-4ag-v2
Number of trials: 1/1 (1 RUNNING)
+------------------------------------------------------+----------+-------------------+--------+------------------+-------------+----------+----------------------+----------------------+--------------------+
| Trial name                                           | status   | loc               |   iter |   total time (s) |          ts |   reward |   episode_reward_max |   episode_reward_min |   episode_len_mean |
|------------------------------------------------------+----------+-------------------+--------+------------------+-------------+----------+----------------------+----------------------+--------------------|
| MAPPOTrainer_rware_v2_rware-small-4ag-v2_fd22d_00000 | RUNNING  | 172.24.0.2:950918 |   1812 |          5186.91 | 3.62255e+07 |     4.23 |                    6 |                    3 |                500 |
+------------------------------------------------------+----------+-------------------+--------+------------------+-------------+----------+----------------------+----------------------+--------------------+


== Status ==
Current time: 2026-05-22 22:18:12 (running for 00:15:16.07)
Memory usage on this node: 62.8/251.6 GiB
Using FIFO scheduling algorithm.
Resources requested: 7.0/8 CPUs, 1.0/1 GPUs, 0.0/17.63 GiB heap, 0.0/8.82 GiB objects (0.0/1.0 accelerator_type:G)
Result logdir: /workspace/MARLlib/runs/rware_mappo_gru_small_20m_tensorboard/mappo_gru_rware-small-4ag-v2
Number of trials: 1/1 (1 RUNNING)
+------------------------------------------------------+----------+-------------------+--------+------------------+-------------+----------+----------------------+----------------------+--------------------+
| Trial name                                           | status   | loc               |   iter |   total time (s) |          ts |   reward |   episode_reward_max |   episode_reward_min |   episode_len_mean |
|------------------------------------------------------+----------+-------------------+--------+------------------+-------------+----------+----------------------+----------------------+--------------------|
| MAPPOTrainer_rware_v2_rware-small-4ag-v2_fd22d_00000 | RUNNING  | 172.24.0.2:950918 |   1814 |           5192.2 | 3.62655e+07 |      4.2 |                    6 |                    3 |                500 |
+------------------------------------------------------+----------+-------------------+--------+------------------+-------------+----------+----------------------+----------------------+--------------------+


== Status ==
Current time: 2026-05-22 22:18:17 (running for 00:15:21.27)
Memory usage on this node: 62.8/251.6 GiB
Using FIFO scheduling algorithm.
Resources requested: 7.0/8 CPUs, 1.0/1 GPUs, 0.0/17.63 GiB heap, 0.0/8.82 GiB objects (0.0/1.0 accelerator_type:G)
Result logdir: /workspace/MARLlib/runs/rware_mappo_gru_small_20m_tensorboard/mappo_gru_rware-small-4ag-v2
Number of trials: 1/1 (1 RUNNING)
+------------------------------------------------------+----------+-------------------+--------+------------------+-------------+----------+----------------------+----------------------+--------------------+
| Trial name                                           | status   | loc               |   iter |   total time (s) |          ts |   reward |   episode_reward_max |   episode_reward_min |   episode_len_mean |
|------------------------------------------------------+----------+-------------------+--------+------------------+-------------+----------+----------------------+----------------------+--------------------|
| MAPPOTrainer_rware_v2_rware-small-4ag-v2_fd22d_00000 | RUNNING  | 172.24.0.2:950918 |   1816 |          5197.36 | 3.63055e+07 |     4.17 |                    6 |                    2 |                500 |
+------------------------------------------------------+----------+-------------------+--------+------------------+-------------+----------+----------------------+----------------------+--------------------+


== Status ==
Current time: 2026-05-22 22:18:23 (running for 00:15:26.69)
Memory usage on this node: 62.8/251.6 GiB
Using FIFO scheduling algorithm.
Resources requested: 7.0/8 CPUs, 1.0/1 GPUs, 0.0/17.63 GiB heap, 0.0/8.82 GiB objects (0.0/1.0 accelerator_type:G)
Result logdir: /workspace/MARLlib/runs/rware_mappo_gru_small_20m_tensorboard/mappo_gru_rware-small-4ag-v2
Number of trials: 1/1 (1 RUNNING)
+------------------------------------------------------+----------+-------------------+--------+------------------+-------------+----------+----------------------+----------------------+--------------------+
| Trial name                                           | status   | loc               |   iter |   total time (s) |          ts |   reward |   episode_reward_max |   episode_reward_min |   episode_len_mean |
|------------------------------------------------------+----------+-------------------+--------+------------------+-------------+----------+----------------------+----------------------+--------------------|
| MAPPOTrainer_rware_v2_rware-small-4ag-v2_fd22d_00000 | RUNNING  | 172.24.0.2:950918 |   1818 |          5202.72 | 3.63455e+07 |     4.17 |                    6 |                    2 |                500 |
+------------------------------------------------------+----------+-------------------+--------+------------------+-------------+----------+----------------------+----------------------+--------------------+


== Status ==
Current time: 2026-05-22 22:18:28 (running for 00:15:31.94)
Memory usage on this node: 62.8/251.6 GiB
Using FIFO scheduling algorithm.
Resources requested: 7.0/8 CPUs, 1.0/1 GPUs, 0.0/17.63 GiB heap, 0.0/8.82 GiB objects (0.0/1.0 accelerator_type:G)
Result logdir: /workspace/MARLlib/runs/rware_mappo_gru_small_20m_tensorboard/mappo_gru_rware-small-4ag-v2
Number of trials: 1/1 (1 RUNNING)
+------------------------------------------------------+----------+-------------------+--------+------------------+-------------+----------+----------------------+----------------------+--------------------+
| Trial name                                           | status   | loc               |   iter |   total time (s) |          ts |   reward |   episode_reward_max |   episode_reward_min |   episode_len_mean |
|------------------------------------------------------+----------+-------------------+--------+------------------+-------------+----------+----------------------+----------------------+--------------------|
| MAPPOTrainer_rware_v2_rware-small-4ag-v2_fd22d_00000 | RUNNING  | 172.24.0.2:950918 |   1820 |          5207.95 | 3.63854e+07 |     4.15 |                    7 |                    2 |                500 |
+------------------------------------------------------+----------+-------------------+--------+------------------+-------------+----------+----------------------+----------------------+--------------------+


== Status ==
Current time: 2026-05-22 22:18:33 (running for 00:15:37.02)
Memory usage on this node: 62.8/251.6 GiB
Using FIFO scheduling algorithm.
Resources requested: 7.0/8 CPUs, 1.0/1 GPUs, 0.0/17.63 GiB heap, 0.0/8.82 GiB objects (0.0/1.0 accelerator_type:G)
Result logdir: /workspace/MARLlib/runs/rware_mappo_gru_small_20m_tensorboard/mappo_gru_rware-small-4ag-v2
Number of trials: 1/1 (1 RUNNING)
+------------------------------------------------------+----------+-------------------+--------+------------------+-------------+----------+----------------------+----------------------+--------------------+
| Trial name                                           | status   | loc               |   iter |   total time (s) |          ts |   reward |   episode_reward_max |   episode_reward_min |   episode_len_mean |
|------------------------------------------------------+----------+-------------------+--------+------------------+-------------+----------+----------------------+----------------------+--------------------|
| MAPPOTrainer_rware_v2_rware-small-4ag-v2_fd22d_00000 | RUNNING  | 172.24.0.2:950918 |   1822 |          5212.98 | 3.64254e+07 |     4.17 |                    7 |                    2 |                500 |
+------------------------------------------------------+----------+-------------------+--------+------------------+-------------+----------+----------------------+----------------------+--------------------+


== Status ==
Current time: 2026-05-22 22:18:38 (running for 00:15:42.33)
Memory usage on this node: 62.9/251.6 GiB
Using FIFO scheduling algorithm.
Resources requested: 7.0/8 CPUs, 1.0/1 GPUs, 0.0/17.63 GiB heap, 0.0/8.82 GiB objects (0.0/1.0 accelerator_type:G)
Result logdir: /workspace/MARLlib/runs/rware_mappo_gru_small_20m_tensorboard/mappo_gru_rware-small-4ag-v2
Number of trials: 1/1 (1 RUNNING)
+------------------------------------------------------+----------+-------------------+--------+------------------+-------------+----------+----------------------+----------------------+--------------------+
| Trial name                                           | status   | loc               |   iter |   total time (s) |          ts |   reward |   episode_reward_max |   episode_reward_min |   episode_len_mean |
|------------------------------------------------------+----------+-------------------+--------+------------------+-------------+----------+----------------------+----------------------+--------------------|
| MAPPOTrainer_rware_v2_rware-small-4ag-v2_fd22d_00000 | RUNNING  | 172.24.0.2:950918 |   1824 |          5218.25 | 3.64654e+07 |     4.25 |                    7 |                    2 |                500 |
+------------------------------------------------------+----------+-------------------+--------+------------------+-------------+----------+----------------------+----------------------+--------------------+


== Status ==
Current time: 2026-05-22 22:18:44 (running for 00:15:47.76)
Memory usage on this node: 62.8/251.6 GiB
Using FIFO scheduling algorithm.
Resources requested: 7.0/8 CPUs, 1.0/1 GPUs, 0.0/17.63 GiB heap, 0.0/8.82 GiB objects (0.0/1.0 accelerator_type:G)
Result logdir: /workspace/MARLlib/runs/rware_mappo_gru_small_20m_tensorboard/mappo_gru_rware-small-4ag-v2
Number of trials: 1/1 (1 RUNNING)
+------------------------------------------------------+----------+-------------------+--------+------------------+-------------+----------+----------------------+----------------------+--------------------+
| Trial name                                           | status   | loc               |   iter |   total time (s) |          ts |   reward |   episode_reward_max |   episode_reward_min |   episode_len_mean |
|------------------------------------------------------+----------+-------------------+--------+------------------+-------------+----------+----------------------+----------------------+--------------------|
| MAPPOTrainer_rware_v2_rware-small-4ag-v2_fd22d_00000 | RUNNING  | 172.24.0.2:950918 |   1826 |          5223.64 | 3.65054e+07 |     4.38 |                    7 |                    2 |                500 |
+------------------------------------------------------+----------+-------------------+--------+------------------+-------------+----------+----------------------+----------------------+--------------------+


== Status ==
Current time: 2026-05-22 22:18:49 (running for 00:15:52.98)
Memory usage on this node: 62.8/251.6 GiB
Using FIFO scheduling algorithm.
Resources requested: 7.0/8 CPUs, 1.0/1 GPUs, 0.0/17.63 GiB heap, 0.0/8.82 GiB objects (0.0/1.0 accelerator_type:G)
Result logdir: /workspace/MARLlib/runs/rware_mappo_gru_small_20m_tensorboard/mappo_gru_rware-small-4ag-v2
Number of trials: 1/1 (1 RUNNING)
+------------------------------------------------------+----------+-------------------+--------+------------------+-------------+----------+----------------------+----------------------+--------------------+
| Trial name                                           | status   | loc               |   iter |   total time (s) |          ts |   reward |   episode_reward_max |   episode_reward_min |   episode_len_mean |
|------------------------------------------------------+----------+-------------------+--------+------------------+-------------+----------+----------------------+----------------------+--------------------|
| MAPPOTrainer_rware_v2_rware-small-4ag-v2_fd22d_00000 | RUNNING  | 172.24.0.2:950918 |   1828 |          5228.83 | 3.65454e+07 |      4.4 |                    7 |                    2 |                500 |
+------------------------------------------------------+----------+-------------------+--------+------------------+-------------+----------+----------------------+----------------------+--------------------+


== Status ==
Current time: 2026-05-22 22:18:54 (running for 00:15:58.19)
Memory usage on this node: 62.8/251.6 GiB
Using FIFO scheduling algorithm.
Resources requested: 7.0/8 CPUs, 1.0/1 GPUs, 0.0/17.63 GiB heap, 0.0/8.82 GiB objects (0.0/1.0 accelerator_type:G)
Result logdir: /workspace/MARLlib/runs/rware_mappo_gru_small_20m_tensorboard/mappo_gru_rware-small-4ag-v2
Number of trials: 1/1 (1 RUNNING)
+------------------------------------------------------+----------+-------------------+--------+------------------+-------------+----------+----------------------+----------------------+--------------------+
| Trial name                                           | status   | loc               |   iter |   total time (s) |          ts |   reward |   episode_reward_max |   episode_reward_min |   episode_len_mean |
|------------------------------------------------------+----------+-------------------+--------+------------------+-------------+----------+----------------------+----------------------+--------------------|
| MAPPOTrainer_rware_v2_rware-small-4ag-v2_fd22d_00000 | RUNNING  | 172.24.0.2:950918 |   1830 |          5233.99 | 3.65854e+07 |     4.49 |                    8 |                    2 |                500 |
+------------------------------------------------------+----------+-------------------+--------+------------------+-------------+----------+----------------------+----------------------+--------------------+


== Status ==
Current time: 2026-05-22 22:19:00 (running for 00:16:03.45)
Memory usage on this node: 62.9/251.6 GiB
Using FIFO scheduling algorithm.
Resources requested: 7.0/8 CPUs, 1.0/1 GPUs, 0.0/17.63 GiB heap, 0.0/8.82 GiB objects (0.0/1.0 accelerator_type:G)
Result logdir: /workspace/MARLlib/runs/rware_mappo_gru_small_20m_tensorboard/mappo_gru_rware-small-4ag-v2
Number of trials: 1/1 (1 RUNNING)
+------------------------------------------------------+----------+-------------------+--------+------------------+-------------+----------+----------------------+----------------------+--------------------+
| Trial name                                           | status   | loc               |   iter |   total time (s) |          ts |   reward |   episode_reward_max |   episode_reward_min |   episode_len_mean |
|------------------------------------------------------+----------+-------------------+--------+------------------+-------------+----------+----------------------+----------------------+--------------------|
| MAPPOTrainer_rware_v2_rware-small-4ag-v2_fd22d_00000 | RUNNING  | 172.24.0.2:950918 |   1832 |          5239.22 | 3.66253e+07 |     4.55 |                    8 |                    2 |                500 |
+------------------------------------------------------+----------+-------------------+--------+------------------+-------------+----------+----------------------+----------------------+--------------------+


== Status ==
Current time: 2026-05-22 22:19:05 (running for 00:16:08.58)
Memory usage on this node: 62.8/251.6 GiB
Using FIFO scheduling algorithm.
Resources requested: 7.0/8 CPUs, 1.0/1 GPUs, 0.0/17.63 GiB heap, 0.0/8.82 GiB objects (0.0/1.0 accelerator_type:G)
Result logdir: /workspace/MARLlib/runs/rware_mappo_gru_small_20m_tensorboard/mappo_gru_rware-small-4ag-v2
Number of trials: 1/1 (1 RUNNING)
+------------------------------------------------------+----------+-------------------+--------+------------------+-------------+----------+----------------------+----------------------+--------------------+
| Trial name                                           | status   | loc               |   iter |   total time (s) |          ts |   reward |   episode_reward_max |   episode_reward_min |   episode_len_mean |
|------------------------------------------------------+----------+-------------------+--------+------------------+-------------+----------+----------------------+----------------------+--------------------|
| MAPPOTrainer_rware_v2_rware-small-4ag-v2_fd22d_00000 | RUNNING  | 172.24.0.2:950918 |   1834 |          5244.31 | 3.66653e+07 |     4.51 |                    8 |                    2 |                500 |
+------------------------------------------------------+----------+-------------------+--------+------------------+-------------+----------+----------------------+----------------------+--------------------+


== Status ==
Current time: 2026-05-22 22:19:10 (running for 00:16:13.82)
Memory usage on this node: 62.8/251.6 GiB
Using FIFO scheduling algorithm.
Resources requested: 7.0/8 CPUs, 1.0/1 GPUs, 0.0/17.63 GiB heap, 0.0/8.82 GiB objects (0.0/1.0 accelerator_type:G)
Result logdir: /workspace/MARLlib/runs/rware_mappo_gru_small_20m_tensorboard/mappo_gru_rware-small-4ag-v2
Number of trials: 1/1 (1 RUNNING)
+------------------------------------------------------+----------+-------------------+--------+------------------+-------------+----------+----------------------+----------------------+--------------------+
| Trial name                                           | status   | loc               |   iter |   total time (s) |          ts |   reward |   episode_reward_max |   episode_reward_min |   episode_len_mean |
|------------------------------------------------------+----------+-------------------+--------+------------------+-------------+----------+----------------------+----------------------+--------------------|
| MAPPOTrainer_rware_v2_rware-small-4ag-v2_fd22d_00000 | RUNNING  | 172.24.0.2:950918 |   1836 |          5249.52 | 3.67053e+07 |      4.4 |                    8 |                    2 |                500 |
+------------------------------------------------------+----------+-------------------+--------+------------------+-------------+----------+----------------------+----------------------+--------------------+


== Status ==
Current time: 2026-05-22 22:19:15 (running for 00:16:19.09)
Memory usage on this node: 62.8/251.6 GiB
Using FIFO scheduling algorithm.
Resources requested: 7.0/8 CPUs, 1.0/1 GPUs, 0.0/17.63 GiB heap, 0.0/8.82 GiB objects (0.0/1.0 accelerator_type:G)
Result logdir: /workspace/MARLlib/runs/rware_mappo_gru_small_20m_tensorboard/mappo_gru_rware-small-4ag-v2
Number of trials: 1/1 (1 RUNNING)
+------------------------------------------------------+----------+-------------------+--------+------------------+-------------+----------+----------------------+----------------------+--------------------+
| Trial name                                           | status   | loc               |   iter |   total time (s) |          ts |   reward |   episode_reward_max |   episode_reward_min |   episode_len_mean |
|------------------------------------------------------+----------+-------------------+--------+------------------+-------------+----------+----------------------+----------------------+--------------------|
| MAPPOTrainer_rware_v2_rware-small-4ag-v2_fd22d_00000 | RUNNING  | 172.24.0.2:950918 |   1838 |          5254.74 | 3.67453e+07 |     4.36 |                    8 |                    2 |                500 |
+------------------------------------------------------+----------+-------------------+--------+------------------+-------------+----------+----------------------+----------------------+--------------------+


== Status ==
Current time: 2026-05-22 22:19:20 (running for 00:16:24.26)
Memory usage on this node: 62.8/251.6 GiB
Using FIFO scheduling algorithm.
Resources requested: 7.0/8 CPUs, 1.0/1 GPUs, 0.0/17.63 GiB heap, 0.0/8.82 GiB objects (0.0/1.0 accelerator_type:G)
Result logdir: /workspace/MARLlib/runs/rware_mappo_gru_small_20m_tensorboard/mappo_gru_rware-small-4ag-v2
Number of trials: 1/1 (1 RUNNING)
+------------------------------------------------------+----------+-------------------+--------+------------------+-------------+----------+----------------------+----------------------+--------------------+
| Trial name                                           | status   | loc               |   iter |   total time (s) |          ts |   reward |   episode_reward_max |   episode_reward_min |   episode_len_mean |
|------------------------------------------------------+----------+-------------------+--------+------------------+-------------+----------+----------------------+----------------------+--------------------|
| MAPPOTrainer_rware_v2_rware-small-4ag-v2_fd22d_00000 | RUNNING  | 172.24.0.2:950918 |   1840 |          5259.86 | 3.67853e+07 |     4.28 |                    7 |                    2 |                500 |
+------------------------------------------------------+----------+-------------------+--------+------------------+-------------+----------+----------------------+----------------------+--------------------+


== Status ==
Current time: 2026-05-22 22:19:26 (running for 00:16:29.45)
Memory usage on this node: 62.8/251.6 GiB
Using FIFO scheduling algorithm.
Resources requested: 7.0/8 CPUs, 1.0/1 GPUs, 0.0/17.63 GiB heap, 0.0/8.82 GiB objects (0.0/1.0 accelerator_type:G)
Result logdir: /workspace/MARLlib/runs/rware_mappo_gru_small_20m_tensorboard/mappo_gru_rware-small-4ag-v2
Number of trials: 1/1 (1 RUNNING)
+------------------------------------------------------+----------+-------------------+--------+------------------+-------------+----------+----------------------+----------------------+--------------------+
| Trial name                                           | status   | loc               |   iter |   total time (s) |          ts |   reward |   episode_reward_max |   episode_reward_min |   episode_len_mean |
|------------------------------------------------------+----------+-------------------+--------+------------------+-------------+----------+----------------------+----------------------+--------------------|
| MAPPOTrainer_rware_v2_rware-small-4ag-v2_fd22d_00000 | RUNNING  | 172.24.0.2:950918 |   1842 |          5264.98 | 3.68253e+07 |     4.18 |                    6 |                    2 |                500 |
+------------------------------------------------------+----------+-------------------+--------+------------------+-------------+----------+----------------------+----------------------+--------------------+


== Status ==
Current time: 2026-05-22 22:19:31 (running for 00:16:34.70)
Memory usage on this node: 62.8/251.6 GiB
Using FIFO scheduling algorithm.
Resources requested: 7.0/8 CPUs, 1.0/1 GPUs, 0.0/17.63 GiB heap, 0.0/8.82 GiB objects (0.0/1.0 accelerator_type:G)
Result logdir: /workspace/MARLlib/runs/rware_mappo_gru_small_20m_tensorboard/mappo_gru_rware-small-4ag-v2
Number of trials: 1/1 (1 RUNNING)
+------------------------------------------------------+----------+-------------------+--------+------------------+-------------+----------+----------------------+----------------------+--------------------+
| Trial name                                           | status   | loc               |   iter |   total time (s) |          ts |   reward |   episode_reward_max |   episode_reward_min |   episode_len_mean |
|------------------------------------------------------+----------+-------------------+--------+------------------+-------------+----------+----------------------+----------------------+--------------------|
| MAPPOTrainer_rware_v2_rware-small-4ag-v2_fd22d_00000 | RUNNING  | 172.24.0.2:950918 |   1844 |          5270.18 | 3.68652e+07 |     4.18 |                    6 |                    2 |                500 |
+------------------------------------------------------+----------+-------------------+--------+------------------+-------------+----------+----------------------+----------------------+--------------------+


== Status ==
Current time: 2026-05-22 22:19:36 (running for 00:16:40.01)
Memory usage on this node: 62.9/251.6 GiB
Using FIFO scheduling algorithm.
Resources requested: 7.0/8 CPUs, 1.0/1 GPUs, 0.0/17.63 GiB heap, 0.0/8.82 GiB objects (0.0/1.0 accelerator_type:G)
Result logdir: /workspace/MARLlib/runs/rware_mappo_gru_small_20m_tensorboard/mappo_gru_rware-small-4ag-v2
Number of trials: 1/1 (1 RUNNING)
+------------------------------------------------------+----------+-------------------+--------+------------------+-------------+----------+----------------------+----------------------+--------------------+
| Trial name                                           | status   | loc               |   iter |   total time (s) |          ts |   reward |   episode_reward_max |   episode_reward_min |   episode_len_mean |
|------------------------------------------------------+----------+-------------------+--------+------------------+-------------+----------+----------------------+----------------------+--------------------|
| MAPPOTrainer_rware_v2_rware-small-4ag-v2_fd22d_00000 | RUNNING  | 172.24.0.2:950918 |   1846 |          5275.43 | 3.69052e+07 |     4.22 |                    6 |                    3 |                500 |
+------------------------------------------------------+----------+-------------------+--------+------------------+-------------+----------+----------------------+----------------------+--------------------+


== Status ==
Current time: 2026-05-22 22:19:41 (running for 00:16:45.38)
Memory usage on this node: 62.9/251.6 GiB
Using FIFO scheduling algorithm.
Resources requested: 7.0/8 CPUs, 1.0/1 GPUs, 0.0/17.63 GiB heap, 0.0/8.82 GiB objects (0.0/1.0 accelerator_type:G)
Result logdir: /workspace/MARLlib/runs/rware_mappo_gru_small_20m_tensorboard/mappo_gru_rware-small-4ag-v2
Number of trials: 1/1 (1 RUNNING)
+------------------------------------------------------+----------+-------------------+--------+------------------+-------------+----------+----------------------+----------------------+--------------------+
| Trial name                                           | status   | loc               |   iter |   total time (s) |          ts |   reward |   episode_reward_max |   episode_reward_min |   episode_len_mean |
|------------------------------------------------------+----------+-------------------+--------+------------------+-------------+----------+----------------------+----------------------+--------------------|
| MAPPOTrainer_rware_v2_rware-small-4ag-v2_fd22d_00000 | RUNNING  | 172.24.0.2:950918 |   1848 |          5280.75 | 3.69452e+07 |     4.23 |                    6 |                    3 |                500 |
+------------------------------------------------------+----------+-------------------+--------+------------------+-------------+----------+----------------------+----------------------+--------------------+


== Status ==
Current time: 2026-05-22 22:19:47 (running for 00:16:50.96)
Memory usage on this node: 62.9/251.6 GiB
Using FIFO scheduling algorithm.
Resources requested: 7.0/8 CPUs, 1.0/1 GPUs, 0.0/17.63 GiB heap, 0.0/8.82 GiB objects (0.0/1.0 accelerator_type:G)
Result logdir: /workspace/MARLlib/runs/rware_mappo_gru_small_20m_tensorboard/mappo_gru_rware-small-4ag-v2
Number of trials: 1/1 (1 RUNNING)
+------------------------------------------------------+----------+-------------------+--------+------------------+-------------+----------+----------------------+----------------------+--------------------+
| Trial name                                           | status   | loc               |   iter |   total time (s) |          ts |   reward |   episode_reward_max |   episode_reward_min |   episode_len_mean |
|------------------------------------------------------+----------+-------------------+--------+------------------+-------------+----------+----------------------+----------------------+--------------------|
| MAPPOTrainer_rware_v2_rware-small-4ag-v2_fd22d_00000 | RUNNING  | 172.24.0.2:950918 |   1849 |          5283.29 | 3.69652e+07 |     4.23 |                    6 |                    2 |                500 |
+------------------------------------------------------+----------+-------------------+--------+------------------+-------------+----------+----------------------+----------------------+--------------------+


== Status ==
Current time: 2026-05-22 22:19:52 (running for 00:16:55.96)
Memory usage on this node: 62.8/251.6 GiB
Using FIFO scheduling algorithm.
Resources requested: 7.0/8 CPUs, 1.0/1 GPUs, 0.0/17.63 GiB heap, 0.0/8.82 GiB objects (0.0/1.0 accelerator_type:G)
Result logdir: /workspace/MARLlib/runs/rware_mappo_gru_small_20m_tensorboard/mappo_gru_rware-small-4ag-v2
Number of trials: 1/1 (1 RUNNING)
+------------------------------------------------------+----------+-------------------+--------+------------------+-------------+----------+----------------------+----------------------+--------------------+
| Trial name                                           | status   | loc               |   iter |   total time (s) |          ts |   reward |   episode_reward_max |   episode_reward_min |   episode_len_mean |
|------------------------------------------------------+----------+-------------------+--------+------------------+-------------+----------+----------------------+----------------------+--------------------|
| MAPPOTrainer_rware_v2_rware-small-4ag-v2_fd22d_00000 | RUNNING  | 172.24.0.2:950918 |   1849 |          5283.29 | 3.69652e+07 |     4.23 |                    6 |                    2 |                500 |
+------------------------------------------------------+----------+-------------------+--------+------------------+-------------+----------+----------------------+----------------------+--------------------+


== Status ==
Current time: 2026-05-22 22:19:57 (running for 00:17:00.97)
Memory usage on this node: 62.9/251.6 GiB
Using FIFO scheduling algorithm.
Resources requested: 7.0/8 CPUs, 1.0/1 GPUs, 0.0/17.63 GiB heap, 0.0/8.82 GiB objects (0.0/1.0 accelerator_type:G)
Result logdir: /workspace/MARLlib/runs/rware_mappo_gru_small_20m_tensorboard/mappo_gru_rware-small-4ag-v2
Number of trials: 1/1 (1 RUNNING)
+------------------------------------------------------+----------+-------------------+--------+------------------+-------------+----------+----------------------+----------------------+--------------------+
| Trial name                                           | status   | loc               |   iter |   total time (s) |          ts |   reward |   episode_reward_max |   episode_reward_min |   episode_len_mean |
|------------------------------------------------------+----------+-------------------+--------+------------------+-------------+----------+----------------------+----------------------+--------------------|
| MAPPOTrainer_rware_v2_rware-small-4ag-v2_fd22d_00000 | RUNNING  | 172.24.0.2:950918 |   1849 |          5283.29 | 3.69652e+07 |     4.23 |                    6 |                    2 |                500 |
+------------------------------------------------------+----------+-------------------+--------+------------------+-------------+----------+----------------------+----------------------+--------------------+


== Status ==
Current time: 2026-05-22 22:20:03 (running for 00:17:06.62)
Memory usage on this node: 62.8/251.6 GiB
Using FIFO scheduling algorithm.
Resources requested: 7.0/8 CPUs, 1.0/1 GPUs, 0.0/17.63 GiB heap, 0.0/8.82 GiB objects (0.0/1.0 accelerator_type:G)
Result logdir: /workspace/MARLlib/runs/rware_mappo_gru_small_20m_tensorboard/mappo_gru_rware-small-4ag-v2
Number of trials: 1/1 (1 RUNNING)
+------------------------------------------------------+----------+-------------------+--------+------------------+-------------+----------+----------------------+----------------------+--------------------+
| Trial name                                           | status   | loc               |   iter |   total time (s) |          ts |   reward |   episode_reward_max |   episode_reward_min |   episode_len_mean |
|------------------------------------------------------+----------+-------------------+--------+------------------+-------------+----------+----------------------+----------------------+--------------------|
| MAPPOTrainer_rware_v2_rware-small-4ag-v2_fd22d_00000 | RUNNING  | 172.24.0.2:950918 |   1852 |          5303.87 | 3.70252e+07 |     4.19 |                    6 |                    2 |                500 |
+------------------------------------------------------+----------+-------------------+--------+------------------+-------------+----------+----------------------+----------------------+--------------------+


== Status ==
Current time: 2026-05-22 22:20:08 (running for 00:17:11.82)
Memory usage on this node: 62.8/251.6 GiB
Using FIFO scheduling algorithm.
Resources requested: 7.0/8 CPUs, 1.0/1 GPUs, 0.0/17.63 GiB heap, 0.0/8.82 GiB objects (0.0/1.0 accelerator_type:G)
Result logdir: /workspace/MARLlib/runs/rware_mappo_gru_small_20m_tensorboard/mappo_gru_rware-small-4ag-v2
Number of trials: 1/1 (1 RUNNING)
+------------------------------------------------------+----------+-------------------+--------+------------------+-------------+----------+----------------------+----------------------+--------------------+
| Trial name                                           | status   | loc               |   iter |   total time (s) |          ts |   reward |   episode_reward_max |   episode_reward_min |   episode_len_mean |
|------------------------------------------------------+----------+-------------------+--------+------------------+-------------+----------+----------------------+----------------------+--------------------|
| MAPPOTrainer_rware_v2_rware-small-4ag-v2_fd22d_00000 | RUNNING  | 172.24.0.2:950918 |   1854 |          5309.02 | 3.70652e+07 |     4.17 |                    6 |                    2 |                500 |
+------------------------------------------------------+----------+-------------------+--------+------------------+-------------+----------+----------------------+----------------------+--------------------+


== Status ==
Current time: 2026-05-22 22:20:13 (running for 00:17:17.22)
Memory usage on this node: 62.8/251.6 GiB
Using FIFO scheduling algorithm.
Resources requested: 7.0/8 CPUs, 1.0/1 GPUs, 0.0/17.63 GiB heap, 0.0/8.82 GiB objects (0.0/1.0 accelerator_type:G)
Result logdir: /workspace/MARLlib/runs/rware_mappo_gru_small_20m_tensorboard/mappo_gru_rware-small-4ag-v2
Number of trials: 1/1 (1 RUNNING)
+------------------------------------------------------+----------+-------------------+--------+------------------+-------------+----------+----------------------+----------------------+--------------------+
| Trial name                                           | status   | loc               |   iter |   total time (s) |          ts |   reward |   episode_reward_max |   episode_reward_min |   episode_len_mean |
|------------------------------------------------------+----------+-------------------+--------+------------------+-------------+----------+----------------------+----------------------+--------------------|
| MAPPOTrainer_rware_v2_rware-small-4ag-v2_fd22d_00000 | RUNNING  | 172.24.0.2:950918 |   1856 |          5314.36 | 3.71052e+07 |     4.06 |                    6 |                    2 |                500 |
+------------------------------------------------------+----------+-------------------+--------+------------------+-------------+----------+----------------------+----------------------+--------------------+


== Status ==
Current time: 2026-05-22 22:20:19 (running for 00:17:22.54)
Memory usage on this node: 62.8/251.6 GiB
Using FIFO scheduling algorithm.
Resources requested: 7.0/8 CPUs, 1.0/1 GPUs, 0.0/17.63 GiB heap, 0.0/8.82 GiB objects (0.0/1.0 accelerator_type:G)
Result logdir: /workspace/MARLlib/runs/rware_mappo_gru_small_20m_tensorboard/mappo_gru_rware-small-4ag-v2
Number of trials: 1/1 (1 RUNNING)
+------------------------------------------------------+----------+-------------------+--------+------------------+-------------+----------+----------------------+----------------------+--------------------+
| Trial name                                           | status   | loc               |   iter |   total time (s) |          ts |   reward |   episode_reward_max |   episode_reward_min |   episode_len_mean |
|------------------------------------------------------+----------+-------------------+--------+------------------+-------------+----------+----------------------+----------------------+--------------------|
| MAPPOTrainer_rware_v2_rware-small-4ag-v2_fd22d_00000 | RUNNING  | 172.24.0.2:950918 |   1858 |          5319.64 | 3.71451e+07 |     4.04 |                    6 |                    2 |                500 |
+------------------------------------------------------+----------+-------------------+--------+------------------+-------------+----------+----------------------+----------------------+--------------------+


== Status ==
Current time: 2026-05-22 22:20:24 (running for 00:17:27.75)
Memory usage on this node: 62.9/251.6 GiB
Using FIFO scheduling algorithm.
Resources requested: 7.0/8 CPUs, 1.0/1 GPUs, 0.0/17.63 GiB heap, 0.0/8.82 GiB objects (0.0/1.0 accelerator_type:G)
Result logdir: /workspace/MARLlib/runs/rware_mappo_gru_small_20m_tensorboard/mappo_gru_rware-small-4ag-v2
Number of trials: 1/1 (1 RUNNING)
+------------------------------------------------------+----------+-------------------+--------+------------------+-------------+----------+----------------------+----------------------+--------------------+
| Trial name                                           | status   | loc               |   iter |   total time (s) |          ts |   reward |   episode_reward_max |   episode_reward_min |   episode_len_mean |
|------------------------------------------------------+----------+-------------------+--------+------------------+-------------+----------+----------------------+----------------------+--------------------|
| MAPPOTrainer_rware_v2_rware-small-4ag-v2_fd22d_00000 | RUNNING  | 172.24.0.2:950918 |   1860 |           5324.8 | 3.71851e+07 |     4.07 |                    6 |                    2 |                500 |
+------------------------------------------------------+----------+-------------------+--------+------------------+-------------+----------+----------------------+----------------------+--------------------+


== Status ==
Current time: 2026-05-22 22:20:29 (running for 00:17:33.03)
Memory usage on this node: 62.8/251.6 GiB
Using FIFO scheduling algorithm.
Resources requested: 7.0/8 CPUs, 1.0/1 GPUs, 0.0/17.63 GiB heap, 0.0/8.82 GiB objects (0.0/1.0 accelerator_type:G)
Result logdir: /workspace/MARLlib/runs/rware_mappo_gru_small_20m_tensorboard/mappo_gru_rware-small-4ag-v2
Number of trials: 1/1 (1 RUNNING)
+------------------------------------------------------+----------+-------------------+--------+------------------+-------------+----------+----------------------+----------------------+--------------------+
| Trial name                                           | status   | loc               |   iter |   total time (s) |          ts |   reward |   episode_reward_max |   episode_reward_min |   episode_len_mean |
|------------------------------------------------------+----------+-------------------+--------+------------------+-------------+----------+----------------------+----------------------+--------------------|
| MAPPOTrainer_rware_v2_rware-small-4ag-v2_fd22d_00000 | RUNNING  | 172.24.0.2:950918 |   1862 |          5330.02 | 3.72251e+07 |     4.06 |                    6 |                    2 |                500 |
+------------------------------------------------------+----------+-------------------+--------+------------------+-------------+----------+----------------------+----------------------+--------------------+


== Status ==
Current time: 2026-05-22 22:20:34 (running for 00:17:38.28)
Memory usage on this node: 62.9/251.6 GiB
Using FIFO scheduling algorithm.
Resources requested: 7.0/8 CPUs, 1.0/1 GPUs, 0.0/17.63 GiB heap, 0.0/8.82 GiB objects (0.0/1.0 accelerator_type:G)
Result logdir: /workspace/MARLlib/runs/rware_mappo_gru_small_20m_tensorboard/mappo_gru_rware-small-4ag-v2
Number of trials: 1/1 (1 RUNNING)
+------------------------------------------------------+----------+-------------------+--------+------------------+-------------+----------+----------------------+----------------------+--------------------+
| Trial name                                           | status   | loc               |   iter |   total time (s) |          ts |   reward |   episode_reward_max |   episode_reward_min |   episode_len_mean |
|------------------------------------------------------+----------+-------------------+--------+------------------+-------------+----------+----------------------+----------------------+--------------------|
| MAPPOTrainer_rware_v2_rware-small-4ag-v2_fd22d_00000 | RUNNING  | 172.24.0.2:950918 |   1864 |          5335.21 | 3.72651e+07 |     4.05 |                    6 |                    2 |                500 |
+------------------------------------------------------+----------+-------------------+--------+------------------+-------------+----------+----------------------+----------------------+--------------------+


== Status ==
Current time: 2026-05-22 22:20:40 (running for 00:17:43.58)
Memory usage on this node: 62.8/251.6 GiB
Using FIFO scheduling algorithm.
Resources requested: 7.0/8 CPUs, 1.0/1 GPUs, 0.0/17.63 GiB heap, 0.0/8.82 GiB objects (0.0/1.0 accelerator_type:G)
Result logdir: /workspace/MARLlib/runs/rware_mappo_gru_small_20m_tensorboard/mappo_gru_rware-small-4ag-v2
Number of trials: 1/1 (1 RUNNING)
+------------------------------------------------------+----------+-------------------+--------+------------------+-------------+----------+----------------------+----------------------+--------------------+
| Trial name                                           | status   | loc               |   iter |   total time (s) |          ts |   reward |   episode_reward_max |   episode_reward_min |   episode_len_mean |
|------------------------------------------------------+----------+-------------------+--------+------------------+-------------+----------+----------------------+----------------------+--------------------|
| MAPPOTrainer_rware_v2_rware-small-4ag-v2_fd22d_00000 | RUNNING  | 172.24.0.2:950918 |   1866 |          5340.45 | 3.73051e+07 |     4.09 |                    6 |                    1 |                500 |
+------------------------------------------------------+----------+-------------------+--------+------------------+-------------+----------+----------------------+----------------------+--------------------+


== Status ==
Current time: 2026-05-22 22:20:45 (running for 00:17:49.05)
Memory usage on this node: 62.9/251.6 GiB
Using FIFO scheduling algorithm.
Resources requested: 7.0/8 CPUs, 1.0/1 GPUs, 0.0/17.63 GiB heap, 0.0/8.82 GiB objects (0.0/1.0 accelerator_type:G)
Result logdir: /workspace/MARLlib/runs/rware_mappo_gru_small_20m_tensorboard/mappo_gru_rware-small-4ag-v2
Number of trials: 1/1 (1 RUNNING)
+------------------------------------------------------+----------+-------------------+--------+------------------+-------------+----------+----------------------+----------------------+--------------------+
| Trial name                                           | status   | loc               |   iter |   total time (s) |          ts |   reward |   episode_reward_max |   episode_reward_min |   episode_len_mean |
|------------------------------------------------------+----------+-------------------+--------+------------------+-------------+----------+----------------------+----------------------+--------------------|
| MAPPOTrainer_rware_v2_rware-small-4ag-v2_fd22d_00000 | RUNNING  | 172.24.0.2:950918 |   1868 |          5345.86 | 3.73451e+07 |      4.1 |                    6 |                    1 |                500 |
+------------------------------------------------------+----------+-------------------+--------+------------------+-------------+----------+----------------------+----------------------+--------------------+


== Status ==
Current time: 2026-05-22 22:20:50 (running for 00:17:54.38)
Memory usage on this node: 62.8/251.6 GiB
Using FIFO scheduling algorithm.
Resources requested: 7.0/8 CPUs, 1.0/1 GPUs, 0.0/17.63 GiB heap, 0.0/8.82 GiB objects (0.0/1.0 accelerator_type:G)
Result logdir: /workspace/MARLlib/runs/rware_mappo_gru_small_20m_tensorboard/mappo_gru_rware-small-4ag-v2
Number of trials: 1/1 (1 RUNNING)
+------------------------------------------------------+----------+-------------------+--------+------------------+------------+----------+----------------------+----------------------+--------------------+
| Trial name                                           | status   | loc               |   iter |   total time (s) |         ts |   reward |   episode_reward_max |   episode_reward_min |   episode_len_mean |
|------------------------------------------------------+----------+-------------------+--------+------------------+------------+----------+----------------------+----------------------+--------------------|
| MAPPOTrainer_rware_v2_rware-small-4ag-v2_fd22d_00000 | RUNNING  | 172.24.0.2:950918 |   1870 |          5351.14 | 3.7385e+07 |     4.11 |                    6 |                    1 |                500 |
+------------------------------------------------------+----------+-------------------+--------+------------------+------------+----------+----------------------+----------------------+--------------------+


== Status ==
Current time: 2026-05-22 22:20:56 (running for 00:17:59.81)
Memory usage on this node: 62.9/251.6 GiB
Using FIFO scheduling algorithm.
Resources requested: 7.0/8 CPUs, 1.0/1 GPUs, 0.0/17.63 GiB heap, 0.0/8.82 GiB objects (0.0/1.0 accelerator_type:G)
Result logdir: /workspace/MARLlib/runs/rware_mappo_gru_small_20m_tensorboard/mappo_gru_rware-small-4ag-v2
Number of trials: 1/1 (1 RUNNING)
+------------------------------------------------------+----------+-------------------+--------+------------------+------------+----------+----------------------+----------------------+--------------------+
| Trial name                                           | status   | loc               |   iter |   total time (s) |         ts |   reward |   episode_reward_max |   episode_reward_min |   episode_len_mean |
|------------------------------------------------------+----------+-------------------+--------+------------------+------------+----------+----------------------+----------------------+--------------------|
| MAPPOTrainer_rware_v2_rware-small-4ag-v2_fd22d_00000 | RUNNING  | 172.24.0.2:950918 |   1872 |          5356.52 | 3.7425e+07 |     4.25 |                    6 |                    1 |                500 |
+------------------------------------------------------+----------+-------------------+--------+------------------+------------+----------+----------------------+----------------------+--------------------+


== Status ==
Current time: 2026-05-22 22:21:01 (running for 00:18:05.05)
Memory usage on this node: 62.9/251.6 GiB
Using FIFO scheduling algorithm.
Resources requested: 7.0/8 CPUs, 1.0/1 GPUs, 0.0/17.63 GiB heap, 0.0/8.82 GiB objects (0.0/1.0 accelerator_type:G)
Result logdir: /workspace/MARLlib/runs/rware_mappo_gru_small_20m_tensorboard/mappo_gru_rware-small-4ag-v2
Number of trials: 1/1 (1 RUNNING)
+------------------------------------------------------+----------+-------------------+--------+------------------+------------+----------+----------------------+----------------------+--------------------+
| Trial name                                           | status   | loc               |   iter |   total time (s) |         ts |   reward |   episode_reward_max |   episode_reward_min |   episode_len_mean |
|------------------------------------------------------+----------+-------------------+--------+------------------+------------+----------+----------------------+----------------------+--------------------|
| MAPPOTrainer_rware_v2_rware-small-4ag-v2_fd22d_00000 | RUNNING  | 172.24.0.2:950918 |   1874 |           5361.7 | 3.7465e+07 |     4.27 |                    6 |                    1 |                500 |
+------------------------------------------------------+----------+-------------------+--------+------------------+------------+----------+----------------------+----------------------+--------------------+


== Status ==
Current time: 2026-05-22 22:21:06 (running for 00:18:10.28)
Memory usage on this node: 62.8/251.6 GiB
Using FIFO scheduling algorithm.
Resources requested: 7.0/8 CPUs, 1.0/1 GPUs, 0.0/17.63 GiB heap, 0.0/8.82 GiB objects (0.0/1.0 accelerator_type:G)
Result logdir: /workspace/MARLlib/runs/rware_mappo_gru_small_20m_tensorboard/mappo_gru_rware-small-4ag-v2
Number of trials: 1/1 (1 RUNNING)
+------------------------------------------------------+----------+-------------------+--------+------------------+------------+----------+----------------------+----------------------+--------------------+
| Trial name                                           | status   | loc               |   iter |   total time (s) |         ts |   reward |   episode_reward_max |   episode_reward_min |   episode_len_mean |
|------------------------------------------------------+----------+-------------------+--------+------------------+------------+----------+----------------------+----------------------+--------------------|
| MAPPOTrainer_rware_v2_rware-small-4ag-v2_fd22d_00000 | RUNNING  | 172.24.0.2:950918 |   1876 |          5366.87 | 3.7505e+07 |     4.29 |                    6 |                    1 |                500 |
+------------------------------------------------------+----------+-------------------+--------+------------------+------------+----------+----------------------+----------------------+--------------------+


== Status ==
Current time: 2026-05-22 22:21:11 (running for 00:18:15.38)
Memory usage on this node: 62.8/251.6 GiB
Using FIFO scheduling algorithm.
Resources requested: 7.0/8 CPUs, 1.0/1 GPUs, 0.0/17.63 GiB heap, 0.0/8.82 GiB objects (0.0/1.0 accelerator_type:G)
Result logdir: /workspace/MARLlib/runs/rware_mappo_gru_small_20m_tensorboard/mappo_gru_rware-small-4ag-v2
Number of trials: 1/1 (1 RUNNING)
+------------------------------------------------------+----------+-------------------+--------+------------------+------------+----------+----------------------+----------------------+--------------------+
| Trial name                                           | status   | loc               |   iter |   total time (s) |         ts |   reward |   episode_reward_max |   episode_reward_min |   episode_len_mean |
|------------------------------------------------------+----------+-------------------+--------+------------------+------------+----------+----------------------+----------------------+--------------------|
| MAPPOTrainer_rware_v2_rware-small-4ag-v2_fd22d_00000 | RUNNING  | 172.24.0.2:950918 |   1878 |          5371.93 | 3.7545e+07 |     4.25 |                    6 |                    1 |                500 |
+------------------------------------------------------+----------+-------------------+--------+------------------+------------+----------+----------------------+----------------------+--------------------+


== Status ==
Current time: 2026-05-22 22:21:17 (running for 00:18:20.67)
Memory usage on this node: 62.8/251.6 GiB
Using FIFO scheduling algorithm.
Resources requested: 7.0/8 CPUs, 1.0/1 GPUs, 0.0/17.63 GiB heap, 0.0/8.82 GiB objects (0.0/1.0 accelerator_type:G)
Result logdir: /workspace/MARLlib/runs/rware_mappo_gru_small_20m_tensorboard/mappo_gru_rware-small-4ag-v2
Number of trials: 1/1 (1 RUNNING)
+------------------------------------------------------+----------+-------------------+--------+------------------+------------+----------+----------------------+----------------------+--------------------+
| Trial name                                           | status   | loc               |   iter |   total time (s) |         ts |   reward |   episode_reward_max |   episode_reward_min |   episode_len_mean |
|------------------------------------------------------+----------+-------------------+--------+------------------+------------+----------+----------------------+----------------------+--------------------|
| MAPPOTrainer_rware_v2_rware-small-4ag-v2_fd22d_00000 | RUNNING  | 172.24.0.2:950918 |   1880 |          5377.17 | 3.7585e+07 |     4.26 |                    7 |                    1 |                500 |
+------------------------------------------------------+----------+-------------------+--------+------------------+------------+----------+----------------------+----------------------+--------------------+


== Status ==
Current time: 2026-05-22 22:21:22 (running for 00:18:25.92)
Memory usage on this node: 62.8/251.6 GiB
Using FIFO scheduling algorithm.
Resources requested: 7.0/8 CPUs, 1.0/1 GPUs, 0.0/17.63 GiB heap, 0.0/8.82 GiB objects (0.0/1.0 accelerator_type:G)
Result logdir: /workspace/MARLlib/runs/rware_mappo_gru_small_20m_tensorboard/mappo_gru_rware-small-4ag-v2
Number of trials: 1/1 (1 RUNNING)
+------------------------------------------------------+----------+-------------------+--------+------------------+-------------+----------+----------------------+----------------------+--------------------+
| Trial name                                           | status   | loc               |   iter |   total time (s) |          ts |   reward |   episode_reward_max |   episode_reward_min |   episode_len_mean |
|------------------------------------------------------+----------+-------------------+--------+------------------+-------------+----------+----------------------+----------------------+--------------------|
| MAPPOTrainer_rware_v2_rware-small-4ag-v2_fd22d_00000 | RUNNING  | 172.24.0.2:950918 |   1882 |          5382.37 | 3.76249e+07 |     4.24 |                    7 |                    1 |                500 |
+------------------------------------------------------+----------+-------------------+--------+------------------+-------------+----------+----------------------+----------------------+--------------------+


== Status ==
Current time: 2026-05-22 22:21:27 (running for 00:18:30.99)
Memory usage on this node: 62.8/251.6 GiB
Using FIFO scheduling algorithm.
Resources requested: 7.0/8 CPUs, 1.0/1 GPUs, 0.0/17.63 GiB heap, 0.0/8.82 GiB objects (0.0/1.0 accelerator_type:G)
Result logdir: /workspace/MARLlib/runs/rware_mappo_gru_small_20m_tensorboard/mappo_gru_rware-small-4ag-v2
Number of trials: 1/1 (1 RUNNING)
+------------------------------------------------------+----------+-------------------+--------+------------------+-------------+----------+----------------------+----------------------+--------------------+
| Trial name                                           | status   | loc               |   iter |   total time (s) |          ts |   reward |   episode_reward_max |   episode_reward_min |   episode_len_mean |
|------------------------------------------------------+----------+-------------------+--------+------------------+-------------+----------+----------------------+----------------------+--------------------|
| MAPPOTrainer_rware_v2_rware-small-4ag-v2_fd22d_00000 | RUNNING  | 172.24.0.2:950918 |   1884 |          5387.38 | 3.76649e+07 |     4.23 |                    7 |                    2 |                500 |
+------------------------------------------------------+----------+-------------------+--------+------------------+-------------+----------+----------------------+----------------------+--------------------+


== Status ==
Current time: 2026-05-22 22:21:32 (running for 00:18:36.36)
Memory usage on this node: 62.8/251.6 GiB
Using FIFO scheduling algorithm.
Resources requested: 7.0/8 CPUs, 1.0/1 GPUs, 0.0/17.63 GiB heap, 0.0/8.82 GiB objects (0.0/1.0 accelerator_type:G)
Result logdir: /workspace/MARLlib/runs/rware_mappo_gru_small_20m_tensorboard/mappo_gru_rware-small-4ag-v2
Number of trials: 1/1 (1 RUNNING)
+------------------------------------------------------+----------+-------------------+--------+------------------+-------------+----------+----------------------+----------------------+--------------------+
| Trial name                                           | status   | loc               |   iter |   total time (s) |          ts |   reward |   episode_reward_max |   episode_reward_min |   episode_len_mean |
|------------------------------------------------------+----------+-------------------+--------+------------------+-------------+----------+----------------------+----------------------+--------------------|
| MAPPOTrainer_rware_v2_rware-small-4ag-v2_fd22d_00000 | RUNNING  | 172.24.0.2:950918 |   1886 |          5392.69 | 3.77049e+07 |     4.29 |                    7 |                    3 |                500 |
+------------------------------------------------------+----------+-------------------+--------+------------------+-------------+----------+----------------------+----------------------+--------------------+


== Status ==
Current time: 2026-05-22 22:21:38 (running for 00:18:41.71)
Memory usage on this node: 62.8/251.6 GiB
Using FIFO scheduling algorithm.
Resources requested: 7.0/8 CPUs, 1.0/1 GPUs, 0.0/17.63 GiB heap, 0.0/8.82 GiB objects (0.0/1.0 accelerator_type:G)
Result logdir: /workspace/MARLlib/runs/rware_mappo_gru_small_20m_tensorboard/mappo_gru_rware-small-4ag-v2
Number of trials: 1/1 (1 RUNNING)
+------------------------------------------------------+----------+-------------------+--------+------------------+-------------+----------+----------------------+----------------------+--------------------+
| Trial name                                           | status   | loc               |   iter |   total time (s) |          ts |   reward |   episode_reward_max |   episode_reward_min |   episode_len_mean |
|------------------------------------------------------+----------+-------------------+--------+------------------+-------------+----------+----------------------+----------------------+--------------------|
| MAPPOTrainer_rware_v2_rware-small-4ag-v2_fd22d_00000 | RUNNING  | 172.24.0.2:950918 |   1888 |             5398 | 3.77449e+07 |      4.4 |                    7 |                    3 |                500 |
+------------------------------------------------------+----------+-------------------+--------+------------------+-------------+----------+----------------------+----------------------+--------------------+


== Status ==
Current time: 2026-05-22 22:21:43 (running for 00:18:46.92)
Memory usage on this node: 62.8/251.6 GiB
Using FIFO scheduling algorithm.
Resources requested: 7.0/8 CPUs, 1.0/1 GPUs, 0.0/17.63 GiB heap, 0.0/8.82 GiB objects (0.0/1.0 accelerator_type:G)
Result logdir: /workspace/MARLlib/runs/rware_mappo_gru_small_20m_tensorboard/mappo_gru_rware-small-4ag-v2
Number of trials: 1/1 (1 RUNNING)
+------------------------------------------------------+----------+-------------------+--------+------------------+-------------+----------+----------------------+----------------------+--------------------+
| Trial name                                           | status   | loc               |   iter |   total time (s) |          ts |   reward |   episode_reward_max |   episode_reward_min |   episode_len_mean |
|------------------------------------------------------+----------+-------------------+--------+------------------+-------------+----------+----------------------+----------------------+--------------------|
| MAPPOTrainer_rware_v2_rware-small-4ag-v2_fd22d_00000 | RUNNING  | 172.24.0.2:950918 |   1890 |          5403.15 | 3.77849e+07 |     4.33 |                    7 |                    3 |                500 |
+------------------------------------------------------+----------+-------------------+--------+------------------+-------------+----------+----------------------+----------------------+--------------------+


== Status ==
Current time: 2026-05-22 22:21:48 (running for 00:18:52.11)
Memory usage on this node: 62.9/251.6 GiB
Using FIFO scheduling algorithm.
Resources requested: 7.0/8 CPUs, 1.0/1 GPUs, 0.0/17.63 GiB heap, 0.0/8.82 GiB objects (0.0/1.0 accelerator_type:G)
Result logdir: /workspace/MARLlib/runs/rware_mappo_gru_small_20m_tensorboard/mappo_gru_rware-small-4ag-v2
Number of trials: 1/1 (1 RUNNING)
+------------------------------------------------------+----------+-------------------+--------+------------------+-------------+----------+----------------------+----------------------+--------------------+
| Trial name                                           | status   | loc               |   iter |   total time (s) |          ts |   reward |   episode_reward_max |   episode_reward_min |   episode_len_mean |
|------------------------------------------------------+----------+-------------------+--------+------------------+-------------+----------+----------------------+----------------------+--------------------|
| MAPPOTrainer_rware_v2_rware-small-4ag-v2_fd22d_00000 | RUNNING  | 172.24.0.2:950918 |   1892 |          5408.29 | 3.78249e+07 |     4.35 |                    7 |                    3 |                500 |
+------------------------------------------------------+----------+-------------------+--------+------------------+-------------+----------+----------------------+----------------------+--------------------+


== Status ==
Current time: 2026-05-22 22:21:54 (running for 00:18:57.43)
Memory usage on this node: 62.8/251.6 GiB
Using FIFO scheduling algorithm.
Resources requested: 7.0/8 CPUs, 1.0/1 GPUs, 0.0/17.63 GiB heap, 0.0/8.82 GiB objects (0.0/1.0 accelerator_type:G)
Result logdir: /workspace/MARLlib/runs/rware_mappo_gru_small_20m_tensorboard/mappo_gru_rware-small-4ag-v2
Number of trials: 1/1 (1 RUNNING)
+------------------------------------------------------+----------+-------------------+--------+------------------+-------------+----------+----------------------+----------------------+--------------------+
| Trial name                                           | status   | loc               |   iter |   total time (s) |          ts |   reward |   episode_reward_max |   episode_reward_min |   episode_len_mean |
|------------------------------------------------------+----------+-------------------+--------+------------------+-------------+----------+----------------------+----------------------+--------------------|
| MAPPOTrainer_rware_v2_rware-small-4ag-v2_fd22d_00000 | RUNNING  | 172.24.0.2:950918 |   1894 |          5413.55 | 3.78648e+07 |     4.37 |                    7 |                    3 |                500 |
+------------------------------------------------------+----------+-------------------+--------+------------------+-------------+----------+----------------------+----------------------+--------------------+


== Status ==
Current time: 2026-05-22 22:21:59 (running for 00:19:02.71)
Memory usage on this node: 62.8/251.6 GiB
Using FIFO scheduling algorithm.
Resources requested: 7.0/8 CPUs, 1.0/1 GPUs, 0.0/17.63 GiB heap, 0.0/8.82 GiB objects (0.0/1.0 accelerator_type:G)
Result logdir: /workspace/MARLlib/runs/rware_mappo_gru_small_20m_tensorboard/mappo_gru_rware-small-4ag-v2
Number of trials: 1/1 (1 RUNNING)
+------------------------------------------------------+----------+-------------------+--------+------------------+-------------+----------+----------------------+----------------------+--------------------+
| Trial name                                           | status   | loc               |   iter |   total time (s) |          ts |   reward |   episode_reward_max |   episode_reward_min |   episode_len_mean |
|------------------------------------------------------+----------+-------------------+--------+------------------+-------------+----------+----------------------+----------------------+--------------------|
| MAPPOTrainer_rware_v2_rware-small-4ag-v2_fd22d_00000 | RUNNING  | 172.24.0.2:950918 |   1896 |          5418.79 | 3.79048e+07 |     4.45 |                    7 |                    3 |                500 |
+------------------------------------------------------+----------+-------------------+--------+------------------+-------------+----------+----------------------+----------------------+--------------------+


== Status ==
Current time: 2026-05-22 22:22:04 (running for 00:19:08.07)
Memory usage on this node: 62.8/251.6 GiB
Using FIFO scheduling algorithm.
Resources requested: 7.0/8 CPUs, 1.0/1 GPUs, 0.0/17.63 GiB heap, 0.0/8.82 GiB objects (0.0/1.0 accelerator_type:G)
Result logdir: /workspace/MARLlib/runs/rware_mappo_gru_small_20m_tensorboard/mappo_gru_rware-small-4ag-v2
Number of trials: 1/1 (1 RUNNING)
+------------------------------------------------------+----------+-------------------+--------+------------------+-------------+----------+----------------------+----------------------+--------------------+
| Trial name                                           | status   | loc               |   iter |   total time (s) |          ts |   reward |   episode_reward_max |   episode_reward_min |   episode_len_mean |
|------------------------------------------------------+----------+-------------------+--------+------------------+-------------+----------+----------------------+----------------------+--------------------|
| MAPPOTrainer_rware_v2_rware-small-4ag-v2_fd22d_00000 | RUNNING  | 172.24.0.2:950918 |   1898 |          5424.09 | 3.79448e+07 |     4.43 |                    7 |                    2 |                500 |
+------------------------------------------------------+----------+-------------------+--------+------------------+-------------+----------+----------------------+----------------------+--------------------+


== Status ==
Current time: 2026-05-22 22:22:10 (running for 00:19:13.75)
Memory usage on this node: 62.8/251.6 GiB
Using FIFO scheduling algorithm.
Resources requested: 7.0/8 CPUs, 1.0/1 GPUs, 0.0/17.63 GiB heap, 0.0/8.82 GiB objects (0.0/1.0 accelerator_type:G)
Result logdir: /workspace/MARLlib/runs/rware_mappo_gru_small_20m_tensorboard/mappo_gru_rware-small-4ag-v2
Number of trials: 1/1 (1 RUNNING)
+------------------------------------------------------+----------+-------------------+--------+------------------+-------------+----------+----------------------+----------------------+--------------------+
| Trial name                                           | status   | loc               |   iter |   total time (s) |          ts |   reward |   episode_reward_max |   episode_reward_min |   episode_len_mean |
|------------------------------------------------------+----------+-------------------+--------+------------------+-------------+----------+----------------------+----------------------+--------------------|
| MAPPOTrainer_rware_v2_rware-small-4ag-v2_fd22d_00000 | RUNNING  | 172.24.0.2:950918 |   1899 |          5426.74 | 3.79648e+07 |     4.49 |                    7 |                    2 |                500 |
+------------------------------------------------------+----------+-------------------+--------+------------------+-------------+----------+----------------------+----------------------+--------------------+


== Status ==
Current time: 2026-05-22 22:22:15 (running for 00:19:18.76)
Memory usage on this node: 62.8/251.6 GiB
Using FIFO scheduling algorithm.
Resources requested: 7.0/8 CPUs, 1.0/1 GPUs, 0.0/17.63 GiB heap, 0.0/8.82 GiB objects (0.0/1.0 accelerator_type:G)
Result logdir: /workspace/MARLlib/runs/rware_mappo_gru_small_20m_tensorboard/mappo_gru_rware-small-4ag-v2
Number of trials: 1/1 (1 RUNNING)
+------------------------------------------------------+----------+-------------------+--------+------------------+-------------+----------+----------------------+----------------------+--------------------+
| Trial name                                           | status   | loc               |   iter |   total time (s) |          ts |   reward |   episode_reward_max |   episode_reward_min |   episode_len_mean |
|------------------------------------------------------+----------+-------------------+--------+------------------+-------------+----------+----------------------+----------------------+--------------------|
| MAPPOTrainer_rware_v2_rware-small-4ag-v2_fd22d_00000 | RUNNING  | 172.24.0.2:950918 |   1899 |          5426.74 | 3.79648e+07 |     4.49 |                    7 |                    2 |                500 |
+------------------------------------------------------+----------+-------------------+--------+------------------+-------------+----------+----------------------+----------------------+--------------------+


== Status ==
Current time: 2026-05-22 22:22:20 (running for 00:19:23.76)
Memory usage on this node: 62.9/251.6 GiB
Using FIFO scheduling algorithm.
Resources requested: 7.0/8 CPUs, 1.0/1 GPUs, 0.0/17.63 GiB heap, 0.0/8.82 GiB objects (0.0/1.0 accelerator_type:G)
Result logdir: /workspace/MARLlib/runs/rware_mappo_gru_small_20m_tensorboard/mappo_gru_rware-small-4ag-v2
Number of trials: 1/1 (1 RUNNING)
+------------------------------------------------------+----------+-------------------+--------+------------------+-------------+----------+----------------------+----------------------+--------------------+
| Trial name                                           | status   | loc               |   iter |   total time (s) |          ts |   reward |   episode_reward_max |   episode_reward_min |   episode_len_mean |
|------------------------------------------------------+----------+-------------------+--------+------------------+-------------+----------+----------------------+----------------------+--------------------|
| MAPPOTrainer_rware_v2_rware-small-4ag-v2_fd22d_00000 | RUNNING  | 172.24.0.2:950918 |   1899 |          5426.74 | 3.79648e+07 |     4.49 |                    7 |                    2 |                500 |
+------------------------------------------------------+----------+-------------------+--------+------------------+-------------+----------+----------------------+----------------------+--------------------+


== Status ==
Current time: 2026-05-22 22:22:25 (running for 00:19:28.83)
Memory usage on this node: 62.8/251.6 GiB
Using FIFO scheduling algorithm.
Resources requested: 7.0/8 CPUs, 1.0/1 GPUs, 0.0/17.63 GiB heap, 0.0/8.82 GiB objects (0.0/1.0 accelerator_type:G)
Result logdir: /workspace/MARLlib/runs/rware_mappo_gru_small_20m_tensorboard/mappo_gru_rware-small-4ag-v2
Number of trials: 1/1 (1 RUNNING)
+------------------------------------------------------+----------+-------------------+--------+------------------+-------------+----------+----------------------+----------------------+--------------------+
| Trial name                                           | status   | loc               |   iter |   total time (s) |          ts |   reward |   episode_reward_max |   episode_reward_min |   episode_len_mean |
|------------------------------------------------------+----------+-------------------+--------+------------------+-------------+----------+----------------------+----------------------+--------------------|
| MAPPOTrainer_rware_v2_rware-small-4ag-v2_fd22d_00000 | RUNNING  | 172.24.0.2:950918 |   1900 |          5442.69 | 3.79848e+07 |     4.53 |                    7 |                    2 |                500 |
+------------------------------------------------------+----------+-------------------+--------+------------------+-------------+----------+----------------------+----------------------+--------------------+


== Status ==
Current time: 2026-05-22 22:22:30 (running for 00:19:34.07)
Memory usage on this node: 62.9/251.6 GiB
Using FIFO scheduling algorithm.
Resources requested: 7.0/8 CPUs, 1.0/1 GPUs, 0.0/17.63 GiB heap, 0.0/8.82 GiB objects (0.0/1.0 accelerator_type:G)
Result logdir: /workspace/MARLlib/runs/rware_mappo_gru_small_20m_tensorboard/mappo_gru_rware-small-4ag-v2
Number of trials: 1/1 (1 RUNNING)
+------------------------------------------------------+----------+-------------------+--------+------------------+-------------+----------+----------------------+----------------------+--------------------+
| Trial name                                           | status   | loc               |   iter |   total time (s) |          ts |   reward |   episode_reward_max |   episode_reward_min |   episode_len_mean |
|------------------------------------------------------+----------+-------------------+--------+------------------+-------------+----------+----------------------+----------------------+--------------------|
| MAPPOTrainer_rware_v2_rware-small-4ag-v2_fd22d_00000 | RUNNING  | 172.24.0.2:950918 |   1902 |          5447.98 | 3.80248e+07 |     4.56 |                    7 |                    2 |                500 |
+------------------------------------------------------+----------+-------------------+--------+------------------+-------------+----------+----------------------+----------------------+--------------------+


== Status ==
Current time: 2026-05-22 22:22:35 (running for 00:19:39.31)
Memory usage on this node: 62.8/251.6 GiB
Using FIFO scheduling algorithm.
Resources requested: 7.0/8 CPUs, 1.0/1 GPUs, 0.0/17.63 GiB heap, 0.0/8.82 GiB objects (0.0/1.0 accelerator_type:G)
Result logdir: /workspace/MARLlib/runs/rware_mappo_gru_small_20m_tensorboard/mappo_gru_rware-small-4ag-v2
Number of trials: 1/1 (1 RUNNING)
+------------------------------------------------------+----------+-------------------+--------+------------------+-------------+----------+----------------------+----------------------+--------------------+
| Trial name                                           | status   | loc               |   iter |   total time (s) |          ts |   reward |   episode_reward_max |   episode_reward_min |   episode_len_mean |
|------------------------------------------------------+----------+-------------------+--------+------------------+-------------+----------+----------------------+----------------------+--------------------|
| MAPPOTrainer_rware_v2_rware-small-4ag-v2_fd22d_00000 | RUNNING  | 172.24.0.2:950918 |   1904 |          5453.17 | 3.80648e+07 |     4.52 |                    7 |                    2 |                500 |
+------------------------------------------------------+----------+-------------------+--------+------------------+-------------+----------+----------------------+----------------------+--------------------+


== Status ==
Current time: 2026-05-22 22:22:41 (running for 00:19:44.65)
Memory usage on this node: 62.8/251.6 GiB
Using FIFO scheduling algorithm.
Resources requested: 7.0/8 CPUs, 1.0/1 GPUs, 0.0/17.63 GiB heap, 0.0/8.82 GiB objects (0.0/1.0 accelerator_type:G)
Result logdir: /workspace/MARLlib/runs/rware_mappo_gru_small_20m_tensorboard/mappo_gru_rware-small-4ag-v2
Number of trials: 1/1 (1 RUNNING)
+------------------------------------------------------+----------+-------------------+--------+------------------+-------------+----------+----------------------+----------------------+--------------------+
| Trial name                                           | status   | loc               |   iter |   total time (s) |          ts |   reward |   episode_reward_max |   episode_reward_min |   episode_len_mean |
|------------------------------------------------------+----------+-------------------+--------+------------------+-------------+----------+----------------------+----------------------+--------------------|
| MAPPOTrainer_rware_v2_rware-small-4ag-v2_fd22d_00000 | RUNNING  | 172.24.0.2:950918 |   1906 |          5458.48 | 3.81048e+07 |     4.43 |                    7 |                    2 |                500 |
+------------------------------------------------------+----------+-------------------+--------+------------------+-------------+----------+----------------------+----------------------+--------------------+


== Status ==
Current time: 2026-05-22 22:22:46 (running for 00:19:50.16)
Memory usage on this node: 62.8/251.6 GiB
Using FIFO scheduling algorithm.
Resources requested: 7.0/8 CPUs, 1.0/1 GPUs, 0.0/17.63 GiB heap, 0.0/8.82 GiB objects (0.0/1.0 accelerator_type:G)
Result logdir: /workspace/MARLlib/runs/rware_mappo_gru_small_20m_tensorboard/mappo_gru_rware-small-4ag-v2
Number of trials: 1/1 (1 RUNNING)
+------------------------------------------------------+----------+-------------------+--------+------------------+-------------+----------+----------------------+----------------------+--------------------+
| Trial name                                           | status   | loc               |   iter |   total time (s) |          ts |   reward |   episode_reward_max |   episode_reward_min |   episode_len_mean |
|------------------------------------------------------+----------+-------------------+--------+------------------+-------------+----------+----------------------+----------------------+--------------------|
| MAPPOTrainer_rware_v2_rware-small-4ag-v2_fd22d_00000 | RUNNING  | 172.24.0.2:950918 |   1908 |          5463.93 | 3.81447e+07 |      4.4 |                    7 |                    3 |                500 |
+------------------------------------------------------+----------+-------------------+--------+------------------+-------------+----------+----------------------+----------------------+--------------------+


== Status ==
Current time: 2026-05-22 22:22:51 (running for 00:19:55.39)
Memory usage on this node: 62.8/251.6 GiB
Using FIFO scheduling algorithm.
Resources requested: 7.0/8 CPUs, 1.0/1 GPUs, 0.0/17.63 GiB heap, 0.0/8.82 GiB objects (0.0/1.0 accelerator_type:G)
Result logdir: /workspace/MARLlib/runs/rware_mappo_gru_small_20m_tensorboard/mappo_gru_rware-small-4ag-v2
Number of trials: 1/1 (1 RUNNING)
+------------------------------------------------------+----------+-------------------+--------+------------------+-------------+----------+----------------------+----------------------+--------------------+
| Trial name                                           | status   | loc               |   iter |   total time (s) |          ts |   reward |   episode_reward_max |   episode_reward_min |   episode_len_mean |
|------------------------------------------------------+----------+-------------------+--------+------------------+-------------+----------+----------------------+----------------------+--------------------|
| MAPPOTrainer_rware_v2_rware-small-4ag-v2_fd22d_00000 | RUNNING  | 172.24.0.2:950918 |   1910 |           5469.1 | 3.81847e+07 |     4.49 |                    7 |                    3 |                500 |
+------------------------------------------------------+----------+-------------------+--------+------------------+-------------+----------+----------------------+----------------------+--------------------+


== Status ==
Current time: 2026-05-22 22:22:57 (running for 00:20:00.72)
Memory usage on this node: 62.8/251.6 GiB
Using FIFO scheduling algorithm.
Resources requested: 7.0/8 CPUs, 1.0/1 GPUs, 0.0/17.63 GiB heap, 0.0/8.82 GiB objects (0.0/1.0 accelerator_type:G)
Result logdir: /workspace/MARLlib/runs/rware_mappo_gru_small_20m_tensorboard/mappo_gru_rware-small-4ag-v2
Number of trials: 1/1 (1 RUNNING)
+------------------------------------------------------+----------+-------------------+--------+------------------+-------------+----------+----------------------+----------------------+--------------------+
| Trial name                                           | status   | loc               |   iter |   total time (s) |          ts |   reward |   episode_reward_max |   episode_reward_min |   episode_len_mean |
|------------------------------------------------------+----------+-------------------+--------+------------------+-------------+----------+----------------------+----------------------+--------------------|
| MAPPOTrainer_rware_v2_rware-small-4ag-v2_fd22d_00000 | RUNNING  | 172.24.0.2:950918 |   1912 |          5474.39 | 3.82247e+07 |      4.5 |                    6 |                    3 |                500 |
+------------------------------------------------------+----------+-------------------+--------+------------------+-------------+----------+----------------------+----------------------+--------------------+


== Status ==
Current time: 2026-05-22 22:23:02 (running for 00:20:06.23)
Memory usage on this node: 62.9/251.6 GiB
Using FIFO scheduling algorithm.
Resources requested: 7.0/8 CPUs, 1.0/1 GPUs, 0.0/17.63 GiB heap, 0.0/8.82 GiB objects (0.0/1.0 accelerator_type:G)
Result logdir: /workspace/MARLlib/runs/rware_mappo_gru_small_20m_tensorboard/mappo_gru_rware-small-4ag-v2
Number of trials: 1/1 (1 RUNNING)
+------------------------------------------------------+----------+-------------------+--------+------------------+-------------+----------+----------------------+----------------------+--------------------+
| Trial name                                           | status   | loc               |   iter |   total time (s) |          ts |   reward |   episode_reward_max |   episode_reward_min |   episode_len_mean |
|------------------------------------------------------+----------+-------------------+--------+------------------+-------------+----------+----------------------+----------------------+--------------------|
| MAPPOTrainer_rware_v2_rware-small-4ag-v2_fd22d_00000 | RUNNING  | 172.24.0.2:950918 |   1914 |          5479.84 | 3.82647e+07 |      4.5 |                    7 |                    3 |                500 |
+------------------------------------------------------+----------+-------------------+--------+------------------+-------------+----------+----------------------+----------------------+--------------------+


== Status ==
Current time: 2026-05-22 22:23:08 (running for 00:20:11.55)
Memory usage on this node: 62.8/251.6 GiB
Using FIFO scheduling algorithm.
Resources requested: 7.0/8 CPUs, 1.0/1 GPUs, 0.0/17.63 GiB heap, 0.0/8.82 GiB objects (0.0/1.0 accelerator_type:G)
Result logdir: /workspace/MARLlib/runs/rware_mappo_gru_small_20m_tensorboard/mappo_gru_rware-small-4ag-v2
Number of trials: 1/1 (1 RUNNING)
+------------------------------------------------------+----------+-------------------+--------+------------------+-------------+----------+----------------------+----------------------+--------------------+
| Trial name                                           | status   | loc               |   iter |   total time (s) |          ts |   reward |   episode_reward_max |   episode_reward_min |   episode_len_mean |
|------------------------------------------------------+----------+-------------------+--------+------------------+-------------+----------+----------------------+----------------------+--------------------|
| MAPPOTrainer_rware_v2_rware-small-4ag-v2_fd22d_00000 | RUNNING  | 172.24.0.2:950918 |   1916 |          5485.11 | 3.83047e+07 |     4.62 |                    7 |                    3 |                500 |
+------------------------------------------------------+----------+-------------------+--------+------------------+-------------+----------+----------------------+----------------------+--------------------+


== Status ==
Current time: 2026-05-22 22:23:13 (running for 00:20:16.83)
Memory usage on this node: 62.8/251.6 GiB
Using FIFO scheduling algorithm.
Resources requested: 7.0/8 CPUs, 1.0/1 GPUs, 0.0/17.63 GiB heap, 0.0/8.82 GiB objects (0.0/1.0 accelerator_type:G)
Result logdir: /workspace/MARLlib/runs/rware_mappo_gru_small_20m_tensorboard/mappo_gru_rware-small-4ag-v2
Number of trials: 1/1 (1 RUNNING)
+------------------------------------------------------+----------+-------------------+--------+------------------+-------------+----------+----------------------+----------------------+--------------------+
| Trial name                                           | status   | loc               |   iter |   total time (s) |          ts |   reward |   episode_reward_max |   episode_reward_min |   episode_len_mean |
|------------------------------------------------------+----------+-------------------+--------+------------------+-------------+----------+----------------------+----------------------+--------------------|
| MAPPOTrainer_rware_v2_rware-small-4ag-v2_fd22d_00000 | RUNNING  | 172.24.0.2:950918 |   1918 |          5490.33 | 3.83447e+07 |     4.56 |                    7 |                    3 |                500 |
+------------------------------------------------------+----------+-------------------+--------+------------------+-------------+----------+----------------------+----------------------+--------------------+


== Status ==
Current time: 2026-05-22 22:23:18 (running for 00:20:22.20)
Memory usage on this node: 62.8/251.6 GiB
Using FIFO scheduling algorithm.
Resources requested: 7.0/8 CPUs, 1.0/1 GPUs, 0.0/17.63 GiB heap, 0.0/8.82 GiB objects (0.0/1.0 accelerator_type:G)
Result logdir: /workspace/MARLlib/runs/rware_mappo_gru_small_20m_tensorboard/mappo_gru_rware-small-4ag-v2
Number of trials: 1/1 (1 RUNNING)
+------------------------------------------------------+----------+-------------------+--------+------------------+-------------+----------+----------------------+----------------------+--------------------+
| Trial name                                           | status   | loc               |   iter |   total time (s) |          ts |   reward |   episode_reward_max |   episode_reward_min |   episode_len_mean |
|------------------------------------------------------+----------+-------------------+--------+------------------+-------------+----------+----------------------+----------------------+--------------------|
| MAPPOTrainer_rware_v2_rware-small-4ag-v2_fd22d_00000 | RUNNING  | 172.24.0.2:950918 |   1920 |          5495.65 | 3.83846e+07 |     4.42 |                    7 |                    3 |                500 |
+------------------------------------------------------+----------+-------------------+--------+------------------+-------------+----------+----------------------+----------------------+--------------------+


== Status ==
Current time: 2026-05-22 22:23:24 (running for 00:20:27.46)
Memory usage on this node: 62.8/251.6 GiB
Using FIFO scheduling algorithm.
Resources requested: 7.0/8 CPUs, 1.0/1 GPUs, 0.0/17.63 GiB heap, 0.0/8.82 GiB objects (0.0/1.0 accelerator_type:G)
Result logdir: /workspace/MARLlib/runs/rware_mappo_gru_small_20m_tensorboard/mappo_gru_rware-small-4ag-v2
Number of trials: 1/1 (1 RUNNING)
+------------------------------------------------------+----------+-------------------+--------+------------------+-------------+----------+----------------------+----------------------+--------------------+
| Trial name                                           | status   | loc               |   iter |   total time (s) |          ts |   reward |   episode_reward_max |   episode_reward_min |   episode_len_mean |
|------------------------------------------------------+----------+-------------------+--------+------------------+-------------+----------+----------------------+----------------------+--------------------|
| MAPPOTrainer_rware_v2_rware-small-4ag-v2_fd22d_00000 | RUNNING  | 172.24.0.2:950918 |   1922 |          5500.87 | 3.84246e+07 |     4.37 |                    7 |                    3 |                500 |
+------------------------------------------------------+----------+-------------------+--------+------------------+-------------+----------+----------------------+----------------------+--------------------+


== Status ==
Current time: 2026-05-22 22:23:29 (running for 00:20:32.84)
Memory usage on this node: 62.8/251.6 GiB
Using FIFO scheduling algorithm.
Resources requested: 7.0/8 CPUs, 1.0/1 GPUs, 0.0/17.63 GiB heap, 0.0/8.82 GiB objects (0.0/1.0 accelerator_type:G)
Result logdir: /workspace/MARLlib/runs/rware_mappo_gru_small_20m_tensorboard/mappo_gru_rware-small-4ag-v2
Number of trials: 1/1 (1 RUNNING)
+------------------------------------------------------+----------+-------------------+--------+------------------+-------------+----------+----------------------+----------------------+--------------------+
| Trial name                                           | status   | loc               |   iter |   total time (s) |          ts |   reward |   episode_reward_max |   episode_reward_min |   episode_len_mean |
|------------------------------------------------------+----------+-------------------+--------+------------------+-------------+----------+----------------------+----------------------+--------------------|
| MAPPOTrainer_rware_v2_rware-small-4ag-v2_fd22d_00000 | RUNNING  | 172.24.0.2:950918 |   1924 |           5506.2 | 3.84646e+07 |     4.38 |                    7 |                    3 |                500 |
+------------------------------------------------------+----------+-------------------+--------+------------------+-------------+----------+----------------------+----------------------+--------------------+


== Status ==
Current time: 2026-05-22 22:23:34 (running for 00:20:38.22)
Memory usage on this node: 62.8/251.6 GiB
Using FIFO scheduling algorithm.
Resources requested: 7.0/8 CPUs, 1.0/1 GPUs, 0.0/17.63 GiB heap, 0.0/8.82 GiB objects (0.0/1.0 accelerator_type:G)
Result logdir: /workspace/MARLlib/runs/rware_mappo_gru_small_20m_tensorboard/mappo_gru_rware-small-4ag-v2
Number of trials: 1/1 (1 RUNNING)
+------------------------------------------------------+----------+-------------------+--------+------------------+-------------+----------+----------------------+----------------------+--------------------+
| Trial name                                           | status   | loc               |   iter |   total time (s) |          ts |   reward |   episode_reward_max |   episode_reward_min |   episode_len_mean |
|------------------------------------------------------+----------+-------------------+--------+------------------+-------------+----------+----------------------+----------------------+--------------------|
| MAPPOTrainer_rware_v2_rware-small-4ag-v2_fd22d_00000 | RUNNING  | 172.24.0.2:950918 |   1926 |          5511.54 | 3.85046e+07 |     4.28 |                    6 |                    3 |                500 |
+------------------------------------------------------+----------+-------------------+--------+------------------+-------------+----------+----------------------+----------------------+--------------------+


== Status ==
Current time: 2026-05-22 22:23:40 (running for 00:20:43.54)
Memory usage on this node: 62.9/251.6 GiB
Using FIFO scheduling algorithm.
Resources requested: 7.0/8 CPUs, 1.0/1 GPUs, 0.0/17.63 GiB heap, 0.0/8.82 GiB objects (0.0/1.0 accelerator_type:G)
Result logdir: /workspace/MARLlib/runs/rware_mappo_gru_small_20m_tensorboard/mappo_gru_rware-small-4ag-v2
Number of trials: 1/1 (1 RUNNING)
+------------------------------------------------------+----------+-------------------+--------+------------------+-------------+----------+----------------------+----------------------+--------------------+
| Trial name                                           | status   | loc               |   iter |   total time (s) |          ts |   reward |   episode_reward_max |   episode_reward_min |   episode_len_mean |
|------------------------------------------------------+----------+-------------------+--------+------------------+-------------+----------+----------------------+----------------------+--------------------|
| MAPPOTrainer_rware_v2_rware-small-4ag-v2_fd22d_00000 | RUNNING  | 172.24.0.2:950918 |   1928 |           5516.8 | 3.85446e+07 |     4.24 |                    6 |                    3 |                500 |
+------------------------------------------------------+----------+-------------------+--------+------------------+-------------+----------+----------------------+----------------------+--------------------+


== Status ==
Current time: 2026-05-22 22:23:45 (running for 00:20:48.88)
Memory usage on this node: 62.9/251.6 GiB
Using FIFO scheduling algorithm.
Resources requested: 7.0/8 CPUs, 1.0/1 GPUs, 0.0/17.63 GiB heap, 0.0/8.82 GiB objects (0.0/1.0 accelerator_type:G)
Result logdir: /workspace/MARLlib/runs/rware_mappo_gru_small_20m_tensorboard/mappo_gru_rware-small-4ag-v2
Number of trials: 1/1 (1 RUNNING)
+------------------------------------------------------+----------+-------------------+--------+------------------+-------------+----------+----------------------+----------------------+--------------------+
| Trial name                                           | status   | loc               |   iter |   total time (s) |          ts |   reward |   episode_reward_max |   episode_reward_min |   episode_len_mean |
|------------------------------------------------------+----------+-------------------+--------+------------------+-------------+----------+----------------------+----------------------+--------------------|
| MAPPOTrainer_rware_v2_rware-small-4ag-v2_fd22d_00000 | RUNNING  | 172.24.0.2:950918 |   1930 |           5522.1 | 3.85846e+07 |     4.33 |                    7 |                    3 |                500 |
+------------------------------------------------------+----------+-------------------+--------+------------------+-------------+----------+----------------------+----------------------+--------------------+


== Status ==
Current time: 2026-05-22 22:23:50 (running for 00:20:54.22)
Memory usage on this node: 62.9/251.6 GiB
Using FIFO scheduling algorithm.
Resources requested: 7.0/8 CPUs, 1.0/1 GPUs, 0.0/17.63 GiB heap, 0.0/8.82 GiB objects (0.0/1.0 accelerator_type:G)
Result logdir: /workspace/MARLlib/runs/rware_mappo_gru_small_20m_tensorboard/mappo_gru_rware-small-4ag-v2
Number of trials: 1/1 (1 RUNNING)
+------------------------------------------------------+----------+-------------------+--------+------------------+-------------+----------+----------------------+----------------------+--------------------+
| Trial name                                           | status   | loc               |   iter |   total time (s) |          ts |   reward |   episode_reward_max |   episode_reward_min |   episode_len_mean |
|------------------------------------------------------+----------+-------------------+--------+------------------+-------------+----------+----------------------+----------------------+--------------------|
| MAPPOTrainer_rware_v2_rware-small-4ag-v2_fd22d_00000 | RUNNING  | 172.24.0.2:950918 |   1932 |          5527.38 | 3.86245e+07 |      4.4 |                    7 |                    3 |                500 |
+------------------------------------------------------+----------+-------------------+--------+------------------+-------------+----------+----------------------+----------------------+--------------------+


== Status ==
Current time: 2026-05-22 22:23:56 (running for 00:20:59.52)
Memory usage on this node: 62.9/251.6 GiB
Using FIFO scheduling algorithm.
Resources requested: 7.0/8 CPUs, 1.0/1 GPUs, 0.0/17.63 GiB heap, 0.0/8.82 GiB objects (0.0/1.0 accelerator_type:G)
Result logdir: /workspace/MARLlib/runs/rware_mappo_gru_small_20m_tensorboard/mappo_gru_rware-small-4ag-v2
Number of trials: 1/1 (1 RUNNING)
+------------------------------------------------------+----------+-------------------+--------+------------------+-------------+----------+----------------------+----------------------+--------------------+
| Trial name                                           | status   | loc               |   iter |   total time (s) |          ts |   reward |   episode_reward_max |   episode_reward_min |   episode_len_mean |
|------------------------------------------------------+----------+-------------------+--------+------------------+-------------+----------+----------------------+----------------------+--------------------|
| MAPPOTrainer_rware_v2_rware-small-4ag-v2_fd22d_00000 | RUNNING  | 172.24.0.2:950918 |   1934 |          5532.64 | 3.86645e+07 |     4.34 |                    7 |                    3 |                500 |
+------------------------------------------------------+----------+-------------------+--------+------------------+-------------+----------+----------------------+----------------------+--------------------+


== Status ==
Current time: 2026-05-22 22:24:01 (running for 00:21:04.71)
Memory usage on this node: 62.9/251.6 GiB
Using FIFO scheduling algorithm.
Resources requested: 7.0/8 CPUs, 1.0/1 GPUs, 0.0/17.63 GiB heap, 0.0/8.82 GiB objects (0.0/1.0 accelerator_type:G)
Result logdir: /workspace/MARLlib/runs/rware_mappo_gru_small_20m_tensorboard/mappo_gru_rware-small-4ag-v2
Number of trials: 1/1 (1 RUNNING)
+------------------------------------------------------+----------+-------------------+--------+------------------+-------------+----------+----------------------+----------------------+--------------------+
| Trial name                                           | status   | loc               |   iter |   total time (s) |          ts |   reward |   episode_reward_max |   episode_reward_min |   episode_len_mean |
|------------------------------------------------------+----------+-------------------+--------+------------------+-------------+----------+----------------------+----------------------+--------------------|
| MAPPOTrainer_rware_v2_rware-small-4ag-v2_fd22d_00000 | RUNNING  | 172.24.0.2:950918 |   1936 |          5537.78 | 3.87045e+07 |     4.38 |                    8 |                    3 |                500 |
+------------------------------------------------------+----------+-------------------+--------+------------------+-------------+----------+----------------------+----------------------+--------------------+


== Status ==
Current time: 2026-05-22 22:24:06 (running for 00:21:10.01)
Memory usage on this node: 62.9/251.6 GiB
Using FIFO scheduling algorithm.
Resources requested: 7.0/8 CPUs, 1.0/1 GPUs, 0.0/17.63 GiB heap, 0.0/8.82 GiB objects (0.0/1.0 accelerator_type:G)
Result logdir: /workspace/MARLlib/runs/rware_mappo_gru_small_20m_tensorboard/mappo_gru_rware-small-4ag-v2
Number of trials: 1/1 (1 RUNNING)
+------------------------------------------------------+----------+-------------------+--------+------------------+-------------+----------+----------------------+----------------------+--------------------+
| Trial name                                           | status   | loc               |   iter |   total time (s) |          ts |   reward |   episode_reward_max |   episode_reward_min |   episode_len_mean |
|------------------------------------------------------+----------+-------------------+--------+------------------+-------------+----------+----------------------+----------------------+--------------------|
| MAPPOTrainer_rware_v2_rware-small-4ag-v2_fd22d_00000 | RUNNING  | 172.24.0.2:950918 |   1938 |          5543.02 | 3.87445e+07 |     4.47 |                    8 |                    3 |                500 |
+------------------------------------------------------+----------+-------------------+--------+------------------+-------------+----------+----------------------+----------------------+--------------------+


== Status ==
Current time: 2026-05-22 22:24:11 (running for 00:21:15.24)
Memory usage on this node: 62.9/251.6 GiB
Using FIFO scheduling algorithm.
Resources requested: 7.0/8 CPUs, 1.0/1 GPUs, 0.0/17.63 GiB heap, 0.0/8.82 GiB objects (0.0/1.0 accelerator_type:G)
Result logdir: /workspace/MARLlib/runs/rware_mappo_gru_small_20m_tensorboard/mappo_gru_rware-small-4ag-v2
Number of trials: 1/1 (1 RUNNING)
+------------------------------------------------------+----------+-------------------+--------+------------------+-------------+----------+----------------------+----------------------+--------------------+
| Trial name                                           | status   | loc               |   iter |   total time (s) |          ts |   reward |   episode_reward_max |   episode_reward_min |   episode_len_mean |
|------------------------------------------------------+----------+-------------------+--------+------------------+-------------+----------+----------------------+----------------------+--------------------|
| MAPPOTrainer_rware_v2_rware-small-4ag-v2_fd22d_00000 | RUNNING  | 172.24.0.2:950918 |   1940 |           5548.2 | 3.87845e+07 |     4.45 |                    8 |                    3 |                500 |
+------------------------------------------------------+----------+-------------------+--------+------------------+-------------+----------+----------------------+----------------------+--------------------+


== Status ==
Current time: 2026-05-22 22:24:17 (running for 00:21:20.47)
Memory usage on this node: 62.9/251.6 GiB
Using FIFO scheduling algorithm.
Resources requested: 7.0/8 CPUs, 1.0/1 GPUs, 0.0/17.63 GiB heap, 0.0/8.82 GiB objects (0.0/1.0 accelerator_type:G)
Result logdir: /workspace/MARLlib/runs/rware_mappo_gru_small_20m_tensorboard/mappo_gru_rware-small-4ag-v2
Number of trials: 1/1 (1 RUNNING)
+------------------------------------------------------+----------+-------------------+--------+------------------+-------------+----------+----------------------+----------------------+--------------------+
| Trial name                                           | status   | loc               |   iter |   total time (s) |          ts |   reward |   episode_reward_max |   episode_reward_min |   episode_len_mean |
|------------------------------------------------------+----------+-------------------+--------+------------------+-------------+----------+----------------------+----------------------+--------------------|
| MAPPOTrainer_rware_v2_rware-small-4ag-v2_fd22d_00000 | RUNNING  | 172.24.0.2:950918 |   1942 |          5553.38 | 3.88245e+07 |     4.37 |                    8 |                    3 |                500 |
+------------------------------------------------------+----------+-------------------+--------+------------------+-------------+----------+----------------------+----------------------+--------------------+


== Status ==
Current time: 2026-05-22 22:24:22 (running for 00:21:25.79)
Memory usage on this node: 62.9/251.6 GiB
Using FIFO scheduling algorithm.
Resources requested: 7.0/8 CPUs, 1.0/1 GPUs, 0.0/17.63 GiB heap, 0.0/8.82 GiB objects (0.0/1.0 accelerator_type:G)
Result logdir: /workspace/MARLlib/runs/rware_mappo_gru_small_20m_tensorboard/mappo_gru_rware-small-4ag-v2
Number of trials: 1/1 (1 RUNNING)
+------------------------------------------------------+----------+-------------------+--------+------------------+-------------+----------+----------------------+----------------------+--------------------+
| Trial name                                           | status   | loc               |   iter |   total time (s) |          ts |   reward |   episode_reward_max |   episode_reward_min |   episode_len_mean |
|------------------------------------------------------+----------+-------------------+--------+------------------+-------------+----------+----------------------+----------------------+--------------------|
| MAPPOTrainer_rware_v2_rware-small-4ag-v2_fd22d_00000 | RUNNING  | 172.24.0.2:950918 |   1944 |          5558.64 | 3.88644e+07 |      4.4 |                    8 |                    3 |                500 |
+------------------------------------------------------+----------+-------------------+--------+------------------+-------------+----------+----------------------+----------------------+--------------------+


== Status ==
Current time: 2026-05-22 22:24:27 (running for 00:21:31.06)
Memory usage on this node: 62.9/251.6 GiB
Using FIFO scheduling algorithm.
Resources requested: 7.0/8 CPUs, 1.0/1 GPUs, 0.0/17.63 GiB heap, 0.0/8.82 GiB objects (0.0/1.0 accelerator_type:G)
Result logdir: /workspace/MARLlib/runs/rware_mappo_gru_small_20m_tensorboard/mappo_gru_rware-small-4ag-v2
Number of trials: 1/1 (1 RUNNING)
+------------------------------------------------------+----------+-------------------+--------+------------------+-------------+----------+----------------------+----------------------+--------------------+
| Trial name                                           | status   | loc               |   iter |   total time (s) |          ts |   reward |   episode_reward_max |   episode_reward_min |   episode_len_mean |
|------------------------------------------------------+----------+-------------------+--------+------------------+-------------+----------+----------------------+----------------------+--------------------|
| MAPPOTrainer_rware_v2_rware-small-4ag-v2_fd22d_00000 | RUNNING  | 172.24.0.2:950918 |   1946 |          5563.86 | 3.89044e+07 |     4.33 |                    8 |                    2 |                500 |
+------------------------------------------------------+----------+-------------------+--------+------------------+-------------+----------+----------------------+----------------------+--------------------+


== Status ==
Current time: 2026-05-22 22:24:32 (running for 00:21:36.27)
Memory usage on this node: 62.9/251.6 GiB
Using FIFO scheduling algorithm.
Resources requested: 7.0/8 CPUs, 1.0/1 GPUs, 0.0/17.63 GiB heap, 0.0/8.82 GiB objects (0.0/1.0 accelerator_type:G)
Result logdir: /workspace/MARLlib/runs/rware_mappo_gru_small_20m_tensorboard/mappo_gru_rware-small-4ag-v2
Number of trials: 1/1 (1 RUNNING)
+------------------------------------------------------+----------+-------------------+--------+------------------+-------------+----------+----------------------+----------------------+--------------------+
| Trial name                                           | status   | loc               |   iter |   total time (s) |          ts |   reward |   episode_reward_max |   episode_reward_min |   episode_len_mean |
|------------------------------------------------------+----------+-------------------+--------+------------------+-------------+----------+----------------------+----------------------+--------------------|
| MAPPOTrainer_rware_v2_rware-small-4ag-v2_fd22d_00000 | RUNNING  | 172.24.0.2:950918 |   1948 |          5569.01 | 3.89444e+07 |     4.29 |                    8 |                    2 |                500 |
+------------------------------------------------------+----------+-------------------+--------+------------------+-------------+----------+----------------------+----------------------+--------------------+


== Status ==
Current time: 2026-05-22 22:24:38 (running for 00:21:41.88)
Memory usage on this node: 62.9/251.6 GiB
Using FIFO scheduling algorithm.
Resources requested: 7.0/8 CPUs, 1.0/1 GPUs, 0.0/17.63 GiB heap, 0.0/8.82 GiB objects (0.0/1.0 accelerator_type:G)
Result logdir: /workspace/MARLlib/runs/rware_mappo_gru_small_20m_tensorboard/mappo_gru_rware-small-4ag-v2
Number of trials: 1/1 (1 RUNNING)
+------------------------------------------------------+----------+-------------------+--------+------------------+-------------+----------+----------------------+----------------------+--------------------+
| Trial name                                           | status   | loc               |   iter |   total time (s) |          ts |   reward |   episode_reward_max |   episode_reward_min |   episode_len_mean |
|------------------------------------------------------+----------+-------------------+--------+------------------+-------------+----------+----------------------+----------------------+--------------------|
| MAPPOTrainer_rware_v2_rware-small-4ag-v2_fd22d_00000 | RUNNING  | 172.24.0.2:950918 |   1949 |           5571.6 | 3.89644e+07 |      4.3 |                    8 |                    2 |                500 |
+------------------------------------------------------+----------+-------------------+--------+------------------+-------------+----------+----------------------+----------------------+--------------------+


== Status ==
Current time: 2026-05-22 22:24:43 (running for 00:21:46.89)
Memory usage on this node: 62.9/251.6 GiB
Using FIFO scheduling algorithm.
Resources requested: 7.0/8 CPUs, 1.0/1 GPUs, 0.0/17.63 GiB heap, 0.0/8.82 GiB objects (0.0/1.0 accelerator_type:G)
Result logdir: /workspace/MARLlib/runs/rware_mappo_gru_small_20m_tensorboard/mappo_gru_rware-small-4ag-v2
Number of trials: 1/1 (1 RUNNING)
+------------------------------------------------------+----------+-------------------+--------+------------------+-------------+----------+----------------------+----------------------+--------------------+
| Trial name                                           | status   | loc               |   iter |   total time (s) |          ts |   reward |   episode_reward_max |   episode_reward_min |   episode_len_mean |
|------------------------------------------------------+----------+-------------------+--------+------------------+-------------+----------+----------------------+----------------------+--------------------|
| MAPPOTrainer_rware_v2_rware-small-4ag-v2_fd22d_00000 | RUNNING  | 172.24.0.2:950918 |   1949 |           5571.6 | 3.89644e+07 |      4.3 |                    8 |                    2 |                500 |
+------------------------------------------------------+----------+-------------------+--------+------------------+-------------+----------+----------------------+----------------------+--------------------+


== Status ==
Current time: 2026-05-22 22:24:48 (running for 00:21:51.89)
Memory usage on this node: 62.9/251.6 GiB
Using FIFO scheduling algorithm.
Resources requested: 7.0/8 CPUs, 1.0/1 GPUs, 0.0/17.63 GiB heap, 0.0/8.82 GiB objects (0.0/1.0 accelerator_type:G)
Result logdir: /workspace/MARLlib/runs/rware_mappo_gru_small_20m_tensorboard/mappo_gru_rware-small-4ag-v2
Number of trials: 1/1 (1 RUNNING)
+------------------------------------------------------+----------+-------------------+--------+------------------+-------------+----------+----------------------+----------------------+--------------------+
| Trial name                                           | status   | loc               |   iter |   total time (s) |          ts |   reward |   episode_reward_max |   episode_reward_min |   episode_len_mean |
|------------------------------------------------------+----------+-------------------+--------+------------------+-------------+----------+----------------------+----------------------+--------------------|
| MAPPOTrainer_rware_v2_rware-small-4ag-v2_fd22d_00000 | RUNNING  | 172.24.0.2:950918 |   1949 |           5571.6 | 3.89644e+07 |      4.3 |                    8 |                    2 |                500 |
+------------------------------------------------------+----------+-------------------+--------+------------------+-------------+----------+----------------------+----------------------+--------------------+


== Status ==
Current time: 2026-05-22 22:24:53 (running for 00:21:57.09)
Memory usage on this node: 62.9/251.6 GiB
Using FIFO scheduling algorithm.
Resources requested: 7.0/8 CPUs, 1.0/1 GPUs, 0.0/17.63 GiB heap, 0.0/8.82 GiB objects (0.0/1.0 accelerator_type:G)
Result logdir: /workspace/MARLlib/runs/rware_mappo_gru_small_20m_tensorboard/mappo_gru_rware-small-4ag-v2
Number of trials: 1/1 (1 RUNNING)
+------------------------------------------------------+----------+-------------------+--------+------------------+-------------+----------+----------------------+----------------------+--------------------+
| Trial name                                           | status   | loc               |   iter |   total time (s) |          ts |   reward |   episode_reward_max |   episode_reward_min |   episode_len_mean |
|------------------------------------------------------+----------+-------------------+--------+------------------+-------------+----------+----------------------+----------------------+--------------------|
| MAPPOTrainer_rware_v2_rware-small-4ag-v2_fd22d_00000 | RUNNING  | 172.24.0.2:950918 |   1951 |          5589.74 | 3.90044e+07 |     4.29 |                    6 |                    2 |                500 |
+------------------------------------------------------+----------+-------------------+--------+------------------+-------------+----------+----------------------+----------------------+--------------------+


== Status ==
Current time: 2026-05-22 22:24:58 (running for 00:22:02.37)
Memory usage on this node: 62.9/251.6 GiB
Using FIFO scheduling algorithm.
Resources requested: 7.0/8 CPUs, 1.0/1 GPUs, 0.0/17.63 GiB heap, 0.0/8.82 GiB objects (0.0/1.0 accelerator_type:G)
Result logdir: /workspace/MARLlib/runs/rware_mappo_gru_small_20m_tensorboard/mappo_gru_rware-small-4ag-v2
Number of trials: 1/1 (1 RUNNING)
+------------------------------------------------------+----------+-------------------+--------+------------------+-------------+----------+----------------------+----------------------+--------------------+
| Trial name                                           | status   | loc               |   iter |   total time (s) |          ts |   reward |   episode_reward_max |   episode_reward_min |   episode_len_mean |
|------------------------------------------------------+----------+-------------------+--------+------------------+-------------+----------+----------------------+----------------------+--------------------|
| MAPPOTrainer_rware_v2_rware-small-4ag-v2_fd22d_00000 | RUNNING  | 172.24.0.2:950918 |   1953 |          5594.97 | 3.90444e+07 |     4.27 |                    6 |                    2 |                500 |
+------------------------------------------------------+----------+-------------------+--------+------------------+-------------+----------+----------------------+----------------------+--------------------+


== Status ==
Current time: 2026-05-22 22:25:04 (running for 00:22:07.64)
Memory usage on this node: 62.9/251.6 GiB
Using FIFO scheduling algorithm.
Resources requested: 7.0/8 CPUs, 1.0/1 GPUs, 0.0/17.63 GiB heap, 0.0/8.82 GiB objects (0.0/1.0 accelerator_type:G)
Result logdir: /workspace/MARLlib/runs/rware_mappo_gru_small_20m_tensorboard/mappo_gru_rware-small-4ag-v2
Number of trials: 1/1 (1 RUNNING)
+------------------------------------------------------+----------+-------------------+--------+------------------+-------------+----------+----------------------+----------------------+--------------------+
| Trial name                                           | status   | loc               |   iter |   total time (s) |          ts |   reward |   episode_reward_max |   episode_reward_min |   episode_len_mean |
|------------------------------------------------------+----------+-------------------+--------+------------------+-------------+----------+----------------------+----------------------+--------------------|
| MAPPOTrainer_rware_v2_rware-small-4ag-v2_fd22d_00000 | RUNNING  | 172.24.0.2:950918 |   1955 |          5600.18 | 3.90844e+07 |     4.35 |                    7 |                    3 |                500 |
+------------------------------------------------------+----------+-------------------+--------+------------------+-------------+----------+----------------------+----------------------+--------------------+


== Status ==
Current time: 2026-05-22 22:25:09 (running for 00:22:12.88)
Memory usage on this node: 62.9/251.6 GiB
Using FIFO scheduling algorithm.
Resources requested: 7.0/8 CPUs, 1.0/1 GPUs, 0.0/17.63 GiB heap, 0.0/8.82 GiB objects (0.0/1.0 accelerator_type:G)
Result logdir: /workspace/MARLlib/runs/rware_mappo_gru_small_20m_tensorboard/mappo_gru_rware-small-4ag-v2
Number of trials: 1/1 (1 RUNNING)
+------------------------------------------------------+----------+-------------------+--------+------------------+-------------+----------+----------------------+----------------------+--------------------+
| Trial name                                           | status   | loc               |   iter |   total time (s) |          ts |   reward |   episode_reward_max |   episode_reward_min |   episode_len_mean |
|------------------------------------------------------+----------+-------------------+--------+------------------+-------------+----------+----------------------+----------------------+--------------------|
| MAPPOTrainer_rware_v2_rware-small-4ag-v2_fd22d_00000 | RUNNING  | 172.24.0.2:950918 |   1957 |          5605.38 | 3.91243e+07 |     4.39 |                    7 |                    3 |                500 |
+------------------------------------------------------+----------+-------------------+--------+------------------+-------------+----------+----------------------+----------------------+--------------------+


== Status ==
Current time: 2026-05-22 22:25:14 (running for 00:22:18.13)
Memory usage on this node: 62.9/251.6 GiB
Using FIFO scheduling algorithm.
Resources requested: 7.0/8 CPUs, 1.0/1 GPUs, 0.0/17.63 GiB heap, 0.0/8.82 GiB objects (0.0/1.0 accelerator_type:G)
Result logdir: /workspace/MARLlib/runs/rware_mappo_gru_small_20m_tensorboard/mappo_gru_rware-small-4ag-v2
Number of trials: 1/1 (1 RUNNING)
+------------------------------------------------------+----------+-------------------+--------+------------------+-------------+----------+----------------------+----------------------+--------------------+
| Trial name                                           | status   | loc               |   iter |   total time (s) |          ts |   reward |   episode_reward_max |   episode_reward_min |   episode_len_mean |
|------------------------------------------------------+----------+-------------------+--------+------------------+-------------+----------+----------------------+----------------------+--------------------|
| MAPPOTrainer_rware_v2_rware-small-4ag-v2_fd22d_00000 | RUNNING  | 172.24.0.2:950918 |   1959 |          5610.56 | 3.91643e+07 |     4.47 |                    7 |                    3 |                500 |
+------------------------------------------------------+----------+-------------------+--------+------------------+-------------+----------+----------------------+----------------------+--------------------+


== Status ==
Current time: 2026-05-22 22:25:20 (running for 00:22:23.46)
Memory usage on this node: 62.9/251.6 GiB
Using FIFO scheduling algorithm.
Resources requested: 7.0/8 CPUs, 1.0/1 GPUs, 0.0/17.63 GiB heap, 0.0/8.82 GiB objects (0.0/1.0 accelerator_type:G)
Result logdir: /workspace/MARLlib/runs/rware_mappo_gru_small_20m_tensorboard/mappo_gru_rware-small-4ag-v2
Number of trials: 1/1 (1 RUNNING)
+------------------------------------------------------+----------+-------------------+--------+------------------+-------------+----------+----------------------+----------------------+--------------------+
| Trial name                                           | status   | loc               |   iter |   total time (s) |          ts |   reward |   episode_reward_max |   episode_reward_min |   episode_len_mean |
|------------------------------------------------------+----------+-------------------+--------+------------------+-------------+----------+----------------------+----------------------+--------------------|
| MAPPOTrainer_rware_v2_rware-small-4ag-v2_fd22d_00000 | RUNNING  | 172.24.0.2:950918 |   1961 |          5615.85 | 3.92043e+07 |      4.5 |                    7 |                    3 |                500 |
+------------------------------------------------------+----------+-------------------+--------+------------------+-------------+----------+----------------------+----------------------+--------------------+


== Status ==
Current time: 2026-05-22 22:25:25 (running for 00:22:28.69)
Memory usage on this node: 62.9/251.6 GiB
Using FIFO scheduling algorithm.
Resources requested: 7.0/8 CPUs, 1.0/1 GPUs, 0.0/17.63 GiB heap, 0.0/8.82 GiB objects (0.0/1.0 accelerator_type:G)
Result logdir: /workspace/MARLlib/runs/rware_mappo_gru_small_20m_tensorboard/mappo_gru_rware-small-4ag-v2
Number of trials: 1/1 (1 RUNNING)
+------------------------------------------------------+----------+-------------------+--------+------------------+-------------+----------+----------------------+----------------------+--------------------+
| Trial name                                           | status   | loc               |   iter |   total time (s) |          ts |   reward |   episode_reward_max |   episode_reward_min |   episode_len_mean |
|------------------------------------------------------+----------+-------------------+--------+------------------+-------------+----------+----------------------+----------------------+--------------------|
| MAPPOTrainer_rware_v2_rware-small-4ag-v2_fd22d_00000 | RUNNING  | 172.24.0.2:950918 |   1963 |          5621.01 | 3.92443e+07 |      4.5 |                    7 |                    3 |                500 |
+------------------------------------------------------+----------+-------------------+--------+------------------+-------------+----------+----------------------+----------------------+--------------------+


== Status ==
Current time: 2026-05-22 22:25:30 (running for 00:22:33.91)
Memory usage on this node: 62.9/251.6 GiB
Using FIFO scheduling algorithm.
Resources requested: 7.0/8 CPUs, 1.0/1 GPUs, 0.0/17.63 GiB heap, 0.0/8.82 GiB objects (0.0/1.0 accelerator_type:G)
Result logdir: /workspace/MARLlib/runs/rware_mappo_gru_small_20m_tensorboard/mappo_gru_rware-small-4ag-v2
Number of trials: 1/1 (1 RUNNING)
+------------------------------------------------------+----------+-------------------+--------+------------------+-------------+----------+----------------------+----------------------+--------------------+
| Trial name                                           | status   | loc               |   iter |   total time (s) |          ts |   reward |   episode_reward_max |   episode_reward_min |   episode_len_mean |
|------------------------------------------------------+----------+-------------------+--------+------------------+-------------+----------+----------------------+----------------------+--------------------|
| MAPPOTrainer_rware_v2_rware-small-4ag-v2_fd22d_00000 | RUNNING  | 172.24.0.2:950918 |   1965 |          5626.19 | 3.92843e+07 |     4.48 |                    7 |                    3 |                500 |
+------------------------------------------------------+----------+-------------------+--------+------------------+-------------+----------+----------------------+----------------------+--------------------+


== Status ==
Current time: 2026-05-22 22:25:35 (running for 00:22:39.34)
Memory usage on this node: 62.9/251.6 GiB
Using FIFO scheduling algorithm.
Resources requested: 7.0/8 CPUs, 1.0/1 GPUs, 0.0/17.63 GiB heap, 0.0/8.82 GiB objects (0.0/1.0 accelerator_type:G)
Result logdir: /workspace/MARLlib/runs/rware_mappo_gru_small_20m_tensorboard/mappo_gru_rware-small-4ag-v2
Number of trials: 1/1 (1 RUNNING)
+------------------------------------------------------+----------+-------------------+--------+------------------+-------------+----------+----------------------+----------------------+--------------------+
| Trial name                                           | status   | loc               |   iter |   total time (s) |          ts |   reward |   episode_reward_max |   episode_reward_min |   episode_len_mean |
|------------------------------------------------------+----------+-------------------+--------+------------------+-------------+----------+----------------------+----------------------+--------------------|
| MAPPOTrainer_rware_v2_rware-small-4ag-v2_fd22d_00000 | RUNNING  | 172.24.0.2:950918 |   1967 |          5631.55 | 3.93243e+07 |     4.41 |                    7 |                    3 |                500 |
+------------------------------------------------------+----------+-------------------+--------+------------------+-------------+----------+----------------------+----------------------+--------------------+


== Status ==
Current time: 2026-05-22 22:25:41 (running for 00:22:44.70)
Memory usage on this node: 62.9/251.6 GiB
Using FIFO scheduling algorithm.
Resources requested: 7.0/8 CPUs, 1.0/1 GPUs, 0.0/17.63 GiB heap, 0.0/8.82 GiB objects (0.0/1.0 accelerator_type:G)
Result logdir: /workspace/MARLlib/runs/rware_mappo_gru_small_20m_tensorboard/mappo_gru_rware-small-4ag-v2
Number of trials: 1/1 (1 RUNNING)
+------------------------------------------------------+----------+-------------------+--------+------------------+-------------+----------+----------------------+----------------------+--------------------+
| Trial name                                           | status   | loc               |   iter |   total time (s) |          ts |   reward |   episode_reward_max |   episode_reward_min |   episode_len_mean |
|------------------------------------------------------+----------+-------------------+--------+------------------+-------------+----------+----------------------+----------------------+--------------------|
| MAPPOTrainer_rware_v2_rware-small-4ag-v2_fd22d_00000 | RUNNING  | 172.24.0.2:950918 |   1969 |          5636.87 | 3.93642e+07 |     4.42 |                    8 |                    3 |                500 |
+------------------------------------------------------+----------+-------------------+--------+------------------+-------------+----------+----------------------+----------------------+--------------------+


== Status ==
Current time: 2026-05-22 22:25:46 (running for 00:22:49.95)
Memory usage on this node: 62.9/251.6 GiB
Using FIFO scheduling algorithm.
Resources requested: 7.0/8 CPUs, 1.0/1 GPUs, 0.0/17.63 GiB heap, 0.0/8.82 GiB objects (0.0/1.0 accelerator_type:G)
Result logdir: /workspace/MARLlib/runs/rware_mappo_gru_small_20m_tensorboard/mappo_gru_rware-small-4ag-v2
Number of trials: 1/1 (1 RUNNING)
+------------------------------------------------------+----------+-------------------+--------+------------------+-------------+----------+----------------------+----------------------+--------------------+
| Trial name                                           | status   | loc               |   iter |   total time (s) |          ts |   reward |   episode_reward_max |   episode_reward_min |   episode_len_mean |
|------------------------------------------------------+----------+-------------------+--------+------------------+-------------+----------+----------------------+----------------------+--------------------|
| MAPPOTrainer_rware_v2_rware-small-4ag-v2_fd22d_00000 | RUNNING  | 172.24.0.2:950918 |   1971 |          5642.05 | 3.94042e+07 |     4.42 |                    8 |                    3 |                500 |
+------------------------------------------------------+----------+-------------------+--------+------------------+-------------+----------+----------------------+----------------------+--------------------+


== Status ==
Current time: 2026-05-22 22:25:51 (running for 00:22:55.32)
Memory usage on this node: 62.9/251.6 GiB
Using FIFO scheduling algorithm.
Resources requested: 7.0/8 CPUs, 1.0/1 GPUs, 0.0/17.63 GiB heap, 0.0/8.82 GiB objects (0.0/1.0 accelerator_type:G)
Result logdir: /workspace/MARLlib/runs/rware_mappo_gru_small_20m_tensorboard/mappo_gru_rware-small-4ag-v2
Number of trials: 1/1 (1 RUNNING)
+------------------------------------------------------+----------+-------------------+--------+------------------+-------------+----------+----------------------+----------------------+--------------------+
| Trial name                                           | status   | loc               |   iter |   total time (s) |          ts |   reward |   episode_reward_max |   episode_reward_min |   episode_len_mean |
|------------------------------------------------------+----------+-------------------+--------+------------------+-------------+----------+----------------------+----------------------+--------------------|
| MAPPOTrainer_rware_v2_rware-small-4ag-v2_fd22d_00000 | RUNNING  | 172.24.0.2:950918 |   1973 |          5647.37 | 3.94442e+07 |     4.47 |                    8 |                    3 |                500 |
+------------------------------------------------------+----------+-------------------+--------+------------------+-------------+----------+----------------------+----------------------+--------------------+


== Status ==
Current time: 2026-05-22 22:25:57 (running for 00:23:00.58)
Memory usage on this node: 62.9/251.6 GiB
Using FIFO scheduling algorithm.
Resources requested: 7.0/8 CPUs, 1.0/1 GPUs, 0.0/17.63 GiB heap, 0.0/8.82 GiB objects (0.0/1.0 accelerator_type:G)
Result logdir: /workspace/MARLlib/runs/rware_mappo_gru_small_20m_tensorboard/mappo_gru_rware-small-4ag-v2
Number of trials: 1/1 (1 RUNNING)
+------------------------------------------------------+----------+-------------------+--------+------------------+-------------+----------+----------------------+----------------------+--------------------+
| Trial name                                           | status   | loc               |   iter |   total time (s) |          ts |   reward |   episode_reward_max |   episode_reward_min |   episode_len_mean |
|------------------------------------------------------+----------+-------------------+--------+------------------+-------------+----------+----------------------+----------------------+--------------------|
| MAPPOTrainer_rware_v2_rware-small-4ag-v2_fd22d_00000 | RUNNING  | 172.24.0.2:950918 |   1975 |          5652.57 | 3.94842e+07 |      4.4 |                    8 |                    3 |                500 |
+------------------------------------------------------+----------+-------------------+--------+------------------+-------------+----------+----------------------+----------------------+--------------------+


== Status ==
Current time: 2026-05-22 22:26:02 (running for 00:23:05.75)
Memory usage on this node: 62.9/251.6 GiB
Using FIFO scheduling algorithm.
Resources requested: 7.0/8 CPUs, 1.0/1 GPUs, 0.0/17.63 GiB heap, 0.0/8.82 GiB objects (0.0/1.0 accelerator_type:G)
Result logdir: /workspace/MARLlib/runs/rware_mappo_gru_small_20m_tensorboard/mappo_gru_rware-small-4ag-v2
Number of trials: 1/1 (1 RUNNING)
+------------------------------------------------------+----------+-------------------+--------+------------------+-------------+----------+----------------------+----------------------+--------------------+
| Trial name                                           | status   | loc               |   iter |   total time (s) |          ts |   reward |   episode_reward_max |   episode_reward_min |   episode_len_mean |
|------------------------------------------------------+----------+-------------------+--------+------------------+-------------+----------+----------------------+----------------------+--------------------|
| MAPPOTrainer_rware_v2_rware-small-4ag-v2_fd22d_00000 | RUNNING  | 172.24.0.2:950918 |   1977 |           5657.7 | 3.95242e+07 |      4.5 |                    8 |                    3 |                500 |
+------------------------------------------------------+----------+-------------------+--------+------------------+-------------+----------+----------------------+----------------------+--------------------+


== Status ==
Current time: 2026-05-22 22:26:07 (running for 00:23:11.14)
Memory usage on this node: 62.9/251.6 GiB
Using FIFO scheduling algorithm.
Resources requested: 7.0/8 CPUs, 1.0/1 GPUs, 0.0/17.63 GiB heap, 0.0/8.82 GiB objects (0.0/1.0 accelerator_type:G)
Result logdir: /workspace/MARLlib/runs/rware_mappo_gru_small_20m_tensorboard/mappo_gru_rware-small-4ag-v2
Number of trials: 1/1 (1 RUNNING)
+------------------------------------------------------+----------+-------------------+--------+------------------+-------------+----------+----------------------+----------------------+--------------------+
| Trial name                                           | status   | loc               |   iter |   total time (s) |          ts |   reward |   episode_reward_max |   episode_reward_min |   episode_len_mean |
|------------------------------------------------------+----------+-------------------+--------+------------------+-------------+----------+----------------------+----------------------+--------------------|
| MAPPOTrainer_rware_v2_rware-small-4ag-v2_fd22d_00000 | RUNNING  | 172.24.0.2:950918 |   1979 |          5663.02 | 3.95642e+07 |     4.47 |                    7 |                    3 |                500 |
+------------------------------------------------------+----------+-------------------+--------+------------------+-------------+----------+----------------------+----------------------+--------------------+


== Status ==
Current time: 2026-05-22 22:26:13 (running for 00:23:16.46)
Memory usage on this node: 62.9/251.6 GiB
Using FIFO scheduling algorithm.
Resources requested: 7.0/8 CPUs, 1.0/1 GPUs, 0.0/17.63 GiB heap, 0.0/8.82 GiB objects (0.0/1.0 accelerator_type:G)
Result logdir: /workspace/MARLlib/runs/rware_mappo_gru_small_20m_tensorboard/mappo_gru_rware-small-4ag-v2
Number of trials: 1/1 (1 RUNNING)
+------------------------------------------------------+----------+-------------------+--------+------------------+-------------+----------+----------------------+----------------------+--------------------+
| Trial name                                           | status   | loc               |   iter |   total time (s) |          ts |   reward |   episode_reward_max |   episode_reward_min |   episode_len_mean |
|------------------------------------------------------+----------+-------------------+--------+------------------+-------------+----------+----------------------+----------------------+--------------------|
| MAPPOTrainer_rware_v2_rware-small-4ag-v2_fd22d_00000 | RUNNING  | 172.24.0.2:950918 |   1981 |          5668.29 | 3.96042e+07 |     4.48 |                    8 |                    3 |                500 |
+------------------------------------------------------+----------+-------------------+--------+------------------+-------------+----------+----------------------+----------------------+--------------------+


== Status ==
Current time: 2026-05-22 22:26:18 (running for 00:23:21.70)
Memory usage on this node: 62.9/251.6 GiB
Using FIFO scheduling algorithm.
Resources requested: 7.0/8 CPUs, 1.0/1 GPUs, 0.0/17.63 GiB heap, 0.0/8.82 GiB objects (0.0/1.0 accelerator_type:G)
Result logdir: /workspace/MARLlib/runs/rware_mappo_gru_small_20m_tensorboard/mappo_gru_rware-small-4ag-v2
Number of trials: 1/1 (1 RUNNING)
+------------------------------------------------------+----------+-------------------+--------+------------------+-------------+----------+----------------------+----------------------+--------------------+
| Trial name                                           | status   | loc               |   iter |   total time (s) |          ts |   reward |   episode_reward_max |   episode_reward_min |   episode_len_mean |
|------------------------------------------------------+----------+-------------------+--------+------------------+-------------+----------+----------------------+----------------------+--------------------|
| MAPPOTrainer_rware_v2_rware-small-4ag-v2_fd22d_00000 | RUNNING  | 172.24.0.2:950918 |   1983 |          5673.49 | 3.96441e+07 |     4.59 |                    8 |                    3 |                500 |
+------------------------------------------------------+----------+-------------------+--------+------------------+-------------+----------+----------------------+----------------------+--------------------+


== Status ==
Current time: 2026-05-22 22:26:23 (running for 00:23:26.81)
Memory usage on this node: 62.9/251.6 GiB
Using FIFO scheduling algorithm.
Resources requested: 7.0/8 CPUs, 1.0/1 GPUs, 0.0/17.63 GiB heap, 0.0/8.82 GiB objects (0.0/1.0 accelerator_type:G)
Result logdir: /workspace/MARLlib/runs/rware_mappo_gru_small_20m_tensorboard/mappo_gru_rware-small-4ag-v2
Number of trials: 1/1 (1 RUNNING)
+------------------------------------------------------+----------+-------------------+--------+------------------+-------------+----------+----------------------+----------------------+--------------------+
| Trial name                                           | status   | loc               |   iter |   total time (s) |          ts |   reward |   episode_reward_max |   episode_reward_min |   episode_len_mean |
|------------------------------------------------------+----------+-------------------+--------+------------------+-------------+----------+----------------------+----------------------+--------------------|
| MAPPOTrainer_rware_v2_rware-small-4ag-v2_fd22d_00000 | RUNNING  | 172.24.0.2:950918 |   1985 |          5678.57 | 3.96841e+07 |     4.69 |                    8 |                    3 |                500 |
+------------------------------------------------------+----------+-------------------+--------+------------------+-------------+----------+----------------------+----------------------+--------------------+


== Status ==
Current time: 2026-05-22 22:26:28 (running for 00:23:31.98)
Memory usage on this node: 62.9/251.6 GiB
Using FIFO scheduling algorithm.
Resources requested: 7.0/8 CPUs, 1.0/1 GPUs, 0.0/17.63 GiB heap, 0.0/8.82 GiB objects (0.0/1.0 accelerator_type:G)
Result logdir: /workspace/MARLlib/runs/rware_mappo_gru_small_20m_tensorboard/mappo_gru_rware-small-4ag-v2
Number of trials: 1/1 (1 RUNNING)
+------------------------------------------------------+----------+-------------------+--------+------------------+-------------+----------+----------------------+----------------------+--------------------+
| Trial name                                           | status   | loc               |   iter |   total time (s) |          ts |   reward |   episode_reward_max |   episode_reward_min |   episode_len_mean |
|------------------------------------------------------+----------+-------------------+--------+------------------+-------------+----------+----------------------+----------------------+--------------------|
| MAPPOTrainer_rware_v2_rware-small-4ag-v2_fd22d_00000 | RUNNING  | 172.24.0.2:950918 |   1987 |          5683.69 | 3.97241e+07 |     4.73 |                    8 |                    3 |                500 |
+------------------------------------------------------+----------+-------------------+--------+------------------+-------------+----------+----------------------+----------------------+--------------------+


== Status ==
Current time: 2026-05-22 22:26:33 (running for 00:23:37.23)
Memory usage on this node: 62.9/251.6 GiB
Using FIFO scheduling algorithm.
Resources requested: 7.0/8 CPUs, 1.0/1 GPUs, 0.0/17.63 GiB heap, 0.0/8.82 GiB objects (0.0/1.0 accelerator_type:G)
Result logdir: /workspace/MARLlib/runs/rware_mappo_gru_small_20m_tensorboard/mappo_gru_rware-small-4ag-v2
Number of trials: 1/1 (1 RUNNING)
+------------------------------------------------------+----------+-------------------+--------+------------------+-------------+----------+----------------------+----------------------+--------------------+
| Trial name                                           | status   | loc               |   iter |   total time (s) |          ts |   reward |   episode_reward_max |   episode_reward_min |   episode_len_mean |
|------------------------------------------------------+----------+-------------------+--------+------------------+-------------+----------+----------------------+----------------------+--------------------|
| MAPPOTrainer_rware_v2_rware-small-4ag-v2_fd22d_00000 | RUNNING  | 172.24.0.2:950918 |   1989 |          5688.89 | 3.97641e+07 |     4.72 |                    8 |                    3 |                500 |
+------------------------------------------------------+----------+-------------------+--------+------------------+-------------+----------+----------------------+----------------------+--------------------+


== Status ==
Current time: 2026-05-22 22:26:39 (running for 00:23:42.49)
Memory usage on this node: 62.9/251.6 GiB
Using FIFO scheduling algorithm.
Resources requested: 7.0/8 CPUs, 1.0/1 GPUs, 0.0/17.63 GiB heap, 0.0/8.82 GiB objects (0.0/1.0 accelerator_type:G)
Result logdir: /workspace/MARLlib/runs/rware_mappo_gru_small_20m_tensorboard/mappo_gru_rware-small-4ag-v2
Number of trials: 1/1 (1 RUNNING)
+------------------------------------------------------+----------+-------------------+--------+------------------+-------------+----------+----------------------+----------------------+--------------------+
| Trial name                                           | status   | loc               |   iter |   total time (s) |          ts |   reward |   episode_reward_max |   episode_reward_min |   episode_len_mean |
|------------------------------------------------------+----------+-------------------+--------+------------------+-------------+----------+----------------------+----------------------+--------------------|
| MAPPOTrainer_rware_v2_rware-small-4ag-v2_fd22d_00000 | RUNNING  | 172.24.0.2:950918 |   1991 |          5694.11 | 3.98041e+07 |     4.74 |                    8 |                    3 |                500 |
+------------------------------------------------------+----------+-------------------+--------+------------------+-------------+----------+----------------------+----------------------+--------------------+


== Status ==
Current time: 2026-05-22 22:26:44 (running for 00:23:47.79)
Memory usage on this node: 62.9/251.6 GiB
Using FIFO scheduling algorithm.
Resources requested: 7.0/8 CPUs, 1.0/1 GPUs, 0.0/17.63 GiB heap, 0.0/8.82 GiB objects (0.0/1.0 accelerator_type:G)
Result logdir: /workspace/MARLlib/runs/rware_mappo_gru_small_20m_tensorboard/mappo_gru_rware-small-4ag-v2
Number of trials: 1/1 (1 RUNNING)
+------------------------------------------------------+----------+-------------------+--------+------------------+-------------+----------+----------------------+----------------------+--------------------+
| Trial name                                           | status   | loc               |   iter |   total time (s) |          ts |   reward |   episode_reward_max |   episode_reward_min |   episode_len_mean |
|------------------------------------------------------+----------+-------------------+--------+------------------+-------------+----------+----------------------+----------------------+--------------------|
| MAPPOTrainer_rware_v2_rware-small-4ag-v2_fd22d_00000 | RUNNING  | 172.24.0.2:950918 |   1993 |          5699.38 | 3.98441e+07 |     4.59 |                    8 |                    3 |                500 |
+------------------------------------------------------+----------+-------------------+--------+------------------+-------------+----------+----------------------+----------------------+--------------------+


== Status ==
Current time: 2026-05-22 22:26:49 (running for 00:23:53.07)
Memory usage on this node: 62.9/251.6 GiB
Using FIFO scheduling algorithm.
Resources requested: 7.0/8 CPUs, 1.0/1 GPUs, 0.0/17.63 GiB heap, 0.0/8.82 GiB objects (0.0/1.0 accelerator_type:G)
Result logdir: /workspace/MARLlib/runs/rware_mappo_gru_small_20m_tensorboard/mappo_gru_rware-small-4ag-v2
Number of trials: 1/1 (1 RUNNING)
+------------------------------------------------------+----------+-------------------+--------+------------------+------------+----------+----------------------+----------------------+--------------------+
| Trial name                                           | status   | loc               |   iter |   total time (s) |         ts |   reward |   episode_reward_max |   episode_reward_min |   episode_len_mean |
|------------------------------------------------------+----------+-------------------+--------+------------------+------------+----------+----------------------+----------------------+--------------------|
| MAPPOTrainer_rware_v2_rware-small-4ag-v2_fd22d_00000 | RUNNING  | 172.24.0.2:950918 |   1995 |          5704.61 | 3.9884e+07 |     4.56 |                    7 |                    3 |                500 |
+------------------------------------------------------+----------+-------------------+--------+------------------+------------+----------+----------------------+----------------------+--------------------+


== Status ==
Current time: 2026-05-22 22:26:54 (running for 00:23:58.38)
Memory usage on this node: 62.9/251.6 GiB
Using FIFO scheduling algorithm.
Resources requested: 7.0/8 CPUs, 1.0/1 GPUs, 0.0/17.63 GiB heap, 0.0/8.82 GiB objects (0.0/1.0 accelerator_type:G)
Result logdir: /workspace/MARLlib/runs/rware_mappo_gru_small_20m_tensorboard/mappo_gru_rware-small-4ag-v2
Number of trials: 1/1 (1 RUNNING)
+------------------------------------------------------+----------+-------------------+--------+------------------+------------+----------+----------------------+----------------------+--------------------+
| Trial name                                           | status   | loc               |   iter |   total time (s) |         ts |   reward |   episode_reward_max |   episode_reward_min |   episode_len_mean |
|------------------------------------------------------+----------+-------------------+--------+------------------+------------+----------+----------------------+----------------------+--------------------|
| MAPPOTrainer_rware_v2_rware-small-4ag-v2_fd22d_00000 | RUNNING  | 172.24.0.2:950918 |   1997 |          5709.87 | 3.9924e+07 |     4.52 |                    7 |                    3 |                500 |
+------------------------------------------------------+----------+-------------------+--------+------------------+------------+----------+----------------------+----------------------+--------------------+


== Status ==
Current time: 2026-05-22 22:27:00 (running for 00:24:03.63)
Memory usage on this node: 62.9/251.6 GiB
Using FIFO scheduling algorithm.
Resources requested: 7.0/8 CPUs, 1.0/1 GPUs, 0.0/17.63 GiB heap, 0.0/8.82 GiB objects (0.0/1.0 accelerator_type:G)
Result logdir: /workspace/MARLlib/runs/rware_mappo_gru_small_20m_tensorboard/mappo_gru_rware-small-4ag-v2
Number of trials: 1/1 (1 RUNNING)
+------------------------------------------------------+----------+-------------------+--------+------------------+------------+----------+----------------------+----------------------+--------------------+
| Trial name                                           | status   | loc               |   iter |   total time (s) |         ts |   reward |   episode_reward_max |   episode_reward_min |   episode_len_mean |
|------------------------------------------------------+----------+-------------------+--------+------------------+------------+----------+----------------------+----------------------+--------------------|
| MAPPOTrainer_rware_v2_rware-small-4ag-v2_fd22d_00000 | RUNNING  | 172.24.0.2:950918 |   1999 |          5715.06 | 3.9964e+07 |     4.45 |                    7 |                    2 |                500 |
+------------------------------------------------------+----------+-------------------+--------+------------------+------------+----------+----------------------+----------------------+--------------------+


== Status ==
Current time: 2026-05-22 22:27:05 (running for 00:24:08.63)
Memory usage on this node: 62.9/251.6 GiB
Using FIFO scheduling algorithm.
Resources requested: 7.0/8 CPUs, 1.0/1 GPUs, 0.0/17.63 GiB heap, 0.0/8.82 GiB objects (0.0/1.0 accelerator_type:G)
Result logdir: /workspace/MARLlib/runs/rware_mappo_gru_small_20m_tensorboard/mappo_gru_rware-small-4ag-v2
Number of trials: 1/1 (1 RUNNING)
+------------------------------------------------------+----------+-------------------+--------+------------------+------------+----------+----------------------+----------------------+--------------------+
| Trial name                                           | status   | loc               |   iter |   total time (s) |         ts |   reward |   episode_reward_max |   episode_reward_min |   episode_len_mean |
|------------------------------------------------------+----------+-------------------+--------+------------------+------------+----------+----------------------+----------------------+--------------------|
| MAPPOTrainer_rware_v2_rware-small-4ag-v2_fd22d_00000 | RUNNING  | 172.24.0.2:950918 |   1999 |          5715.06 | 3.9964e+07 |     4.45 |                    7 |                    2 |                500 |
+------------------------------------------------------+----------+-------------------+--------+------------------+------------+----------+----------------------+----------------------+--------------------+


[2m[36m(pid=950918)[0m 2026-05-22 22:02:59,499	WARNING deprecation.py:38 -- DeprecationWarning: `simple_optimizer` has been deprecated. This will raise an error in the future!
[2m[36m(pid=950918)[0m 2026-05-22 22:02:59,500	WARNING ppo.py:143 -- `train_batch_size` (5000) cannot be achieved with your other settings (num_workers=6 num_envs_per_worker=1 rollout_fragment_length=200)! Auto-adjusting `rollout_fragment_length` to 833.
[2m[36m(pid=950918)[0m 2026-05-22 22:02:59,500	INFO ppo.py:166 -- In multi-agent mode, policies will be optimized sequentially by the multi-GPU optimizer. Consider setting simple_optimizer=True if this doesn't work for you.
[2m[36m(pid=950918)[0m 2026-05-22 22:02:59,500	INFO trainer.py:770 -- Current log_level is WARN. For more information, set 'log_level': 'INFO' / 'DEBUG' or use the -v and -vv flags.
[2m[36m(pid=950915)[0m 2026-05-22 22:03:02,412	WARNING deprecation.py:38 -- DeprecationWarning: `SampleBatch['is_training']` has been deprecated. Use `SampleBatch.is_training` instead. This will raise an error in the future!
[2m[36m(pid=950918)[0m 2026-05-22 22:03:08,494	WARNING deprecation.py:38 -- DeprecationWarning: `SampleBatch['is_training']` has been deprecated. Use `SampleBatch.is_training` instead. This will raise an error in the future!
[2m[36m(pid=950918)[0m 2026-05-22 22:03:08,514	WARNING trainer_template.py:185 -- `execution_plan` functions should accept `trainer`, `workers`, and `config` as args!
[2m[36m(pid=950918)[0m 2026-05-22 22:03:08,514	WARNING deprecation.py:38 -- DeprecationWarning: `simple_optimizer` has been deprecated. This will raise an error in the future!
[2m[36m(pid=950918)[0m 2026-05-22 22:03:08,515	WARNING ppo.py:143 -- `train_batch_size` (5000) cannot be achieved with your other settings (num_workers=6 num_envs_per_worker=1 rollout_fragment_length=833)! Auto-adjusting `rollout_fragment_length` to 833.
[2m[36m(pid=950918)[0m 2026-05-22 22:03:08,541	WARNING util.py:57 -- Install gputil for GPU system monitoring.
[2m[36m(pid=950918)[0m 2026-05-22 22:03:08,580	INFO trainable.py:416 -- Restored on 172.24.0.2 from checkpoint: /workspace/MARLlib/runs/rware_mappo_gru_small_20m_tensorboard/mappo_gru_rware-small-4ag-v2/MAPPOTrainer_rware_v2_rware-small-4ag-v2_fd22d_00000_0_2026-05-22_22-02-56/tmpr5l4wj91restore_from_object/checkpoint-1501
[2m[36m(pid=950918)[0m 2026-05-22 22:03:08,580	INFO trainable.py:424 -- Current state after restoring: {'_iteration': 1501, '_timesteps_total': 0, '_time_total': 4298.533912181854, '_episodes_total': 15000}
[2m[36m(pid=950915)[0m /workspace/miniconda3/envs/marllib/lib/python3.8/site-packages/gymnasium/utils/passive_env_checker.py:245: UserWarning: [33mWARN: The reward returned by `step()` must be a float, int, np.integer or np.floating, actual type: <class 'list'>[0m
[2m[36m(pid=950915)[0m   logger.warn(
[2m[36m(pid=950913)[0m /workspace/miniconda3/envs/marllib/lib/python3.8/site-packages/gymnasium/utils/passive_env_checker.py:245: UserWarning: [33mWARN: The reward returned by `step()` must be a float, int, np.integer or np.floating, actual type: <class 'list'>[0m
[2m[36m(pid=950913)[0m   logger.warn(
[2m[36m(pid=950914)[0m /workspace/miniconda3/envs/marllib/lib/python3.8/site-packages/gymnasium/utils/passive_env_checker.py:245: UserWarning: [33mWARN: The reward returned by `step()` must be a float, int, np.integer or np.floating, actual type: <class 'list'>[0m
[2m[36m(pid=950914)[0m   logger.warn(
[2m[36m(pid=950917)[0m /workspace/miniconda3/envs/marllib/lib/python3.8/site-packages/gymnasium/utils/passive_env_checker.py:245: UserWarning: [33mWARN: The reward returned by `step()` must be a float, int, np.integer or np.floating, actual type: <class 'list'>[0m
[2m[36m(pid=950917)[0m   logger.warn(
[2m[36m(pid=950916)[0m /workspace/miniconda3/envs/marllib/lib/python3.8/site-packages/gymnasium/utils/passive_env_checker.py:245: UserWarning: [33mWARN: The reward returned by `step()` must be a float, int, np.integer or np.floating, actual type: <class 'list'>[0m
[2m[36m(pid=950916)[0m   logger.warn(
[2m[36m(pid=950912)[0m /workspace/miniconda3/envs/marllib/lib/python3.8/site-packages/gymnasium/utils/passive_env_checker.py:245: UserWarning: [33mWARN: The reward returned by `step()` must be a float, int, np.integer or np.floating, actual type: <class 'list'>[0m
[2m[36m(pid=950912)[0m   logger.warn(
[2m[36m(pid=950918)[0m /workspace/miniconda3/envs/marllib/lib/python3.8/site-packages/gymnasium/utils/passive_env_checker.py:245: UserWarning: [33mWARN: The reward returned by `step()` must be a float, int, np.integer or np.floating, actual type: <class 'list'>[0m
[2m[36m(pid=950918)[0m   logger.warn(
[2m[36m(pid=950912)[0m 2026-05-22 22:27:16,278	ERROR worker.py:425 -- SystemExit was raised from the worker
[2m[36m(pid=950912)[0m Traceback (most recent call last):
[2m[36m(pid=950912)[0m   File "python/ray/_raylet.pyx", line 558, in ray._raylet.execute_task
[2m[36m(pid=950912)[0m   File "python/ray/_raylet.pyx", line 565, in ray._raylet.execute_task
[2m[36m(pid=950912)[0m   File "python/ray/_raylet.pyx", line 569, in ray._raylet.execute_task
[2m[36m(pid=950912)[0m   File "python/ray/_raylet.pyx", line 519, in ray._raylet.execute_task.function_executor
[2m[36m(pid=950912)[0m   File "/workspace/miniconda3/envs/marllib/lib/python3.8/site-packages/ray/_private/function_manager.py", line 576, in actor_method_executor
[2m[36m(pid=950912)[0m     return method(__ray_actor, *args, **kwargs)
[2m[36m(pid=950912)[0m   File "/workspace/miniconda3/envs/marllib/lib/python3.8/site-packages/ray/util/tracing/tracing_helper.py", line 451, in _resume_span
[2m[36m(pid=950912)[0m     return method(self, *_args, **_kwargs)
[2m[36m(pid=950912)[0m   File "/workspace/miniconda3/envs/marllib/lib/python3.8/site-packages/ray/actor.py", line 1047, in __ray_terminate__
[2m[36m(pid=950912)[0m     ray.actor.exit_actor()
[2m[36m(pid=950912)[0m   File "/workspace/miniconda3/envs/marllib/lib/python3.8/site-packages/ray/actor.py", line 1123, in exit_actor
[2m[36m(pid=950912)[0m     raise exit
[2m[36m(pid=950912)[0m SystemExit: 0
[2m[36m(pid=950912)[0m 
[2m[36m(pid=950912)[0m During handling of the above exception, another exception occurred:
[2m[36m(pid=950912)[0m 
[2m[36m(pid=950912)[0m Traceback (most recent call last):
[2m[36m(pid=950912)[0m   File "python/ray/_raylet.pyx", line 692, in ray._raylet.task_execution_handler
[2m[36m(pid=950912)[0m   File "python/ray/_raylet.pyx", line 521, in ray._raylet.execute_task
[2m[36m(pid=950912)[0m   File "python/ray/includes/libcoreworker.pxi", line 33, in ray._raylet.ProfileEvent.__exit__
[2m[36m(pid=950912)[0m   File "/workspace/miniconda3/envs/marllib/lib/python3.8/traceback.py", line 167, in format_exc
[2m[36m(pid=950912)[0m     return "".join(format_exception(*sys.exc_info(), limit=limit, chain=chain))
[2m[36m(pid=950912)[0m   File "/workspace/miniconda3/envs/marllib/lib/python3.8/traceback.py", line 120, in format_exception
[2m[36m(pid=950912)[0m     return list(TracebackException(
[2m[36m(pid=950912)[0m   File "/workspace/miniconda3/envs/marllib/lib/python3.8/traceback.py", line 616, in format
[2m[36m(pid=950912)[0m     yield from self.stack.format()
[2m[36m(pid=950912)[0m   File "/workspace/miniconda3/envs/marllib/lib/python3.8/traceback.py", line 426, in format
[2m[36m(pid=950912)[0m     row.append('    {}\n'.format(frame.line.strip()))
[2m[36m(pid=950912)[0m   File "/workspace/miniconda3/envs/marllib/lib/python3.8/site-packages/ray/worker.py", line 422, in sigterm_handler
[2m[36m(pid=950912)[0m     sys.exit(1)
[2m[36m(pid=950912)[0m SystemExit: 1
[2m[36m(pid=950912)[0m [2026-05-22 22:27:16,281 E 950912 951098] raylet_client.cc:159: IOError: Broken pipe [RayletClient] Failed to disconnect from raylet.
2026-05-22 22:27:16,389	INFO tune.py:630 -- Total run time: 1459.85 seconds (1459.47 seconds for the tuning loop).
== Status ==
Current time: 2026-05-22 22:27:10 (running for 00:24:13.64)
Memory usage on this node: 62.9/251.6 GiB
Using FIFO scheduling algorithm.
Resources requested: 7.0/8 CPUs, 1.0/1 GPUs, 0.0/17.63 GiB heap, 0.0/8.82 GiB objects (0.0/1.0 accelerator_type:G)
Result logdir: /workspace/MARLlib/runs/rware_mappo_gru_small_20m_tensorboard/mappo_gru_rware-small-4ag-v2
Number of trials: 1/1 (1 RUNNING)
+------------------------------------------------------+----------+-------------------+--------+------------------+------------+----------+----------------------+----------------------+--------------------+
| Trial name                                           | status   | loc               |   iter |   total time (s) |         ts |   reward |   episode_reward_max |   episode_reward_min |   episode_len_mean |
|------------------------------------------------------+----------+-------------------+--------+------------------+------------+----------+----------------------+----------------------+--------------------|
| MAPPOTrainer_rware_v2_rware-small-4ag-v2_fd22d_00000 | RUNNING  | 172.24.0.2:950918 |   1999 |          5715.06 | 3.9964e+07 |     4.45 |                    7 |                    2 |                500 |
+------------------------------------------------------+----------+-------------------+--------+------------------+------------+----------+----------------------+----------------------+--------------------+


== Status ==
Current time: 2026-05-22 22:27:15 (running for 00:24:18.76)
Memory usage on this node: 62.9/251.6 GiB
Using FIFO scheduling algorithm.
Resources requested: 7.0/8 CPUs, 1.0/1 GPUs, 0.0/17.63 GiB heap, 0.0/8.82 GiB objects (0.0/1.0 accelerator_type:G)
Result logdir: /workspace/MARLlib/runs/rware_mappo_gru_small_20m_tensorboard/mappo_gru_rware-small-4ag-v2
Number of trials: 1/1 (1 RUNNING)
+------------------------------------------------------+----------+-------------------+--------+------------------+------------+----------+----------------------+----------------------+--------------------+
| Trial name                                           | status   | loc               |   iter |   total time (s) |         ts |   reward |   episode_reward_max |   episode_reward_min |   episode_len_mean |
|------------------------------------------------------+----------+-------------------+--------+------------------+------------+----------+----------------------+----------------------+--------------------|
| MAPPOTrainer_rware_v2_rware-small-4ag-v2_fd22d_00000 | RUNNING  | 172.24.0.2:950918 |   2000 |          5730.15 | 3.9984e+07 |     4.43 |                    7 |                    2 |                500 |
+------------------------------------------------------+----------+-------------------+--------+------------------+------------+----------+----------------------+----------------------+--------------------+


== Status ==
Current time: 2026-05-22 22:27:16 (running for 00:24:19.54)
Memory usage on this node: 62.9/251.6 GiB
Using FIFO scheduling algorithm.
Resources requested: 0/8 CPUs, 0/1 GPUs, 0.0/17.63 GiB heap, 0.0/8.82 GiB objects (0.0/1.0 accelerator_type:G)
Result logdir: /workspace/MARLlib/runs/rware_mappo_gru_small_20m_tensorboard/mappo_gru_rware-small-4ag-v2
Number of trials: 1/1 (1 TERMINATED)
+------------------------------------------------------+------------+-------------------+--------+------------------+------------+----------+----------------------+----------------------+--------------------+
| Trial name                                           | status     | loc               |   iter |   total time (s) |         ts |   reward |   episode_reward_max |   episode_reward_min |   episode_len_mean |
|------------------------------------------------------+------------+-------------------+--------+------------------+------------+----------+----------------------+----------------------+--------------------|
| MAPPOTrainer_rware_v2_rware-small-4ag-v2_fd22d_00000 | TERMINATED | 172.24.0.2:950918 |   2001 |          5732.82 | 4.0004e+07 |     4.41 |                    7 |                    2 |                500 |
+------------------------------------------------------+------------+-------------------+--------+------------------+------------+----------+----------------------+----------------------+--------------------+


finished rware-small-4ag-v2 checkpoint {'model_path': '/workspace/MARLlib/runs/rware_mappo_gru_small_20m_tensorboard/mappo_gru_rware-small-4ag-v2/MAPPOTrainer_rware_v2_rware-small-4ag-v2_fd22d_00000_0_2026-05-22_22-02-56/checkpoint_002001/checkpoint-2001', 'params_path': '/workspace/MARLlib/runs/rware_mappo_gru_small_20m_tensorboard/mappo_gru_rware-small-4ag-v2/MAPPOTrainer_rware_v2_rware-small-4ag-v2_fd22d_00000_0_2026-05-22_22-02-56/params.json'}
