/workspace/miniconda3/envs/marllib/lib/python3.8/site-packages/redis/utils.py:29: CryptographyDeprecationWarning: Python 3.8 is no longer supported by the Python core team and support for it is deprecated in cryptography. The next release of cryptography will remove support for Python 3.8.
  import cryptography  # noqa
2026-05-22 21:36:47,937	WARNING utils.py:531 -- Ray currently does not support initializing Raywith fractional cpus. Your num_cpus will be truncated from 8.5 to 8.
2026-05-22 21:36:49,392	ERROR syncer.py:75 -- Log sync requires rsync to be installed.
verified rware-small-4ag-v2
== Status ==
Current time: 2026-05-22 21:37:00 (running for 00:00:11.81)
Memory usage on this node: 62.1/251.6 GiB
Using FIFO scheduling algorithm.
Resources requested: 7.0/8 CPUs, 1.0/1 GPUs, 0.0/17.7 GiB heap, 0.0/8.85 GiB objects (0.0/1.0 accelerator_type:G)
Result logdir: /workspace/MARLlib/runs/rware_mappo_gru_small_20m_tensorboard/mappo_gru_rware-small-4ag-v2
Number of trials: 1/1 (1 RUNNING)
+------------------------------------------------------+----------+-------------------+
| Trial name                                           | status   | loc               |
|------------------------------------------------------+----------+-------------------|
| MAPPOTrainer_rware_v2_rware-small-4ag-v2_56dd2_00000 | RUNNING  | 172.24.0.2:913168 |
+------------------------------------------------------+----------+-------------------+


== Status ==
Current time: 2026-05-22 21:37:01 (running for 00:00:11.85)
Memory usage on this node: 62.1/251.6 GiB
Using FIFO scheduling algorithm.
Resources requested: 7.0/8 CPUs, 1.0/1 GPUs, 0.0/17.7 GiB heap, 0.0/8.85 GiB objects (0.0/1.0 accelerator_type:G)
Result logdir: /workspace/MARLlib/runs/rware_mappo_gru_small_20m_tensorboard/mappo_gru_rware-small-4ag-v2
Number of trials: 1/1 (1 RUNNING)
+------------------------------------------------------+----------+-------------------+
| Trial name                                           | status   | loc               |
|------------------------------------------------------+----------+-------------------|
| MAPPOTrainer_rware_v2_rware-small-4ag-v2_56dd2_00000 | RUNNING  | 172.24.0.2:913168 |
+------------------------------------------------------+----------+-------------------+


== Status ==
Current time: 2026-05-22 21:37:06 (running for 00:00:17.30)
Memory usage on this node: 62.4/251.6 GiB
Using FIFO scheduling algorithm.
Resources requested: 7.0/8 CPUs, 1.0/1 GPUs, 0.0/17.7 GiB heap, 0.0/8.85 GiB objects (0.0/1.0 accelerator_type:G)
Result logdir: /workspace/MARLlib/runs/rware_mappo_gru_small_20m_tensorboard/mappo_gru_rware-small-4ag-v2
Number of trials: 1/1 (1 RUNNING)
+------------------------------------------------------+----------+-------------------+--------+------------------+------------+----------+----------------------+----------------------+--------------------+
| Trial name                                           | status   | loc               |   iter |   total time (s) |         ts |   reward |   episode_reward_max |   episode_reward_min |   episode_len_mean |
|------------------------------------------------------+----------+-------------------+--------+------------------+------------+----------+----------------------+----------------------+--------------------|
| MAPPOTrainer_rware_v2_rware-small-4ag-v2_56dd2_00000 | RUNNING  | 172.24.0.2:913168 |   1003 |           2879.6 | 2.0052e+07 |  2.55556 |                    4 |                    0 |                500 |
+------------------------------------------------------+----------+-------------------+--------+------------------+------------+----------+----------------------+----------------------+--------------------+


== Status ==
Current time: 2026-05-22 21:37:11 (running for 00:00:22.59)
Memory usage on this node: 62.4/251.6 GiB
Using FIFO scheduling algorithm.
Resources requested: 7.0/8 CPUs, 1.0/1 GPUs, 0.0/17.7 GiB heap, 0.0/8.85 GiB objects (0.0/1.0 accelerator_type:G)
Result logdir: /workspace/MARLlib/runs/rware_mappo_gru_small_20m_tensorboard/mappo_gru_rware-small-4ag-v2
Number of trials: 1/1 (1 RUNNING)
+------------------------------------------------------+----------+-------------------+--------+------------------+------------+----------+----------------------+----------------------+--------------------+
| Trial name                                           | status   | loc               |   iter |   total time (s) |         ts |   reward |   episode_reward_max |   episode_reward_min |   episode_len_mean |
|------------------------------------------------------+----------+-------------------+--------+------------------+------------+----------+----------------------+----------------------+--------------------|
| MAPPOTrainer_rware_v2_rware-small-4ag-v2_56dd2_00000 | RUNNING  | 172.24.0.2:913168 |   1005 |          2884.83 | 2.0092e+07 |  2.47222 |                    4 |                    0 |                500 |
+------------------------------------------------------+----------+-------------------+--------+------------------+------------+----------+----------------------+----------------------+--------------------+


== Status ==
Current time: 2026-05-22 21:37:17 (running for 00:00:27.86)
Memory usage on this node: 62.5/251.6 GiB
Using FIFO scheduling algorithm.
Resources requested: 7.0/8 CPUs, 1.0/1 GPUs, 0.0/17.7 GiB heap, 0.0/8.85 GiB objects (0.0/1.0 accelerator_type:G)
Result logdir: /workspace/MARLlib/runs/rware_mappo_gru_small_20m_tensorboard/mappo_gru_rware-small-4ag-v2
Number of trials: 1/1 (1 RUNNING)
+------------------------------------------------------+----------+-------------------+--------+------------------+-------------+----------+----------------------+----------------------+--------------------+
| Trial name                                           | status   | loc               |   iter |   total time (s) |          ts |   reward |   episode_reward_max |   episode_reward_min |   episode_len_mean |
|------------------------------------------------------+----------+-------------------+--------+------------------+-------------+----------+----------------------+----------------------+--------------------|
| MAPPOTrainer_rware_v2_rware-small-4ag-v2_56dd2_00000 | RUNNING  | 172.24.0.2:913168 |   1007 |          2890.04 | 2.01319e+07 |  2.55556 |                    4 |                    0 |                500 |
+------------------------------------------------------+----------+-------------------+--------+------------------+-------------+----------+----------------------+----------------------+--------------------+


== Status ==
Current time: 2026-05-22 21:37:22 (running for 00:00:33.28)
Memory usage on this node: 62.5/251.6 GiB
Using FIFO scheduling algorithm.
Resources requested: 7.0/8 CPUs, 1.0/1 GPUs, 0.0/17.7 GiB heap, 0.0/8.85 GiB objects (0.0/1.0 accelerator_type:G)
Result logdir: /workspace/MARLlib/runs/rware_mappo_gru_small_20m_tensorboard/mappo_gru_rware-small-4ag-v2
Number of trials: 1/1 (1 RUNNING)
+------------------------------------------------------+----------+-------------------+--------+------------------+-------------+----------+----------------------+----------------------+--------------------+
| Trial name                                           | status   | loc               |   iter |   total time (s) |          ts |   reward |   episode_reward_max |   episode_reward_min |   episode_len_mean |
|------------------------------------------------------+----------+-------------------+--------+------------------+-------------+----------+----------------------+----------------------+--------------------|
| MAPPOTrainer_rware_v2_rware-small-4ag-v2_56dd2_00000 | RUNNING  | 172.24.0.2:913168 |   1009 |           2895.4 | 2.01719e+07 |  2.51282 |                    6 |                    0 |                500 |
+------------------------------------------------------+----------+-------------------+--------+------------------+-------------+----------+----------------------+----------------------+--------------------+


== Status ==
Current time: 2026-05-22 21:37:27 (running for 00:00:38.53)
Memory usage on this node: 62.5/251.6 GiB
Using FIFO scheduling algorithm.
Resources requested: 7.0/8 CPUs, 1.0/1 GPUs, 0.0/17.7 GiB heap, 0.0/8.85 GiB objects (0.0/1.0 accelerator_type:G)
Result logdir: /workspace/MARLlib/runs/rware_mappo_gru_small_20m_tensorboard/mappo_gru_rware-small-4ag-v2
Number of trials: 1/1 (1 RUNNING)
+------------------------------------------------------+----------+-------------------+--------+------------------+-------------+----------+----------------------+----------------------+--------------------+
| Trial name                                           | status   | loc               |   iter |   total time (s) |          ts |   reward |   episode_reward_max |   episode_reward_min |   episode_len_mean |
|------------------------------------------------------+----------+-------------------+--------+------------------+-------------+----------+----------------------+----------------------+--------------------|
| MAPPOTrainer_rware_v2_rware-small-4ag-v2_56dd2_00000 | RUNNING  | 172.24.0.2:913168 |   1011 |          2900.59 | 2.02119e+07 |  2.54167 |                    6 |                    0 |                500 |
+------------------------------------------------------+----------+-------------------+--------+------------------+-------------+----------+----------------------+----------------------+--------------------+


== Status ==
Current time: 2026-05-22 21:37:33 (running for 00:00:43.92)
Memory usage on this node: 62.5/251.6 GiB
Using FIFO scheduling algorithm.
Resources requested: 7.0/8 CPUs, 1.0/1 GPUs, 0.0/17.7 GiB heap, 0.0/8.85 GiB objects (0.0/1.0 accelerator_type:G)
Result logdir: /workspace/MARLlib/runs/rware_mappo_gru_small_20m_tensorboard/mappo_gru_rware-small-4ag-v2
Number of trials: 1/1 (1 RUNNING)
+------------------------------------------------------+----------+-------------------+--------+------------------+-------------+----------+----------------------+----------------------+--------------------+
| Trial name                                           | status   | loc               |   iter |   total time (s) |          ts |   reward |   episode_reward_max |   episode_reward_min |   episode_len_mean |
|------------------------------------------------------+----------+-------------------+--------+------------------+-------------+----------+----------------------+----------------------+--------------------|
| MAPPOTrainer_rware_v2_rware-small-4ag-v2_56dd2_00000 | RUNNING  | 172.24.0.2:913168 |   1013 |          2905.91 | 2.02519e+07 |     2.64 |                    6 |                    0 |                500 |
+------------------------------------------------------+----------+-------------------+--------+------------------+-------------+----------+----------------------+----------------------+--------------------+


== Status ==
Current time: 2026-05-22 21:37:38 (running for 00:00:49.25)
Memory usage on this node: 62.5/251.6 GiB
Using FIFO scheduling algorithm.
Resources requested: 7.0/8 CPUs, 1.0/1 GPUs, 0.0/17.7 GiB heap, 0.0/8.85 GiB objects (0.0/1.0 accelerator_type:G)
Result logdir: /workspace/MARLlib/runs/rware_mappo_gru_small_20m_tensorboard/mappo_gru_rware-small-4ag-v2
Number of trials: 1/1 (1 RUNNING)
+------------------------------------------------------+----------+-------------------+--------+------------------+-------------+----------+----------------------+----------------------+--------------------+
| Trial name                                           | status   | loc               |   iter |   total time (s) |          ts |   reward |   episode_reward_max |   episode_reward_min |   episode_len_mean |
|------------------------------------------------------+----------+-------------------+--------+------------------+-------------+----------+----------------------+----------------------+--------------------|
| MAPPOTrainer_rware_v2_rware-small-4ag-v2_56dd2_00000 | RUNNING  | 172.24.0.2:913168 |   1015 |          2911.18 | 2.02919e+07 |     2.74 |                    6 |                    0 |                500 |
+------------------------------------------------------+----------+-------------------+--------+------------------+-------------+----------+----------------------+----------------------+--------------------+


== Status ==
Current time: 2026-05-22 21:37:43 (running for 00:00:54.49)
Memory usage on this node: 62.5/251.6 GiB
Using FIFO scheduling algorithm.
Resources requested: 7.0/8 CPUs, 1.0/1 GPUs, 0.0/17.7 GiB heap, 0.0/8.85 GiB objects (0.0/1.0 accelerator_type:G)
Result logdir: /workspace/MARLlib/runs/rware_mappo_gru_small_20m_tensorboard/mappo_gru_rware-small-4ag-v2
Number of trials: 1/1 (1 RUNNING)
+------------------------------------------------------+----------+-------------------+--------+------------------+-------------+----------+----------------------+----------------------+--------------------+
| Trial name                                           | status   | loc               |   iter |   total time (s) |          ts |   reward |   episode_reward_max |   episode_reward_min |   episode_len_mean |
|------------------------------------------------------+----------+-------------------+--------+------------------+-------------+----------+----------------------+----------------------+--------------------|
| MAPPOTrainer_rware_v2_rware-small-4ag-v2_56dd2_00000 | RUNNING  | 172.24.0.2:913168 |   1017 |          2916.36 | 2.03319e+07 |     2.69 |                    6 |                    0 |                500 |
+------------------------------------------------------+----------+-------------------+--------+------------------+-------------+----------+----------------------+----------------------+--------------------+


== Status ==
Current time: 2026-05-22 21:37:48 (running for 00:00:59.73)
Memory usage on this node: 62.5/251.6 GiB
Using FIFO scheduling algorithm.
Resources requested: 7.0/8 CPUs, 1.0/1 GPUs, 0.0/17.7 GiB heap, 0.0/8.85 GiB objects (0.0/1.0 accelerator_type:G)
Result logdir: /workspace/MARLlib/runs/rware_mappo_gru_small_20m_tensorboard/mappo_gru_rware-small-4ag-v2
Number of trials: 1/1 (1 RUNNING)
+------------------------------------------------------+----------+-------------------+--------+------------------+-------------+----------+----------------------+----------------------+--------------------+
| Trial name                                           | status   | loc               |   iter |   total time (s) |          ts |   reward |   episode_reward_max |   episode_reward_min |   episode_len_mean |
|------------------------------------------------------+----------+-------------------+--------+------------------+-------------+----------+----------------------+----------------------+--------------------|
| MAPPOTrainer_rware_v2_rware-small-4ag-v2_56dd2_00000 | RUNNING  | 172.24.0.2:913168 |   1019 |          2921.54 | 2.03718e+07 |     2.64 |                    5 |                    0 |                500 |
+------------------------------------------------------+----------+-------------------+--------+------------------+-------------+----------+----------------------+----------------------+--------------------+


== Status ==
Current time: 2026-05-22 21:37:54 (running for 00:01:05.26)
Memory usage on this node: 62.6/251.6 GiB
Using FIFO scheduling algorithm.
Resources requested: 7.0/8 CPUs, 1.0/1 GPUs, 0.0/17.7 GiB heap, 0.0/8.85 GiB objects (0.0/1.0 accelerator_type:G)
Result logdir: /workspace/MARLlib/runs/rware_mappo_gru_small_20m_tensorboard/mappo_gru_rware-small-4ag-v2
Number of trials: 1/1 (1 RUNNING)
+------------------------------------------------------+----------+-------------------+--------+------------------+-------------+----------+----------------------+----------------------+--------------------+
| Trial name                                           | status   | loc               |   iter |   total time (s) |          ts |   reward |   episode_reward_max |   episode_reward_min |   episode_len_mean |
|------------------------------------------------------+----------+-------------------+--------+------------------+-------------+----------+----------------------+----------------------+--------------------|
| MAPPOTrainer_rware_v2_rware-small-4ag-v2_56dd2_00000 | RUNNING  | 172.24.0.2:913168 |   1021 |          2927.01 | 2.04118e+07 |     2.63 |                    4 |                    0 |                500 |
+------------------------------------------------------+----------+-------------------+--------+------------------+-------------+----------+----------------------+----------------------+--------------------+


== Status ==
Current time: 2026-05-22 21:37:59 (running for 00:01:10.45)
Memory usage on this node: 62.5/251.6 GiB
Using FIFO scheduling algorithm.
Resources requested: 7.0/8 CPUs, 1.0/1 GPUs, 0.0/17.7 GiB heap, 0.0/8.85 GiB objects (0.0/1.0 accelerator_type:G)
Result logdir: /workspace/MARLlib/runs/rware_mappo_gru_small_20m_tensorboard/mappo_gru_rware-small-4ag-v2
Number of trials: 1/1 (1 RUNNING)
+------------------------------------------------------+----------+-------------------+--------+------------------+-------------+----------+----------------------+----------------------+--------------------+
| Trial name                                           | status   | loc               |   iter |   total time (s) |          ts |   reward |   episode_reward_max |   episode_reward_min |   episode_len_mean |
|------------------------------------------------------+----------+-------------------+--------+------------------+-------------+----------+----------------------+----------------------+--------------------|
| MAPPOTrainer_rware_v2_rware-small-4ag-v2_56dd2_00000 | RUNNING  | 172.24.0.2:913168 |   1023 |          2932.14 | 2.04518e+07 |      2.6 |                    4 |                    0 |                500 |
+------------------------------------------------------+----------+-------------------+--------+------------------+-------------+----------+----------------------+----------------------+--------------------+


== Status ==
Current time: 2026-05-22 21:38:04 (running for 00:01:15.62)
Memory usage on this node: 62.6/251.6 GiB
Using FIFO scheduling algorithm.
Resources requested: 7.0/8 CPUs, 1.0/1 GPUs, 0.0/17.7 GiB heap, 0.0/8.85 GiB objects (0.0/1.0 accelerator_type:G)
Result logdir: /workspace/MARLlib/runs/rware_mappo_gru_small_20m_tensorboard/mappo_gru_rware-small-4ag-v2
Number of trials: 1/1 (1 RUNNING)
+------------------------------------------------------+----------+-------------------+--------+------------------+-------------+----------+----------------------+----------------------+--------------------+
| Trial name                                           | status   | loc               |   iter |   total time (s) |          ts |   reward |   episode_reward_max |   episode_reward_min |   episode_len_mean |
|------------------------------------------------------+----------+-------------------+--------+------------------+-------------+----------+----------------------+----------------------+--------------------|
| MAPPOTrainer_rware_v2_rware-small-4ag-v2_56dd2_00000 | RUNNING  | 172.24.0.2:913168 |   1025 |          2937.25 | 2.04918e+07 |      2.5 |                    5 |                    0 |                500 |
+------------------------------------------------------+----------+-------------------+--------+------------------+-------------+----------+----------------------+----------------------+--------------------+


== Status ==
Current time: 2026-05-22 21:38:10 (running for 00:01:20.89)
Memory usage on this node: 62.6/251.6 GiB
Using FIFO scheduling algorithm.
Resources requested: 7.0/8 CPUs, 1.0/1 GPUs, 0.0/17.7 GiB heap, 0.0/8.85 GiB objects (0.0/1.0 accelerator_type:G)
Result logdir: /workspace/MARLlib/runs/rware_mappo_gru_small_20m_tensorboard/mappo_gru_rware-small-4ag-v2
Number of trials: 1/1 (1 RUNNING)
+------------------------------------------------------+----------+-------------------+--------+------------------+-------------+----------+----------------------+----------------------+--------------------+
| Trial name                                           | status   | loc               |   iter |   total time (s) |          ts |   reward |   episode_reward_max |   episode_reward_min |   episode_len_mean |
|------------------------------------------------------+----------+-------------------+--------+------------------+-------------+----------+----------------------+----------------------+--------------------|
| MAPPOTrainer_rware_v2_rware-small-4ag-v2_56dd2_00000 | RUNNING  | 172.24.0.2:913168 |   1027 |          2942.48 | 2.05318e+07 |     2.63 |                    5 |                    0 |                500 |
+------------------------------------------------------+----------+-------------------+--------+------------------+-------------+----------+----------------------+----------------------+--------------------+


== Status ==
Current time: 2026-05-22 21:38:15 (running for 00:01:26.18)
Memory usage on this node: 62.6/251.6 GiB
Using FIFO scheduling algorithm.
Resources requested: 7.0/8 CPUs, 1.0/1 GPUs, 0.0/17.7 GiB heap, 0.0/8.85 GiB objects (0.0/1.0 accelerator_type:G)
Result logdir: /workspace/MARLlib/runs/rware_mappo_gru_small_20m_tensorboard/mappo_gru_rware-small-4ag-v2
Number of trials: 1/1 (1 RUNNING)
+------------------------------------------------------+----------+-------------------+--------+------------------+-------------+----------+----------------------+----------------------+--------------------+
| Trial name                                           | status   | loc               |   iter |   total time (s) |          ts |   reward |   episode_reward_max |   episode_reward_min |   episode_len_mean |
|------------------------------------------------------+----------+-------------------+--------+------------------+-------------+----------+----------------------+----------------------+--------------------|
| MAPPOTrainer_rware_v2_rware-small-4ag-v2_56dd2_00000 | RUNNING  | 172.24.0.2:913168 |   1029 |           2947.7 | 2.05718e+07 |     2.74 |                    5 |                    0 |                500 |
+------------------------------------------------------+----------+-------------------+--------+------------------+-------------+----------+----------------------+----------------------+--------------------+


== Status ==
Current time: 2026-05-22 21:38:20 (running for 00:01:31.45)
Memory usage on this node: 62.6/251.6 GiB
Using FIFO scheduling algorithm.
Resources requested: 7.0/8 CPUs, 1.0/1 GPUs, 0.0/17.7 GiB heap, 0.0/8.85 GiB objects (0.0/1.0 accelerator_type:G)
Result logdir: /workspace/MARLlib/runs/rware_mappo_gru_small_20m_tensorboard/mappo_gru_rware-small-4ag-v2
Number of trials: 1/1 (1 RUNNING)
+------------------------------------------------------+----------+-------------------+--------+------------------+-------------+----------+----------------------+----------------------+--------------------+
| Trial name                                           | status   | loc               |   iter |   total time (s) |          ts |   reward |   episode_reward_max |   episode_reward_min |   episode_len_mean |
|------------------------------------------------------+----------+-------------------+--------+------------------+-------------+----------+----------------------+----------------------+--------------------|
| MAPPOTrainer_rware_v2_rware-small-4ag-v2_56dd2_00000 | RUNNING  | 172.24.0.2:913168 |   1031 |          2952.94 | 2.06118e+07 |     2.86 |                    5 |                    0 |                500 |
+------------------------------------------------------+----------+-------------------+--------+------------------+-------------+----------+----------------------+----------------------+--------------------+


== Status ==
Current time: 2026-05-22 21:38:25 (running for 00:01:36.70)
Memory usage on this node: 62.6/251.6 GiB
Using FIFO scheduling algorithm.
Resources requested: 7.0/8 CPUs, 1.0/1 GPUs, 0.0/17.7 GiB heap, 0.0/8.85 GiB objects (0.0/1.0 accelerator_type:G)
Result logdir: /workspace/MARLlib/runs/rware_mappo_gru_small_20m_tensorboard/mappo_gru_rware-small-4ag-v2
Number of trials: 1/1 (1 RUNNING)
+------------------------------------------------------+----------+-------------------+--------+------------------+-------------+----------+----------------------+----------------------+--------------------+
| Trial name                                           | status   | loc               |   iter |   total time (s) |          ts |   reward |   episode_reward_max |   episode_reward_min |   episode_len_mean |
|------------------------------------------------------+----------+-------------------+--------+------------------+-------------+----------+----------------------+----------------------+--------------------|
| MAPPOTrainer_rware_v2_rware-small-4ag-v2_56dd2_00000 | RUNNING  | 172.24.0.2:913168 |   1033 |          2958.14 | 2.06517e+07 |     2.83 |                    5 |                    0 |                500 |
+------------------------------------------------------+----------+-------------------+--------+------------------+-------------+----------+----------------------+----------------------+--------------------+


== Status ==
Current time: 2026-05-22 21:38:31 (running for 00:01:41.85)
Memory usage on this node: 62.6/251.6 GiB
Using FIFO scheduling algorithm.
Resources requested: 7.0/8 CPUs, 1.0/1 GPUs, 0.0/17.7 GiB heap, 0.0/8.85 GiB objects (0.0/1.0 accelerator_type:G)
Result logdir: /workspace/MARLlib/runs/rware_mappo_gru_small_20m_tensorboard/mappo_gru_rware-small-4ag-v2
Number of trials: 1/1 (1 RUNNING)
+------------------------------------------------------+----------+-------------------+--------+------------------+-------------+----------+----------------------+----------------------+--------------------+
| Trial name                                           | status   | loc               |   iter |   total time (s) |          ts |   reward |   episode_reward_max |   episode_reward_min |   episode_len_mean |
|------------------------------------------------------+----------+-------------------+--------+------------------+-------------+----------+----------------------+----------------------+--------------------|
| MAPPOTrainer_rware_v2_rware-small-4ag-v2_56dd2_00000 | RUNNING  | 172.24.0.2:913168 |   1035 |          2963.22 | 2.06917e+07 |     2.82 |                    5 |                    1 |                500 |
+------------------------------------------------------+----------+-------------------+--------+------------------+-------------+----------+----------------------+----------------------+--------------------+


== Status ==
Current time: 2026-05-22 21:38:36 (running for 00:01:47.16)
Memory usage on this node: 62.6/251.6 GiB
Using FIFO scheduling algorithm.
Resources requested: 7.0/8 CPUs, 1.0/1 GPUs, 0.0/17.7 GiB heap, 0.0/8.85 GiB objects (0.0/1.0 accelerator_type:G)
Result logdir: /workspace/MARLlib/runs/rware_mappo_gru_small_20m_tensorboard/mappo_gru_rware-small-4ag-v2
Number of trials: 1/1 (1 RUNNING)
+------------------------------------------------------+----------+-------------------+--------+------------------+-------------+----------+----------------------+----------------------+--------------------+
| Trial name                                           | status   | loc               |   iter |   total time (s) |          ts |   reward |   episode_reward_max |   episode_reward_min |   episode_len_mean |
|------------------------------------------------------+----------+-------------------+--------+------------------+-------------+----------+----------------------+----------------------+--------------------|
| MAPPOTrainer_rware_v2_rware-small-4ag-v2_56dd2_00000 | RUNNING  | 172.24.0.2:913168 |   1037 |          2968.47 | 2.07317e+07 |     2.83 |                    6 |                    0 |                500 |
+------------------------------------------------------+----------+-------------------+--------+------------------+-------------+----------+----------------------+----------------------+--------------------+


== Status ==
Current time: 2026-05-22 21:38:41 (running for 00:01:52.39)
Memory usage on this node: 62.6/251.6 GiB
Using FIFO scheduling algorithm.
Resources requested: 7.0/8 CPUs, 1.0/1 GPUs, 0.0/17.7 GiB heap, 0.0/8.85 GiB objects (0.0/1.0 accelerator_type:G)
Result logdir: /workspace/MARLlib/runs/rware_mappo_gru_small_20m_tensorboard/mappo_gru_rware-small-4ag-v2
Number of trials: 1/1 (1 RUNNING)
+------------------------------------------------------+----------+-------------------+--------+------------------+-------------+----------+----------------------+----------------------+--------------------+
| Trial name                                           | status   | loc               |   iter |   total time (s) |          ts |   reward |   episode_reward_max |   episode_reward_min |   episode_len_mean |
|------------------------------------------------------+----------+-------------------+--------+------------------+-------------+----------+----------------------+----------------------+--------------------|
| MAPPOTrainer_rware_v2_rware-small-4ag-v2_56dd2_00000 | RUNNING  | 172.24.0.2:913168 |   1039 |          2973.66 | 2.07717e+07 |      2.9 |                    6 |                    0 |                500 |
+------------------------------------------------------+----------+-------------------+--------+------------------+-------------+----------+----------------------+----------------------+--------------------+


== Status ==
Current time: 2026-05-22 21:38:46 (running for 00:01:57.76)
Memory usage on this node: 62.6/251.6 GiB
Using FIFO scheduling algorithm.
Resources requested: 7.0/8 CPUs, 1.0/1 GPUs, 0.0/17.7 GiB heap, 0.0/8.85 GiB objects (0.0/1.0 accelerator_type:G)
Result logdir: /workspace/MARLlib/runs/rware_mappo_gru_small_20m_tensorboard/mappo_gru_rware-small-4ag-v2
Number of trials: 1/1 (1 RUNNING)
+------------------------------------------------------+----------+-------------------+--------+------------------+-------------+----------+----------------------+----------------------+--------------------+
| Trial name                                           | status   | loc               |   iter |   total time (s) |          ts |   reward |   episode_reward_max |   episode_reward_min |   episode_len_mean |
|------------------------------------------------------+----------+-------------------+--------+------------------+-------------+----------+----------------------+----------------------+--------------------|
| MAPPOTrainer_rware_v2_rware-small-4ag-v2_56dd2_00000 | RUNNING  | 172.24.0.2:913168 |   1041 |          2978.98 | 2.08117e+07 |      2.9 |                    6 |                    0 |                500 |
+------------------------------------------------------+----------+-------------------+--------+------------------+-------------+----------+----------------------+----------------------+--------------------+


== Status ==
Current time: 2026-05-22 21:38:52 (running for 00:02:02.98)
Memory usage on this node: 62.4/251.6 GiB
Using FIFO scheduling algorithm.
Resources requested: 7.0/8 CPUs, 1.0/1 GPUs, 0.0/17.7 GiB heap, 0.0/8.85 GiB objects (0.0/1.0 accelerator_type:G)
Result logdir: /workspace/MARLlib/runs/rware_mappo_gru_small_20m_tensorboard/mappo_gru_rware-small-4ag-v2
Number of trials: 1/1 (1 RUNNING)
+------------------------------------------------------+----------+-------------------+--------+------------------+-------------+----------+----------------------+----------------------+--------------------+
| Trial name                                           | status   | loc               |   iter |   total time (s) |          ts |   reward |   episode_reward_max |   episode_reward_min |   episode_len_mean |
|------------------------------------------------------+----------+-------------------+--------+------------------+-------------+----------+----------------------+----------------------+--------------------|
| MAPPOTrainer_rware_v2_rware-small-4ag-v2_56dd2_00000 | RUNNING  | 172.24.0.2:913168 |   1043 |          2984.16 | 2.08517e+07 |     2.92 |                    6 |                    0 |                500 |
+------------------------------------------------------+----------+-------------------+--------+------------------+-------------+----------+----------------------+----------------------+--------------------+


== Status ==
Current time: 2026-05-22 21:38:57 (running for 00:02:08.24)
Memory usage on this node: 62.4/251.6 GiB
Using FIFO scheduling algorithm.
Resources requested: 7.0/8 CPUs, 1.0/1 GPUs, 0.0/17.7 GiB heap, 0.0/8.85 GiB objects (0.0/1.0 accelerator_type:G)
Result logdir: /workspace/MARLlib/runs/rware_mappo_gru_small_20m_tensorboard/mappo_gru_rware-small-4ag-v2
Number of trials: 1/1 (1 RUNNING)
+------------------------------------------------------+----------+-------------------+--------+------------------+-------------+----------+----------------------+----------------------+--------------------+
| Trial name                                           | status   | loc               |   iter |   total time (s) |          ts |   reward |   episode_reward_max |   episode_reward_min |   episode_len_mean |
|------------------------------------------------------+----------+-------------------+--------+------------------+-------------+----------+----------------------+----------------------+--------------------|
| MAPPOTrainer_rware_v2_rware-small-4ag-v2_56dd2_00000 | RUNNING  | 172.24.0.2:913168 |   1045 |          2989.36 | 2.08916e+07 |     2.98 |                    6 |                    0 |                500 |
+------------------------------------------------------+----------+-------------------+--------+------------------+-------------+----------+----------------------+----------------------+--------------------+


== Status ==
Current time: 2026-05-22 21:39:02 (running for 00:02:13.33)
Memory usage on this node: 62.4/251.6 GiB
Using FIFO scheduling algorithm.
Resources requested: 7.0/8 CPUs, 1.0/1 GPUs, 0.0/17.7 GiB heap, 0.0/8.85 GiB objects (0.0/1.0 accelerator_type:G)
Result logdir: /workspace/MARLlib/runs/rware_mappo_gru_small_20m_tensorboard/mappo_gru_rware-small-4ag-v2
Number of trials: 1/1 (1 RUNNING)
+------------------------------------------------------+----------+-------------------+--------+------------------+-------------+----------+----------------------+----------------------+--------------------+
| Trial name                                           | status   | loc               |   iter |   total time (s) |          ts |   reward |   episode_reward_max |   episode_reward_min |   episode_len_mean |
|------------------------------------------------------+----------+-------------------+--------+------------------+-------------+----------+----------------------+----------------------+--------------------|
| MAPPOTrainer_rware_v2_rware-small-4ag-v2_56dd2_00000 | RUNNING  | 172.24.0.2:913168 |   1047 |          2994.39 | 2.09316e+07 |     2.98 |                    5 |                    0 |                500 |
+------------------------------------------------------+----------+-------------------+--------+------------------+-------------+----------+----------------------+----------------------+--------------------+


== Status ==
Current time: 2026-05-22 21:39:07 (running for 00:02:18.53)
Memory usage on this node: 62.4/251.6 GiB
Using FIFO scheduling algorithm.
Resources requested: 7.0/8 CPUs, 1.0/1 GPUs, 0.0/17.7 GiB heap, 0.0/8.85 GiB objects (0.0/1.0 accelerator_type:G)
Result logdir: /workspace/MARLlib/runs/rware_mappo_gru_small_20m_tensorboard/mappo_gru_rware-small-4ag-v2
Number of trials: 1/1 (1 RUNNING)
+------------------------------------------------------+----------+-------------------+--------+------------------+-------------+----------+----------------------+----------------------+--------------------+
| Trial name                                           | status   | loc               |   iter |   total time (s) |          ts |   reward |   episode_reward_max |   episode_reward_min |   episode_len_mean |
|------------------------------------------------------+----------+-------------------+--------+------------------+-------------+----------+----------------------+----------------------+--------------------|
| MAPPOTrainer_rware_v2_rware-small-4ag-v2_56dd2_00000 | RUNNING  | 172.24.0.2:913168 |   1049 |          2999.55 | 2.09716e+07 |     2.94 |                    5 |                    0 |                500 |
+------------------------------------------------------+----------+-------------------+--------+------------------+-------------+----------+----------------------+----------------------+--------------------+


== Status ==
Current time: 2026-05-22 21:39:12 (running for 00:02:23.53)
Memory usage on this node: 62.5/251.6 GiB
Using FIFO scheduling algorithm.
Resources requested: 7.0/8 CPUs, 1.0/1 GPUs, 0.0/17.7 GiB heap, 0.0/8.85 GiB objects (0.0/1.0 accelerator_type:G)
Result logdir: /workspace/MARLlib/runs/rware_mappo_gru_small_20m_tensorboard/mappo_gru_rware-small-4ag-v2
Number of trials: 1/1 (1 RUNNING)
+------------------------------------------------------+----------+-------------------+--------+------------------+-------------+----------+----------------------+----------------------+--------------------+
| Trial name                                           | status   | loc               |   iter |   total time (s) |          ts |   reward |   episode_reward_max |   episode_reward_min |   episode_len_mean |
|------------------------------------------------------+----------+-------------------+--------+------------------+-------------+----------+----------------------+----------------------+--------------------|
| MAPPOTrainer_rware_v2_rware-small-4ag-v2_56dd2_00000 | RUNNING  | 172.24.0.2:913168 |   1049 |          2999.55 | 2.09716e+07 |     2.94 |                    5 |                    0 |                500 |
+------------------------------------------------------+----------+-------------------+--------+------------------+-------------+----------+----------------------+----------------------+--------------------+


== Status ==
Current time: 2026-05-22 21:39:17 (running for 00:02:28.54)
Memory usage on this node: 62.6/251.6 GiB
Using FIFO scheduling algorithm.
Resources requested: 7.0/8 CPUs, 1.0/1 GPUs, 0.0/17.7 GiB heap, 0.0/8.85 GiB objects (0.0/1.0 accelerator_type:G)
Result logdir: /workspace/MARLlib/runs/rware_mappo_gru_small_20m_tensorboard/mappo_gru_rware-small-4ag-v2
Number of trials: 1/1 (1 RUNNING)
+------------------------------------------------------+----------+-------------------+--------+------------------+-------------+----------+----------------------+----------------------+--------------------+
| Trial name                                           | status   | loc               |   iter |   total time (s) |          ts |   reward |   episode_reward_max |   episode_reward_min |   episode_len_mean |
|------------------------------------------------------+----------+-------------------+--------+------------------+-------------+----------+----------------------+----------------------+--------------------|
| MAPPOTrainer_rware_v2_rware-small-4ag-v2_56dd2_00000 | RUNNING  | 172.24.0.2:913168 |   1049 |          2999.55 | 2.09716e+07 |     2.94 |                    5 |                    0 |                500 |
+------------------------------------------------------+----------+-------------------+--------+------------------+-------------+----------+----------------------+----------------------+--------------------+


== Status ==
Current time: 2026-05-22 21:39:22 (running for 00:02:33.54)
Memory usage on this node: 62.6/251.6 GiB
Using FIFO scheduling algorithm.
Resources requested: 7.0/8 CPUs, 1.0/1 GPUs, 0.0/17.7 GiB heap, 0.0/8.85 GiB objects (0.0/1.0 accelerator_type:G)
Result logdir: /workspace/MARLlib/runs/rware_mappo_gru_small_20m_tensorboard/mappo_gru_rware-small-4ag-v2
Number of trials: 1/1 (1 RUNNING)
+------------------------------------------------------+----------+-------------------+--------+------------------+-------------+----------+----------------------+----------------------+--------------------+
| Trial name                                           | status   | loc               |   iter |   total time (s) |          ts |   reward |   episode_reward_max |   episode_reward_min |   episode_len_mean |
|------------------------------------------------------+----------+-------------------+--------+------------------+-------------+----------+----------------------+----------------------+--------------------|
| MAPPOTrainer_rware_v2_rware-small-4ag-v2_56dd2_00000 | RUNNING  | 172.24.0.2:913168 |   1049 |          2999.55 | 2.09716e+07 |     2.94 |                    5 |                    0 |                500 |
+------------------------------------------------------+----------+-------------------+--------+------------------+-------------+----------+----------------------+----------------------+--------------------+


== Status ==
Current time: 2026-05-22 21:39:27 (running for 00:02:38.61)
Memory usage on this node: 62.6/251.6 GiB
Using FIFO scheduling algorithm.
Resources requested: 7.0/8 CPUs, 1.0/1 GPUs, 0.0/17.7 GiB heap, 0.0/8.85 GiB objects (0.0/1.0 accelerator_type:G)
Result logdir: /workspace/MARLlib/runs/rware_mappo_gru_small_20m_tensorboard/mappo_gru_rware-small-4ag-v2
Number of trials: 1/1 (1 RUNNING)
+------------------------------------------------------+----------+-------------------+--------+------------------+-------------+----------+----------------------+----------------------+--------------------+
| Trial name                                           | status   | loc               |   iter |   total time (s) |          ts |   reward |   episode_reward_max |   episode_reward_min |   episode_len_mean |
|------------------------------------------------------+----------+-------------------+--------+------------------+-------------+----------+----------------------+----------------------+--------------------|
| MAPPOTrainer_rware_v2_rware-small-4ag-v2_56dd2_00000 | RUNNING  | 172.24.0.2:913168 |   1051 |          3017.57 | 2.10116e+07 |     2.89 |                    7 |                    0 |                500 |
+------------------------------------------------------+----------+-------------------+--------+------------------+-------------+----------+----------------------+----------------------+--------------------+


== Status ==
Current time: 2026-05-22 21:39:33 (running for 00:02:43.93)
Memory usage on this node: 62.6/251.6 GiB
Using FIFO scheduling algorithm.
Resources requested: 7.0/8 CPUs, 1.0/1 GPUs, 0.0/17.7 GiB heap, 0.0/8.85 GiB objects (0.0/1.0 accelerator_type:G)
Result logdir: /workspace/MARLlib/runs/rware_mappo_gru_small_20m_tensorboard/mappo_gru_rware-small-4ag-v2
Number of trials: 1/1 (1 RUNNING)
+------------------------------------------------------+----------+-------------------+--------+------------------+-------------+----------+----------------------+----------------------+--------------------+
| Trial name                                           | status   | loc               |   iter |   total time (s) |          ts |   reward |   episode_reward_max |   episode_reward_min |   episode_len_mean |
|------------------------------------------------------+----------+-------------------+--------+------------------+-------------+----------+----------------------+----------------------+--------------------|
| MAPPOTrainer_rware_v2_rware-small-4ag-v2_56dd2_00000 | RUNNING  | 172.24.0.2:913168 |   1053 |          3022.83 | 2.10516e+07 |        3 |                    7 |                    0 |                500 |
+------------------------------------------------------+----------+-------------------+--------+------------------+-------------+----------+----------------------+----------------------+--------------------+


== Status ==
Current time: 2026-05-22 21:39:38 (running for 00:02:49.81)
Memory usage on this node: 62.6/251.6 GiB
Using FIFO scheduling algorithm.
Resources requested: 7.0/8 CPUs, 1.0/1 GPUs, 0.0/17.7 GiB heap, 0.0/8.85 GiB objects (0.0/1.0 accelerator_type:G)
Result logdir: /workspace/MARLlib/runs/rware_mappo_gru_small_20m_tensorboard/mappo_gru_rware-small-4ag-v2
Number of trials: 1/1 (1 RUNNING)
+------------------------------------------------------+----------+-------------------+--------+------------------+-------------+----------+----------------------+----------------------+--------------------+
| Trial name                                           | status   | loc               |   iter |   total time (s) |          ts |   reward |   episode_reward_max |   episode_reward_min |   episode_len_mean |
|------------------------------------------------------+----------+-------------------+--------+------------------+-------------+----------+----------------------+----------------------+--------------------|
| MAPPOTrainer_rware_v2_rware-small-4ag-v2_56dd2_00000 | RUNNING  | 172.24.0.2:913168 |   1055 |          3028.64 | 2.10916e+07 |     2.99 |                    7 |                    1 |                500 |
+------------------------------------------------------+----------+-------------------+--------+------------------+-------------+----------+----------------------+----------------------+--------------------+


== Status ==
Current time: 2026-05-22 21:39:44 (running for 00:02:55.16)
Memory usage on this node: 62.6/251.6 GiB
Using FIFO scheduling algorithm.
Resources requested: 7.0/8 CPUs, 1.0/1 GPUs, 0.0/17.7 GiB heap, 0.0/8.85 GiB objects (0.0/1.0 accelerator_type:G)
Result logdir: /workspace/MARLlib/runs/rware_mappo_gru_small_20m_tensorboard/mappo_gru_rware-small-4ag-v2
Number of trials: 1/1 (1 RUNNING)
+------------------------------------------------------+----------+-------------------+--------+------------------+-------------+----------+----------------------+----------------------+--------------------+
| Trial name                                           | status   | loc               |   iter |   total time (s) |          ts |   reward |   episode_reward_max |   episode_reward_min |   episode_len_mean |
|------------------------------------------------------+----------+-------------------+--------+------------------+-------------+----------+----------------------+----------------------+--------------------|
| MAPPOTrainer_rware_v2_rware-small-4ag-v2_56dd2_00000 | RUNNING  | 172.24.0.2:913168 |   1057 |          3033.94 | 2.11315e+07 |        3 |                    7 |                    1 |                500 |
+------------------------------------------------------+----------+-------------------+--------+------------------+-------------+----------+----------------------+----------------------+--------------------+


== Status ==
Current time: 2026-05-22 21:39:49 (running for 00:03:00.49)
Memory usage on this node: 62.6/251.6 GiB
Using FIFO scheduling algorithm.
Resources requested: 7.0/8 CPUs, 1.0/1 GPUs, 0.0/17.7 GiB heap, 0.0/8.85 GiB objects (0.0/1.0 accelerator_type:G)
Result logdir: /workspace/MARLlib/runs/rware_mappo_gru_small_20m_tensorboard/mappo_gru_rware-small-4ag-v2
Number of trials: 1/1 (1 RUNNING)
+------------------------------------------------------+----------+-------------------+--------+------------------+-------------+----------+----------------------+----------------------+--------------------+
| Trial name                                           | status   | loc               |   iter |   total time (s) |          ts |   reward |   episode_reward_max |   episode_reward_min |   episode_len_mean |
|------------------------------------------------------+----------+-------------------+--------+------------------+-------------+----------+----------------------+----------------------+--------------------|
| MAPPOTrainer_rware_v2_rware-small-4ag-v2_56dd2_00000 | RUNNING  | 172.24.0.2:913168 |   1059 |           3039.2 | 2.11715e+07 |     3.09 |                    7 |                    1 |                500 |
+------------------------------------------------------+----------+-------------------+--------+------------------+-------------+----------+----------------------+----------------------+--------------------+


== Status ==
Current time: 2026-05-22 21:39:54 (running for 00:03:05.74)
Memory usage on this node: 62.6/251.6 GiB
Using FIFO scheduling algorithm.
Resources requested: 7.0/8 CPUs, 1.0/1 GPUs, 0.0/17.7 GiB heap, 0.0/8.85 GiB objects (0.0/1.0 accelerator_type:G)
Result logdir: /workspace/MARLlib/runs/rware_mappo_gru_small_20m_tensorboard/mappo_gru_rware-small-4ag-v2
Number of trials: 1/1 (1 RUNNING)
+------------------------------------------------------+----------+-------------------+--------+------------------+-------------+----------+----------------------+----------------------+--------------------+
| Trial name                                           | status   | loc               |   iter |   total time (s) |          ts |   reward |   episode_reward_max |   episode_reward_min |   episode_len_mean |
|------------------------------------------------------+----------+-------------------+--------+------------------+-------------+----------+----------------------+----------------------+--------------------|
| MAPPOTrainer_rware_v2_rware-small-4ag-v2_56dd2_00000 | RUNNING  | 172.24.0.2:913168 |   1061 |          3044.41 | 2.12115e+07 |     3.22 |                    7 |                    1 |                500 |
+------------------------------------------------------+----------+-------------------+--------+------------------+-------------+----------+----------------------+----------------------+--------------------+


== Status ==
Current time: 2026-05-22 21:40:00 (running for 00:03:11.07)
Memory usage on this node: 62.6/251.6 GiB
Using FIFO scheduling algorithm.
Resources requested: 7.0/8 CPUs, 1.0/1 GPUs, 0.0/17.7 GiB heap, 0.0/8.85 GiB objects (0.0/1.0 accelerator_type:G)
Result logdir: /workspace/MARLlib/runs/rware_mappo_gru_small_20m_tensorboard/mappo_gru_rware-small-4ag-v2
Number of trials: 1/1 (1 RUNNING)
+------------------------------------------------------+----------+-------------------+--------+------------------+-------------+----------+----------------------+----------------------+--------------------+
| Trial name                                           | status   | loc               |   iter |   total time (s) |          ts |   reward |   episode_reward_max |   episode_reward_min |   episode_len_mean |
|------------------------------------------------------+----------+-------------------+--------+------------------+-------------+----------+----------------------+----------------------+--------------------|
| MAPPOTrainer_rware_v2_rware-small-4ag-v2_56dd2_00000 | RUNNING  | 172.24.0.2:913168 |   1063 |          3049.68 | 2.12515e+07 |     3.16 |                    5 |                    1 |                500 |
+------------------------------------------------------+----------+-------------------+--------+------------------+-------------+----------+----------------------+----------------------+--------------------+


== Status ==
Current time: 2026-05-22 21:40:05 (running for 00:03:16.32)
Memory usage on this node: 62.6/251.6 GiB
Using FIFO scheduling algorithm.
Resources requested: 7.0/8 CPUs, 1.0/1 GPUs, 0.0/17.7 GiB heap, 0.0/8.85 GiB objects (0.0/1.0 accelerator_type:G)
Result logdir: /workspace/MARLlib/runs/rware_mappo_gru_small_20m_tensorboard/mappo_gru_rware-small-4ag-v2
Number of trials: 1/1 (1 RUNNING)
+------------------------------------------------------+----------+-------------------+--------+------------------+-------------+----------+----------------------+----------------------+--------------------+
| Trial name                                           | status   | loc               |   iter |   total time (s) |          ts |   reward |   episode_reward_max |   episode_reward_min |   episode_len_mean |
|------------------------------------------------------+----------+-------------------+--------+------------------+-------------+----------+----------------------+----------------------+--------------------|
| MAPPOTrainer_rware_v2_rware-small-4ag-v2_56dd2_00000 | RUNNING  | 172.24.0.2:913168 |   1065 |          3054.87 | 2.12915e+07 |     3.26 |                    5 |                    1 |                500 |
+------------------------------------------------------+----------+-------------------+--------+------------------+-------------+----------+----------------------+----------------------+--------------------+


== Status ==
Current time: 2026-05-22 21:40:10 (running for 00:03:21.73)
Memory usage on this node: 62.6/251.6 GiB
Using FIFO scheduling algorithm.
Resources requested: 7.0/8 CPUs, 1.0/1 GPUs, 0.0/17.7 GiB heap, 0.0/8.85 GiB objects (0.0/1.0 accelerator_type:G)
Result logdir: /workspace/MARLlib/runs/rware_mappo_gru_small_20m_tensorboard/mappo_gru_rware-small-4ag-v2
Number of trials: 1/1 (1 RUNNING)
+------------------------------------------------------+----------+-------------------+--------+------------------+-------------+----------+----------------------+----------------------+--------------------+
| Trial name                                           | status   | loc               |   iter |   total time (s) |          ts |   reward |   episode_reward_max |   episode_reward_min |   episode_len_mean |
|------------------------------------------------------+----------+-------------------+--------+------------------+-------------+----------+----------------------+----------------------+--------------------|
| MAPPOTrainer_rware_v2_rware-small-4ag-v2_56dd2_00000 | RUNNING  | 172.24.0.2:913168 |   1067 |          3060.22 | 2.13315e+07 |      3.3 |                    5 |                    1 |                500 |
+------------------------------------------------------+----------+-------------------+--------+------------------+-------------+----------+----------------------+----------------------+--------------------+


== Status ==
Current time: 2026-05-22 21:40:16 (running for 00:03:27.17)
Memory usage on this node: 62.6/251.6 GiB
Using FIFO scheduling algorithm.
Resources requested: 7.0/8 CPUs, 1.0/1 GPUs, 0.0/17.7 GiB heap, 0.0/8.85 GiB objects (0.0/1.0 accelerator_type:G)
Result logdir: /workspace/MARLlib/runs/rware_mappo_gru_small_20m_tensorboard/mappo_gru_rware-small-4ag-v2
Number of trials: 1/1 (1 RUNNING)
+------------------------------------------------------+----------+-------------------+--------+------------------+-------------+----------+----------------------+----------------------+--------------------+
| Trial name                                           | status   | loc               |   iter |   total time (s) |          ts |   reward |   episode_reward_max |   episode_reward_min |   episode_len_mean |
|------------------------------------------------------+----------+-------------------+--------+------------------+-------------+----------+----------------------+----------------------+--------------------|
| MAPPOTrainer_rware_v2_rware-small-4ag-v2_56dd2_00000 | RUNNING  | 172.24.0.2:913168 |   1069 |          3065.61 | 2.13714e+07 |     3.25 |                    5 |                    0 |                500 |
+------------------------------------------------------+----------+-------------------+--------+------------------+-------------+----------+----------------------+----------------------+--------------------+


== Status ==
Current time: 2026-05-22 21:40:21 (running for 00:03:32.32)
Memory usage on this node: 62.6/251.6 GiB
Using FIFO scheduling algorithm.
Resources requested: 7.0/8 CPUs, 1.0/1 GPUs, 0.0/17.7 GiB heap, 0.0/8.85 GiB objects (0.0/1.0 accelerator_type:G)
Result logdir: /workspace/MARLlib/runs/rware_mappo_gru_small_20m_tensorboard/mappo_gru_rware-small-4ag-v2
Number of trials: 1/1 (1 RUNNING)
+------------------------------------------------------+----------+-------------------+--------+------------------+-------------+----------+----------------------+----------------------+--------------------+
| Trial name                                           | status   | loc               |   iter |   total time (s) |          ts |   reward |   episode_reward_max |   episode_reward_min |   episode_len_mean |
|------------------------------------------------------+----------+-------------------+--------+------------------+-------------+----------+----------------------+----------------------+--------------------|
| MAPPOTrainer_rware_v2_rware-small-4ag-v2_56dd2_00000 | RUNNING  | 172.24.0.2:913168 |   1071 |           3070.7 | 2.14114e+07 |      3.2 |                    5 |                    0 |                500 |
+------------------------------------------------------+----------+-------------------+--------+------------------+-------------+----------+----------------------+----------------------+--------------------+


== Status ==
Current time: 2026-05-22 21:40:26 (running for 00:03:37.44)
Memory usage on this node: 62.6/251.6 GiB
Using FIFO scheduling algorithm.
Resources requested: 7.0/8 CPUs, 1.0/1 GPUs, 0.0/17.7 GiB heap, 0.0/8.85 GiB objects (0.0/1.0 accelerator_type:G)
Result logdir: /workspace/MARLlib/runs/rware_mappo_gru_small_20m_tensorboard/mappo_gru_rware-small-4ag-v2
Number of trials: 1/1 (1 RUNNING)
+------------------------------------------------------+----------+-------------------+--------+------------------+-------------+----------+----------------------+----------------------+--------------------+
| Trial name                                           | status   | loc               |   iter |   total time (s) |          ts |   reward |   episode_reward_max |   episode_reward_min |   episode_len_mean |
|------------------------------------------------------+----------+-------------------+--------+------------------+-------------+----------+----------------------+----------------------+--------------------|
| MAPPOTrainer_rware_v2_rware-small-4ag-v2_56dd2_00000 | RUNNING  | 172.24.0.2:913168 |   1073 |          3075.77 | 2.14514e+07 |     3.17 |                    5 |                    0 |                500 |
+------------------------------------------------------+----------+-------------------+--------+------------------+-------------+----------+----------------------+----------------------+--------------------+


== Status ==
Current time: 2026-05-22 21:40:31 (running for 00:03:42.69)
Memory usage on this node: 62.6/251.6 GiB
Using FIFO scheduling algorithm.
Resources requested: 7.0/8 CPUs, 1.0/1 GPUs, 0.0/17.7 GiB heap, 0.0/8.85 GiB objects (0.0/1.0 accelerator_type:G)
Result logdir: /workspace/MARLlib/runs/rware_mappo_gru_small_20m_tensorboard/mappo_gru_rware-small-4ag-v2
Number of trials: 1/1 (1 RUNNING)
+------------------------------------------------------+----------+-------------------+--------+------------------+-------------+----------+----------------------+----------------------+--------------------+
| Trial name                                           | status   | loc               |   iter |   total time (s) |          ts |   reward |   episode_reward_max |   episode_reward_min |   episode_len_mean |
|------------------------------------------------------+----------+-------------------+--------+------------------+-------------+----------+----------------------+----------------------+--------------------|
| MAPPOTrainer_rware_v2_rware-small-4ag-v2_56dd2_00000 | RUNNING  | 172.24.0.2:913168 |   1075 |          3080.95 | 2.14914e+07 |     2.97 |                    5 |                    0 |                500 |
+------------------------------------------------------+----------+-------------------+--------+------------------+-------------+----------+----------------------+----------------------+--------------------+


== Status ==
Current time: 2026-05-22 21:40:37 (running for 00:03:47.90)
Memory usage on this node: 62.6/251.6 GiB
Using FIFO scheduling algorithm.
Resources requested: 7.0/8 CPUs, 1.0/1 GPUs, 0.0/17.7 GiB heap, 0.0/8.85 GiB objects (0.0/1.0 accelerator_type:G)
Result logdir: /workspace/MARLlib/runs/rware_mappo_gru_small_20m_tensorboard/mappo_gru_rware-small-4ag-v2
Number of trials: 1/1 (1 RUNNING)
+------------------------------------------------------+----------+-------------------+--------+------------------+-------------+----------+----------------------+----------------------+--------------------+
| Trial name                                           | status   | loc               |   iter |   total time (s) |          ts |   reward |   episode_reward_max |   episode_reward_min |   episode_len_mean |
|------------------------------------------------------+----------+-------------------+--------+------------------+-------------+----------+----------------------+----------------------+--------------------|
| MAPPOTrainer_rware_v2_rware-small-4ag-v2_56dd2_00000 | RUNNING  | 172.24.0.2:913168 |   1077 |          3086.11 | 2.15314e+07 |     2.94 |                    5 |                    0 |                500 |
+------------------------------------------------------+----------+-------------------+--------+------------------+-------------+----------+----------------------+----------------------+--------------------+


== Status ==
Current time: 2026-05-22 21:40:42 (running for 00:03:52.97)
Memory usage on this node: 62.6/251.6 GiB
Using FIFO scheduling algorithm.
Resources requested: 7.0/8 CPUs, 1.0/1 GPUs, 0.0/17.7 GiB heap, 0.0/8.85 GiB objects (0.0/1.0 accelerator_type:G)
Result logdir: /workspace/MARLlib/runs/rware_mappo_gru_small_20m_tensorboard/mappo_gru_rware-small-4ag-v2
Number of trials: 1/1 (1 RUNNING)
+------------------------------------------------------+----------+-------------------+--------+------------------+-------------+----------+----------------------+----------------------+--------------------+
| Trial name                                           | status   | loc               |   iter |   total time (s) |          ts |   reward |   episode_reward_max |   episode_reward_min |   episode_len_mean |
|------------------------------------------------------+----------+-------------------+--------+------------------+-------------+----------+----------------------+----------------------+--------------------|
| MAPPOTrainer_rware_v2_rware-small-4ag-v2_56dd2_00000 | RUNNING  | 172.24.0.2:913168 |   1079 |          3091.12 | 2.15714e+07 |     3.02 |                    5 |                    0 |                500 |
+------------------------------------------------------+----------+-------------------+--------+------------------+-------------+----------+----------------------+----------------------+--------------------+


== Status ==
Current time: 2026-05-22 21:40:47 (running for 00:03:58.22)
Memory usage on this node: 62.7/251.6 GiB
Using FIFO scheduling algorithm.
Resources requested: 7.0/8 CPUs, 1.0/1 GPUs, 0.0/17.7 GiB heap, 0.0/8.85 GiB objects (0.0/1.0 accelerator_type:G)
Result logdir: /workspace/MARLlib/runs/rware_mappo_gru_small_20m_tensorboard/mappo_gru_rware-small-4ag-v2
Number of trials: 1/1 (1 RUNNING)
+------------------------------------------------------+----------+-------------------+--------+------------------+-------------+----------+----------------------+----------------------+--------------------+
| Trial name                                           | status   | loc               |   iter |   total time (s) |          ts |   reward |   episode_reward_max |   episode_reward_min |   episode_len_mean |
|------------------------------------------------------+----------+-------------------+--------+------------------+-------------+----------+----------------------+----------------------+--------------------|
| MAPPOTrainer_rware_v2_rware-small-4ag-v2_56dd2_00000 | RUNNING  | 172.24.0.2:913168 |   1081 |          3096.31 | 2.16114e+07 |     3.09 |                    5 |                    0 |                500 |
+------------------------------------------------------+----------+-------------------+--------+------------------+-------------+----------+----------------------+----------------------+--------------------+


== Status ==
Current time: 2026-05-22 21:40:52 (running for 00:04:03.54)
Memory usage on this node: 62.6/251.6 GiB
Using FIFO scheduling algorithm.
Resources requested: 7.0/8 CPUs, 1.0/1 GPUs, 0.0/17.7 GiB heap, 0.0/8.85 GiB objects (0.0/1.0 accelerator_type:G)
Result logdir: /workspace/MARLlib/runs/rware_mappo_gru_small_20m_tensorboard/mappo_gru_rware-small-4ag-v2
Number of trials: 1/1 (1 RUNNING)
+------------------------------------------------------+----------+-------------------+--------+------------------+-------------+----------+----------------------+----------------------+--------------------+
| Trial name                                           | status   | loc               |   iter |   total time (s) |          ts |   reward |   episode_reward_max |   episode_reward_min |   episode_len_mean |
|------------------------------------------------------+----------+-------------------+--------+------------------+-------------+----------+----------------------+----------------------+--------------------|
| MAPPOTrainer_rware_v2_rware-small-4ag-v2_56dd2_00000 | RUNNING  | 172.24.0.2:913168 |   1083 |          3101.57 | 2.16513e+07 |     3.31 |                    6 |                    0 |                500 |
+------------------------------------------------------+----------+-------------------+--------+------------------+-------------+----------+----------------------+----------------------+--------------------+


== Status ==
Current time: 2026-05-22 21:40:57 (running for 00:04:08.79)
Memory usage on this node: 62.6/251.6 GiB
Using FIFO scheduling algorithm.
Resources requested: 7.0/8 CPUs, 1.0/1 GPUs, 0.0/17.7 GiB heap, 0.0/8.85 GiB objects (0.0/1.0 accelerator_type:G)
Result logdir: /workspace/MARLlib/runs/rware_mappo_gru_small_20m_tensorboard/mappo_gru_rware-small-4ag-v2
Number of trials: 1/1 (1 RUNNING)
+------------------------------------------------------+----------+-------------------+--------+------------------+-------------+----------+----------------------+----------------------+--------------------+
| Trial name                                           | status   | loc               |   iter |   total time (s) |          ts |   reward |   episode_reward_max |   episode_reward_min |   episode_len_mean |
|------------------------------------------------------+----------+-------------------+--------+------------------+-------------+----------+----------------------+----------------------+--------------------|
| MAPPOTrainer_rware_v2_rware-small-4ag-v2_56dd2_00000 | RUNNING  | 172.24.0.2:913168 |   1085 |          3106.76 | 2.16913e+07 |     3.43 |                    6 |                    0 |                500 |
+------------------------------------------------------+----------+-------------------+--------+------------------+-------------+----------+----------------------+----------------------+--------------------+


== Status ==
Current time: 2026-05-22 21:41:03 (running for 00:04:14.08)
Memory usage on this node: 62.6/251.6 GiB
Using FIFO scheduling algorithm.
Resources requested: 7.0/8 CPUs, 1.0/1 GPUs, 0.0/17.7 GiB heap, 0.0/8.85 GiB objects (0.0/1.0 accelerator_type:G)
Result logdir: /workspace/MARLlib/runs/rware_mappo_gru_small_20m_tensorboard/mappo_gru_rware-small-4ag-v2
Number of trials: 1/1 (1 RUNNING)
+------------------------------------------------------+----------+-------------------+--------+------------------+-------------+----------+----------------------+----------------------+--------------------+
| Trial name                                           | status   | loc               |   iter |   total time (s) |          ts |   reward |   episode_reward_max |   episode_reward_min |   episode_len_mean |
|------------------------------------------------------+----------+-------------------+--------+------------------+-------------+----------+----------------------+----------------------+--------------------|
| MAPPOTrainer_rware_v2_rware-small-4ag-v2_56dd2_00000 | RUNNING  | 172.24.0.2:913168 |   1087 |             3112 | 2.17313e+07 |     3.49 |                    6 |                    0 |                500 |
+------------------------------------------------------+----------+-------------------+--------+------------------+-------------+----------+----------------------+----------------------+--------------------+


== Status ==
Current time: 2026-05-22 21:41:08 (running for 00:04:19.30)
Memory usage on this node: 62.6/251.6 GiB
Using FIFO scheduling algorithm.
Resources requested: 7.0/8 CPUs, 1.0/1 GPUs, 0.0/17.7 GiB heap, 0.0/8.85 GiB objects (0.0/1.0 accelerator_type:G)
Result logdir: /workspace/MARLlib/runs/rware_mappo_gru_small_20m_tensorboard/mappo_gru_rware-small-4ag-v2
Number of trials: 1/1 (1 RUNNING)
+------------------------------------------------------+----------+-------------------+--------+------------------+-------------+----------+----------------------+----------------------+--------------------+
| Trial name                                           | status   | loc               |   iter |   total time (s) |          ts |   reward |   episode_reward_max |   episode_reward_min |   episode_len_mean |
|------------------------------------------------------+----------+-------------------+--------+------------------+-------------+----------+----------------------+----------------------+--------------------|
| MAPPOTrainer_rware_v2_rware-small-4ag-v2_56dd2_00000 | RUNNING  | 172.24.0.2:913168 |   1089 |          3117.19 | 2.17713e+07 |     3.51 |                    6 |                    0 |                500 |
+------------------------------------------------------+----------+-------------------+--------+------------------+-------------+----------+----------------------+----------------------+--------------------+


== Status ==
Current time: 2026-05-22 21:41:13 (running for 00:04:24.39)
Memory usage on this node: 62.6/251.6 GiB
Using FIFO scheduling algorithm.
Resources requested: 7.0/8 CPUs, 1.0/1 GPUs, 0.0/17.7 GiB heap, 0.0/8.85 GiB objects (0.0/1.0 accelerator_type:G)
Result logdir: /workspace/MARLlib/runs/rware_mappo_gru_small_20m_tensorboard/mappo_gru_rware-small-4ag-v2
Number of trials: 1/1 (1 RUNNING)
+------------------------------------------------------+----------+-------------------+--------+------------------+-------------+----------+----------------------+----------------------+--------------------+
| Trial name                                           | status   | loc               |   iter |   total time (s) |          ts |   reward |   episode_reward_max |   episode_reward_min |   episode_len_mean |
|------------------------------------------------------+----------+-------------------+--------+------------------+-------------+----------+----------------------+----------------------+--------------------|
| MAPPOTrainer_rware_v2_rware-small-4ag-v2_56dd2_00000 | RUNNING  | 172.24.0.2:913168 |   1091 |          3122.21 | 2.18113e+07 |     3.52 |                    6 |                    0 |                500 |
+------------------------------------------------------+----------+-------------------+--------+------------------+-------------+----------+----------------------+----------------------+--------------------+


== Status ==
Current time: 2026-05-22 21:41:18 (running for 00:04:29.60)
Memory usage on this node: 62.6/251.6 GiB
Using FIFO scheduling algorithm.
Resources requested: 7.0/8 CPUs, 1.0/1 GPUs, 0.0/17.7 GiB heap, 0.0/8.85 GiB objects (0.0/1.0 accelerator_type:G)
Result logdir: /workspace/MARLlib/runs/rware_mappo_gru_small_20m_tensorboard/mappo_gru_rware-small-4ag-v2
Number of trials: 1/1 (1 RUNNING)
+------------------------------------------------------+----------+-------------------+--------+------------------+-------------+----------+----------------------+----------------------+--------------------+
| Trial name                                           | status   | loc               |   iter |   total time (s) |          ts |   reward |   episode_reward_max |   episode_reward_min |   episode_len_mean |
|------------------------------------------------------+----------+-------------------+--------+------------------+-------------+----------+----------------------+----------------------+--------------------|
| MAPPOTrainer_rware_v2_rware-small-4ag-v2_56dd2_00000 | RUNNING  | 172.24.0.2:913168 |   1093 |          3127.36 | 2.18513e+07 |     3.34 |                    5 |                    0 |                500 |
+------------------------------------------------------+----------+-------------------+--------+------------------+-------------+----------+----------------------+----------------------+--------------------+


== Status ==
Current time: 2026-05-22 21:41:24 (running for 00:04:34.93)
Memory usage on this node: 62.9/251.6 GiB
Using FIFO scheduling algorithm.
Resources requested: 7.0/8 CPUs, 1.0/1 GPUs, 0.0/17.7 GiB heap, 0.0/8.85 GiB objects (0.0/1.0 accelerator_type:G)
Result logdir: /workspace/MARLlib/runs/rware_mappo_gru_small_20m_tensorboard/mappo_gru_rware-small-4ag-v2
Number of trials: 1/1 (1 RUNNING)
+------------------------------------------------------+----------+-------------------+--------+------------------+-------------+----------+----------------------+----------------------+--------------------+
| Trial name                                           | status   | loc               |   iter |   total time (s) |          ts |   reward |   episode_reward_max |   episode_reward_min |   episode_len_mean |
|------------------------------------------------------+----------+-------------------+--------+------------------+-------------+----------+----------------------+----------------------+--------------------|
| MAPPOTrainer_rware_v2_rware-small-4ag-v2_56dd2_00000 | RUNNING  | 172.24.0.2:913168 |   1095 |          3132.62 | 2.18912e+07 |     3.28 |                    5 |                    1 |                500 |
+------------------------------------------------------+----------+-------------------+--------+------------------+-------------+----------+----------------------+----------------------+--------------------+


== Status ==
Current time: 2026-05-22 21:41:29 (running for 00:04:40.09)
Memory usage on this node: 62.6/251.6 GiB
Using FIFO scheduling algorithm.
Resources requested: 7.0/8 CPUs, 1.0/1 GPUs, 0.0/17.7 GiB heap, 0.0/8.85 GiB objects (0.0/1.0 accelerator_type:G)
Result logdir: /workspace/MARLlib/runs/rware_mappo_gru_small_20m_tensorboard/mappo_gru_rware-small-4ag-v2
Number of trials: 1/1 (1 RUNNING)
+------------------------------------------------------+----------+-------------------+--------+------------------+-------------+----------+----------------------+----------------------+--------------------+
| Trial name                                           | status   | loc               |   iter |   total time (s) |          ts |   reward |   episode_reward_max |   episode_reward_min |   episode_len_mean |
|------------------------------------------------------+----------+-------------------+--------+------------------+-------------+----------+----------------------+----------------------+--------------------|
| MAPPOTrainer_rware_v2_rware-small-4ag-v2_56dd2_00000 | RUNNING  | 172.24.0.2:913168 |   1097 |          3137.74 | 2.19312e+07 |      3.3 |                    5 |                    1 |                500 |
+------------------------------------------------------+----------+-------------------+--------+------------------+-------------+----------+----------------------+----------------------+--------------------+


== Status ==
Current time: 2026-05-22 21:41:34 (running for 00:04:45.31)
Memory usage on this node: 62.6/251.6 GiB
Using FIFO scheduling algorithm.
Resources requested: 7.0/8 CPUs, 1.0/1 GPUs, 0.0/17.7 GiB heap, 0.0/8.85 GiB objects (0.0/1.0 accelerator_type:G)
Result logdir: /workspace/MARLlib/runs/rware_mappo_gru_small_20m_tensorboard/mappo_gru_rware-small-4ag-v2
Number of trials: 1/1 (1 RUNNING)
+------------------------------------------------------+----------+-------------------+--------+------------------+-------------+----------+----------------------+----------------------+--------------------+
| Trial name                                           | status   | loc               |   iter |   total time (s) |          ts |   reward |   episode_reward_max |   episode_reward_min |   episode_len_mean |
|------------------------------------------------------+----------+-------------------+--------+------------------+-------------+----------+----------------------+----------------------+--------------------|
| MAPPOTrainer_rware_v2_rware-small-4ag-v2_56dd2_00000 | RUNNING  | 172.24.0.2:913168 |   1099 |           3142.9 | 2.19712e+07 |     3.31 |                    6 |                    1 |                500 |
+------------------------------------------------------+----------+-------------------+--------+------------------+-------------+----------+----------------------+----------------------+--------------------+


== Status ==
Current time: 2026-05-22 21:41:39 (running for 00:04:50.31)
Memory usage on this node: 62.6/251.6 GiB
Using FIFO scheduling algorithm.
Resources requested: 7.0/8 CPUs, 1.0/1 GPUs, 0.0/17.7 GiB heap, 0.0/8.85 GiB objects (0.0/1.0 accelerator_type:G)
Result logdir: /workspace/MARLlib/runs/rware_mappo_gru_small_20m_tensorboard/mappo_gru_rware-small-4ag-v2
Number of trials: 1/1 (1 RUNNING)
+------------------------------------------------------+----------+-------------------+--------+------------------+-------------+----------+----------------------+----------------------+--------------------+
| Trial name                                           | status   | loc               |   iter |   total time (s) |          ts |   reward |   episode_reward_max |   episode_reward_min |   episode_len_mean |
|------------------------------------------------------+----------+-------------------+--------+------------------+-------------+----------+----------------------+----------------------+--------------------|
| MAPPOTrainer_rware_v2_rware-small-4ag-v2_56dd2_00000 | RUNNING  | 172.24.0.2:913168 |   1099 |           3142.9 | 2.19712e+07 |     3.31 |                    6 |                    1 |                500 |
+------------------------------------------------------+----------+-------------------+--------+------------------+-------------+----------+----------------------+----------------------+--------------------+


== Status ==
Current time: 2026-05-22 21:41:44 (running for 00:04:55.32)
Memory usage on this node: 62.7/251.6 GiB
Using FIFO scheduling algorithm.
Resources requested: 7.0/8 CPUs, 1.0/1 GPUs, 0.0/17.7 GiB heap, 0.0/8.85 GiB objects (0.0/1.0 accelerator_type:G)
Result logdir: /workspace/MARLlib/runs/rware_mappo_gru_small_20m_tensorboard/mappo_gru_rware-small-4ag-v2
Number of trials: 1/1 (1 RUNNING)
+------------------------------------------------------+----------+-------------------+--------+------------------+-------------+----------+----------------------+----------------------+--------------------+
| Trial name                                           | status   | loc               |   iter |   total time (s) |          ts |   reward |   episode_reward_max |   episode_reward_min |   episode_len_mean |
|------------------------------------------------------+----------+-------------------+--------+------------------+-------------+----------+----------------------+----------------------+--------------------|
| MAPPOTrainer_rware_v2_rware-small-4ag-v2_56dd2_00000 | RUNNING  | 172.24.0.2:913168 |   1099 |           3142.9 | 2.19712e+07 |     3.31 |                    6 |                    1 |                500 |
+------------------------------------------------------+----------+-------------------+--------+------------------+-------------+----------+----------------------+----------------------+--------------------+


== Status ==
Current time: 2026-05-22 21:41:49 (running for 00:05:00.55)
Memory usage on this node: 62.6/251.6 GiB
Using FIFO scheduling algorithm.
Resources requested: 7.0/8 CPUs, 1.0/1 GPUs, 0.0/17.7 GiB heap, 0.0/8.85 GiB objects (0.0/1.0 accelerator_type:G)
Result logdir: /workspace/MARLlib/runs/rware_mappo_gru_small_20m_tensorboard/mappo_gru_rware-small-4ag-v2
Number of trials: 1/1 (1 RUNNING)
+------------------------------------------------------+----------+-------------------+--------+------------------+-------------+----------+----------------------+----------------------+--------------------+
| Trial name                                           | status   | loc               |   iter |   total time (s) |          ts |   reward |   episode_reward_max |   episode_reward_min |   episode_len_mean |
|------------------------------------------------------+----------+-------------------+--------+------------------+-------------+----------+----------------------+----------------------+--------------------|
| MAPPOTrainer_rware_v2_rware-small-4ag-v2_56dd2_00000 | RUNNING  | 172.24.0.2:913168 |   1100 |           3158.1 | 2.19912e+07 |     3.34 |                    6 |                    1 |                500 |
+------------------------------------------------------+----------+-------------------+--------+------------------+-------------+----------+----------------------+----------------------+--------------------+


== Status ==
Current time: 2026-05-22 21:41:54 (running for 00:05:05.78)
Memory usage on this node: 62.6/251.6 GiB
Using FIFO scheduling algorithm.
Resources requested: 7.0/8 CPUs, 1.0/1 GPUs, 0.0/17.7 GiB heap, 0.0/8.85 GiB objects (0.0/1.0 accelerator_type:G)
Result logdir: /workspace/MARLlib/runs/rware_mappo_gru_small_20m_tensorboard/mappo_gru_rware-small-4ag-v2
Number of trials: 1/1 (1 RUNNING)
+------------------------------------------------------+----------+-------------------+--------+------------------+-------------+----------+----------------------+----------------------+--------------------+
| Trial name                                           | status   | loc               |   iter |   total time (s) |          ts |   reward |   episode_reward_max |   episode_reward_min |   episode_len_mean |
|------------------------------------------------------+----------+-------------------+--------+------------------+-------------+----------+----------------------+----------------------+--------------------|
| MAPPOTrainer_rware_v2_rware-small-4ag-v2_56dd2_00000 | RUNNING  | 172.24.0.2:913168 |   1102 |           3163.2 | 2.20312e+07 |     3.34 |                    6 |                    1 |                500 |
+------------------------------------------------------+----------+-------------------+--------+------------------+-------------+----------+----------------------+----------------------+--------------------+


== Status ==
Current time: 2026-05-22 21:42:00 (running for 00:05:10.94)
Memory usage on this node: 62.6/251.6 GiB
Using FIFO scheduling algorithm.
Resources requested: 7.0/8 CPUs, 1.0/1 GPUs, 0.0/17.7 GiB heap, 0.0/8.85 GiB objects (0.0/1.0 accelerator_type:G)
Result logdir: /workspace/MARLlib/runs/rware_mappo_gru_small_20m_tensorboard/mappo_gru_rware-small-4ag-v2
Number of trials: 1/1 (1 RUNNING)
+------------------------------------------------------+----------+-------------------+--------+------------------+-------------+----------+----------------------+----------------------+--------------------+
| Trial name                                           | status   | loc               |   iter |   total time (s) |          ts |   reward |   episode_reward_max |   episode_reward_min |   episode_len_mean |
|------------------------------------------------------+----------+-------------------+--------+------------------+-------------+----------+----------------------+----------------------+--------------------|
| MAPPOTrainer_rware_v2_rware-small-4ag-v2_56dd2_00000 | RUNNING  | 172.24.0.2:913168 |   1104 |          3168.37 | 2.20712e+07 |     3.49 |                    6 |                    1 |                500 |
+------------------------------------------------------+----------+-------------------+--------+------------------+-------------+----------+----------------------+----------------------+--------------------+


== Status ==
Current time: 2026-05-22 21:42:05 (running for 00:05:16.13)
Memory usage on this node: 62.6/251.6 GiB
Using FIFO scheduling algorithm.
Resources requested: 7.0/8 CPUs, 1.0/1 GPUs, 0.0/17.7 GiB heap, 0.0/8.85 GiB objects (0.0/1.0 accelerator_type:G)
Result logdir: /workspace/MARLlib/runs/rware_mappo_gru_small_20m_tensorboard/mappo_gru_rware-small-4ag-v2
Number of trials: 1/1 (1 RUNNING)
+------------------------------------------------------+----------+-------------------+--------+------------------+-------------+----------+----------------------+----------------------+--------------------+
| Trial name                                           | status   | loc               |   iter |   total time (s) |          ts |   reward |   episode_reward_max |   episode_reward_min |   episode_len_mean |
|------------------------------------------------------+----------+-------------------+--------+------------------+-------------+----------+----------------------+----------------------+--------------------|
| MAPPOTrainer_rware_v2_rware-small-4ag-v2_56dd2_00000 | RUNNING  | 172.24.0.2:913168 |   1106 |           3173.5 | 2.21112e+07 |     3.38 |                    6 |                    1 |                500 |
+------------------------------------------------------+----------+-------------------+--------+------------------+-------------+----------+----------------------+----------------------+--------------------+


== Status ==
Current time: 2026-05-22 21:42:10 (running for 00:05:21.37)
Memory usage on this node: 62.6/251.6 GiB
Using FIFO scheduling algorithm.
Resources requested: 7.0/8 CPUs, 1.0/1 GPUs, 0.0/17.7 GiB heap, 0.0/8.85 GiB objects (0.0/1.0 accelerator_type:G)
Result logdir: /workspace/MARLlib/runs/rware_mappo_gru_small_20m_tensorboard/mappo_gru_rware-small-4ag-v2
Number of trials: 1/1 (1 RUNNING)
+------------------------------------------------------+----------+-------------------+--------+------------------+-------------+----------+----------------------+----------------------+--------------------+
| Trial name                                           | status   | loc               |   iter |   total time (s) |          ts |   reward |   episode_reward_max |   episode_reward_min |   episode_len_mean |
|------------------------------------------------------+----------+-------------------+--------+------------------+-------------+----------+----------------------+----------------------+--------------------|
| MAPPOTrainer_rware_v2_rware-small-4ag-v2_56dd2_00000 | RUNNING  | 172.24.0.2:913168 |   1108 |          3178.69 | 2.21511e+07 |     3.38 |                    5 |                    1 |                500 |
+------------------------------------------------------+----------+-------------------+--------+------------------+-------------+----------+----------------------+----------------------+--------------------+


== Status ==
Current time: 2026-05-22 21:42:15 (running for 00:05:26.69)
Memory usage on this node: 62.7/251.6 GiB
Using FIFO scheduling algorithm.
Resources requested: 7.0/8 CPUs, 1.0/1 GPUs, 0.0/17.7 GiB heap, 0.0/8.85 GiB objects (0.0/1.0 accelerator_type:G)
Result logdir: /workspace/MARLlib/runs/rware_mappo_gru_small_20m_tensorboard/mappo_gru_rware-small-4ag-v2
Number of trials: 1/1 (1 RUNNING)
+------------------------------------------------------+----------+-------------------+--------+------------------+-------------+----------+----------------------+----------------------+--------------------+
| Trial name                                           | status   | loc               |   iter |   total time (s) |          ts |   reward |   episode_reward_max |   episode_reward_min |   episode_len_mean |
|------------------------------------------------------+----------+-------------------+--------+------------------+-------------+----------+----------------------+----------------------+--------------------|
| MAPPOTrainer_rware_v2_rware-small-4ag-v2_56dd2_00000 | RUNNING  | 172.24.0.2:913168 |   1110 |          3183.95 | 2.21911e+07 |     3.39 |                    5 |                    1 |                500 |
+------------------------------------------------------+----------+-------------------+--------+------------------+-------------+----------+----------------------+----------------------+--------------------+


== Status ==
Current time: 2026-05-22 21:42:21 (running for 00:05:31.85)
Memory usage on this node: 62.6/251.6 GiB
Using FIFO scheduling algorithm.
Resources requested: 7.0/8 CPUs, 1.0/1 GPUs, 0.0/17.7 GiB heap, 0.0/8.85 GiB objects (0.0/1.0 accelerator_type:G)
Result logdir: /workspace/MARLlib/runs/rware_mappo_gru_small_20m_tensorboard/mappo_gru_rware-small-4ag-v2
Number of trials: 1/1 (1 RUNNING)
+------------------------------------------------------+----------+-------------------+--------+------------------+-------------+----------+----------------------+----------------------+--------------------+
| Trial name                                           | status   | loc               |   iter |   total time (s) |          ts |   reward |   episode_reward_max |   episode_reward_min |   episode_len_mean |
|------------------------------------------------------+----------+-------------------+--------+------------------+-------------+----------+----------------------+----------------------+--------------------|
| MAPPOTrainer_rware_v2_rware-small-4ag-v2_56dd2_00000 | RUNNING  | 172.24.0.2:913168 |   1112 |          3189.05 | 2.22311e+07 |     3.43 |                    6 |                    1 |                500 |
+------------------------------------------------------+----------+-------------------+--------+------------------+-------------+----------+----------------------+----------------------+--------------------+


== Status ==
Current time: 2026-05-22 21:42:26 (running for 00:05:36.97)
Memory usage on this node: 62.6/251.6 GiB
Using FIFO scheduling algorithm.
Resources requested: 7.0/8 CPUs, 1.0/1 GPUs, 0.0/17.7 GiB heap, 0.0/8.85 GiB objects (0.0/1.0 accelerator_type:G)
Result logdir: /workspace/MARLlib/runs/rware_mappo_gru_small_20m_tensorboard/mappo_gru_rware-small-4ag-v2
Number of trials: 1/1 (1 RUNNING)
+------------------------------------------------------+----------+-------------------+--------+------------------+-------------+----------+----------------------+----------------------+--------------------+
| Trial name                                           | status   | loc               |   iter |   total time (s) |          ts |   reward |   episode_reward_max |   episode_reward_min |   episode_len_mean |
|------------------------------------------------------+----------+-------------------+--------+------------------+-------------+----------+----------------------+----------------------+--------------------|
| MAPPOTrainer_rware_v2_rware-small-4ag-v2_56dd2_00000 | RUNNING  | 172.24.0.2:913168 |   1114 |          3194.12 | 2.22711e+07 |     3.42 |                    6 |                    1 |                500 |
+------------------------------------------------------+----------+-------------------+--------+------------------+-------------+----------+----------------------+----------------------+--------------------+


== Status ==
Current time: 2026-05-22 21:42:31 (running for 00:05:42.22)
Memory usage on this node: 62.7/251.6 GiB
Using FIFO scheduling algorithm.
Resources requested: 7.0/8 CPUs, 1.0/1 GPUs, 0.0/17.7 GiB heap, 0.0/8.85 GiB objects (0.0/1.0 accelerator_type:G)
Result logdir: /workspace/MARLlib/runs/rware_mappo_gru_small_20m_tensorboard/mappo_gru_rware-small-4ag-v2
Number of trials: 1/1 (1 RUNNING)
+------------------------------------------------------+----------+-------------------+--------+------------------+-------------+----------+----------------------+----------------------+--------------------+
| Trial name                                           | status   | loc               |   iter |   total time (s) |          ts |   reward |   episode_reward_max |   episode_reward_min |   episode_len_mean |
|------------------------------------------------------+----------+-------------------+--------+------------------+-------------+----------+----------------------+----------------------+--------------------|
| MAPPOTrainer_rware_v2_rware-small-4ag-v2_56dd2_00000 | RUNNING  | 172.24.0.2:913168 |   1116 |          3199.32 | 2.23111e+07 |     3.58 |                    6 |                    1 |                500 |
+------------------------------------------------------+----------+-------------------+--------+------------------+-------------+----------+----------------------+----------------------+--------------------+


== Status ==
Current time: 2026-05-22 21:42:36 (running for 00:05:47.51)
Memory usage on this node: 62.7/251.6 GiB
Using FIFO scheduling algorithm.
Resources requested: 7.0/8 CPUs, 1.0/1 GPUs, 0.0/17.7 GiB heap, 0.0/8.85 GiB objects (0.0/1.0 accelerator_type:G)
Result logdir: /workspace/MARLlib/runs/rware_mappo_gru_small_20m_tensorboard/mappo_gru_rware-small-4ag-v2
Number of trials: 1/1 (1 RUNNING)
+------------------------------------------------------+----------+-------------------+--------+------------------+-------------+----------+----------------------+----------------------+--------------------+
| Trial name                                           | status   | loc               |   iter |   total time (s) |          ts |   reward |   episode_reward_max |   episode_reward_min |   episode_len_mean |
|------------------------------------------------------+----------+-------------------+--------+------------------+-------------+----------+----------------------+----------------------+--------------------|
| MAPPOTrainer_rware_v2_rware-small-4ag-v2_56dd2_00000 | RUNNING  | 172.24.0.2:913168 |   1118 |          3204.55 | 2.23511e+07 |     3.65 |                    6 |                    1 |                500 |
+------------------------------------------------------+----------+-------------------+--------+------------------+-------------+----------+----------------------+----------------------+--------------------+


== Status ==
Current time: 2026-05-22 21:42:41 (running for 00:05:52.73)
Memory usage on this node: 62.7/251.6 GiB
Using FIFO scheduling algorithm.
Resources requested: 7.0/8 CPUs, 1.0/1 GPUs, 0.0/17.7 GiB heap, 0.0/8.85 GiB objects (0.0/1.0 accelerator_type:G)
Result logdir: /workspace/MARLlib/runs/rware_mappo_gru_small_20m_tensorboard/mappo_gru_rware-small-4ag-v2
Number of trials: 1/1 (1 RUNNING)
+------------------------------------------------------+----------+-------------------+--------+------------------+------------+----------+----------------------+----------------------+--------------------+
| Trial name                                           | status   | loc               |   iter |   total time (s) |         ts |   reward |   episode_reward_max |   episode_reward_min |   episode_len_mean |
|------------------------------------------------------+----------+-------------------+--------+------------------+------------+----------+----------------------+----------------------+--------------------|
| MAPPOTrainer_rware_v2_rware-small-4ag-v2_56dd2_00000 | RUNNING  | 172.24.0.2:913168 |   1120 |          3209.72 | 2.2391e+07 |     3.63 |                    6 |                    1 |                500 |
+------------------------------------------------------+----------+-------------------+--------+------------------+------------+----------+----------------------+----------------------+--------------------+


== Status ==
Current time: 2026-05-22 21:42:47 (running for 00:05:57.98)
Memory usage on this node: 62.7/251.6 GiB
Using FIFO scheduling algorithm.
Resources requested: 7.0/8 CPUs, 1.0/1 GPUs, 0.0/17.7 GiB heap, 0.0/8.85 GiB objects (0.0/1.0 accelerator_type:G)
Result logdir: /workspace/MARLlib/runs/rware_mappo_gru_small_20m_tensorboard/mappo_gru_rware-small-4ag-v2
Number of trials: 1/1 (1 RUNNING)
+------------------------------------------------------+----------+-------------------+--------+------------------+------------+----------+----------------------+----------------------+--------------------+
| Trial name                                           | status   | loc               |   iter |   total time (s) |         ts |   reward |   episode_reward_max |   episode_reward_min |   episode_len_mean |
|------------------------------------------------------+----------+-------------------+--------+------------------+------------+----------+----------------------+----------------------+--------------------|
| MAPPOTrainer_rware_v2_rware-small-4ag-v2_56dd2_00000 | RUNNING  | 172.24.0.2:913168 |   1122 |          3214.91 | 2.2431e+07 |     3.59 |                    5 |                    1 |                500 |
+------------------------------------------------------+----------+-------------------+--------+------------------+------------+----------+----------------------+----------------------+--------------------+


== Status ==
Current time: 2026-05-22 21:42:52 (running for 00:06:03.25)
Memory usage on this node: 62.7/251.6 GiB
Using FIFO scheduling algorithm.
Resources requested: 7.0/8 CPUs, 1.0/1 GPUs, 0.0/17.7 GiB heap, 0.0/8.85 GiB objects (0.0/1.0 accelerator_type:G)
Result logdir: /workspace/MARLlib/runs/rware_mappo_gru_small_20m_tensorboard/mappo_gru_rware-small-4ag-v2
Number of trials: 1/1 (1 RUNNING)
+------------------------------------------------------+----------+-------------------+--------+------------------+------------+----------+----------------------+----------------------+--------------------+
| Trial name                                           | status   | loc               |   iter |   total time (s) |         ts |   reward |   episode_reward_max |   episode_reward_min |   episode_len_mean |
|------------------------------------------------------+----------+-------------------+--------+------------------+------------+----------+----------------------+----------------------+--------------------|
| MAPPOTrainer_rware_v2_rware-small-4ag-v2_56dd2_00000 | RUNNING  | 172.24.0.2:913168 |   1124 |          3220.13 | 2.2471e+07 |     3.58 |                    5 |                    1 |                500 |
+------------------------------------------------------+----------+-------------------+--------+------------------+------------+----------+----------------------+----------------------+--------------------+


== Status ==
Current time: 2026-05-22 21:42:57 (running for 00:06:08.42)
Memory usage on this node: 62.7/251.6 GiB
Using FIFO scheduling algorithm.
Resources requested: 7.0/8 CPUs, 1.0/1 GPUs, 0.0/17.7 GiB heap, 0.0/8.85 GiB objects (0.0/1.0 accelerator_type:G)
Result logdir: /workspace/MARLlib/runs/rware_mappo_gru_small_20m_tensorboard/mappo_gru_rware-small-4ag-v2
Number of trials: 1/1 (1 RUNNING)
+------------------------------------------------------+----------+-------------------+--------+------------------+------------+----------+----------------------+----------------------+--------------------+
| Trial name                                           | status   | loc               |   iter |   total time (s) |         ts |   reward |   episode_reward_max |   episode_reward_min |   episode_len_mean |
|------------------------------------------------------+----------+-------------------+--------+------------------+------------+----------+----------------------+----------------------+--------------------|
| MAPPOTrainer_rware_v2_rware-small-4ag-v2_56dd2_00000 | RUNNING  | 172.24.0.2:913168 |   1126 |          3225.26 | 2.2511e+07 |     3.53 |                    5 |                    1 |                500 |
+------------------------------------------------------+----------+-------------------+--------+------------------+------------+----------+----------------------+----------------------+--------------------+


== Status ==
Current time: 2026-05-22 21:43:02 (running for 00:06:13.62)
Memory usage on this node: 63.0/251.6 GiB
Using FIFO scheduling algorithm.
Resources requested: 7.0/8 CPUs, 1.0/1 GPUs, 0.0/17.7 GiB heap, 0.0/8.85 GiB objects (0.0/1.0 accelerator_type:G)
Result logdir: /workspace/MARLlib/runs/rware_mappo_gru_small_20m_tensorboard/mappo_gru_rware-small-4ag-v2
Number of trials: 1/1 (1 RUNNING)
+------------------------------------------------------+----------+-------------------+--------+------------------+------------+----------+----------------------+----------------------+--------------------+
| Trial name                                           | status   | loc               |   iter |   total time (s) |         ts |   reward |   episode_reward_max |   episode_reward_min |   episode_len_mean |
|------------------------------------------------------+----------+-------------------+--------+------------------+------------+----------+----------------------+----------------------+--------------------|
| MAPPOTrainer_rware_v2_rware-small-4ag-v2_56dd2_00000 | RUNNING  | 172.24.0.2:913168 |   1128 |          3230.42 | 2.2551e+07 |      3.5 |                    5 |                    1 |                500 |
+------------------------------------------------------+----------+-------------------+--------+------------------+------------+----------+----------------------+----------------------+--------------------+


== Status ==
Current time: 2026-05-22 21:43:08 (running for 00:06:18.94)
Memory usage on this node: 62.7/251.6 GiB
Using FIFO scheduling algorithm.
Resources requested: 7.0/8 CPUs, 1.0/1 GPUs, 0.0/17.7 GiB heap, 0.0/8.85 GiB objects (0.0/1.0 accelerator_type:G)
Result logdir: /workspace/MARLlib/runs/rware_mappo_gru_small_20m_tensorboard/mappo_gru_rware-small-4ag-v2
Number of trials: 1/1 (1 RUNNING)
+------------------------------------------------------+----------+-------------------+--------+------------------+------------+----------+----------------------+----------------------+--------------------+
| Trial name                                           | status   | loc               |   iter |   total time (s) |         ts |   reward |   episode_reward_max |   episode_reward_min |   episode_len_mean |
|------------------------------------------------------+----------+-------------------+--------+------------------+------------+----------+----------------------+----------------------+--------------------|
| MAPPOTrainer_rware_v2_rware-small-4ag-v2_56dd2_00000 | RUNNING  | 172.24.0.2:913168 |   1130 |          3235.69 | 2.2591e+07 |     3.52 |                    5 |                    2 |                500 |
+------------------------------------------------------+----------+-------------------+--------+------------------+------------+----------+----------------------+----------------------+--------------------+


== Status ==
Current time: 2026-05-22 21:43:13 (running for 00:06:24.03)
Memory usage on this node: 62.7/251.6 GiB
Using FIFO scheduling algorithm.
Resources requested: 7.0/8 CPUs, 1.0/1 GPUs, 0.0/17.7 GiB heap, 0.0/8.85 GiB objects (0.0/1.0 accelerator_type:G)
Result logdir: /workspace/MARLlib/runs/rware_mappo_gru_small_20m_tensorboard/mappo_gru_rware-small-4ag-v2
Number of trials: 1/1 (1 RUNNING)
+------------------------------------------------------+----------+-------------------+--------+------------------+-------------+----------+----------------------+----------------------+--------------------+
| Trial name                                           | status   | loc               |   iter |   total time (s) |          ts |   reward |   episode_reward_max |   episode_reward_min |   episode_len_mean |
|------------------------------------------------------+----------+-------------------+--------+------------------+-------------+----------+----------------------+----------------------+--------------------|
| MAPPOTrainer_rware_v2_rware-small-4ag-v2_56dd2_00000 | RUNNING  | 172.24.0.2:913168 |   1132 |          3240.73 | 2.26309e+07 |     3.54 |                    5 |                    2 |                500 |
+------------------------------------------------------+----------+-------------------+--------+------------------+-------------+----------+----------------------+----------------------+--------------------+


== Status ==
Current time: 2026-05-22 21:43:18 (running for 00:06:29.20)
Memory usage on this node: 62.7/251.6 GiB
Using FIFO scheduling algorithm.
Resources requested: 7.0/8 CPUs, 1.0/1 GPUs, 0.0/17.7 GiB heap, 0.0/8.85 GiB objects (0.0/1.0 accelerator_type:G)
Result logdir: /workspace/MARLlib/runs/rware_mappo_gru_small_20m_tensorboard/mappo_gru_rware-small-4ag-v2
Number of trials: 1/1 (1 RUNNING)
+------------------------------------------------------+----------+-------------------+--------+------------------+-------------+----------+----------------------+----------------------+--------------------+
| Trial name                                           | status   | loc               |   iter |   total time (s) |          ts |   reward |   episode_reward_max |   episode_reward_min |   episode_len_mean |
|------------------------------------------------------+----------+-------------------+--------+------------------+-------------+----------+----------------------+----------------------+--------------------|
| MAPPOTrainer_rware_v2_rware-small-4ag-v2_56dd2_00000 | RUNNING  | 172.24.0.2:913168 |   1134 |          3245.85 | 2.26709e+07 |     3.53 |                    5 |                    2 |                500 |
+------------------------------------------------------+----------+-------------------+--------+------------------+-------------+----------+----------------------+----------------------+--------------------+


== Status ==
Current time: 2026-05-22 21:43:23 (running for 00:06:34.57)
Memory usage on this node: 62.7/251.6 GiB
Using FIFO scheduling algorithm.
Resources requested: 7.0/8 CPUs, 1.0/1 GPUs, 0.0/17.7 GiB heap, 0.0/8.85 GiB objects (0.0/1.0 accelerator_type:G)
Result logdir: /workspace/MARLlib/runs/rware_mappo_gru_small_20m_tensorboard/mappo_gru_rware-small-4ag-v2
Number of trials: 1/1 (1 RUNNING)
+------------------------------------------------------+----------+-------------------+--------+------------------+-------------+----------+----------------------+----------------------+--------------------+
| Trial name                                           | status   | loc               |   iter |   total time (s) |          ts |   reward |   episode_reward_max |   episode_reward_min |   episode_len_mean |
|------------------------------------------------------+----------+-------------------+--------+------------------+-------------+----------+----------------------+----------------------+--------------------|
| MAPPOTrainer_rware_v2_rware-small-4ag-v2_56dd2_00000 | RUNNING  | 172.24.0.2:913168 |   1136 |          3251.18 | 2.27109e+07 |      3.6 |                    5 |                    2 |                500 |
+------------------------------------------------------+----------+-------------------+--------+------------------+-------------+----------+----------------------+----------------------+--------------------+


== Status ==
Current time: 2026-05-22 21:43:28 (running for 00:06:39.72)
Memory usage on this node: 62.7/251.6 GiB
Using FIFO scheduling algorithm.
Resources requested: 7.0/8 CPUs, 1.0/1 GPUs, 0.0/17.7 GiB heap, 0.0/8.85 GiB objects (0.0/1.0 accelerator_type:G)
Result logdir: /workspace/MARLlib/runs/rware_mappo_gru_small_20m_tensorboard/mappo_gru_rware-small-4ag-v2
Number of trials: 1/1 (1 RUNNING)
+------------------------------------------------------+----------+-------------------+--------+------------------+-------------+----------+----------------------+----------------------+--------------------+
| Trial name                                           | status   | loc               |   iter |   total time (s) |          ts |   reward |   episode_reward_max |   episode_reward_min |   episode_len_mean |
|------------------------------------------------------+----------+-------------------+--------+------------------+-------------+----------+----------------------+----------------------+--------------------|
| MAPPOTrainer_rware_v2_rware-small-4ag-v2_56dd2_00000 | RUNNING  | 172.24.0.2:913168 |   1138 |          3256.28 | 2.27509e+07 |     3.54 |                    5 |                    2 |                500 |
+------------------------------------------------------+----------+-------------------+--------+------------------+-------------+----------+----------------------+----------------------+--------------------+


== Status ==
Current time: 2026-05-22 21:43:34 (running for 00:06:44.98)
Memory usage on this node: 62.7/251.6 GiB
Using FIFO scheduling algorithm.
Resources requested: 7.0/8 CPUs, 1.0/1 GPUs, 0.0/17.7 GiB heap, 0.0/8.85 GiB objects (0.0/1.0 accelerator_type:G)
Result logdir: /workspace/MARLlib/runs/rware_mappo_gru_small_20m_tensorboard/mappo_gru_rware-small-4ag-v2
Number of trials: 1/1 (1 RUNNING)
+------------------------------------------------------+----------+-------------------+--------+------------------+-------------+----------+----------------------+----------------------+--------------------+
| Trial name                                           | status   | loc               |   iter |   total time (s) |          ts |   reward |   episode_reward_max |   episode_reward_min |   episode_len_mean |
|------------------------------------------------------+----------+-------------------+--------+------------------+-------------+----------+----------------------+----------------------+--------------------|
| MAPPOTrainer_rware_v2_rware-small-4ag-v2_56dd2_00000 | RUNNING  | 172.24.0.2:913168 |   1140 |          3261.49 | 2.27909e+07 |     3.53 |                    5 |                    2 |                500 |
+------------------------------------------------------+----------+-------------------+--------+------------------+-------------+----------+----------------------+----------------------+--------------------+


== Status ==
Current time: 2026-05-22 21:43:39 (running for 00:06:50.23)
Memory usage on this node: 62.7/251.6 GiB
Using FIFO scheduling algorithm.
Resources requested: 7.0/8 CPUs, 1.0/1 GPUs, 0.0/17.7 GiB heap, 0.0/8.85 GiB objects (0.0/1.0 accelerator_type:G)
Result logdir: /workspace/MARLlib/runs/rware_mappo_gru_small_20m_tensorboard/mappo_gru_rware-small-4ag-v2
Number of trials: 1/1 (1 RUNNING)
+------------------------------------------------------+----------+-------------------+--------+------------------+-------------+----------+----------------------+----------------------+--------------------+
| Trial name                                           | status   | loc               |   iter |   total time (s) |          ts |   reward |   episode_reward_max |   episode_reward_min |   episode_len_mean |
|------------------------------------------------------+----------+-------------------+--------+------------------+-------------+----------+----------------------+----------------------+--------------------|
| MAPPOTrainer_rware_v2_rware-small-4ag-v2_56dd2_00000 | RUNNING  | 172.24.0.2:913168 |   1142 |          3266.67 | 2.28309e+07 |      3.5 |                    5 |                    1 |                500 |
+------------------------------------------------------+----------+-------------------+--------+------------------+-------------+----------+----------------------+----------------------+--------------------+


== Status ==
Current time: 2026-05-22 21:43:44 (running for 00:06:55.26)
Memory usage on this node: 62.7/251.6 GiB
Using FIFO scheduling algorithm.
Resources requested: 7.0/8 CPUs, 1.0/1 GPUs, 0.0/17.7 GiB heap, 0.0/8.85 GiB objects (0.0/1.0 accelerator_type:G)
Result logdir: /workspace/MARLlib/runs/rware_mappo_gru_small_20m_tensorboard/mappo_gru_rware-small-4ag-v2
Number of trials: 1/1 (1 RUNNING)
+------------------------------------------------------+----------+-------------------+--------+------------------+-------------+----------+----------------------+----------------------+--------------------+
| Trial name                                           | status   | loc               |   iter |   total time (s) |          ts |   reward |   episode_reward_max |   episode_reward_min |   episode_len_mean |
|------------------------------------------------------+----------+-------------------+--------+------------------+-------------+----------+----------------------+----------------------+--------------------|
| MAPPOTrainer_rware_v2_rware-small-4ag-v2_56dd2_00000 | RUNNING  | 172.24.0.2:913168 |   1144 |          3271.66 | 2.28708e+07 |     3.51 |                    5 |                    1 |                500 |
+------------------------------------------------------+----------+-------------------+--------+------------------+-------------+----------+----------------------+----------------------+--------------------+


== Status ==
Current time: 2026-05-22 21:43:49 (running for 00:07:00.53)
Memory usage on this node: 62.7/251.6 GiB
Using FIFO scheduling algorithm.
Resources requested: 7.0/8 CPUs, 1.0/1 GPUs, 0.0/17.7 GiB heap, 0.0/8.85 GiB objects (0.0/1.0 accelerator_type:G)
Result logdir: /workspace/MARLlib/runs/rware_mappo_gru_small_20m_tensorboard/mappo_gru_rware-small-4ag-v2
Number of trials: 1/1 (1 RUNNING)
+------------------------------------------------------+----------+-------------------+--------+------------------+-------------+----------+----------------------+----------------------+--------------------+
| Trial name                                           | status   | loc               |   iter |   total time (s) |          ts |   reward |   episode_reward_max |   episode_reward_min |   episode_len_mean |
|------------------------------------------------------+----------+-------------------+--------+------------------+-------------+----------+----------------------+----------------------+--------------------|
| MAPPOTrainer_rware_v2_rware-small-4ag-v2_56dd2_00000 | RUNNING  | 172.24.0.2:913168 |   1146 |          3276.88 | 2.29108e+07 |     3.44 |                    5 |                    1 |                500 |
+------------------------------------------------------+----------+-------------------+--------+------------------+-------------+----------+----------------------+----------------------+--------------------+


== Status ==
Current time: 2026-05-22 21:43:54 (running for 00:07:05.70)
Memory usage on this node: 62.7/251.6 GiB
Using FIFO scheduling algorithm.
Resources requested: 7.0/8 CPUs, 1.0/1 GPUs, 0.0/17.7 GiB heap, 0.0/8.85 GiB objects (0.0/1.0 accelerator_type:G)
Result logdir: /workspace/MARLlib/runs/rware_mappo_gru_small_20m_tensorboard/mappo_gru_rware-small-4ag-v2
Number of trials: 1/1 (1 RUNNING)
+------------------------------------------------------+----------+-------------------+--------+------------------+-------------+----------+----------------------+----------------------+--------------------+
| Trial name                                           | status   | loc               |   iter |   total time (s) |          ts |   reward |   episode_reward_max |   episode_reward_min |   episode_len_mean |
|------------------------------------------------------+----------+-------------------+--------+------------------+-------------+----------+----------------------+----------------------+--------------------|
| MAPPOTrainer_rware_v2_rware-small-4ag-v2_56dd2_00000 | RUNNING  | 172.24.0.2:913168 |   1148 |          3282.01 | 2.29508e+07 |     3.41 |                    5 |                    1 |                500 |
+------------------------------------------------------+----------+-------------------+--------+------------------+-------------+----------+----------------------+----------------------+--------------------+


== Status ==
Current time: 2026-05-22 21:44:00 (running for 00:07:11.34)
Memory usage on this node: 62.7/251.6 GiB
Using FIFO scheduling algorithm.
Resources requested: 7.0/8 CPUs, 1.0/1 GPUs, 0.0/17.7 GiB heap, 0.0/8.85 GiB objects (0.0/1.0 accelerator_type:G)
Result logdir: /workspace/MARLlib/runs/rware_mappo_gru_small_20m_tensorboard/mappo_gru_rware-small-4ag-v2
Number of trials: 1/1 (1 RUNNING)
+------------------------------------------------------+----------+-------------------+--------+------------------+-------------+----------+----------------------+----------------------+--------------------+
| Trial name                                           | status   | loc               |   iter |   total time (s) |          ts |   reward |   episode_reward_max |   episode_reward_min |   episode_len_mean |
|------------------------------------------------------+----------+-------------------+--------+------------------+-------------+----------+----------------------+----------------------+--------------------|
| MAPPOTrainer_rware_v2_rware-small-4ag-v2_56dd2_00000 | RUNNING  | 172.24.0.2:913168 |   1149 |          3284.63 | 2.29708e+07 |     3.47 |                    6 |                    1 |                500 |
+------------------------------------------------------+----------+-------------------+--------+------------------+-------------+----------+----------------------+----------------------+--------------------+


== Status ==
Current time: 2026-05-22 21:44:05 (running for 00:07:16.34)
Memory usage on this node: 62.8/251.6 GiB
Using FIFO scheduling algorithm.
Resources requested: 7.0/8 CPUs, 1.0/1 GPUs, 0.0/17.7 GiB heap, 0.0/8.85 GiB objects (0.0/1.0 accelerator_type:G)
Result logdir: /workspace/MARLlib/runs/rware_mappo_gru_small_20m_tensorboard/mappo_gru_rware-small-4ag-v2
Number of trials: 1/1 (1 RUNNING)
+------------------------------------------------------+----------+-------------------+--------+------------------+-------------+----------+----------------------+----------------------+--------------------+
| Trial name                                           | status   | loc               |   iter |   total time (s) |          ts |   reward |   episode_reward_max |   episode_reward_min |   episode_len_mean |
|------------------------------------------------------+----------+-------------------+--------+------------------+-------------+----------+----------------------+----------------------+--------------------|
| MAPPOTrainer_rware_v2_rware-small-4ag-v2_56dd2_00000 | RUNNING  | 172.24.0.2:913168 |   1149 |          3284.63 | 2.29708e+07 |     3.47 |                    6 |                    1 |                500 |
+------------------------------------------------------+----------+-------------------+--------+------------------+-------------+----------+----------------------+----------------------+--------------------+


== Status ==
Current time: 2026-05-22 21:44:10 (running for 00:07:21.35)
Memory usage on this node: 62.8/251.6 GiB
Using FIFO scheduling algorithm.
Resources requested: 7.0/8 CPUs, 1.0/1 GPUs, 0.0/17.7 GiB heap, 0.0/8.85 GiB objects (0.0/1.0 accelerator_type:G)
Result logdir: /workspace/MARLlib/runs/rware_mappo_gru_small_20m_tensorboard/mappo_gru_rware-small-4ag-v2
Number of trials: 1/1 (1 RUNNING)
+------------------------------------------------------+----------+-------------------+--------+------------------+-------------+----------+----------------------+----------------------+--------------------+
| Trial name                                           | status   | loc               |   iter |   total time (s) |          ts |   reward |   episode_reward_max |   episode_reward_min |   episode_len_mean |
|------------------------------------------------------+----------+-------------------+--------+------------------+-------------+----------+----------------------+----------------------+--------------------|
| MAPPOTrainer_rware_v2_rware-small-4ag-v2_56dd2_00000 | RUNNING  | 172.24.0.2:913168 |   1149 |          3284.63 | 2.29708e+07 |     3.47 |                    6 |                    1 |                500 |
+------------------------------------------------------+----------+-------------------+--------+------------------+-------------+----------+----------------------+----------------------+--------------------+


== Status ==
Current time: 2026-05-22 21:44:15 (running for 00:07:26.81)
Memory usage on this node: 62.7/251.6 GiB
Using FIFO scheduling algorithm.
Resources requested: 7.0/8 CPUs, 1.0/1 GPUs, 0.0/17.7 GiB heap, 0.0/8.85 GiB objects (0.0/1.0 accelerator_type:G)
Result logdir: /workspace/MARLlib/runs/rware_mappo_gru_small_20m_tensorboard/mappo_gru_rware-small-4ag-v2
Number of trials: 1/1 (1 RUNNING)
+------------------------------------------------------+----------+-------------------+--------+------------------+-------------+----------+----------------------+----------------------+--------------------+
| Trial name                                           | status   | loc               |   iter |   total time (s) |          ts |   reward |   episode_reward_max |   episode_reward_min |   episode_len_mean |
|------------------------------------------------------+----------+-------------------+--------+------------------+-------------+----------+----------------------+----------------------+--------------------|
| MAPPOTrainer_rware_v2_rware-small-4ag-v2_56dd2_00000 | RUNNING  | 172.24.0.2:913168 |   1152 |          3305.02 | 2.30308e+07 |     3.51 |                    6 |                    1 |                500 |
+------------------------------------------------------+----------+-------------------+--------+------------------+-------------+----------+----------------------+----------------------+--------------------+


== Status ==
Current time: 2026-05-22 21:44:21 (running for 00:07:32.07)
Memory usage on this node: 62.7/251.6 GiB
Using FIFO scheduling algorithm.
Resources requested: 7.0/8 CPUs, 1.0/1 GPUs, 0.0/17.7 GiB heap, 0.0/8.85 GiB objects (0.0/1.0 accelerator_type:G)
Result logdir: /workspace/MARLlib/runs/rware_mappo_gru_small_20m_tensorboard/mappo_gru_rware-small-4ag-v2
Number of trials: 1/1 (1 RUNNING)
+------------------------------------------------------+----------+-------------------+--------+------------------+-------------+----------+----------------------+----------------------+--------------------+
| Trial name                                           | status   | loc               |   iter |   total time (s) |          ts |   reward |   episode_reward_max |   episode_reward_min |   episode_len_mean |
|------------------------------------------------------+----------+-------------------+--------+------------------+-------------+----------+----------------------+----------------------+--------------------|
| MAPPOTrainer_rware_v2_rware-small-4ag-v2_56dd2_00000 | RUNNING  | 172.24.0.2:913168 |   1154 |          3310.23 | 2.30708e+07 |     3.52 |                    6 |                    1 |                500 |
+------------------------------------------------------+----------+-------------------+--------+------------------+-------------+----------+----------------------+----------------------+--------------------+


== Status ==
Current time: 2026-05-22 21:44:26 (running for 00:07:37.22)
Memory usage on this node: 62.7/251.6 GiB
Using FIFO scheduling algorithm.
Resources requested: 7.0/8 CPUs, 1.0/1 GPUs, 0.0/17.7 GiB heap, 0.0/8.85 GiB objects (0.0/1.0 accelerator_type:G)
Result logdir: /workspace/MARLlib/runs/rware_mappo_gru_small_20m_tensorboard/mappo_gru_rware-small-4ag-v2
Number of trials: 1/1 (1 RUNNING)
+------------------------------------------------------+----------+-------------------+--------+------------------+-------------+----------+----------------------+----------------------+--------------------+
| Trial name                                           | status   | loc               |   iter |   total time (s) |          ts |   reward |   episode_reward_max |   episode_reward_min |   episode_len_mean |
|------------------------------------------------------+----------+-------------------+--------+------------------+-------------+----------+----------------------+----------------------+--------------------|
| MAPPOTrainer_rware_v2_rware-small-4ag-v2_56dd2_00000 | RUNNING  | 172.24.0.2:913168 |   1156 |          3315.33 | 2.31108e+07 |     3.52 |                    6 |                    1 |                500 |
+------------------------------------------------------+----------+-------------------+--------+------------------+-------------+----------+----------------------+----------------------+--------------------+


== Status ==
Current time: 2026-05-22 21:44:31 (running for 00:07:42.28)
Memory usage on this node: 62.7/251.6 GiB
Using FIFO scheduling algorithm.
Resources requested: 7.0/8 CPUs, 1.0/1 GPUs, 0.0/17.7 GiB heap, 0.0/8.85 GiB objects (0.0/1.0 accelerator_type:G)
Result logdir: /workspace/MARLlib/runs/rware_mappo_gru_small_20m_tensorboard/mappo_gru_rware-small-4ag-v2
Number of trials: 1/1 (1 RUNNING)
+------------------------------------------------------+----------+-------------------+--------+------------------+-------------+----------+----------------------+----------------------+--------------------+
| Trial name                                           | status   | loc               |   iter |   total time (s) |          ts |   reward |   episode_reward_max |   episode_reward_min |   episode_len_mean |
|------------------------------------------------------+----------+-------------------+--------+------------------+-------------+----------+----------------------+----------------------+--------------------|
| MAPPOTrainer_rware_v2_rware-small-4ag-v2_56dd2_00000 | RUNNING  | 172.24.0.2:913168 |   1158 |          3320.34 | 2.31507e+07 |     3.53 |                    6 |                    1 |                500 |
+------------------------------------------------------+----------+-------------------+--------+------------------+-------------+----------+----------------------+----------------------+--------------------+


== Status ==
Current time: 2026-05-22 21:44:36 (running for 00:07:47.59)
Memory usage on this node: 62.7/251.6 GiB
Using FIFO scheduling algorithm.
Resources requested: 7.0/8 CPUs, 1.0/1 GPUs, 0.0/17.7 GiB heap, 0.0/8.85 GiB objects (0.0/1.0 accelerator_type:G)
Result logdir: /workspace/MARLlib/runs/rware_mappo_gru_small_20m_tensorboard/mappo_gru_rware-small-4ag-v2
Number of trials: 1/1 (1 RUNNING)
+------------------------------------------------------+----------+-------------------+--------+------------------+-------------+----------+----------------------+----------------------+--------------------+
| Trial name                                           | status   | loc               |   iter |   total time (s) |          ts |   reward |   episode_reward_max |   episode_reward_min |   episode_len_mean |
|------------------------------------------------------+----------+-------------------+--------+------------------+-------------+----------+----------------------+----------------------+--------------------|
| MAPPOTrainer_rware_v2_rware-small-4ag-v2_56dd2_00000 | RUNNING  | 172.24.0.2:913168 |   1160 |           3325.6 | 2.31907e+07 |     3.45 |                    5 |                    1 |                500 |
+------------------------------------------------------+----------+-------------------+--------+------------------+-------------+----------+----------------------+----------------------+--------------------+


== Status ==
Current time: 2026-05-22 21:44:42 (running for 00:07:52.94)
Memory usage on this node: 62.8/251.6 GiB
Using FIFO scheduling algorithm.
Resources requested: 7.0/8 CPUs, 1.0/1 GPUs, 0.0/17.7 GiB heap, 0.0/8.85 GiB objects (0.0/1.0 accelerator_type:G)
Result logdir: /workspace/MARLlib/runs/rware_mappo_gru_small_20m_tensorboard/mappo_gru_rware-small-4ag-v2
Number of trials: 1/1 (1 RUNNING)
+------------------------------------------------------+----------+-------------------+--------+------------------+-------------+----------+----------------------+----------------------+--------------------+
| Trial name                                           | status   | loc               |   iter |   total time (s) |          ts |   reward |   episode_reward_max |   episode_reward_min |   episode_len_mean |
|------------------------------------------------------+----------+-------------------+--------+------------------+-------------+----------+----------------------+----------------------+--------------------|
| MAPPOTrainer_rware_v2_rware-small-4ag-v2_56dd2_00000 | RUNNING  | 172.24.0.2:913168 |   1162 |          3330.89 | 2.32307e+07 |     3.45 |                    6 |                    1 |                500 |
+------------------------------------------------------+----------+-------------------+--------+------------------+-------------+----------+----------------------+----------------------+--------------------+


== Status ==
Current time: 2026-05-22 21:44:47 (running for 00:07:58.24)
Memory usage on this node: 62.8/251.6 GiB
Using FIFO scheduling algorithm.
Resources requested: 7.0/8 CPUs, 1.0/1 GPUs, 0.0/17.7 GiB heap, 0.0/8.85 GiB objects (0.0/1.0 accelerator_type:G)
Result logdir: /workspace/MARLlib/runs/rware_mappo_gru_small_20m_tensorboard/mappo_gru_rware-small-4ag-v2
Number of trials: 1/1 (1 RUNNING)
+------------------------------------------------------+----------+-------------------+--------+------------------+-------------+----------+----------------------+----------------------+--------------------+
| Trial name                                           | status   | loc               |   iter |   total time (s) |          ts |   reward |   episode_reward_max |   episode_reward_min |   episode_len_mean |
|------------------------------------------------------+----------+-------------------+--------+------------------+-------------+----------+----------------------+----------------------+--------------------|
| MAPPOTrainer_rware_v2_rware-small-4ag-v2_56dd2_00000 | RUNNING  | 172.24.0.2:913168 |   1164 |          3336.14 | 2.32707e+07 |     3.48 |                    6 |                    1 |                500 |
+------------------------------------------------------+----------+-------------------+--------+------------------+-------------+----------+----------------------+----------------------+--------------------+


== Status ==
Current time: 2026-05-22 21:44:52 (running for 00:08:03.49)
Memory usage on this node: 62.8/251.6 GiB
Using FIFO scheduling algorithm.
Resources requested: 7.0/8 CPUs, 1.0/1 GPUs, 0.0/17.7 GiB heap, 0.0/8.85 GiB objects (0.0/1.0 accelerator_type:G)
Result logdir: /workspace/MARLlib/runs/rware_mappo_gru_small_20m_tensorboard/mappo_gru_rware-small-4ag-v2
Number of trials: 1/1 (1 RUNNING)
+------------------------------------------------------+----------+-------------------+--------+------------------+-------------+----------+----------------------+----------------------+--------------------+
| Trial name                                           | status   | loc               |   iter |   total time (s) |          ts |   reward |   episode_reward_max |   episode_reward_min |   episode_len_mean |
|------------------------------------------------------+----------+-------------------+--------+------------------+-------------+----------+----------------------+----------------------+--------------------|
| MAPPOTrainer_rware_v2_rware-small-4ag-v2_56dd2_00000 | RUNNING  | 172.24.0.2:913168 |   1166 |          3341.34 | 2.33107e+07 |     3.43 |                    6 |                    1 |                500 |
+------------------------------------------------------+----------+-------------------+--------+------------------+-------------+----------+----------------------+----------------------+--------------------+


== Status ==
Current time: 2026-05-22 21:44:57 (running for 00:08:08.73)
Memory usage on this node: 62.7/251.6 GiB
Using FIFO scheduling algorithm.
Resources requested: 7.0/8 CPUs, 1.0/1 GPUs, 0.0/17.7 GiB heap, 0.0/8.85 GiB objects (0.0/1.0 accelerator_type:G)
Result logdir: /workspace/MARLlib/runs/rware_mappo_gru_small_20m_tensorboard/mappo_gru_rware-small-4ag-v2
Number of trials: 1/1 (1 RUNNING)
+------------------------------------------------------+----------+-------------------+--------+------------------+-------------+----------+----------------------+----------------------+--------------------+
| Trial name                                           | status   | loc               |   iter |   total time (s) |          ts |   reward |   episode_reward_max |   episode_reward_min |   episode_len_mean |
|------------------------------------------------------+----------+-------------------+--------+------------------+-------------+----------+----------------------+----------------------+--------------------|
| MAPPOTrainer_rware_v2_rware-small-4ag-v2_56dd2_00000 | RUNNING  | 172.24.0.2:913168 |   1168 |          3346.53 | 2.33507e+07 |     3.52 |                    6 |                    1 |                500 |
+------------------------------------------------------+----------+-------------------+--------+------------------+-------------+----------+----------------------+----------------------+--------------------+


== Status ==
Current time: 2026-05-22 21:45:03 (running for 00:08:13.92)
Memory usage on this node: 62.7/251.6 GiB
Using FIFO scheduling algorithm.
Resources requested: 7.0/8 CPUs, 1.0/1 GPUs, 0.0/17.7 GiB heap, 0.0/8.85 GiB objects (0.0/1.0 accelerator_type:G)
Result logdir: /workspace/MARLlib/runs/rware_mappo_gru_small_20m_tensorboard/mappo_gru_rware-small-4ag-v2
Number of trials: 1/1 (1 RUNNING)
+------------------------------------------------------+----------+-------------------+--------+------------------+-------------+----------+----------------------+----------------------+--------------------+
| Trial name                                           | status   | loc               |   iter |   total time (s) |          ts |   reward |   episode_reward_max |   episode_reward_min |   episode_len_mean |
|------------------------------------------------------+----------+-------------------+--------+------------------+-------------+----------+----------------------+----------------------+--------------------|
| MAPPOTrainer_rware_v2_rware-small-4ag-v2_56dd2_00000 | RUNNING  | 172.24.0.2:913168 |   1170 |          3351.68 | 2.33906e+07 |     3.52 |                    6 |                    1 |                500 |
+------------------------------------------------------+----------+-------------------+--------+------------------+-------------+----------+----------------------+----------------------+--------------------+


== Status ==
Current time: 2026-05-22 21:45:08 (running for 00:08:19.27)
Memory usage on this node: 62.7/251.6 GiB
Using FIFO scheduling algorithm.
Resources requested: 7.0/8 CPUs, 1.0/1 GPUs, 0.0/17.7 GiB heap, 0.0/8.85 GiB objects (0.0/1.0 accelerator_type:G)
Result logdir: /workspace/MARLlib/runs/rware_mappo_gru_small_20m_tensorboard/mappo_gru_rware-small-4ag-v2
Number of trials: 1/1 (1 RUNNING)
+------------------------------------------------------+----------+-------------------+--------+------------------+-------------+----------+----------------------+----------------------+--------------------+
| Trial name                                           | status   | loc               |   iter |   total time (s) |          ts |   reward |   episode_reward_max |   episode_reward_min |   episode_len_mean |
|------------------------------------------------------+----------+-------------------+--------+------------------+-------------+----------+----------------------+----------------------+--------------------|
| MAPPOTrainer_rware_v2_rware-small-4ag-v2_56dd2_00000 | RUNNING  | 172.24.0.2:913168 |   1172 |          3356.99 | 2.34306e+07 |     3.41 |                    5 |                    0 |                500 |
+------------------------------------------------------+----------+-------------------+--------+------------------+-------------+----------+----------------------+----------------------+--------------------+


== Status ==
Current time: 2026-05-22 21:45:13 (running for 00:08:24.48)
Memory usage on this node: 62.7/251.6 GiB
Using FIFO scheduling algorithm.
Resources requested: 7.0/8 CPUs, 1.0/1 GPUs, 0.0/17.7 GiB heap, 0.0/8.85 GiB objects (0.0/1.0 accelerator_type:G)
Result logdir: /workspace/MARLlib/runs/rware_mappo_gru_small_20m_tensorboard/mappo_gru_rware-small-4ag-v2
Number of trials: 1/1 (1 RUNNING)
+------------------------------------------------------+----------+-------------------+--------+------------------+-------------+----------+----------------------+----------------------+--------------------+
| Trial name                                           | status   | loc               |   iter |   total time (s) |          ts |   reward |   episode_reward_max |   episode_reward_min |   episode_len_mean |
|------------------------------------------------------+----------+-------------------+--------+------------------+-------------+----------+----------------------+----------------------+--------------------|
| MAPPOTrainer_rware_v2_rware-small-4ag-v2_56dd2_00000 | RUNNING  | 172.24.0.2:913168 |   1174 |          3362.17 | 2.34706e+07 |     3.42 |                    5 |                    0 |                500 |
+------------------------------------------------------+----------+-------------------+--------+------------------+-------------+----------+----------------------+----------------------+--------------------+


== Status ==
Current time: 2026-05-22 21:45:18 (running for 00:08:29.60)
Memory usage on this node: 62.7/251.6 GiB
Using FIFO scheduling algorithm.
Resources requested: 7.0/8 CPUs, 1.0/1 GPUs, 0.0/17.7 GiB heap, 0.0/8.85 GiB objects (0.0/1.0 accelerator_type:G)
Result logdir: /workspace/MARLlib/runs/rware_mappo_gru_small_20m_tensorboard/mappo_gru_rware-small-4ag-v2
Number of trials: 1/1 (1 RUNNING)
+------------------------------------------------------+----------+-------------------+--------+------------------+-------------+----------+----------------------+----------------------+--------------------+
| Trial name                                           | status   | loc               |   iter |   total time (s) |          ts |   reward |   episode_reward_max |   episode_reward_min |   episode_len_mean |
|------------------------------------------------------+----------+-------------------+--------+------------------+-------------+----------+----------------------+----------------------+--------------------|
| MAPPOTrainer_rware_v2_rware-small-4ag-v2_56dd2_00000 | RUNNING  | 172.24.0.2:913168 |   1176 |          3367.23 | 2.35106e+07 |     3.42 |                    5 |                    0 |                500 |
+------------------------------------------------------+----------+-------------------+--------+------------------+-------------+----------+----------------------+----------------------+--------------------+


== Status ==
Current time: 2026-05-22 21:45:24 (running for 00:08:34.88)
Memory usage on this node: 62.8/251.6 GiB
Using FIFO scheduling algorithm.
Resources requested: 7.0/8 CPUs, 1.0/1 GPUs, 0.0/17.7 GiB heap, 0.0/8.85 GiB objects (0.0/1.0 accelerator_type:G)
Result logdir: /workspace/MARLlib/runs/rware_mappo_gru_small_20m_tensorboard/mappo_gru_rware-small-4ag-v2
Number of trials: 1/1 (1 RUNNING)
+------------------------------------------------------+----------+-------------------+--------+------------------+-------------+----------+----------------------+----------------------+--------------------+
| Trial name                                           | status   | loc               |   iter |   total time (s) |          ts |   reward |   episode_reward_max |   episode_reward_min |   episode_len_mean |
|------------------------------------------------------+----------+-------------------+--------+------------------+-------------+----------+----------------------+----------------------+--------------------|
| MAPPOTrainer_rware_v2_rware-small-4ag-v2_56dd2_00000 | RUNNING  | 172.24.0.2:913168 |   1178 |          3372.44 | 2.35506e+07 |     3.43 |                    5 |                    0 |                500 |
+------------------------------------------------------+----------+-------------------+--------+------------------+-------------+----------+----------------------+----------------------+--------------------+


== Status ==
Current time: 2026-05-22 21:45:29 (running for 00:08:40.13)
Memory usage on this node: 62.8/251.6 GiB
Using FIFO scheduling algorithm.
Resources requested: 7.0/8 CPUs, 1.0/1 GPUs, 0.0/17.7 GiB heap, 0.0/8.85 GiB objects (0.0/1.0 accelerator_type:G)
Result logdir: /workspace/MARLlib/runs/rware_mappo_gru_small_20m_tensorboard/mappo_gru_rware-small-4ag-v2
Number of trials: 1/1 (1 RUNNING)
+------------------------------------------------------+----------+-------------------+--------+------------------+-------------+----------+----------------------+----------------------+--------------------+
| Trial name                                           | status   | loc               |   iter |   total time (s) |          ts |   reward |   episode_reward_max |   episode_reward_min |   episode_len_mean |
|------------------------------------------------------+----------+-------------------+--------+------------------+-------------+----------+----------------------+----------------------+--------------------|
| MAPPOTrainer_rware_v2_rware-small-4ag-v2_56dd2_00000 | RUNNING  | 172.24.0.2:913168 |   1180 |          3377.63 | 2.35906e+07 |     3.53 |                    5 |                    0 |                500 |
+------------------------------------------------------+----------+-------------------+--------+------------------+-------------+----------+----------------------+----------------------+--------------------+


== Status ==
Current time: 2026-05-22 21:45:34 (running for 00:08:45.45)
Memory usage on this node: 62.8/251.6 GiB
Using FIFO scheduling algorithm.
Resources requested: 7.0/8 CPUs, 1.0/1 GPUs, 0.0/17.7 GiB heap, 0.0/8.85 GiB objects (0.0/1.0 accelerator_type:G)
Result logdir: /workspace/MARLlib/runs/rware_mappo_gru_small_20m_tensorboard/mappo_gru_rware-small-4ag-v2
Number of trials: 1/1 (1 RUNNING)
+------------------------------------------------------+----------+-------------------+--------+------------------+-------------+----------+----------------------+----------------------+--------------------+
| Trial name                                           | status   | loc               |   iter |   total time (s) |          ts |   reward |   episode_reward_max |   episode_reward_min |   episode_len_mean |
|------------------------------------------------------+----------+-------------------+--------+------------------+-------------+----------+----------------------+----------------------+--------------------|
| MAPPOTrainer_rware_v2_rware-small-4ag-v2_56dd2_00000 | RUNNING  | 172.24.0.2:913168 |   1182 |          3382.89 | 2.36305e+07 |     3.57 |                    5 |                    2 |                500 |
+------------------------------------------------------+----------+-------------------+--------+------------------+-------------+----------+----------------------+----------------------+--------------------+


== Status ==
Current time: 2026-05-22 21:45:39 (running for 00:08:50.69)
Memory usage on this node: 62.7/251.6 GiB
Using FIFO scheduling algorithm.
Resources requested: 7.0/8 CPUs, 1.0/1 GPUs, 0.0/17.7 GiB heap, 0.0/8.85 GiB objects (0.0/1.0 accelerator_type:G)
Result logdir: /workspace/MARLlib/runs/rware_mappo_gru_small_20m_tensorboard/mappo_gru_rware-small-4ag-v2
Number of trials: 1/1 (1 RUNNING)
+------------------------------------------------------+----------+-------------------+--------+------------------+-------------+----------+----------------------+----------------------+--------------------+
| Trial name                                           | status   | loc               |   iter |   total time (s) |          ts |   reward |   episode_reward_max |   episode_reward_min |   episode_len_mean |
|------------------------------------------------------+----------+-------------------+--------+------------------+-------------+----------+----------------------+----------------------+--------------------|
| MAPPOTrainer_rware_v2_rware-small-4ag-v2_56dd2_00000 | RUNNING  | 172.24.0.2:913168 |   1184 |          3388.07 | 2.36705e+07 |     3.57 |                    5 |                    2 |                500 |
+------------------------------------------------------+----------+-------------------+--------+------------------+-------------+----------+----------------------+----------------------+--------------------+


== Status ==
Current time: 2026-05-22 21:45:45 (running for 00:08:56.04)
Memory usage on this node: 62.8/251.6 GiB
Using FIFO scheduling algorithm.
Resources requested: 7.0/8 CPUs, 1.0/1 GPUs, 0.0/17.7 GiB heap, 0.0/8.85 GiB objects (0.0/1.0 accelerator_type:G)
Result logdir: /workspace/MARLlib/runs/rware_mappo_gru_small_20m_tensorboard/mappo_gru_rware-small-4ag-v2
Number of trials: 1/1 (1 RUNNING)
+------------------------------------------------------+----------+-------------------+--------+------------------+-------------+----------+----------------------+----------------------+--------------------+
| Trial name                                           | status   | loc               |   iter |   total time (s) |          ts |   reward |   episode_reward_max |   episode_reward_min |   episode_len_mean |
|------------------------------------------------------+----------+-------------------+--------+------------------+-------------+----------+----------------------+----------------------+--------------------|
| MAPPOTrainer_rware_v2_rware-small-4ag-v2_56dd2_00000 | RUNNING  | 172.24.0.2:913168 |   1186 |          3393.36 | 2.37105e+07 |     3.76 |                    7 |                    2 |                500 |
+------------------------------------------------------+----------+-------------------+--------+------------------+-------------+----------+----------------------+----------------------+--------------------+


== Status ==
Current time: 2026-05-22 21:45:50 (running for 00:09:01.25)
Memory usage on this node: 62.8/251.6 GiB
Using FIFO scheduling algorithm.
Resources requested: 7.0/8 CPUs, 1.0/1 GPUs, 0.0/17.7 GiB heap, 0.0/8.85 GiB objects (0.0/1.0 accelerator_type:G)
Result logdir: /workspace/MARLlib/runs/rware_mappo_gru_small_20m_tensorboard/mappo_gru_rware-small-4ag-v2
Number of trials: 1/1 (1 RUNNING)
+------------------------------------------------------+----------+-------------------+--------+------------------+-------------+----------+----------------------+----------------------+--------------------+
| Trial name                                           | status   | loc               |   iter |   total time (s) |          ts |   reward |   episode_reward_max |   episode_reward_min |   episode_len_mean |
|------------------------------------------------------+----------+-------------------+--------+------------------+-------------+----------+----------------------+----------------------+--------------------|
| MAPPOTrainer_rware_v2_rware-small-4ag-v2_56dd2_00000 | RUNNING  | 172.24.0.2:913168 |   1188 |          3398.51 | 2.37505e+07 |     3.79 |                    7 |                    2 |                500 |
+------------------------------------------------------+----------+-------------------+--------+------------------+-------------+----------+----------------------+----------------------+--------------------+


== Status ==
Current time: 2026-05-22 21:45:55 (running for 00:09:06.62)
Memory usage on this node: 62.8/251.6 GiB
Using FIFO scheduling algorithm.
Resources requested: 7.0/8 CPUs, 1.0/1 GPUs, 0.0/17.7 GiB heap, 0.0/8.85 GiB objects (0.0/1.0 accelerator_type:G)
Result logdir: /workspace/MARLlib/runs/rware_mappo_gru_small_20m_tensorboard/mappo_gru_rware-small-4ag-v2
Number of trials: 1/1 (1 RUNNING)
+------------------------------------------------------+----------+-------------------+--------+------------------+-------------+----------+----------------------+----------------------+--------------------+
| Trial name                                           | status   | loc               |   iter |   total time (s) |          ts |   reward |   episode_reward_max |   episode_reward_min |   episode_len_mean |
|------------------------------------------------------+----------+-------------------+--------+------------------+-------------+----------+----------------------+----------------------+--------------------|
| MAPPOTrainer_rware_v2_rware-small-4ag-v2_56dd2_00000 | RUNNING  | 172.24.0.2:913168 |   1190 |          3403.81 | 2.37905e+07 |     3.74 |                    7 |                    1 |                500 |
+------------------------------------------------------+----------+-------------------+--------+------------------+-------------+----------+----------------------+----------------------+--------------------+


== Status ==
Current time: 2026-05-22 21:46:01 (running for 00:09:12.06)
Memory usage on this node: 62.8/251.6 GiB
Using FIFO scheduling algorithm.
Resources requested: 7.0/8 CPUs, 1.0/1 GPUs, 0.0/17.7 GiB heap, 0.0/8.85 GiB objects (0.0/1.0 accelerator_type:G)
Result logdir: /workspace/MARLlib/runs/rware_mappo_gru_small_20m_tensorboard/mappo_gru_rware-small-4ag-v2
Number of trials: 1/1 (1 RUNNING)
+------------------------------------------------------+----------+-------------------+--------+------------------+-------------+----------+----------------------+----------------------+--------------------+
| Trial name                                           | status   | loc               |   iter |   total time (s) |          ts |   reward |   episode_reward_max |   episode_reward_min |   episode_len_mean |
|------------------------------------------------------+----------+-------------------+--------+------------------+-------------+----------+----------------------+----------------------+--------------------|
| MAPPOTrainer_rware_v2_rware-small-4ag-v2_56dd2_00000 | RUNNING  | 172.24.0.2:913168 |   1192 |           3409.2 | 2.38305e+07 |     3.84 |                    7 |                    1 |                500 |
+------------------------------------------------------+----------+-------------------+--------+------------------+-------------+----------+----------------------+----------------------+--------------------+


== Status ==
Current time: 2026-05-22 21:46:06 (running for 00:09:17.38)
Memory usage on this node: 62.8/251.6 GiB
Using FIFO scheduling algorithm.
Resources requested: 7.0/8 CPUs, 1.0/1 GPUs, 0.0/17.7 GiB heap, 0.0/8.85 GiB objects (0.0/1.0 accelerator_type:G)
Result logdir: /workspace/MARLlib/runs/rware_mappo_gru_small_20m_tensorboard/mappo_gru_rware-small-4ag-v2
Number of trials: 1/1 (1 RUNNING)
+------------------------------------------------------+----------+-------------------+--------+------------------+-------------+----------+----------------------+----------------------+--------------------+
| Trial name                                           | status   | loc               |   iter |   total time (s) |          ts |   reward |   episode_reward_max |   episode_reward_min |   episode_len_mean |
|------------------------------------------------------+----------+-------------------+--------+------------------+-------------+----------+----------------------+----------------------+--------------------|
| MAPPOTrainer_rware_v2_rware-small-4ag-v2_56dd2_00000 | RUNNING  | 172.24.0.2:913168 |   1194 |          3414.46 | 2.38704e+07 |     3.92 |                    7 |                    1 |                500 |
+------------------------------------------------------+----------+-------------------+--------+------------------+-------------+----------+----------------------+----------------------+--------------------+


== Status ==
Current time: 2026-05-22 21:46:11 (running for 00:09:22.58)
Memory usage on this node: 62.7/251.6 GiB
Using FIFO scheduling algorithm.
Resources requested: 7.0/8 CPUs, 1.0/1 GPUs, 0.0/17.7 GiB heap, 0.0/8.85 GiB objects (0.0/1.0 accelerator_type:G)
Result logdir: /workspace/MARLlib/runs/rware_mappo_gru_small_20m_tensorboard/mappo_gru_rware-small-4ag-v2
Number of trials: 1/1 (1 RUNNING)
+------------------------------------------------------+----------+-------------------+--------+------------------+-------------+----------+----------------------+----------------------+--------------------+
| Trial name                                           | status   | loc               |   iter |   total time (s) |          ts |   reward |   episode_reward_max |   episode_reward_min |   episode_len_mean |
|------------------------------------------------------+----------+-------------------+--------+------------------+-------------+----------+----------------------+----------------------+--------------------|
| MAPPOTrainer_rware_v2_rware-small-4ag-v2_56dd2_00000 | RUNNING  | 172.24.0.2:913168 |   1196 |           3419.6 | 2.39104e+07 |     3.85 |                    6 |                    1 |                500 |
+------------------------------------------------------+----------+-------------------+--------+------------------+-------------+----------+----------------------+----------------------+--------------------+


== Status ==
Current time: 2026-05-22 21:46:17 (running for 00:09:27.96)
Memory usage on this node: 62.7/251.6 GiB
Using FIFO scheduling algorithm.
Resources requested: 7.0/8 CPUs, 1.0/1 GPUs, 0.0/17.7 GiB heap, 0.0/8.85 GiB objects (0.0/1.0 accelerator_type:G)
Result logdir: /workspace/MARLlib/runs/rware_mappo_gru_small_20m_tensorboard/mappo_gru_rware-small-4ag-v2
Number of trials: 1/1 (1 RUNNING)
+------------------------------------------------------+----------+-------------------+--------+------------------+-------------+----------+----------------------+----------------------+--------------------+
| Trial name                                           | status   | loc               |   iter |   total time (s) |          ts |   reward |   episode_reward_max |   episode_reward_min |   episode_len_mean |
|------------------------------------------------------+----------+-------------------+--------+------------------+-------------+----------+----------------------+----------------------+--------------------|
| MAPPOTrainer_rware_v2_rware-small-4ag-v2_56dd2_00000 | RUNNING  | 172.24.0.2:913168 |   1198 |          3424.93 | 2.39504e+07 |     3.87 |                    6 |                    1 |                500 |
+------------------------------------------------------+----------+-------------------+--------+------------------+-------------+----------+----------------------+----------------------+--------------------+


== Status ==
Current time: 2026-05-22 21:46:22 (running for 00:09:33.51)
Memory usage on this node: 62.7/251.6 GiB
Using FIFO scheduling algorithm.
Resources requested: 7.0/8 CPUs, 1.0/1 GPUs, 0.0/17.7 GiB heap, 0.0/8.85 GiB objects (0.0/1.0 accelerator_type:G)
Result logdir: /workspace/MARLlib/runs/rware_mappo_gru_small_20m_tensorboard/mappo_gru_rware-small-4ag-v2
Number of trials: 1/1 (1 RUNNING)
+------------------------------------------------------+----------+-------------------+--------+------------------+-------------+----------+----------------------+----------------------+--------------------+
| Trial name                                           | status   | loc               |   iter |   total time (s) |          ts |   reward |   episode_reward_max |   episode_reward_min |   episode_len_mean |
|------------------------------------------------------+----------+-------------------+--------+------------------+-------------+----------+----------------------+----------------------+--------------------|
| MAPPOTrainer_rware_v2_rware-small-4ag-v2_56dd2_00000 | RUNNING  | 172.24.0.2:913168 |   1199 |          3427.45 | 2.39704e+07 |     3.88 |                    6 |                    1 |                500 |
+------------------------------------------------------+----------+-------------------+--------+------------------+-------------+----------+----------------------+----------------------+--------------------+


== Status ==
Current time: 2026-05-22 21:46:27 (running for 00:09:38.52)
Memory usage on this node: 62.7/251.6 GiB
Using FIFO scheduling algorithm.
Resources requested: 7.0/8 CPUs, 1.0/1 GPUs, 0.0/17.7 GiB heap, 0.0/8.85 GiB objects (0.0/1.0 accelerator_type:G)
Result logdir: /workspace/MARLlib/runs/rware_mappo_gru_small_20m_tensorboard/mappo_gru_rware-small-4ag-v2
Number of trials: 1/1 (1 RUNNING)
+------------------------------------------------------+----------+-------------------+--------+------------------+-------------+----------+----------------------+----------------------+--------------------+
| Trial name                                           | status   | loc               |   iter |   total time (s) |          ts |   reward |   episode_reward_max |   episode_reward_min |   episode_len_mean |
|------------------------------------------------------+----------+-------------------+--------+------------------+-------------+----------+----------------------+----------------------+--------------------|
| MAPPOTrainer_rware_v2_rware-small-4ag-v2_56dd2_00000 | RUNNING  | 172.24.0.2:913168 |   1199 |          3427.45 | 2.39704e+07 |     3.88 |                    6 |                    1 |                500 |
+------------------------------------------------------+----------+-------------------+--------+------------------+-------------+----------+----------------------+----------------------+--------------------+


== Status ==
Current time: 2026-05-22 21:46:32 (running for 00:09:43.52)
Memory usage on this node: 62.7/251.6 GiB
Using FIFO scheduling algorithm.
Resources requested: 7.0/8 CPUs, 1.0/1 GPUs, 0.0/17.7 GiB heap, 0.0/8.85 GiB objects (0.0/1.0 accelerator_type:G)
Result logdir: /workspace/MARLlib/runs/rware_mappo_gru_small_20m_tensorboard/mappo_gru_rware-small-4ag-v2
Number of trials: 1/1 (1 RUNNING)
+------------------------------------------------------+----------+-------------------+--------+------------------+-------------+----------+----------------------+----------------------+--------------------+
| Trial name                                           | status   | loc               |   iter |   total time (s) |          ts |   reward |   episode_reward_max |   episode_reward_min |   episode_len_mean |
|------------------------------------------------------+----------+-------------------+--------+------------------+-------------+----------+----------------------+----------------------+--------------------|
| MAPPOTrainer_rware_v2_rware-small-4ag-v2_56dd2_00000 | RUNNING  | 172.24.0.2:913168 |   1199 |          3427.45 | 2.39704e+07 |     3.88 |                    6 |                    1 |                500 |
+------------------------------------------------------+----------+-------------------+--------+------------------+-------------+----------+----------------------+----------------------+--------------------+


== Status ==
Current time: 2026-05-22 21:46:37 (running for 00:09:48.69)
Memory usage on this node: 62.8/251.6 GiB
Using FIFO scheduling algorithm.
Resources requested: 7.0/8 CPUs, 1.0/1 GPUs, 0.0/17.7 GiB heap, 0.0/8.85 GiB objects (0.0/1.0 accelerator_type:G)
Result logdir: /workspace/MARLlib/runs/rware_mappo_gru_small_20m_tensorboard/mappo_gru_rware-small-4ag-v2
Number of trials: 1/1 (1 RUNNING)
+------------------------------------------------------+----------+-------------------+--------+------------------+-------------+----------+----------------------+----------------------+--------------------+
| Trial name                                           | status   | loc               |   iter |   total time (s) |          ts |   reward |   episode_reward_max |   episode_reward_min |   episode_len_mean |
|------------------------------------------------------+----------+-------------------+--------+------------------+-------------+----------+----------------------+----------------------+--------------------|
| MAPPOTrainer_rware_v2_rware-small-4ag-v2_56dd2_00000 | RUNNING  | 172.24.0.2:913168 |   1201 |          3445.55 | 2.40104e+07 |     3.81 |                    5 |                    2 |                500 |
+------------------------------------------------------+----------+-------------------+--------+------------------+-------------+----------+----------------------+----------------------+--------------------+


== Status ==
Current time: 2026-05-22 21:46:43 (running for 00:09:54.00)
Memory usage on this node: 62.8/251.6 GiB
Using FIFO scheduling algorithm.
Resources requested: 7.0/8 CPUs, 1.0/1 GPUs, 0.0/17.7 GiB heap, 0.0/8.85 GiB objects (0.0/1.0 accelerator_type:G)
Result logdir: /workspace/MARLlib/runs/rware_mappo_gru_small_20m_tensorboard/mappo_gru_rware-small-4ag-v2
Number of trials: 1/1 (1 RUNNING)
+------------------------------------------------------+----------+-------------------+--------+------------------+-------------+----------+----------------------+----------------------+--------------------+
| Trial name                                           | status   | loc               |   iter |   total time (s) |          ts |   reward |   episode_reward_max |   episode_reward_min |   episode_len_mean |
|------------------------------------------------------+----------+-------------------+--------+------------------+-------------+----------+----------------------+----------------------+--------------------|
| MAPPOTrainer_rware_v2_rware-small-4ag-v2_56dd2_00000 | RUNNING  | 172.24.0.2:913168 |   1203 |           3450.8 | 2.40504e+07 |     3.82 |                    5 |                    2 |                500 |
+------------------------------------------------------+----------+-------------------+--------+------------------+-------------+----------+----------------------+----------------------+--------------------+


== Status ==
Current time: 2026-05-22 21:46:48 (running for 00:09:59.18)
Memory usage on this node: 62.8/251.6 GiB
Using FIFO scheduling algorithm.
Resources requested: 7.0/8 CPUs, 1.0/1 GPUs, 0.0/17.7 GiB heap, 0.0/8.85 GiB objects (0.0/1.0 accelerator_type:G)
Result logdir: /workspace/MARLlib/runs/rware_mappo_gru_small_20m_tensorboard/mappo_gru_rware-small-4ag-v2
Number of trials: 1/1 (1 RUNNING)
+------------------------------------------------------+----------+-------------------+--------+------------------+-------------+----------+----------------------+----------------------+--------------------+
| Trial name                                           | status   | loc               |   iter |   total time (s) |          ts |   reward |   episode_reward_max |   episode_reward_min |   episode_len_mean |
|------------------------------------------------------+----------+-------------------+--------+------------------+-------------+----------+----------------------+----------------------+--------------------|
| MAPPOTrainer_rware_v2_rware-small-4ag-v2_56dd2_00000 | RUNNING  | 172.24.0.2:913168 |   1205 |          3455.93 | 2.40904e+07 |     3.77 |                    5 |                    2 |                500 |
+------------------------------------------------------+----------+-------------------+--------+------------------+-------------+----------+----------------------+----------------------+--------------------+


== Status ==
Current time: 2026-05-22 21:46:53 (running for 00:10:04.53)
Memory usage on this node: 62.8/251.6 GiB
Using FIFO scheduling algorithm.
Resources requested: 7.0/8 CPUs, 1.0/1 GPUs, 0.0/17.7 GiB heap, 0.0/8.85 GiB objects (0.0/1.0 accelerator_type:G)
Result logdir: /workspace/MARLlib/runs/rware_mappo_gru_small_20m_tensorboard/mappo_gru_rware-small-4ag-v2
Number of trials: 1/1 (1 RUNNING)
+------------------------------------------------------+----------+-------------------+--------+------------------+-------------+----------+----------------------+----------------------+--------------------+
| Trial name                                           | status   | loc               |   iter |   total time (s) |          ts |   reward |   episode_reward_max |   episode_reward_min |   episode_len_mean |
|------------------------------------------------------+----------+-------------------+--------+------------------+-------------+----------+----------------------+----------------------+--------------------|
| MAPPOTrainer_rware_v2_rware-small-4ag-v2_56dd2_00000 | RUNNING  | 172.24.0.2:913168 |   1207 |          3461.24 | 2.41303e+07 |      3.7 |                    5 |                    1 |                500 |
+------------------------------------------------------+----------+-------------------+--------+------------------+-------------+----------+----------------------+----------------------+--------------------+


== Status ==
Current time: 2026-05-22 21:46:58 (running for 00:10:09.76)
Memory usage on this node: 62.7/251.6 GiB
Using FIFO scheduling algorithm.
Resources requested: 7.0/8 CPUs, 1.0/1 GPUs, 0.0/17.7 GiB heap, 0.0/8.85 GiB objects (0.0/1.0 accelerator_type:G)
Result logdir: /workspace/MARLlib/runs/rware_mappo_gru_small_20m_tensorboard/mappo_gru_rware-small-4ag-v2
Number of trials: 1/1 (1 RUNNING)
+------------------------------------------------------+----------+-------------------+--------+------------------+-------------+----------+----------------------+----------------------+--------------------+
| Trial name                                           | status   | loc               |   iter |   total time (s) |          ts |   reward |   episode_reward_max |   episode_reward_min |   episode_len_mean |
|------------------------------------------------------+----------+-------------------+--------+------------------+-------------+----------+----------------------+----------------------+--------------------|
| MAPPOTrainer_rware_v2_rware-small-4ag-v2_56dd2_00000 | RUNNING  | 172.24.0.2:913168 |   1209 |          3466.41 | 2.41703e+07 |     3.74 |                    7 |                    1 |                500 |
+------------------------------------------------------+----------+-------------------+--------+------------------+-------------+----------+----------------------+----------------------+--------------------+


== Status ==
Current time: 2026-05-22 21:47:04 (running for 00:10:14.92)
Memory usage on this node: 62.7/251.6 GiB
Using FIFO scheduling algorithm.
Resources requested: 7.0/8 CPUs, 1.0/1 GPUs, 0.0/17.7 GiB heap, 0.0/8.85 GiB objects (0.0/1.0 accelerator_type:G)
Result logdir: /workspace/MARLlib/runs/rware_mappo_gru_small_20m_tensorboard/mappo_gru_rware-small-4ag-v2
Number of trials: 1/1 (1 RUNNING)
+------------------------------------------------------+----------+-------------------+--------+------------------+-------------+----------+----------------------+----------------------+--------------------+
| Trial name                                           | status   | loc               |   iter |   total time (s) |          ts |   reward |   episode_reward_max |   episode_reward_min |   episode_len_mean |
|------------------------------------------------------+----------+-------------------+--------+------------------+-------------+----------+----------------------+----------------------+--------------------|
| MAPPOTrainer_rware_v2_rware-small-4ag-v2_56dd2_00000 | RUNNING  | 172.24.0.2:913168 |   1211 |          3471.51 | 2.42103e+07 |     3.73 |                    7 |                    1 |                500 |
+------------------------------------------------------+----------+-------------------+--------+------------------+-------------+----------+----------------------+----------------------+--------------------+


== Status ==
Current time: 2026-05-22 21:47:09 (running for 00:10:20.29)
Memory usage on this node: 62.8/251.6 GiB
Using FIFO scheduling algorithm.
Resources requested: 7.0/8 CPUs, 1.0/1 GPUs, 0.0/17.7 GiB heap, 0.0/8.85 GiB objects (0.0/1.0 accelerator_type:G)
Result logdir: /workspace/MARLlib/runs/rware_mappo_gru_small_20m_tensorboard/mappo_gru_rware-small-4ag-v2
Number of trials: 1/1 (1 RUNNING)
+------------------------------------------------------+----------+-------------------+--------+------------------+-------------+----------+----------------------+----------------------+--------------------+
| Trial name                                           | status   | loc               |   iter |   total time (s) |          ts |   reward |   episode_reward_max |   episode_reward_min |   episode_len_mean |
|------------------------------------------------------+----------+-------------------+--------+------------------+-------------+----------+----------------------+----------------------+--------------------|
| MAPPOTrainer_rware_v2_rware-small-4ag-v2_56dd2_00000 | RUNNING  | 172.24.0.2:913168 |   1213 |          3476.83 | 2.42503e+07 |     3.69 |                    7 |                    1 |                500 |
+------------------------------------------------------+----------+-------------------+--------+------------------+-------------+----------+----------------------+----------------------+--------------------+


== Status ==
Current time: 2026-05-22 21:47:14 (running for 00:10:25.60)
Memory usage on this node: 62.8/251.6 GiB
Using FIFO scheduling algorithm.
Resources requested: 7.0/8 CPUs, 1.0/1 GPUs, 0.0/17.7 GiB heap, 0.0/8.85 GiB objects (0.0/1.0 accelerator_type:G)
Result logdir: /workspace/MARLlib/runs/rware_mappo_gru_small_20m_tensorboard/mappo_gru_rware-small-4ag-v2
Number of trials: 1/1 (1 RUNNING)
+------------------------------------------------------+----------+-------------------+--------+------------------+-------------+----------+----------------------+----------------------+--------------------+
| Trial name                                           | status   | loc               |   iter |   total time (s) |          ts |   reward |   episode_reward_max |   episode_reward_min |   episode_len_mean |
|------------------------------------------------------+----------+-------------------+--------+------------------+-------------+----------+----------------------+----------------------+--------------------|
| MAPPOTrainer_rware_v2_rware-small-4ag-v2_56dd2_00000 | RUNNING  | 172.24.0.2:913168 |   1215 |          3482.08 | 2.42903e+07 |     3.65 |                    7 |                    1 |                500 |
+------------------------------------------------------+----------+-------------------+--------+------------------+-------------+----------+----------------------+----------------------+--------------------+


== Status ==
Current time: 2026-05-22 21:47:19 (running for 00:10:30.70)
Memory usage on this node: 62.7/251.6 GiB
Using FIFO scheduling algorithm.
Resources requested: 7.0/8 CPUs, 1.0/1 GPUs, 0.0/17.7 GiB heap, 0.0/8.85 GiB objects (0.0/1.0 accelerator_type:G)
Result logdir: /workspace/MARLlib/runs/rware_mappo_gru_small_20m_tensorboard/mappo_gru_rware-small-4ag-v2
Number of trials: 1/1 (1 RUNNING)
+------------------------------------------------------+----------+-------------------+--------+------------------+-------------+----------+----------------------+----------------------+--------------------+
| Trial name                                           | status   | loc               |   iter |   total time (s) |          ts |   reward |   episode_reward_max |   episode_reward_min |   episode_len_mean |
|------------------------------------------------------+----------+-------------------+--------+------------------+-------------+----------+----------------------+----------------------+--------------------|
| MAPPOTrainer_rware_v2_rware-small-4ag-v2_56dd2_00000 | RUNNING  | 172.24.0.2:913168 |   1217 |          3487.14 | 2.43303e+07 |     3.71 |                    7 |                    1 |                500 |
+------------------------------------------------------+----------+-------------------+--------+------------------+-------------+----------+----------------------+----------------------+--------------------+


== Status ==
Current time: 2026-05-22 21:47:25 (running for 00:10:35.89)
Memory usage on this node: 62.7/251.6 GiB
Using FIFO scheduling algorithm.
Resources requested: 7.0/8 CPUs, 1.0/1 GPUs, 0.0/17.7 GiB heap, 0.0/8.85 GiB objects (0.0/1.0 accelerator_type:G)
Result logdir: /workspace/MARLlib/runs/rware_mappo_gru_small_20m_tensorboard/mappo_gru_rware-small-4ag-v2
Number of trials: 1/1 (1 RUNNING)
+------------------------------------------------------+----------+-------------------+--------+------------------+-------------+----------+----------------------+----------------------+--------------------+
| Trial name                                           | status   | loc               |   iter |   total time (s) |          ts |   reward |   episode_reward_max |   episode_reward_min |   episode_len_mean |
|------------------------------------------------------+----------+-------------------+--------+------------------+-------------+----------+----------------------+----------------------+--------------------|
| MAPPOTrainer_rware_v2_rware-small-4ag-v2_56dd2_00000 | RUNNING  | 172.24.0.2:913168 |   1219 |          3492.29 | 2.43702e+07 |      3.7 |                    6 |                    1 |                500 |
+------------------------------------------------------+----------+-------------------+--------+------------------+-------------+----------+----------------------+----------------------+--------------------+


== Status ==
Current time: 2026-05-22 21:47:30 (running for 00:10:41.23)
Memory usage on this node: 62.8/251.6 GiB
Using FIFO scheduling algorithm.
Resources requested: 7.0/8 CPUs, 1.0/1 GPUs, 0.0/17.7 GiB heap, 0.0/8.85 GiB objects (0.0/1.0 accelerator_type:G)
Result logdir: /workspace/MARLlib/runs/rware_mappo_gru_small_20m_tensorboard/mappo_gru_rware-small-4ag-v2
Number of trials: 1/1 (1 RUNNING)
+------------------------------------------------------+----------+-------------------+--------+------------------+-------------+----------+----------------------+----------------------+--------------------+
| Trial name                                           | status   | loc               |   iter |   total time (s) |          ts |   reward |   episode_reward_max |   episode_reward_min |   episode_len_mean |
|------------------------------------------------------+----------+-------------------+--------+------------------+-------------+----------+----------------------+----------------------+--------------------|
| MAPPOTrainer_rware_v2_rware-small-4ag-v2_56dd2_00000 | RUNNING  | 172.24.0.2:913168 |   1221 |          3497.57 | 2.44102e+07 |     3.77 |                    6 |                    1 |                500 |
+------------------------------------------------------+----------+-------------------+--------+------------------+-------------+----------+----------------------+----------------------+--------------------+


== Status ==
Current time: 2026-05-22 21:47:35 (running for 00:10:46.35)
Memory usage on this node: 62.7/251.6 GiB
Using FIFO scheduling algorithm.
Resources requested: 7.0/8 CPUs, 1.0/1 GPUs, 0.0/17.7 GiB heap, 0.0/8.85 GiB objects (0.0/1.0 accelerator_type:G)
Result logdir: /workspace/MARLlib/runs/rware_mappo_gru_small_20m_tensorboard/mappo_gru_rware-small-4ag-v2
Number of trials: 1/1 (1 RUNNING)
+------------------------------------------------------+----------+-------------------+--------+------------------+-------------+----------+----------------------+----------------------+--------------------+
| Trial name                                           | status   | loc               |   iter |   total time (s) |          ts |   reward |   episode_reward_max |   episode_reward_min |   episode_len_mean |
|------------------------------------------------------+----------+-------------------+--------+------------------+-------------+----------+----------------------+----------------------+--------------------|
| MAPPOTrainer_rware_v2_rware-small-4ag-v2_56dd2_00000 | RUNNING  | 172.24.0.2:913168 |   1223 |          3502.62 | 2.44502e+07 |     3.78 |                    6 |                    1 |                500 |
+------------------------------------------------------+----------+-------------------+--------+------------------+-------------+----------+----------------------+----------------------+--------------------+


== Status ==
Current time: 2026-05-22 21:47:40 (running for 00:10:51.67)
Memory usage on this node: 62.7/251.6 GiB
Using FIFO scheduling algorithm.
Resources requested: 7.0/8 CPUs, 1.0/1 GPUs, 0.0/17.7 GiB heap, 0.0/8.85 GiB objects (0.0/1.0 accelerator_type:G)
Result logdir: /workspace/MARLlib/runs/rware_mappo_gru_small_20m_tensorboard/mappo_gru_rware-small-4ag-v2
Number of trials: 1/1 (1 RUNNING)
+------------------------------------------------------+----------+-------------------+--------+------------------+-------------+----------+----------------------+----------------------+--------------------+
| Trial name                                           | status   | loc               |   iter |   total time (s) |          ts |   reward |   episode_reward_max |   episode_reward_min |   episode_len_mean |
|------------------------------------------------------+----------+-------------------+--------+------------------+-------------+----------+----------------------+----------------------+--------------------|
| MAPPOTrainer_rware_v2_rware-small-4ag-v2_56dd2_00000 | RUNNING  | 172.24.0.2:913168 |   1225 |          3507.89 | 2.44902e+07 |     3.85 |                    5 |                    2 |                500 |
+------------------------------------------------------+----------+-------------------+--------+------------------+-------------+----------+----------------------+----------------------+--------------------+


== Status ==
Current time: 2026-05-22 21:47:46 (running for 00:10:56.99)
Memory usage on this node: 62.8/251.6 GiB
Using FIFO scheduling algorithm.
Resources requested: 7.0/8 CPUs, 1.0/1 GPUs, 0.0/17.7 GiB heap, 0.0/8.85 GiB objects (0.0/1.0 accelerator_type:G)
Result logdir: /workspace/MARLlib/runs/rware_mappo_gru_small_20m_tensorboard/mappo_gru_rware-small-4ag-v2
Number of trials: 1/1 (1 RUNNING)
+------------------------------------------------------+----------+-------------------+--------+------------------+-------------+----------+----------------------+----------------------+--------------------+
| Trial name                                           | status   | loc               |   iter |   total time (s) |          ts |   reward |   episode_reward_max |   episode_reward_min |   episode_len_mean |
|------------------------------------------------------+----------+-------------------+--------+------------------+-------------+----------+----------------------+----------------------+--------------------|
| MAPPOTrainer_rware_v2_rware-small-4ag-v2_56dd2_00000 | RUNNING  | 172.24.0.2:913168 |   1227 |          3513.16 | 2.45302e+07 |     3.86 |                    5 |                    2 |                500 |
+------------------------------------------------------+----------+-------------------+--------+------------------+-------------+----------+----------------------+----------------------+--------------------+


== Status ==
Current time: 2026-05-22 21:47:51 (running for 00:11:02.21)
Memory usage on this node: 62.8/251.6 GiB
Using FIFO scheduling algorithm.
Resources requested: 7.0/8 CPUs, 1.0/1 GPUs, 0.0/17.7 GiB heap, 0.0/8.85 GiB objects (0.0/1.0 accelerator_type:G)
Result logdir: /workspace/MARLlib/runs/rware_mappo_gru_small_20m_tensorboard/mappo_gru_rware-small-4ag-v2
Number of trials: 1/1 (1 RUNNING)
+------------------------------------------------------+----------+-------------------+--------+------------------+-------------+----------+----------------------+----------------------+--------------------+
| Trial name                                           | status   | loc               |   iter |   total time (s) |          ts |   reward |   episode_reward_max |   episode_reward_min |   episode_len_mean |
|------------------------------------------------------+----------+-------------------+--------+------------------+-------------+----------+----------------------+----------------------+--------------------|
| MAPPOTrainer_rware_v2_rware-small-4ag-v2_56dd2_00000 | RUNNING  | 172.24.0.2:913168 |   1229 |          3518.33 | 2.45702e+07 |     3.87 |                    5 |                    2 |                500 |
+------------------------------------------------------+----------+-------------------+--------+------------------+-------------+----------+----------------------+----------------------+--------------------+


== Status ==
Current time: 2026-05-22 21:47:56 (running for 00:11:07.35)
Memory usage on this node: 62.8/251.6 GiB
Using FIFO scheduling algorithm.
Resources requested: 7.0/8 CPUs, 1.0/1 GPUs, 0.0/17.7 GiB heap, 0.0/8.85 GiB objects (0.0/1.0 accelerator_type:G)
Result logdir: /workspace/MARLlib/runs/rware_mappo_gru_small_20m_tensorboard/mappo_gru_rware-small-4ag-v2
Number of trials: 1/1 (1 RUNNING)
+------------------------------------------------------+----------+-------------------+--------+------------------+-------------+----------+----------------------+----------------------+--------------------+
| Trial name                                           | status   | loc               |   iter |   total time (s) |          ts |   reward |   episode_reward_max |   episode_reward_min |   episode_len_mean |
|------------------------------------------------------+----------+-------------------+--------+------------------+-------------+----------+----------------------+----------------------+--------------------|
| MAPPOTrainer_rware_v2_rware-small-4ag-v2_56dd2_00000 | RUNNING  | 172.24.0.2:913168 |   1231 |          3523.41 | 2.46102e+07 |     3.78 |                    5 |                    1 |                500 |
+------------------------------------------------------+----------+-------------------+--------+------------------+-------------+----------+----------------------+----------------------+--------------------+


== Status ==
Current time: 2026-05-22 21:48:01 (running for 00:11:12.66)
Memory usage on this node: 63.3/251.6 GiB
Using FIFO scheduling algorithm.
Resources requested: 7.0/8 CPUs, 1.0/1 GPUs, 0.0/17.7 GiB heap, 0.0/8.85 GiB objects (0.0/1.0 accelerator_type:G)
Result logdir: /workspace/MARLlib/runs/rware_mappo_gru_small_20m_tensorboard/mappo_gru_rware-small-4ag-v2
Number of trials: 1/1 (1 RUNNING)
+------------------------------------------------------+----------+-------------------+--------+------------------+-------------+----------+----------------------+----------------------+--------------------+
| Trial name                                           | status   | loc               |   iter |   total time (s) |          ts |   reward |   episode_reward_max |   episode_reward_min |   episode_len_mean |
|------------------------------------------------------+----------+-------------------+--------+------------------+-------------+----------+----------------------+----------------------+--------------------|
| MAPPOTrainer_rware_v2_rware-small-4ag-v2_56dd2_00000 | RUNNING  | 172.24.0.2:913168 |   1233 |          3528.67 | 2.46501e+07 |      3.7 |                    5 |                    1 |                500 |
+------------------------------------------------------+----------+-------------------+--------+------------------+-------------+----------+----------------------+----------------------+--------------------+


== Status ==
Current time: 2026-05-22 21:48:07 (running for 00:11:17.90)
Memory usage on this node: 62.8/251.6 GiB
Using FIFO scheduling algorithm.
Resources requested: 7.0/8 CPUs, 1.0/1 GPUs, 0.0/17.7 GiB heap, 0.0/8.85 GiB objects (0.0/1.0 accelerator_type:G)
Result logdir: /workspace/MARLlib/runs/rware_mappo_gru_small_20m_tensorboard/mappo_gru_rware-small-4ag-v2
Number of trials: 1/1 (1 RUNNING)
+------------------------------------------------------+----------+-------------------+--------+------------------+-------------+----------+----------------------+----------------------+--------------------+
| Trial name                                           | status   | loc               |   iter |   total time (s) |          ts |   reward |   episode_reward_max |   episode_reward_min |   episode_len_mean |
|------------------------------------------------------+----------+-------------------+--------+------------------+-------------+----------+----------------------+----------------------+--------------------|
| MAPPOTrainer_rware_v2_rware-small-4ag-v2_56dd2_00000 | RUNNING  | 172.24.0.2:913168 |   1235 |          3533.85 | 2.46901e+07 |     3.65 |                    5 |                    1 |                500 |
+------------------------------------------------------+----------+-------------------+--------+------------------+-------------+----------+----------------------+----------------------+--------------------+


== Status ==
Current time: 2026-05-22 21:48:12 (running for 00:11:23.19)
Memory usage on this node: 62.8/251.6 GiB
Using FIFO scheduling algorithm.
Resources requested: 7.0/8 CPUs, 1.0/1 GPUs, 0.0/17.7 GiB heap, 0.0/8.85 GiB objects (0.0/1.0 accelerator_type:G)
Result logdir: /workspace/MARLlib/runs/rware_mappo_gru_small_20m_tensorboard/mappo_gru_rware-small-4ag-v2
Number of trials: 1/1 (1 RUNNING)
+------------------------------------------------------+----------+-------------------+--------+------------------+-------------+----------+----------------------+----------------------+--------------------+
| Trial name                                           | status   | loc               |   iter |   total time (s) |          ts |   reward |   episode_reward_max |   episode_reward_min |   episode_len_mean |
|------------------------------------------------------+----------+-------------------+--------+------------------+-------------+----------+----------------------+----------------------+--------------------|
| MAPPOTrainer_rware_v2_rware-small-4ag-v2_56dd2_00000 | RUNNING  | 172.24.0.2:913168 |   1237 |          3539.08 | 2.47301e+07 |     3.72 |                    5 |                    1 |                500 |
+------------------------------------------------------+----------+-------------------+--------+------------------+-------------+----------+----------------------+----------------------+--------------------+


== Status ==
Current time: 2026-05-22 21:48:17 (running for 00:11:28.53)
Memory usage on this node: 62.8/251.6 GiB
Using FIFO scheduling algorithm.
Resources requested: 7.0/8 CPUs, 1.0/1 GPUs, 0.0/17.7 GiB heap, 0.0/8.85 GiB objects (0.0/1.0 accelerator_type:G)
Result logdir: /workspace/MARLlib/runs/rware_mappo_gru_small_20m_tensorboard/mappo_gru_rware-small-4ag-v2
Number of trials: 1/1 (1 RUNNING)
+------------------------------------------------------+----------+-------------------+--------+------------------+-------------+----------+----------------------+----------------------+--------------------+
| Trial name                                           | status   | loc               |   iter |   total time (s) |          ts |   reward |   episode_reward_max |   episode_reward_min |   episode_len_mean |
|------------------------------------------------------+----------+-------------------+--------+------------------+-------------+----------+----------------------+----------------------+--------------------|
| MAPPOTrainer_rware_v2_rware-small-4ag-v2_56dd2_00000 | RUNNING  | 172.24.0.2:913168 |   1239 |          3544.37 | 2.47701e+07 |     3.79 |                    5 |                    1 |                500 |
+------------------------------------------------------+----------+-------------------+--------+------------------+-------------+----------+----------------------+----------------------+--------------------+


== Status ==
Current time: 2026-05-22 21:48:23 (running for 00:11:33.85)
Memory usage on this node: 62.9/251.6 GiB
Using FIFO scheduling algorithm.
Resources requested: 7.0/8 CPUs, 1.0/1 GPUs, 0.0/17.7 GiB heap, 0.0/8.85 GiB objects (0.0/1.0 accelerator_type:G)
Result logdir: /workspace/MARLlib/runs/rware_mappo_gru_small_20m_tensorboard/mappo_gru_rware-small-4ag-v2
Number of trials: 1/1 (1 RUNNING)
+------------------------------------------------------+----------+-------------------+--------+------------------+-------------+----------+----------------------+----------------------+--------------------+
| Trial name                                           | status   | loc               |   iter |   total time (s) |          ts |   reward |   episode_reward_max |   episode_reward_min |   episode_len_mean |
|------------------------------------------------------+----------+-------------------+--------+------------------+-------------+----------+----------------------+----------------------+--------------------|
| MAPPOTrainer_rware_v2_rware-small-4ag-v2_56dd2_00000 | RUNNING  | 172.24.0.2:913168 |   1241 |          3549.62 | 2.48101e+07 |     3.75 |                    5 |                    1 |                500 |
+------------------------------------------------------+----------+-------------------+--------+------------------+-------------+----------+----------------------+----------------------+--------------------+


== Status ==
Current time: 2026-05-22 21:48:28 (running for 00:11:39.07)
Memory usage on this node: 62.8/251.6 GiB
Using FIFO scheduling algorithm.
Resources requested: 7.0/8 CPUs, 1.0/1 GPUs, 0.0/17.7 GiB heap, 0.0/8.85 GiB objects (0.0/1.0 accelerator_type:G)
Result logdir: /workspace/MARLlib/runs/rware_mappo_gru_small_20m_tensorboard/mappo_gru_rware-small-4ag-v2
Number of trials: 1/1 (1 RUNNING)
+------------------------------------------------------+----------+-------------------+--------+------------------+-------------+----------+----------------------+----------------------+--------------------+
| Trial name                                           | status   | loc               |   iter |   total time (s) |          ts |   reward |   episode_reward_max |   episode_reward_min |   episode_len_mean |
|------------------------------------------------------+----------+-------------------+--------+------------------+-------------+----------+----------------------+----------------------+--------------------|
| MAPPOTrainer_rware_v2_rware-small-4ag-v2_56dd2_00000 | RUNNING  | 172.24.0.2:913168 |   1243 |          3554.78 | 2.48501e+07 |     3.79 |                    5 |                    1 |                500 |
+------------------------------------------------------+----------+-------------------+--------+------------------+-------------+----------+----------------------+----------------------+--------------------+


== Status ==
Current time: 2026-05-22 21:48:33 (running for 00:11:44.44)
Memory usage on this node: 62.8/251.6 GiB
Using FIFO scheduling algorithm.
Resources requested: 7.0/8 CPUs, 1.0/1 GPUs, 0.0/17.7 GiB heap, 0.0/8.85 GiB objects (0.0/1.0 accelerator_type:G)
Result logdir: /workspace/MARLlib/runs/rware_mappo_gru_small_20m_tensorboard/mappo_gru_rware-small-4ag-v2
Number of trials: 1/1 (1 RUNNING)
+------------------------------------------------------+----------+-------------------+--------+------------------+-----------+----------+----------------------+----------------------+--------------------+
| Trial name                                           | status   | loc               |   iter |   total time (s) |        ts |   reward |   episode_reward_max |   episode_reward_min |   episode_len_mean |
|------------------------------------------------------+----------+-------------------+--------+------------------+-----------+----------+----------------------+----------------------+--------------------|
| MAPPOTrainer_rware_v2_rware-small-4ag-v2_56dd2_00000 | RUNNING  | 172.24.0.2:913168 |   1245 |           3560.1 | 2.489e+07 |     3.82 |                    5 |                    1 |                500 |
+------------------------------------------------------+----------+-------------------+--------+------------------+-----------+----------+----------------------+----------------------+--------------------+


== Status ==
Current time: 2026-05-22 21:48:38 (running for 00:11:49.63)
Memory usage on this node: 62.8/251.6 GiB
Using FIFO scheduling algorithm.
Resources requested: 7.0/8 CPUs, 1.0/1 GPUs, 0.0/17.7 GiB heap, 0.0/8.85 GiB objects (0.0/1.0 accelerator_type:G)
Result logdir: /workspace/MARLlib/runs/rware_mappo_gru_small_20m_tensorboard/mappo_gru_rware-small-4ag-v2
Number of trials: 1/1 (1 RUNNING)
+------------------------------------------------------+----------+-------------------+--------+------------------+-----------+----------+----------------------+----------------------+--------------------+
| Trial name                                           | status   | loc               |   iter |   total time (s) |        ts |   reward |   episode_reward_max |   episode_reward_min |   episode_len_mean |
|------------------------------------------------------+----------+-------------------+--------+------------------+-----------+----------+----------------------+----------------------+--------------------|
| MAPPOTrainer_rware_v2_rware-small-4ag-v2_56dd2_00000 | RUNNING  | 172.24.0.2:913168 |   1247 |          3565.25 | 2.493e+07 |     3.78 |                    5 |                    1 |                500 |
+------------------------------------------------------+----------+-------------------+--------+------------------+-----------+----------+----------------------+----------------------+--------------------+


== Status ==
Current time: 2026-05-22 21:48:44 (running for 00:11:54.93)
Memory usage on this node: 62.8/251.6 GiB
Using FIFO scheduling algorithm.
Resources requested: 7.0/8 CPUs, 1.0/1 GPUs, 0.0/17.7 GiB heap, 0.0/8.85 GiB objects (0.0/1.0 accelerator_type:G)
Result logdir: /workspace/MARLlib/runs/rware_mappo_gru_small_20m_tensorboard/mappo_gru_rware-small-4ag-v2
Number of trials: 1/1 (1 RUNNING)
+------------------------------------------------------+----------+-------------------+--------+------------------+-----------+----------+----------------------+----------------------+--------------------+
| Trial name                                           | status   | loc               |   iter |   total time (s) |        ts |   reward |   episode_reward_max |   episode_reward_min |   episode_len_mean |
|------------------------------------------------------+----------+-------------------+--------+------------------+-----------+----------+----------------------+----------------------+--------------------|
| MAPPOTrainer_rware_v2_rware-small-4ag-v2_56dd2_00000 | RUNNING  | 172.24.0.2:913168 |   1249 |          3570.51 | 2.497e+07 |     3.71 |                    5 |                    1 |                500 |
+------------------------------------------------------+----------+-------------------+--------+------------------+-----------+----------+----------------------+----------------------+--------------------+


== Status ==
Current time: 2026-05-22 21:48:49 (running for 00:11:59.94)
Memory usage on this node: 62.7/251.6 GiB
Using FIFO scheduling algorithm.
Resources requested: 7.0/8 CPUs, 1.0/1 GPUs, 0.0/17.7 GiB heap, 0.0/8.85 GiB objects (0.0/1.0 accelerator_type:G)
Result logdir: /workspace/MARLlib/runs/rware_mappo_gru_small_20m_tensorboard/mappo_gru_rware-small-4ag-v2
Number of trials: 1/1 (1 RUNNING)
+------------------------------------------------------+----------+-------------------+--------+------------------+-----------+----------+----------------------+----------------------+--------------------+
| Trial name                                           | status   | loc               |   iter |   total time (s) |        ts |   reward |   episode_reward_max |   episode_reward_min |   episode_len_mean |
|------------------------------------------------------+----------+-------------------+--------+------------------+-----------+----------+----------------------+----------------------+--------------------|
| MAPPOTrainer_rware_v2_rware-small-4ag-v2_56dd2_00000 | RUNNING  | 172.24.0.2:913168 |   1249 |          3570.51 | 2.497e+07 |     3.71 |                    5 |                    1 |                500 |
+------------------------------------------------------+----------+-------------------+--------+------------------+-----------+----------+----------------------+----------------------+--------------------+


== Status ==
Current time: 2026-05-22 21:48:54 (running for 00:12:04.95)
Memory usage on this node: 62.7/251.6 GiB
Using FIFO scheduling algorithm.
Resources requested: 7.0/8 CPUs, 1.0/1 GPUs, 0.0/17.7 GiB heap, 0.0/8.85 GiB objects (0.0/1.0 accelerator_type:G)
Result logdir: /workspace/MARLlib/runs/rware_mappo_gru_small_20m_tensorboard/mappo_gru_rware-small-4ag-v2
Number of trials: 1/1 (1 RUNNING)
+------------------------------------------------------+----------+-------------------+--------+------------------+-----------+----------+----------------------+----------------------+--------------------+
| Trial name                                           | status   | loc               |   iter |   total time (s) |        ts |   reward |   episode_reward_max |   episode_reward_min |   episode_len_mean |
|------------------------------------------------------+----------+-------------------+--------+------------------+-----------+----------+----------------------+----------------------+--------------------|
| MAPPOTrainer_rware_v2_rware-small-4ag-v2_56dd2_00000 | RUNNING  | 172.24.0.2:913168 |   1249 |          3570.51 | 2.497e+07 |     3.71 |                    5 |                    1 |                500 |
+------------------------------------------------------+----------+-------------------+--------+------------------+-----------+----------+----------------------+----------------------+--------------------+


== Status ==
Current time: 2026-05-22 21:48:59 (running for 00:12:09.95)
Memory usage on this node: 62.7/251.6 GiB
Using FIFO scheduling algorithm.
Resources requested: 7.0/8 CPUs, 1.0/1 GPUs, 0.0/17.7 GiB heap, 0.0/8.85 GiB objects (0.0/1.0 accelerator_type:G)
Result logdir: /workspace/MARLlib/runs/rware_mappo_gru_small_20m_tensorboard/mappo_gru_rware-small-4ag-v2
Number of trials: 1/1 (1 RUNNING)
+------------------------------------------------------+----------+-------------------+--------+------------------+-----------+----------+----------------------+----------------------+--------------------+
| Trial name                                           | status   | loc               |   iter |   total time (s) |        ts |   reward |   episode_reward_max |   episode_reward_min |   episode_len_mean |
|------------------------------------------------------+----------+-------------------+--------+------------------+-----------+----------+----------------------+----------------------+--------------------|
| MAPPOTrainer_rware_v2_rware-small-4ag-v2_56dd2_00000 | RUNNING  | 172.24.0.2:913168 |   1249 |          3570.51 | 2.497e+07 |     3.71 |                    5 |                    1 |                500 |
+------------------------------------------------------+----------+-------------------+--------+------------------+-----------+----------+----------------------+----------------------+--------------------+


== Status ==
Current time: 2026-05-22 21:49:04 (running for 00:12:15.51)
Memory usage on this node: 62.8/251.6 GiB
Using FIFO scheduling algorithm.
Resources requested: 7.0/8 CPUs, 1.0/1 GPUs, 0.0/17.7 GiB heap, 0.0/8.85 GiB objects (0.0/1.0 accelerator_type:G)
Result logdir: /workspace/MARLlib/runs/rware_mappo_gru_small_20m_tensorboard/mappo_gru_rware-small-4ag-v2
Number of trials: 1/1 (1 RUNNING)
+------------------------------------------------------+----------+-------------------+--------+------------------+-----------+----------+----------------------+----------------------+--------------------+
| Trial name                                           | status   | loc               |   iter |   total time (s) |        ts |   reward |   episode_reward_max |   episode_reward_min |   episode_len_mean |
|------------------------------------------------------+----------+-------------------+--------+------------------+-----------+----------+----------------------+----------------------+--------------------|
| MAPPOTrainer_rware_v2_rware-small-4ag-v2_56dd2_00000 | RUNNING  | 172.24.0.2:913168 |   1252 |             3591 | 2.503e+07 |     3.78 |                    6 |                    1 |                500 |
+------------------------------------------------------+----------+-------------------+--------+------------------+-----------+----------+----------------------+----------------------+--------------------+


== Status ==
Current time: 2026-05-22 21:49:09 (running for 00:12:20.82)
Memory usage on this node: 62.8/251.6 GiB
Using FIFO scheduling algorithm.
Resources requested: 7.0/8 CPUs, 1.0/1 GPUs, 0.0/17.7 GiB heap, 0.0/8.85 GiB objects (0.0/1.0 accelerator_type:G)
Result logdir: /workspace/MARLlib/runs/rware_mappo_gru_small_20m_tensorboard/mappo_gru_rware-small-4ag-v2
Number of trials: 1/1 (1 RUNNING)
+------------------------------------------------------+----------+-------------------+--------+------------------+-----------+----------+----------------------+----------------------+--------------------+
| Trial name                                           | status   | loc               |   iter |   total time (s) |        ts |   reward |   episode_reward_max |   episode_reward_min |   episode_len_mean |
|------------------------------------------------------+----------+-------------------+--------+------------------+-----------+----------+----------------------+----------------------+--------------------|
| MAPPOTrainer_rware_v2_rware-small-4ag-v2_56dd2_00000 | RUNNING  | 172.24.0.2:913168 |   1254 |          3596.24 | 2.507e+07 |     3.74 |                    6 |                    1 |                500 |
+------------------------------------------------------+----------+-------------------+--------+------------------+-----------+----------+----------------------+----------------------+--------------------+


== Status ==
Current time: 2026-05-22 21:49:15 (running for 00:12:26.07)
Memory usage on this node: 62.8/251.6 GiB
Using FIFO scheduling algorithm.
Resources requested: 7.0/8 CPUs, 1.0/1 GPUs, 0.0/17.7 GiB heap, 0.0/8.85 GiB objects (0.0/1.0 accelerator_type:G)
Result logdir: /workspace/MARLlib/runs/rware_mappo_gru_small_20m_tensorboard/mappo_gru_rware-small-4ag-v2
Number of trials: 1/1 (1 RUNNING)
+------------------------------------------------------+----------+-------------------+--------+------------------+-----------+----------+----------------------+----------------------+--------------------+
| Trial name                                           | status   | loc               |   iter |   total time (s) |        ts |   reward |   episode_reward_max |   episode_reward_min |   episode_len_mean |
|------------------------------------------------------+----------+-------------------+--------+------------------+-----------+----------+----------------------+----------------------+--------------------|
| MAPPOTrainer_rware_v2_rware-small-4ag-v2_56dd2_00000 | RUNNING  | 172.24.0.2:913168 |   1256 |          3601.44 | 2.511e+07 |     3.71 |                    6 |                    1 |                500 |
+------------------------------------------------------+----------+-------------------+--------+------------------+-----------+----------+----------------------+----------------------+--------------------+


== Status ==
Current time: 2026-05-22 21:49:20 (running for 00:12:31.32)
Memory usage on this node: 62.8/251.6 GiB
Using FIFO scheduling algorithm.
Resources requested: 7.0/8 CPUs, 1.0/1 GPUs, 0.0/17.7 GiB heap, 0.0/8.85 GiB objects (0.0/1.0 accelerator_type:G)
Result logdir: /workspace/MARLlib/runs/rware_mappo_gru_small_20m_tensorboard/mappo_gru_rware-small-4ag-v2
Number of trials: 1/1 (1 RUNNING)
+------------------------------------------------------+----------+-------------------+--------+------------------+-------------+----------+----------------------+----------------------+--------------------+
| Trial name                                           | status   | loc               |   iter |   total time (s) |          ts |   reward |   episode_reward_max |   episode_reward_min |   episode_len_mean |
|------------------------------------------------------+----------+-------------------+--------+------------------+-------------+----------+----------------------+----------------------+--------------------|
| MAPPOTrainer_rware_v2_rware-small-4ag-v2_56dd2_00000 | RUNNING  | 172.24.0.2:913168 |   1258 |          3606.66 | 2.51499e+07 |      3.7 |                    6 |                    1 |                500 |
+------------------------------------------------------+----------+-------------------+--------+------------------+-------------+----------+----------------------+----------------------+--------------------+


== Status ==
Current time: 2026-05-22 21:49:25 (running for 00:12:36.47)
Memory usage on this node: 62.8/251.6 GiB
Using FIFO scheduling algorithm.
Resources requested: 7.0/8 CPUs, 1.0/1 GPUs, 0.0/17.7 GiB heap, 0.0/8.85 GiB objects (0.0/1.0 accelerator_type:G)
Result logdir: /workspace/MARLlib/runs/rware_mappo_gru_small_20m_tensorboard/mappo_gru_rware-small-4ag-v2
Number of trials: 1/1 (1 RUNNING)
+------------------------------------------------------+----------+-------------------+--------+------------------+-------------+----------+----------------------+----------------------+--------------------+
| Trial name                                           | status   | loc               |   iter |   total time (s) |          ts |   reward |   episode_reward_max |   episode_reward_min |   episode_len_mean |
|------------------------------------------------------+----------+-------------------+--------+------------------+-------------+----------+----------------------+----------------------+--------------------|
| MAPPOTrainer_rware_v2_rware-small-4ag-v2_56dd2_00000 | RUNNING  | 172.24.0.2:913168 |   1260 |          3611.77 | 2.51899e+07 |      3.7 |                    5 |                    1 |                500 |
+------------------------------------------------------+----------+-------------------+--------+------------------+-------------+----------+----------------------+----------------------+--------------------+


== Status ==
Current time: 2026-05-22 21:49:30 (running for 00:12:41.70)
Memory usage on this node: 62.8/251.6 GiB
Using FIFO scheduling algorithm.
Resources requested: 7.0/8 CPUs, 1.0/1 GPUs, 0.0/17.7 GiB heap, 0.0/8.85 GiB objects (0.0/1.0 accelerator_type:G)
Result logdir: /workspace/MARLlib/runs/rware_mappo_gru_small_20m_tensorboard/mappo_gru_rware-small-4ag-v2
Number of trials: 1/1 (1 RUNNING)
+------------------------------------------------------+----------+-------------------+--------+------------------+-------------+----------+----------------------+----------------------+--------------------+
| Trial name                                           | status   | loc               |   iter |   total time (s) |          ts |   reward |   episode_reward_max |   episode_reward_min |   episode_len_mean |
|------------------------------------------------------+----------+-------------------+--------+------------------+-------------+----------+----------------------+----------------------+--------------------|
| MAPPOTrainer_rware_v2_rware-small-4ag-v2_56dd2_00000 | RUNNING  | 172.24.0.2:913168 |   1262 |          3616.96 | 2.52299e+07 |     3.79 |                    6 |                    1 |                500 |
+------------------------------------------------------+----------+-------------------+--------+------------------+-------------+----------+----------------------+----------------------+--------------------+


== Status ==
Current time: 2026-05-22 21:49:36 (running for 00:12:46.86)
Memory usage on this node: 62.8/251.6 GiB
Using FIFO scheduling algorithm.
Resources requested: 7.0/8 CPUs, 1.0/1 GPUs, 0.0/17.7 GiB heap, 0.0/8.85 GiB objects (0.0/1.0 accelerator_type:G)
Result logdir: /workspace/MARLlib/runs/rware_mappo_gru_small_20m_tensorboard/mappo_gru_rware-small-4ag-v2
Number of trials: 1/1 (1 RUNNING)
+------------------------------------------------------+----------+-------------------+--------+------------------+-------------+----------+----------------------+----------------------+--------------------+
| Trial name                                           | status   | loc               |   iter |   total time (s) |          ts |   reward |   episode_reward_max |   episode_reward_min |   episode_len_mean |
|------------------------------------------------------+----------+-------------------+--------+------------------+-------------+----------+----------------------+----------------------+--------------------|
| MAPPOTrainer_rware_v2_rware-small-4ag-v2_56dd2_00000 | RUNNING  | 172.24.0.2:913168 |   1264 |          3622.07 | 2.52699e+07 |     3.79 |                    6 |                    2 |                500 |
+------------------------------------------------------+----------+-------------------+--------+------------------+-------------+----------+----------------------+----------------------+--------------------+


== Status ==
Current time: 2026-05-22 21:49:41 (running for 00:12:52.26)
Memory usage on this node: 62.8/251.6 GiB
Using FIFO scheduling algorithm.
Resources requested: 7.0/8 CPUs, 1.0/1 GPUs, 0.0/17.7 GiB heap, 0.0/8.85 GiB objects (0.0/1.0 accelerator_type:G)
Result logdir: /workspace/MARLlib/runs/rware_mappo_gru_small_20m_tensorboard/mappo_gru_rware-small-4ag-v2
Number of trials: 1/1 (1 RUNNING)
+------------------------------------------------------+----------+-------------------+--------+------------------+-------------+----------+----------------------+----------------------+--------------------+
| Trial name                                           | status   | loc               |   iter |   total time (s) |          ts |   reward |   episode_reward_max |   episode_reward_min |   episode_len_mean |
|------------------------------------------------------+----------+-------------------+--------+------------------+-------------+----------+----------------------+----------------------+--------------------|
| MAPPOTrainer_rware_v2_rware-small-4ag-v2_56dd2_00000 | RUNNING  | 172.24.0.2:913168 |   1266 |          3627.41 | 2.53099e+07 |     3.77 |                    6 |                    2 |                500 |
+------------------------------------------------------+----------+-------------------+--------+------------------+-------------+----------+----------------------+----------------------+--------------------+


== Status ==
Current time: 2026-05-22 21:49:46 (running for 00:12:57.49)
Memory usage on this node: 62.8/251.6 GiB
Using FIFO scheduling algorithm.
Resources requested: 7.0/8 CPUs, 1.0/1 GPUs, 0.0/17.7 GiB heap, 0.0/8.85 GiB objects (0.0/1.0 accelerator_type:G)
Result logdir: /workspace/MARLlib/runs/rware_mappo_gru_small_20m_tensorboard/mappo_gru_rware-small-4ag-v2
Number of trials: 1/1 (1 RUNNING)
+------------------------------------------------------+----------+-------------------+--------+------------------+-------------+----------+----------------------+----------------------+--------------------+
| Trial name                                           | status   | loc               |   iter |   total time (s) |          ts |   reward |   episode_reward_max |   episode_reward_min |   episode_len_mean |
|------------------------------------------------------+----------+-------------------+--------+------------------+-------------+----------+----------------------+----------------------+--------------------|
| MAPPOTrainer_rware_v2_rware-small-4ag-v2_56dd2_00000 | RUNNING  | 172.24.0.2:913168 |   1268 |          3632.58 | 2.53499e+07 |     3.74 |                    6 |                    1 |                500 |
+------------------------------------------------------+----------+-------------------+--------+------------------+-------------+----------+----------------------+----------------------+--------------------+


== Status ==
Current time: 2026-05-22 21:49:52 (running for 00:13:02.86)
Memory usage on this node: 62.8/251.6 GiB
Using FIFO scheduling algorithm.
Resources requested: 7.0/8 CPUs, 1.0/1 GPUs, 0.0/17.7 GiB heap, 0.0/8.85 GiB objects (0.0/1.0 accelerator_type:G)
Result logdir: /workspace/MARLlib/runs/rware_mappo_gru_small_20m_tensorboard/mappo_gru_rware-small-4ag-v2
Number of trials: 1/1 (1 RUNNING)
+------------------------------------------------------+----------+-------------------+--------+------------------+-------------+----------+----------------------+----------------------+--------------------+
| Trial name                                           | status   | loc               |   iter |   total time (s) |          ts |   reward |   episode_reward_max |   episode_reward_min |   episode_len_mean |
|------------------------------------------------------+----------+-------------------+--------+------------------+-------------+----------+----------------------+----------------------+--------------------|
| MAPPOTrainer_rware_v2_rware-small-4ag-v2_56dd2_00000 | RUNNING  | 172.24.0.2:913168 |   1270 |          3637.89 | 2.53898e+07 |     3.71 |                    6 |                    1 |                500 |
+------------------------------------------------------+----------+-------------------+--------+------------------+-------------+----------+----------------------+----------------------+--------------------+


== Status ==
Current time: 2026-05-22 21:49:57 (running for 00:13:08.24)
Memory usage on this node: 62.8/251.6 GiB
Using FIFO scheduling algorithm.
Resources requested: 7.0/8 CPUs, 1.0/1 GPUs, 0.0/17.7 GiB heap, 0.0/8.85 GiB objects (0.0/1.0 accelerator_type:G)
Result logdir: /workspace/MARLlib/runs/rware_mappo_gru_small_20m_tensorboard/mappo_gru_rware-small-4ag-v2
Number of trials: 1/1 (1 RUNNING)
+------------------------------------------------------+----------+-------------------+--------+------------------+-------------+----------+----------------------+----------------------+--------------------+
| Trial name                                           | status   | loc               |   iter |   total time (s) |          ts |   reward |   episode_reward_max |   episode_reward_min |   episode_len_mean |
|------------------------------------------------------+----------+-------------------+--------+------------------+-------------+----------+----------------------+----------------------+--------------------|
| MAPPOTrainer_rware_v2_rware-small-4ag-v2_56dd2_00000 | RUNNING  | 172.24.0.2:913168 |   1272 |          3643.22 | 2.54298e+07 |     3.64 |                    5 |                    0 |                500 |
+------------------------------------------------------+----------+-------------------+--------+------------------+-------------+----------+----------------------+----------------------+--------------------+


== Status ==
Current time: 2026-05-22 21:50:02 (running for 00:13:13.45)
Memory usage on this node: 62.8/251.6 GiB
Using FIFO scheduling algorithm.
Resources requested: 7.0/8 CPUs, 1.0/1 GPUs, 0.0/17.7 GiB heap, 0.0/8.85 GiB objects (0.0/1.0 accelerator_type:G)
Result logdir: /workspace/MARLlib/runs/rware_mappo_gru_small_20m_tensorboard/mappo_gru_rware-small-4ag-v2
Number of trials: 1/1 (1 RUNNING)
+------------------------------------------------------+----------+-------------------+--------+------------------+-------------+----------+----------------------+----------------------+--------------------+
| Trial name                                           | status   | loc               |   iter |   total time (s) |          ts |   reward |   episode_reward_max |   episode_reward_min |   episode_len_mean |
|------------------------------------------------------+----------+-------------------+--------+------------------+-------------+----------+----------------------+----------------------+--------------------|
| MAPPOTrainer_rware_v2_rware-small-4ag-v2_56dd2_00000 | RUNNING  | 172.24.0.2:913168 |   1274 |          3648.37 | 2.54698e+07 |     3.61 |                    5 |                    0 |                500 |
+------------------------------------------------------+----------+-------------------+--------+------------------+-------------+----------+----------------------+----------------------+--------------------+


== Status ==
Current time: 2026-05-22 21:50:08 (running for 00:13:18.88)
Memory usage on this node: 62.8/251.6 GiB
Using FIFO scheduling algorithm.
Resources requested: 7.0/8 CPUs, 1.0/1 GPUs, 0.0/17.7 GiB heap, 0.0/8.85 GiB objects (0.0/1.0 accelerator_type:G)
Result logdir: /workspace/MARLlib/runs/rware_mappo_gru_small_20m_tensorboard/mappo_gru_rware-small-4ag-v2
Number of trials: 1/1 (1 RUNNING)
+------------------------------------------------------+----------+-------------------+--------+------------------+-------------+----------+----------------------+----------------------+--------------------+
| Trial name                                           | status   | loc               |   iter |   total time (s) |          ts |   reward |   episode_reward_max |   episode_reward_min |   episode_len_mean |
|------------------------------------------------------+----------+-------------------+--------+------------------+-------------+----------+----------------------+----------------------+--------------------|
| MAPPOTrainer_rware_v2_rware-small-4ag-v2_56dd2_00000 | RUNNING  | 172.24.0.2:913168 |   1276 |          3653.74 | 2.55098e+07 |     3.58 |                    5 |                    0 |                500 |
+------------------------------------------------------+----------+-------------------+--------+------------------+-------------+----------+----------------------+----------------------+--------------------+


== Status ==
Current time: 2026-05-22 21:50:13 (running for 00:13:24.29)
Memory usage on this node: 62.8/251.6 GiB
Using FIFO scheduling algorithm.
Resources requested: 7.0/8 CPUs, 1.0/1 GPUs, 0.0/17.7 GiB heap, 0.0/8.85 GiB objects (0.0/1.0 accelerator_type:G)
Result logdir: /workspace/MARLlib/runs/rware_mappo_gru_small_20m_tensorboard/mappo_gru_rware-small-4ag-v2
Number of trials: 1/1 (1 RUNNING)
+------------------------------------------------------+----------+-------------------+--------+------------------+-------------+----------+----------------------+----------------------+--------------------+
| Trial name                                           | status   | loc               |   iter |   total time (s) |          ts |   reward |   episode_reward_max |   episode_reward_min |   episode_len_mean |
|------------------------------------------------------+----------+-------------------+--------+------------------+-------------+----------+----------------------+----------------------+--------------------|
| MAPPOTrainer_rware_v2_rware-small-4ag-v2_56dd2_00000 | RUNNING  | 172.24.0.2:913168 |   1278 |          3659.09 | 2.55498e+07 |     3.67 |                    5 |                    0 |                500 |
+------------------------------------------------------+----------+-------------------+--------+------------------+-------------+----------+----------------------+----------------------+--------------------+


== Status ==
Current time: 2026-05-22 21:50:18 (running for 00:13:29.64)
Memory usage on this node: 62.7/251.6 GiB
Using FIFO scheduling algorithm.
Resources requested: 7.0/8 CPUs, 1.0/1 GPUs, 0.0/17.7 GiB heap, 0.0/8.85 GiB objects (0.0/1.0 accelerator_type:G)
Result logdir: /workspace/MARLlib/runs/rware_mappo_gru_small_20m_tensorboard/mappo_gru_rware-small-4ag-v2
Number of trials: 1/1 (1 RUNNING)
+------------------------------------------------------+----------+-------------------+--------+------------------+-------------+----------+----------------------+----------------------+--------------------+
| Trial name                                           | status   | loc               |   iter |   total time (s) |          ts |   reward |   episode_reward_max |   episode_reward_min |   episode_len_mean |
|------------------------------------------------------+----------+-------------------+--------+------------------+-------------+----------+----------------------+----------------------+--------------------|
| MAPPOTrainer_rware_v2_rware-small-4ag-v2_56dd2_00000 | RUNNING  | 172.24.0.2:913168 |   1280 |          3664.38 | 2.55898e+07 |      3.7 |                    5 |                    0 |                500 |
+------------------------------------------------------+----------+-------------------+--------+------------------+-------------+----------+----------------------+----------------------+--------------------+


== Status ==
Current time: 2026-05-22 21:50:24 (running for 00:13:34.90)
Memory usage on this node: 62.7/251.6 GiB
Using FIFO scheduling algorithm.
Resources requested: 7.0/8 CPUs, 1.0/1 GPUs, 0.0/17.7 GiB heap, 0.0/8.85 GiB objects (0.0/1.0 accelerator_type:G)
Result logdir: /workspace/MARLlib/runs/rware_mappo_gru_small_20m_tensorboard/mappo_gru_rware-small-4ag-v2
Number of trials: 1/1 (1 RUNNING)
+------------------------------------------------------+----------+-------------------+--------+------------------+-------------+----------+----------------------+----------------------+--------------------+
| Trial name                                           | status   | loc               |   iter |   total time (s) |          ts |   reward |   episode_reward_max |   episode_reward_min |   episode_len_mean |
|------------------------------------------------------+----------+-------------------+--------+------------------+-------------+----------+----------------------+----------------------+--------------------|
| MAPPOTrainer_rware_v2_rware-small-4ag-v2_56dd2_00000 | RUNNING  | 172.24.0.2:913168 |   1282 |          3669.59 | 2.56297e+07 |     3.75 |                    5 |                    2 |                500 |
+------------------------------------------------------+----------+-------------------+--------+------------------+-------------+----------+----------------------+----------------------+--------------------+


== Status ==
Current time: 2026-05-22 21:50:29 (running for 00:13:40.34)
Memory usage on this node: 63.0/251.6 GiB
Using FIFO scheduling algorithm.
Resources requested: 7.0/8 CPUs, 1.0/1 GPUs, 0.0/17.7 GiB heap, 0.0/8.85 GiB objects (0.0/1.0 accelerator_type:G)
Result logdir: /workspace/MARLlib/runs/rware_mappo_gru_small_20m_tensorboard/mappo_gru_rware-small-4ag-v2
Number of trials: 1/1 (1 RUNNING)
+------------------------------------------------------+----------+-------------------+--------+------------------+-------------+----------+----------------------+----------------------+--------------------+
| Trial name                                           | status   | loc               |   iter |   total time (s) |          ts |   reward |   episode_reward_max |   episode_reward_min |   episode_len_mean |
|------------------------------------------------------+----------+-------------------+--------+------------------+-------------+----------+----------------------+----------------------+--------------------|
| MAPPOTrainer_rware_v2_rware-small-4ag-v2_56dd2_00000 | RUNNING  | 172.24.0.2:913168 |   1284 |          3674.96 | 2.56697e+07 |     3.71 |                    5 |                    2 |                500 |
+------------------------------------------------------+----------+-------------------+--------+------------------+-------------+----------+----------------------+----------------------+--------------------+


== Status ==
Current time: 2026-05-22 21:50:35 (running for 00:13:45.97)
Memory usage on this node: 62.7/251.6 GiB
Using FIFO scheduling algorithm.
Resources requested: 7.0/8 CPUs, 1.0/1 GPUs, 0.0/17.7 GiB heap, 0.0/8.85 GiB objects (0.0/1.0 accelerator_type:G)
Result logdir: /workspace/MARLlib/runs/rware_mappo_gru_small_20m_tensorboard/mappo_gru_rware-small-4ag-v2
Number of trials: 1/1 (1 RUNNING)
+------------------------------------------------------+----------+-------------------+--------+------------------+-------------+----------+----------------------+----------------------+--------------------+
| Trial name                                           | status   | loc               |   iter |   total time (s) |          ts |   reward |   episode_reward_max |   episode_reward_min |   episode_len_mean |
|------------------------------------------------------+----------+-------------------+--------+------------------+-------------+----------+----------------------+----------------------+--------------------|
| MAPPOTrainer_rware_v2_rware-small-4ag-v2_56dd2_00000 | RUNNING  | 172.24.0.2:913168 |   1286 |          3680.54 | 2.57097e+07 |      3.7 |                    5 |                    2 |                500 |
+------------------------------------------------------+----------+-------------------+--------+------------------+-------------+----------+----------------------+----------------------+--------------------+


== Status ==
Current time: 2026-05-22 21:50:40 (running for 00:13:51.27)
Memory usage on this node: 62.7/251.6 GiB
Using FIFO scheduling algorithm.
Resources requested: 7.0/8 CPUs, 1.0/1 GPUs, 0.0/17.7 GiB heap, 0.0/8.85 GiB objects (0.0/1.0 accelerator_type:G)
Result logdir: /workspace/MARLlib/runs/rware_mappo_gru_small_20m_tensorboard/mappo_gru_rware-small-4ag-v2
Number of trials: 1/1 (1 RUNNING)
+------------------------------------------------------+----------+-------------------+--------+------------------+-------------+----------+----------------------+----------------------+--------------------+
| Trial name                                           | status   | loc               |   iter |   total time (s) |          ts |   reward |   episode_reward_max |   episode_reward_min |   episode_len_mean |
|------------------------------------------------------+----------+-------------------+--------+------------------+-------------+----------+----------------------+----------------------+--------------------|
| MAPPOTrainer_rware_v2_rware-small-4ag-v2_56dd2_00000 | RUNNING  | 172.24.0.2:913168 |   1288 |          3685.78 | 2.57497e+07 |     3.63 |                    5 |                    2 |                500 |
+------------------------------------------------------+----------+-------------------+--------+------------------+-------------+----------+----------------------+----------------------+--------------------+


== Status ==
Current time: 2026-05-22 21:50:45 (running for 00:13:56.54)
Memory usage on this node: 62.7/251.6 GiB
Using FIFO scheduling algorithm.
Resources requested: 7.0/8 CPUs, 1.0/1 GPUs, 0.0/17.7 GiB heap, 0.0/8.85 GiB objects (0.0/1.0 accelerator_type:G)
Result logdir: /workspace/MARLlib/runs/rware_mappo_gru_small_20m_tensorboard/mappo_gru_rware-small-4ag-v2
Number of trials: 1/1 (1 RUNNING)
+------------------------------------------------------+----------+-------------------+--------+------------------+-------------+----------+----------------------+----------------------+--------------------+
| Trial name                                           | status   | loc               |   iter |   total time (s) |          ts |   reward |   episode_reward_max |   episode_reward_min |   episode_len_mean |
|------------------------------------------------------+----------+-------------------+--------+------------------+-------------+----------+----------------------+----------------------+--------------------|
| MAPPOTrainer_rware_v2_rware-small-4ag-v2_56dd2_00000 | RUNNING  | 172.24.0.2:913168 |   1290 |             3691 | 2.57897e+07 |     3.67 |                    6 |                    2 |                500 |
+------------------------------------------------------+----------+-------------------+--------+------------------+-------------+----------+----------------------+----------------------+--------------------+


== Status ==
Current time: 2026-05-22 21:50:50 (running for 00:14:01.81)
Memory usage on this node: 62.7/251.6 GiB
Using FIFO scheduling algorithm.
Resources requested: 7.0/8 CPUs, 1.0/1 GPUs, 0.0/17.7 GiB heap, 0.0/8.85 GiB objects (0.0/1.0 accelerator_type:G)
Result logdir: /workspace/MARLlib/runs/rware_mappo_gru_small_20m_tensorboard/mappo_gru_rware-small-4ag-v2
Number of trials: 1/1 (1 RUNNING)
+------------------------------------------------------+----------+-------------------+--------+------------------+-------------+----------+----------------------+----------------------+--------------------+
| Trial name                                           | status   | loc               |   iter |   total time (s) |          ts |   reward |   episode_reward_max |   episode_reward_min |   episode_len_mean |
|------------------------------------------------------+----------+-------------------+--------+------------------+-------------+----------+----------------------+----------------------+--------------------|
| MAPPOTrainer_rware_v2_rware-small-4ag-v2_56dd2_00000 | RUNNING  | 172.24.0.2:913168 |   1292 |          3696.21 | 2.58297e+07 |     3.67 |                    6 |                    2 |                500 |
+------------------------------------------------------+----------+-------------------+--------+------------------+-------------+----------+----------------------+----------------------+--------------------+


== Status ==
Current time: 2026-05-22 21:50:56 (running for 00:14:07.12)
Memory usage on this node: 62.7/251.6 GiB
Using FIFO scheduling algorithm.
Resources requested: 7.0/8 CPUs, 1.0/1 GPUs, 0.0/17.7 GiB heap, 0.0/8.85 GiB objects (0.0/1.0 accelerator_type:G)
Result logdir: /workspace/MARLlib/runs/rware_mappo_gru_small_20m_tensorboard/mappo_gru_rware-small-4ag-v2
Number of trials: 1/1 (1 RUNNING)
+------------------------------------------------------+----------+-------------------+--------+------------------+-------------+----------+----------------------+----------------------+--------------------+
| Trial name                                           | status   | loc               |   iter |   total time (s) |          ts |   reward |   episode_reward_max |   episode_reward_min |   episode_len_mean |
|------------------------------------------------------+----------+-------------------+--------+------------------+-------------+----------+----------------------+----------------------+--------------------|
| MAPPOTrainer_rware_v2_rware-small-4ag-v2_56dd2_00000 | RUNNING  | 172.24.0.2:913168 |   1294 |          3701.46 | 2.58696e+07 |     3.62 |                    6 |                    1 |                500 |
+------------------------------------------------------+----------+-------------------+--------+------------------+-------------+----------+----------------------+----------------------+--------------------+


== Status ==
Current time: 2026-05-22 21:51:01 (running for 00:14:12.38)
Memory usage on this node: 62.7/251.6 GiB
Using FIFO scheduling algorithm.
Resources requested: 7.0/8 CPUs, 1.0/1 GPUs, 0.0/17.7 GiB heap, 0.0/8.85 GiB objects (0.0/1.0 accelerator_type:G)
Result logdir: /workspace/MARLlib/runs/rware_mappo_gru_small_20m_tensorboard/mappo_gru_rware-small-4ag-v2
Number of trials: 1/1 (1 RUNNING)
+------------------------------------------------------+----------+-------------------+--------+------------------+-------------+----------+----------------------+----------------------+--------------------+
| Trial name                                           | status   | loc               |   iter |   total time (s) |          ts |   reward |   episode_reward_max |   episode_reward_min |   episode_len_mean |
|------------------------------------------------------+----------+-------------------+--------+------------------+-------------+----------+----------------------+----------------------+--------------------|
| MAPPOTrainer_rware_v2_rware-small-4ag-v2_56dd2_00000 | RUNNING  | 172.24.0.2:913168 |   1296 |          3706.67 | 2.59096e+07 |     3.68 |                    6 |                    1 |                500 |
+------------------------------------------------------+----------+-------------------+--------+------------------+-------------+----------+----------------------+----------------------+--------------------+


== Status ==
Current time: 2026-05-22 21:51:06 (running for 00:14:17.69)
Memory usage on this node: 62.7/251.6 GiB
Using FIFO scheduling algorithm.
Resources requested: 7.0/8 CPUs, 1.0/1 GPUs, 0.0/17.7 GiB heap, 0.0/8.85 GiB objects (0.0/1.0 accelerator_type:G)
Result logdir: /workspace/MARLlib/runs/rware_mappo_gru_small_20m_tensorboard/mappo_gru_rware-small-4ag-v2
Number of trials: 1/1 (1 RUNNING)
+------------------------------------------------------+----------+-------------------+--------+------------------+-------------+----------+----------------------+----------------------+--------------------+
| Trial name                                           | status   | loc               |   iter |   total time (s) |          ts |   reward |   episode_reward_max |   episode_reward_min |   episode_len_mean |
|------------------------------------------------------+----------+-------------------+--------+------------------+-------------+----------+----------------------+----------------------+--------------------|
| MAPPOTrainer_rware_v2_rware-small-4ag-v2_56dd2_00000 | RUNNING  | 172.24.0.2:913168 |   1298 |          3711.93 | 2.59496e+07 |     3.66 |                    6 |                    1 |                500 |
+------------------------------------------------------+----------+-------------------+--------+------------------+-------------+----------+----------------------+----------------------+--------------------+


== Status ==
Current time: 2026-05-22 21:51:12 (running for 00:14:23.27)
Memory usage on this node: 62.7/251.6 GiB
Using FIFO scheduling algorithm.
Resources requested: 7.0/8 CPUs, 1.0/1 GPUs, 0.0/17.7 GiB heap, 0.0/8.85 GiB objects (0.0/1.0 accelerator_type:G)
Result logdir: /workspace/MARLlib/runs/rware_mappo_gru_small_20m_tensorboard/mappo_gru_rware-small-4ag-v2
Number of trials: 1/1 (1 RUNNING)
+------------------------------------------------------+----------+-------------------+--------+------------------+-------------+----------+----------------------+----------------------+--------------------+
| Trial name                                           | status   | loc               |   iter |   total time (s) |          ts |   reward |   episode_reward_max |   episode_reward_min |   episode_len_mean |
|------------------------------------------------------+----------+-------------------+--------+------------------+-------------+----------+----------------------+----------------------+--------------------|
| MAPPOTrainer_rware_v2_rware-small-4ag-v2_56dd2_00000 | RUNNING  | 172.24.0.2:913168 |   1299 |          3714.48 | 2.59696e+07 |     3.63 |                    6 |                    1 |                500 |
+------------------------------------------------------+----------+-------------------+--------+------------------+-------------+----------+----------------------+----------------------+--------------------+


== Status ==
Current time: 2026-05-22 21:51:17 (running for 00:14:28.28)
Memory usage on this node: 62.7/251.6 GiB
Using FIFO scheduling algorithm.
Resources requested: 7.0/8 CPUs, 1.0/1 GPUs, 0.0/17.7 GiB heap, 0.0/8.85 GiB objects (0.0/1.0 accelerator_type:G)
Result logdir: /workspace/MARLlib/runs/rware_mappo_gru_small_20m_tensorboard/mappo_gru_rware-small-4ag-v2
Number of trials: 1/1 (1 RUNNING)
+------------------------------------------------------+----------+-------------------+--------+------------------+-------------+----------+----------------------+----------------------+--------------------+
| Trial name                                           | status   | loc               |   iter |   total time (s) |          ts |   reward |   episode_reward_max |   episode_reward_min |   episode_len_mean |
|------------------------------------------------------+----------+-------------------+--------+------------------+-------------+----------+----------------------+----------------------+--------------------|
| MAPPOTrainer_rware_v2_rware-small-4ag-v2_56dd2_00000 | RUNNING  | 172.24.0.2:913168 |   1299 |          3714.48 | 2.59696e+07 |     3.63 |                    6 |                    1 |                500 |
+------------------------------------------------------+----------+-------------------+--------+------------------+-------------+----------+----------------------+----------------------+--------------------+


== Status ==
Current time: 2026-05-22 21:51:22 (running for 00:14:33.29)
Memory usage on this node: 62.7/251.6 GiB
Using FIFO scheduling algorithm.
Resources requested: 7.0/8 CPUs, 1.0/1 GPUs, 0.0/17.7 GiB heap, 0.0/8.85 GiB objects (0.0/1.0 accelerator_type:G)
Result logdir: /workspace/MARLlib/runs/rware_mappo_gru_small_20m_tensorboard/mappo_gru_rware-small-4ag-v2
Number of trials: 1/1 (1 RUNNING)
+------------------------------------------------------+----------+-------------------+--------+------------------+-------------+----------+----------------------+----------------------+--------------------+
| Trial name                                           | status   | loc               |   iter |   total time (s) |          ts |   reward |   episode_reward_max |   episode_reward_min |   episode_len_mean |
|------------------------------------------------------+----------+-------------------+--------+------------------+-------------+----------+----------------------+----------------------+--------------------|
| MAPPOTrainer_rware_v2_rware-small-4ag-v2_56dd2_00000 | RUNNING  | 172.24.0.2:913168 |   1299 |          3714.48 | 2.59696e+07 |     3.63 |                    6 |                    1 |                500 |
+------------------------------------------------------+----------+-------------------+--------+------------------+-------------+----------+----------------------+----------------------+--------------------+


== Status ==
Current time: 2026-05-22 21:51:27 (running for 00:14:38.32)
Memory usage on this node: 62.7/251.6 GiB
Using FIFO scheduling algorithm.
Resources requested: 7.0/8 CPUs, 1.0/1 GPUs, 0.0/17.7 GiB heap, 0.0/8.85 GiB objects (0.0/1.0 accelerator_type:G)
Result logdir: /workspace/MARLlib/runs/rware_mappo_gru_small_20m_tensorboard/mappo_gru_rware-small-4ag-v2
Number of trials: 1/1 (1 RUNNING)
+------------------------------------------------------+----------+-------------------+--------+------------------+-------------+----------+----------------------+----------------------+--------------------+
| Trial name                                           | status   | loc               |   iter |   total time (s) |          ts |   reward |   episode_reward_max |   episode_reward_min |   episode_len_mean |
|------------------------------------------------------+----------+-------------------+--------+------------------+-------------+----------+----------------------+----------------------+--------------------|
| MAPPOTrainer_rware_v2_rware-small-4ag-v2_56dd2_00000 | RUNNING  | 172.24.0.2:913168 |   1301 |          3732.46 | 2.60096e+07 |     3.67 |                    5 |                    1 |                500 |
+------------------------------------------------------+----------+-------------------+--------+------------------+-------------+----------+----------------------+----------------------+--------------------+


== Status ==
Current time: 2026-05-22 21:51:32 (running for 00:14:43.59)
Memory usage on this node: 62.7/251.6 GiB
Using FIFO scheduling algorithm.
Resources requested: 7.0/8 CPUs, 1.0/1 GPUs, 0.0/17.7 GiB heap, 0.0/8.85 GiB objects (0.0/1.0 accelerator_type:G)
Result logdir: /workspace/MARLlib/runs/rware_mappo_gru_small_20m_tensorboard/mappo_gru_rware-small-4ag-v2
Number of trials: 1/1 (1 RUNNING)
+------------------------------------------------------+----------+-------------------+--------+------------------+-------------+----------+----------------------+----------------------+--------------------+
| Trial name                                           | status   | loc               |   iter |   total time (s) |          ts |   reward |   episode_reward_max |   episode_reward_min |   episode_len_mean |
|------------------------------------------------------+----------+-------------------+--------+------------------+-------------+----------+----------------------+----------------------+--------------------|
| MAPPOTrainer_rware_v2_rware-small-4ag-v2_56dd2_00000 | RUNNING  | 172.24.0.2:913168 |   1303 |          3737.67 | 2.60496e+07 |     3.63 |                    5 |                    1 |                500 |
+------------------------------------------------------+----------+-------------------+--------+------------------+-------------+----------+----------------------+----------------------+--------------------+


== Status ==
Current time: 2026-05-22 21:51:37 (running for 00:14:48.77)
Memory usage on this node: 62.7/251.6 GiB
Using FIFO scheduling algorithm.
Resources requested: 7.0/8 CPUs, 1.0/1 GPUs, 0.0/17.7 GiB heap, 0.0/8.85 GiB objects (0.0/1.0 accelerator_type:G)
Result logdir: /workspace/MARLlib/runs/rware_mappo_gru_small_20m_tensorboard/mappo_gru_rware-small-4ag-v2
Number of trials: 1/1 (1 RUNNING)
+------------------------------------------------------+----------+-------------------+--------+------------------+-------------+----------+----------------------+----------------------+--------------------+
| Trial name                                           | status   | loc               |   iter |   total time (s) |          ts |   reward |   episode_reward_max |   episode_reward_min |   episode_len_mean |
|------------------------------------------------------+----------+-------------------+--------+------------------+-------------+----------+----------------------+----------------------+--------------------|
| MAPPOTrainer_rware_v2_rware-small-4ag-v2_56dd2_00000 | RUNNING  | 172.24.0.2:913168 |   1305 |          3742.79 | 2.60896e+07 |     3.66 |                    6 |                    1 |                500 |
+------------------------------------------------------+----------+-------------------+--------+------------------+-------------+----------+----------------------+----------------------+--------------------+


== Status ==
Current time: 2026-05-22 21:51:43 (running for 00:14:54.08)
Memory usage on this node: 62.7/251.6 GiB
Using FIFO scheduling algorithm.
Resources requested: 7.0/8 CPUs, 1.0/1 GPUs, 0.0/17.7 GiB heap, 0.0/8.85 GiB objects (0.0/1.0 accelerator_type:G)
Result logdir: /workspace/MARLlib/runs/rware_mappo_gru_small_20m_tensorboard/mappo_gru_rware-small-4ag-v2
Number of trials: 1/1 (1 RUNNING)
+------------------------------------------------------+----------+-------------------+--------+------------------+-------------+----------+----------------------+----------------------+--------------------+
| Trial name                                           | status   | loc               |   iter |   total time (s) |          ts |   reward |   episode_reward_max |   episode_reward_min |   episode_len_mean |
|------------------------------------------------------+----------+-------------------+--------+------------------+-------------+----------+----------------------+----------------------+--------------------|
| MAPPOTrainer_rware_v2_rware-small-4ag-v2_56dd2_00000 | RUNNING  | 172.24.0.2:913168 |   1307 |          3748.04 | 2.61295e+07 |      3.6 |                    6 |                    1 |                500 |
+------------------------------------------------------+----------+-------------------+--------+------------------+-------------+----------+----------------------+----------------------+--------------------+


== Status ==
Current time: 2026-05-22 21:51:48 (running for 00:14:59.19)
Memory usage on this node: 62.7/251.6 GiB
Using FIFO scheduling algorithm.
Resources requested: 7.0/8 CPUs, 1.0/1 GPUs, 0.0/17.7 GiB heap, 0.0/8.85 GiB objects (0.0/1.0 accelerator_type:G)
Result logdir: /workspace/MARLlib/runs/rware_mappo_gru_small_20m_tensorboard/mappo_gru_rware-small-4ag-v2
Number of trials: 1/1 (1 RUNNING)
+------------------------------------------------------+----------+-------------------+--------+------------------+-------------+----------+----------------------+----------------------+--------------------+
| Trial name                                           | status   | loc               |   iter |   total time (s) |          ts |   reward |   episode_reward_max |   episode_reward_min |   episode_len_mean |
|------------------------------------------------------+----------+-------------------+--------+------------------+-------------+----------+----------------------+----------------------+--------------------|
| MAPPOTrainer_rware_v2_rware-small-4ag-v2_56dd2_00000 | RUNNING  | 172.24.0.2:913168 |   1309 |           3753.1 | 2.61695e+07 |      3.6 |                    6 |                    1 |                500 |
+------------------------------------------------------+----------+-------------------+--------+------------------+-------------+----------+----------------------+----------------------+--------------------+


== Status ==
Current time: 2026-05-22 21:51:53 (running for 00:15:04.37)
Memory usage on this node: 62.7/251.6 GiB
Using FIFO scheduling algorithm.
Resources requested: 7.0/8 CPUs, 1.0/1 GPUs, 0.0/17.7 GiB heap, 0.0/8.85 GiB objects (0.0/1.0 accelerator_type:G)
Result logdir: /workspace/MARLlib/runs/rware_mappo_gru_small_20m_tensorboard/mappo_gru_rware-small-4ag-v2
Number of trials: 1/1 (1 RUNNING)
+------------------------------------------------------+----------+-------------------+--------+------------------+-------------+----------+----------------------+----------------------+--------------------+
| Trial name                                           | status   | loc               |   iter |   total time (s) |          ts |   reward |   episode_reward_max |   episode_reward_min |   episode_len_mean |
|------------------------------------------------------+----------+-------------------+--------+------------------+-------------+----------+----------------------+----------------------+--------------------|
| MAPPOTrainer_rware_v2_rware-small-4ag-v2_56dd2_00000 | RUNNING  | 172.24.0.2:913168 |   1311 |          3758.23 | 2.62095e+07 |     3.57 |                    6 |                    0 |                500 |
+------------------------------------------------------+----------+-------------------+--------+------------------+-------------+----------+----------------------+----------------------+--------------------+


== Status ==
Current time: 2026-05-22 21:51:58 (running for 00:15:09.72)
Memory usage on this node: 62.7/251.6 GiB
Using FIFO scheduling algorithm.
Resources requested: 7.0/8 CPUs, 1.0/1 GPUs, 0.0/17.7 GiB heap, 0.0/8.85 GiB objects (0.0/1.0 accelerator_type:G)
Result logdir: /workspace/MARLlib/runs/rware_mappo_gru_small_20m_tensorboard/mappo_gru_rware-small-4ag-v2
Number of trials: 1/1 (1 RUNNING)
+------------------------------------------------------+----------+-------------------+--------+------------------+-------------+----------+----------------------+----------------------+--------------------+
| Trial name                                           | status   | loc               |   iter |   total time (s) |          ts |   reward |   episode_reward_max |   episode_reward_min |   episode_len_mean |
|------------------------------------------------------+----------+-------------------+--------+------------------+-------------+----------+----------------------+----------------------+--------------------|
| MAPPOTrainer_rware_v2_rware-small-4ag-v2_56dd2_00000 | RUNNING  | 172.24.0.2:913168 |   1313 |          3763.52 | 2.62495e+07 |     3.57 |                    6 |                    0 |                500 |
+------------------------------------------------------+----------+-------------------+--------+------------------+-------------+----------+----------------------+----------------------+--------------------+


== Status ==
Current time: 2026-05-22 21:52:04 (running for 00:15:14.99)
Memory usage on this node: 62.7/251.6 GiB
Using FIFO scheduling algorithm.
Resources requested: 7.0/8 CPUs, 1.0/1 GPUs, 0.0/17.7 GiB heap, 0.0/8.85 GiB objects (0.0/1.0 accelerator_type:G)
Result logdir: /workspace/MARLlib/runs/rware_mappo_gru_small_20m_tensorboard/mappo_gru_rware-small-4ag-v2
Number of trials: 1/1 (1 RUNNING)
+------------------------------------------------------+----------+-------------------+--------+------------------+-------------+----------+----------------------+----------------------+--------------------+
| Trial name                                           | status   | loc               |   iter |   total time (s) |          ts |   reward |   episode_reward_max |   episode_reward_min |   episode_len_mean |
|------------------------------------------------------+----------+-------------------+--------+------------------+-------------+----------+----------------------+----------------------+--------------------|
| MAPPOTrainer_rware_v2_rware-small-4ag-v2_56dd2_00000 | RUNNING  | 172.24.0.2:913168 |   1315 |          3768.72 | 2.62895e+07 |     3.55 |                    5 |                    0 |                500 |
+------------------------------------------------------+----------+-------------------+--------+------------------+-------------+----------+----------------------+----------------------+--------------------+


== Status ==
Current time: 2026-05-22 21:52:09 (running for 00:15:20.22)
Memory usage on this node: 62.7/251.6 GiB
Using FIFO scheduling algorithm.
Resources requested: 7.0/8 CPUs, 1.0/1 GPUs, 0.0/17.7 GiB heap, 0.0/8.85 GiB objects (0.0/1.0 accelerator_type:G)
Result logdir: /workspace/MARLlib/runs/rware_mappo_gru_small_20m_tensorboard/mappo_gru_rware-small-4ag-v2
Number of trials: 1/1 (1 RUNNING)
+------------------------------------------------------+----------+-------------------+--------+------------------+-------------+----------+----------------------+----------------------+--------------------+
| Trial name                                           | status   | loc               |   iter |   total time (s) |          ts |   reward |   episode_reward_max |   episode_reward_min |   episode_len_mean |
|------------------------------------------------------+----------+-------------------+--------+------------------+-------------+----------+----------------------+----------------------+--------------------|
| MAPPOTrainer_rware_v2_rware-small-4ag-v2_56dd2_00000 | RUNNING  | 172.24.0.2:913168 |   1317 |          3773.88 | 2.63295e+07 |     3.68 |                    5 |                    0 |                500 |
+------------------------------------------------------+----------+-------------------+--------+------------------+-------------+----------+----------------------+----------------------+--------------------+


== Status ==
Current time: 2026-05-22 21:52:14 (running for 00:15:25.45)
Memory usage on this node: 62.7/251.6 GiB
Using FIFO scheduling algorithm.
Resources requested: 7.0/8 CPUs, 1.0/1 GPUs, 0.0/17.7 GiB heap, 0.0/8.85 GiB objects (0.0/1.0 accelerator_type:G)
Result logdir: /workspace/MARLlib/runs/rware_mappo_gru_small_20m_tensorboard/mappo_gru_rware-small-4ag-v2
Number of trials: 1/1 (1 RUNNING)
+------------------------------------------------------+----------+-------------------+--------+------------------+-------------+----------+----------------------+----------------------+--------------------+
| Trial name                                           | status   | loc               |   iter |   total time (s) |          ts |   reward |   episode_reward_max |   episode_reward_min |   episode_len_mean |
|------------------------------------------------------+----------+-------------------+--------+------------------+-------------+----------+----------------------+----------------------+--------------------|
| MAPPOTrainer_rware_v2_rware-small-4ag-v2_56dd2_00000 | RUNNING  | 172.24.0.2:913168 |   1319 |          3779.06 | 2.63694e+07 |     3.69 |                    6 |                    0 |                500 |
+------------------------------------------------------+----------+-------------------+--------+------------------+-------------+----------+----------------------+----------------------+--------------------+


== Status ==
Current time: 2026-05-22 21:52:19 (running for 00:15:30.63)
Memory usage on this node: 62.7/251.6 GiB
Using FIFO scheduling algorithm.
Resources requested: 7.0/8 CPUs, 1.0/1 GPUs, 0.0/17.7 GiB heap, 0.0/8.85 GiB objects (0.0/1.0 accelerator_type:G)
Result logdir: /workspace/MARLlib/runs/rware_mappo_gru_small_20m_tensorboard/mappo_gru_rware-small-4ag-v2
Number of trials: 1/1 (1 RUNNING)
+------------------------------------------------------+----------+-------------------+--------+------------------+-------------+----------+----------------------+----------------------+--------------------+
| Trial name                                           | status   | loc               |   iter |   total time (s) |          ts |   reward |   episode_reward_max |   episode_reward_min |   episode_len_mean |
|------------------------------------------------------+----------+-------------------+--------+------------------+-------------+----------+----------------------+----------------------+--------------------|
| MAPPOTrainer_rware_v2_rware-small-4ag-v2_56dd2_00000 | RUNNING  | 172.24.0.2:913168 |   1321 |          3784.18 | 2.64094e+07 |     3.59 |                    6 |                    1 |                500 |
+------------------------------------------------------+----------+-------------------+--------+------------------+-------------+----------+----------------------+----------------------+--------------------+


== Status ==
Current time: 2026-05-22 21:52:24 (running for 00:15:35.67)
Memory usage on this node: 62.7/251.6 GiB
Using FIFO scheduling algorithm.
Resources requested: 7.0/8 CPUs, 1.0/1 GPUs, 0.0/17.7 GiB heap, 0.0/8.85 GiB objects (0.0/1.0 accelerator_type:G)
Result logdir: /workspace/MARLlib/runs/rware_mappo_gru_small_20m_tensorboard/mappo_gru_rware-small-4ag-v2
Number of trials: 1/1 (1 RUNNING)
+------------------------------------------------------+----------+-------------------+--------+------------------+-------------+----------+----------------------+----------------------+--------------------+
| Trial name                                           | status   | loc               |   iter |   total time (s) |          ts |   reward |   episode_reward_max |   episode_reward_min |   episode_len_mean |
|------------------------------------------------------+----------+-------------------+--------+------------------+-------------+----------+----------------------+----------------------+--------------------|
| MAPPOTrainer_rware_v2_rware-small-4ag-v2_56dd2_00000 | RUNNING  | 172.24.0.2:913168 |   1323 |          3789.15 | 2.64494e+07 |     3.57 |                    6 |                    1 |                500 |
+------------------------------------------------------+----------+-------------------+--------+------------------+-------------+----------+----------------------+----------------------+--------------------+


== Status ==
Current time: 2026-05-22 21:52:30 (running for 00:15:40.85)
Memory usage on this node: 62.7/251.6 GiB
Using FIFO scheduling algorithm.
Resources requested: 7.0/8 CPUs, 1.0/1 GPUs, 0.0/17.7 GiB heap, 0.0/8.85 GiB objects (0.0/1.0 accelerator_type:G)
Result logdir: /workspace/MARLlib/runs/rware_mappo_gru_small_20m_tensorboard/mappo_gru_rware-small-4ag-v2
Number of trials: 1/1 (1 RUNNING)
+------------------------------------------------------+----------+-------------------+--------+------------------+-------------+----------+----------------------+----------------------+--------------------+
| Trial name                                           | status   | loc               |   iter |   total time (s) |          ts |   reward |   episode_reward_max |   episode_reward_min |   episode_len_mean |
|------------------------------------------------------+----------+-------------------+--------+------------------+-------------+----------+----------------------+----------------------+--------------------|
| MAPPOTrainer_rware_v2_rware-small-4ag-v2_56dd2_00000 | RUNNING  | 172.24.0.2:913168 |   1325 |          3794.28 | 2.64894e+07 |     3.58 |                    6 |                    1 |                500 |
+------------------------------------------------------+----------+-------------------+--------+------------------+-------------+----------+----------------------+----------------------+--------------------+


== Status ==
Current time: 2026-05-22 21:52:35 (running for 00:15:46.12)
Memory usage on this node: 62.7/251.6 GiB
Using FIFO scheduling algorithm.
Resources requested: 7.0/8 CPUs, 1.0/1 GPUs, 0.0/17.7 GiB heap, 0.0/8.85 GiB objects (0.0/1.0 accelerator_type:G)
Result logdir: /workspace/MARLlib/runs/rware_mappo_gru_small_20m_tensorboard/mappo_gru_rware-small-4ag-v2
Number of trials: 1/1 (1 RUNNING)
+------------------------------------------------------+----------+-------------------+--------+------------------+-------------+----------+----------------------+----------------------+--------------------+
| Trial name                                           | status   | loc               |   iter |   total time (s) |          ts |   reward |   episode_reward_max |   episode_reward_min |   episode_len_mean |
|------------------------------------------------------+----------+-------------------+--------+------------------+-------------+----------+----------------------+----------------------+--------------------|
| MAPPOTrainer_rware_v2_rware-small-4ag-v2_56dd2_00000 | RUNNING  | 172.24.0.2:913168 |   1327 |          3799.49 | 2.65294e+07 |     3.57 |                    6 |                    1 |                500 |
+------------------------------------------------------+----------+-------------------+--------+------------------+-------------+----------+----------------------+----------------------+--------------------+


== Status ==
Current time: 2026-05-22 21:52:40 (running for 00:15:51.24)
Memory usage on this node: 62.7/251.6 GiB
Using FIFO scheduling algorithm.
Resources requested: 7.0/8 CPUs, 1.0/1 GPUs, 0.0/17.7 GiB heap, 0.0/8.85 GiB objects (0.0/1.0 accelerator_type:G)
Result logdir: /workspace/MARLlib/runs/rware_mappo_gru_small_20m_tensorboard/mappo_gru_rware-small-4ag-v2
Number of trials: 1/1 (1 RUNNING)
+------------------------------------------------------+----------+-------------------+--------+------------------+-------------+----------+----------------------+----------------------+--------------------+
| Trial name                                           | status   | loc               |   iter |   total time (s) |          ts |   reward |   episode_reward_max |   episode_reward_min |   episode_len_mean |
|------------------------------------------------------+----------+-------------------+--------+------------------+-------------+----------+----------------------+----------------------+--------------------|
| MAPPOTrainer_rware_v2_rware-small-4ag-v2_56dd2_00000 | RUNNING  | 172.24.0.2:913168 |   1329 |          3804.55 | 2.65694e+07 |     3.54 |                    6 |                    0 |                500 |
+------------------------------------------------------+----------+-------------------+--------+------------------+-------------+----------+----------------------+----------------------+--------------------+


== Status ==
Current time: 2026-05-22 21:52:45 (running for 00:15:56.45)
Memory usage on this node: 62.7/251.6 GiB
Using FIFO scheduling algorithm.
Resources requested: 7.0/8 CPUs, 1.0/1 GPUs, 0.0/17.7 GiB heap, 0.0/8.85 GiB objects (0.0/1.0 accelerator_type:G)
Result logdir: /workspace/MARLlib/runs/rware_mappo_gru_small_20m_tensorboard/mappo_gru_rware-small-4ag-v2
Number of trials: 1/1 (1 RUNNING)
+------------------------------------------------------+----------+-------------------+--------+------------------+-------------+----------+----------------------+----------------------+--------------------+
| Trial name                                           | status   | loc               |   iter |   total time (s) |          ts |   reward |   episode_reward_max |   episode_reward_min |   episode_len_mean |
|------------------------------------------------------+----------+-------------------+--------+------------------+-------------+----------+----------------------+----------------------+--------------------|
| MAPPOTrainer_rware_v2_rware-small-4ag-v2_56dd2_00000 | RUNNING  | 172.24.0.2:913168 |   1331 |           3809.7 | 2.66094e+07 |     3.52 |                    6 |                    0 |                500 |
+------------------------------------------------------+----------+-------------------+--------+------------------+-------------+----------+----------------------+----------------------+--------------------+


== Status ==
Current time: 2026-05-22 21:52:50 (running for 00:16:01.62)
Memory usage on this node: 62.7/251.6 GiB
Using FIFO scheduling algorithm.
Resources requested: 7.0/8 CPUs, 1.0/1 GPUs, 0.0/17.7 GiB heap, 0.0/8.85 GiB objects (0.0/1.0 accelerator_type:G)
Result logdir: /workspace/MARLlib/runs/rware_mappo_gru_small_20m_tensorboard/mappo_gru_rware-small-4ag-v2
Number of trials: 1/1 (1 RUNNING)
+------------------------------------------------------+----------+-------------------+--------+------------------+-------------+----------+----------------------+----------------------+--------------------+
| Trial name                                           | status   | loc               |   iter |   total time (s) |          ts |   reward |   episode_reward_max |   episode_reward_min |   episode_len_mean |
|------------------------------------------------------+----------+-------------------+--------+------------------+-------------+----------+----------------------+----------------------+--------------------|
| MAPPOTrainer_rware_v2_rware-small-4ag-v2_56dd2_00000 | RUNNING  | 172.24.0.2:913168 |   1333 |           3814.8 | 2.66493e+07 |     3.56 |                    6 |                    0 |                500 |
+------------------------------------------------------+----------+-------------------+--------+------------------+-------------+----------+----------------------+----------------------+--------------------+


== Status ==
Current time: 2026-05-22 21:52:55 (running for 00:16:06.74)
Memory usage on this node: 62.7/251.6 GiB
Using FIFO scheduling algorithm.
Resources requested: 7.0/8 CPUs, 1.0/1 GPUs, 0.0/17.7 GiB heap, 0.0/8.85 GiB objects (0.0/1.0 accelerator_type:G)
Result logdir: /workspace/MARLlib/runs/rware_mappo_gru_small_20m_tensorboard/mappo_gru_rware-small-4ag-v2
Number of trials: 1/1 (1 RUNNING)
+------------------------------------------------------+----------+-------------------+--------+------------------+-------------+----------+----------------------+----------------------+--------------------+
| Trial name                                           | status   | loc               |   iter |   total time (s) |          ts |   reward |   episode_reward_max |   episode_reward_min |   episode_len_mean |
|------------------------------------------------------+----------+-------------------+--------+------------------+-------------+----------+----------------------+----------------------+--------------------|
| MAPPOTrainer_rware_v2_rware-small-4ag-v2_56dd2_00000 | RUNNING  | 172.24.0.2:913168 |   1335 |          3819.87 | 2.66893e+07 |     3.55 |                    6 |                    0 |                500 |
+------------------------------------------------------+----------+-------------------+--------+------------------+-------------+----------+----------------------+----------------------+--------------------+


== Status ==
Current time: 2026-05-22 21:53:01 (running for 00:16:11.96)
Memory usage on this node: 62.7/251.6 GiB
Using FIFO scheduling algorithm.
Resources requested: 7.0/8 CPUs, 1.0/1 GPUs, 0.0/17.7 GiB heap, 0.0/8.85 GiB objects (0.0/1.0 accelerator_type:G)
Result logdir: /workspace/MARLlib/runs/rware_mappo_gru_small_20m_tensorboard/mappo_gru_rware-small-4ag-v2
Number of trials: 1/1 (1 RUNNING)
+------------------------------------------------------+----------+-------------------+--------+------------------+-------------+----------+----------------------+----------------------+--------------------+
| Trial name                                           | status   | loc               |   iter |   total time (s) |          ts |   reward |   episode_reward_max |   episode_reward_min |   episode_len_mean |
|------------------------------------------------------+----------+-------------------+--------+------------------+-------------+----------+----------------------+----------------------+--------------------|
| MAPPOTrainer_rware_v2_rware-small-4ag-v2_56dd2_00000 | RUNNING  | 172.24.0.2:913168 |   1337 |          3825.02 | 2.67293e+07 |     3.51 |                    6 |                    0 |                500 |
+------------------------------------------------------+----------+-------------------+--------+------------------+-------------+----------+----------------------+----------------------+--------------------+


== Status ==
Current time: 2026-05-22 21:53:06 (running for 00:16:17.16)
Memory usage on this node: 62.7/251.6 GiB
Using FIFO scheduling algorithm.
Resources requested: 7.0/8 CPUs, 1.0/1 GPUs, 0.0/17.7 GiB heap, 0.0/8.85 GiB objects (0.0/1.0 accelerator_type:G)
Result logdir: /workspace/MARLlib/runs/rware_mappo_gru_small_20m_tensorboard/mappo_gru_rware-small-4ag-v2
Number of trials: 1/1 (1 RUNNING)
+------------------------------------------------------+----------+-------------------+--------+------------------+-------------+----------+----------------------+----------------------+--------------------+
| Trial name                                           | status   | loc               |   iter |   total time (s) |          ts |   reward |   episode_reward_max |   episode_reward_min |   episode_len_mean |
|------------------------------------------------------+----------+-------------------+--------+------------------+-------------+----------+----------------------+----------------------+--------------------|
| MAPPOTrainer_rware_v2_rware-small-4ag-v2_56dd2_00000 | RUNNING  | 172.24.0.2:913168 |   1339 |          3830.16 | 2.67693e+07 |     3.56 |                    6 |                    0 |                500 |
+------------------------------------------------------+----------+-------------------+--------+------------------+-------------+----------+----------------------+----------------------+--------------------+


== Status ==
Current time: 2026-05-22 21:53:11 (running for 00:16:22.26)
Memory usage on this node: 62.7/251.6 GiB
Using FIFO scheduling algorithm.
Resources requested: 7.0/8 CPUs, 1.0/1 GPUs, 0.0/17.7 GiB heap, 0.0/8.85 GiB objects (0.0/1.0 accelerator_type:G)
Result logdir: /workspace/MARLlib/runs/rware_mappo_gru_small_20m_tensorboard/mappo_gru_rware-small-4ag-v2
Number of trials: 1/1 (1 RUNNING)
+------------------------------------------------------+----------+-------------------+--------+------------------+-------------+----------+----------------------+----------------------+--------------------+
| Trial name                                           | status   | loc               |   iter |   total time (s) |          ts |   reward |   episode_reward_max |   episode_reward_min |   episode_len_mean |
|------------------------------------------------------+----------+-------------------+--------+------------------+-------------+----------+----------------------+----------------------+--------------------|
| MAPPOTrainer_rware_v2_rware-small-4ag-v2_56dd2_00000 | RUNNING  | 172.24.0.2:913168 |   1341 |           3835.2 | 2.68093e+07 |     3.67 |                    6 |                    1 |                500 |
+------------------------------------------------------+----------+-------------------+--------+------------------+-------------+----------+----------------------+----------------------+--------------------+


== Status ==
Current time: 2026-05-22 21:53:16 (running for 00:16:27.45)
Memory usage on this node: 62.7/251.6 GiB
Using FIFO scheduling algorithm.
Resources requested: 7.0/8 CPUs, 1.0/1 GPUs, 0.0/17.7 GiB heap, 0.0/8.85 GiB objects (0.0/1.0 accelerator_type:G)
Result logdir: /workspace/MARLlib/runs/rware_mappo_gru_small_20m_tensorboard/mappo_gru_rware-small-4ag-v2
Number of trials: 1/1 (1 RUNNING)
+------------------------------------------------------+----------+-------------------+--------+------------------+-------------+----------+----------------------+----------------------+--------------------+
| Trial name                                           | status   | loc               |   iter |   total time (s) |          ts |   reward |   episode_reward_max |   episode_reward_min |   episode_len_mean |
|------------------------------------------------------+----------+-------------------+--------+------------------+-------------+----------+----------------------+----------------------+--------------------|
| MAPPOTrainer_rware_v2_rware-small-4ag-v2_56dd2_00000 | RUNNING  | 172.24.0.2:913168 |   1343 |          3840.33 | 2.68493e+07 |      3.6 |                    5 |                    1 |                500 |
+------------------------------------------------------+----------+-------------------+--------+------------------+-------------+----------+----------------------+----------------------+--------------------+


== Status ==
Current time: 2026-05-22 21:53:21 (running for 00:16:32.74)
Memory usage on this node: 62.7/251.6 GiB
Using FIFO scheduling algorithm.
Resources requested: 7.0/8 CPUs, 1.0/1 GPUs, 0.0/17.7 GiB heap, 0.0/8.85 GiB objects (0.0/1.0 accelerator_type:G)
Result logdir: /workspace/MARLlib/runs/rware_mappo_gru_small_20m_tensorboard/mappo_gru_rware-small-4ag-v2
Number of trials: 1/1 (1 RUNNING)
+------------------------------------------------------+----------+-------------------+--------+------------------+-------------+----------+----------------------+----------------------+--------------------+
| Trial name                                           | status   | loc               |   iter |   total time (s) |          ts |   reward |   episode_reward_max |   episode_reward_min |   episode_len_mean |
|------------------------------------------------------+----------+-------------------+--------+------------------+-------------+----------+----------------------+----------------------+--------------------|
| MAPPOTrainer_rware_v2_rware-small-4ag-v2_56dd2_00000 | RUNNING  | 172.24.0.2:913168 |   1345 |          3845.57 | 2.68892e+07 |     3.61 |                    5 |                    1 |                500 |
+------------------------------------------------------+----------+-------------------+--------+------------------+-------------+----------+----------------------+----------------------+--------------------+


== Status ==
Current time: 2026-05-22 21:53:27 (running for 00:16:37.89)
Memory usage on this node: 62.7/251.6 GiB
Using FIFO scheduling algorithm.
Resources requested: 7.0/8 CPUs, 1.0/1 GPUs, 0.0/17.7 GiB heap, 0.0/8.85 GiB objects (0.0/1.0 accelerator_type:G)
Result logdir: /workspace/MARLlib/runs/rware_mappo_gru_small_20m_tensorboard/mappo_gru_rware-small-4ag-v2
Number of trials: 1/1 (1 RUNNING)
+------------------------------------------------------+----------+-------------------+--------+------------------+-------------+----------+----------------------+----------------------+--------------------+
| Trial name                                           | status   | loc               |   iter |   total time (s) |          ts |   reward |   episode_reward_max |   episode_reward_min |   episode_len_mean |
|------------------------------------------------------+----------+-------------------+--------+------------------+-------------+----------+----------------------+----------------------+--------------------|
| MAPPOTrainer_rware_v2_rware-small-4ag-v2_56dd2_00000 | RUNNING  | 172.24.0.2:913168 |   1347 |          3850.65 | 2.69292e+07 |      3.7 |                    5 |                    1 |                500 |
+------------------------------------------------------+----------+-------------------+--------+------------------+-------------+----------+----------------------+----------------------+--------------------+


== Status ==
Current time: 2026-05-22 21:53:32 (running for 00:16:43.00)
Memory usage on this node: 62.7/251.6 GiB
Using FIFO scheduling algorithm.
Resources requested: 7.0/8 CPUs, 1.0/1 GPUs, 0.0/17.7 GiB heap, 0.0/8.85 GiB objects (0.0/1.0 accelerator_type:G)
Result logdir: /workspace/MARLlib/runs/rware_mappo_gru_small_20m_tensorboard/mappo_gru_rware-small-4ag-v2
Number of trials: 1/1 (1 RUNNING)
+------------------------------------------------------+----------+-------------------+--------+------------------+-------------+----------+----------------------+----------------------+--------------------+
| Trial name                                           | status   | loc               |   iter |   total time (s) |          ts |   reward |   episode_reward_max |   episode_reward_min |   episode_len_mean |
|------------------------------------------------------+----------+-------------------+--------+------------------+-------------+----------+----------------------+----------------------+--------------------|
| MAPPOTrainer_rware_v2_rware-small-4ag-v2_56dd2_00000 | RUNNING  | 172.24.0.2:913168 |   1349 |          3855.71 | 2.69692e+07 |     3.73 |                    5 |                    1 |                500 |
+------------------------------------------------------+----------+-------------------+--------+------------------+-------------+----------+----------------------+----------------------+--------------------+


== Status ==
Current time: 2026-05-22 21:53:37 (running for 00:16:48.01)
Memory usage on this node: 62.7/251.6 GiB
Using FIFO scheduling algorithm.
Resources requested: 7.0/8 CPUs, 1.0/1 GPUs, 0.0/17.7 GiB heap, 0.0/8.85 GiB objects (0.0/1.0 accelerator_type:G)
Result logdir: /workspace/MARLlib/runs/rware_mappo_gru_small_20m_tensorboard/mappo_gru_rware-small-4ag-v2
Number of trials: 1/1 (1 RUNNING)
+------------------------------------------------------+----------+-------------------+--------+------------------+-------------+----------+----------------------+----------------------+--------------------+
| Trial name                                           | status   | loc               |   iter |   total time (s) |          ts |   reward |   episode_reward_max |   episode_reward_min |   episode_len_mean |
|------------------------------------------------------+----------+-------------------+--------+------------------+-------------+----------+----------------------+----------------------+--------------------|
| MAPPOTrainer_rware_v2_rware-small-4ag-v2_56dd2_00000 | RUNNING  | 172.24.0.2:913168 |   1349 |          3855.71 | 2.69692e+07 |     3.73 |                    5 |                    1 |                500 |
+------------------------------------------------------+----------+-------------------+--------+------------------+-------------+----------+----------------------+----------------------+--------------------+


== Status ==
Current time: 2026-05-22 21:53:42 (running for 00:16:53.02)
Memory usage on this node: 62.7/251.6 GiB
Using FIFO scheduling algorithm.
Resources requested: 7.0/8 CPUs, 1.0/1 GPUs, 0.0/17.7 GiB heap, 0.0/8.85 GiB objects (0.0/1.0 accelerator_type:G)
Result logdir: /workspace/MARLlib/runs/rware_mappo_gru_small_20m_tensorboard/mappo_gru_rware-small-4ag-v2
Number of trials: 1/1 (1 RUNNING)
+------------------------------------------------------+----------+-------------------+--------+------------------+-------------+----------+----------------------+----------------------+--------------------+
| Trial name                                           | status   | loc               |   iter |   total time (s) |          ts |   reward |   episode_reward_max |   episode_reward_min |   episode_len_mean |
|------------------------------------------------------+----------+-------------------+--------+------------------+-------------+----------+----------------------+----------------------+--------------------|
| MAPPOTrainer_rware_v2_rware-small-4ag-v2_56dd2_00000 | RUNNING  | 172.24.0.2:913168 |   1349 |          3855.71 | 2.69692e+07 |     3.73 |                    5 |                    1 |                500 |
+------------------------------------------------------+----------+-------------------+--------+------------------+-------------+----------+----------------------+----------------------+--------------------+


== Status ==
Current time: 2026-05-22 21:53:47 (running for 00:16:58.02)
Memory usage on this node: 62.7/251.6 GiB
Using FIFO scheduling algorithm.
Resources requested: 7.0/8 CPUs, 1.0/1 GPUs, 0.0/17.7 GiB heap, 0.0/8.85 GiB objects (0.0/1.0 accelerator_type:G)
Result logdir: /workspace/MARLlib/runs/rware_mappo_gru_small_20m_tensorboard/mappo_gru_rware-small-4ag-v2
Number of trials: 1/1 (1 RUNNING)
+------------------------------------------------------+----------+-------------------+--------+------------------+-------------+----------+----------------------+----------------------+--------------------+
| Trial name                                           | status   | loc               |   iter |   total time (s) |          ts |   reward |   episode_reward_max |   episode_reward_min |   episode_len_mean |
|------------------------------------------------------+----------+-------------------+--------+------------------+-------------+----------+----------------------+----------------------+--------------------|
| MAPPOTrainer_rware_v2_rware-small-4ag-v2_56dd2_00000 | RUNNING  | 172.24.0.2:913168 |   1349 |          3855.71 | 2.69692e+07 |     3.73 |                    5 |                    1 |                500 |
+------------------------------------------------------+----------+-------------------+--------+------------------+-------------+----------+----------------------+----------------------+--------------------+


== Status ==
Current time: 2026-05-22 21:53:52 (running for 00:17:03.20)
Memory usage on this node: 62.7/251.6 GiB
Using FIFO scheduling algorithm.
Resources requested: 7.0/8 CPUs, 1.0/1 GPUs, 0.0/17.7 GiB heap, 0.0/8.85 GiB objects (0.0/1.0 accelerator_type:G)
Result logdir: /workspace/MARLlib/runs/rware_mappo_gru_small_20m_tensorboard/mappo_gru_rware-small-4ag-v2
Number of trials: 1/1 (1 RUNNING)
+------------------------------------------------------+----------+-------------------+--------+------------------+-------------+----------+----------------------+----------------------+--------------------+
| Trial name                                           | status   | loc               |   iter |   total time (s) |          ts |   reward |   episode_reward_max |   episode_reward_min |   episode_len_mean |
|------------------------------------------------------+----------+-------------------+--------+------------------+-------------+----------+----------------------+----------------------+--------------------|
| MAPPOTrainer_rware_v2_rware-small-4ag-v2_56dd2_00000 | RUNNING  | 172.24.0.2:913168 |   1352 |          3875.82 | 2.70292e+07 |     3.74 |                    6 |                    1 |                500 |
+------------------------------------------------------+----------+-------------------+--------+------------------+-------------+----------+----------------------+----------------------+--------------------+


== Status ==
Current time: 2026-05-22 21:53:57 (running for 00:17:08.40)
Memory usage on this node: 62.7/251.6 GiB
Using FIFO scheduling algorithm.
Resources requested: 7.0/8 CPUs, 1.0/1 GPUs, 0.0/17.7 GiB heap, 0.0/8.85 GiB objects (0.0/1.0 accelerator_type:G)
Result logdir: /workspace/MARLlib/runs/rware_mappo_gru_small_20m_tensorboard/mappo_gru_rware-small-4ag-v2
Number of trials: 1/1 (1 RUNNING)
+------------------------------------------------------+----------+-------------------+--------+------------------+-------------+----------+----------------------+----------------------+--------------------+
| Trial name                                           | status   | loc               |   iter |   total time (s) |          ts |   reward |   episode_reward_max |   episode_reward_min |   episode_len_mean |
|------------------------------------------------------+----------+-------------------+--------+------------------+-------------+----------+----------------------+----------------------+--------------------|
| MAPPOTrainer_rware_v2_rware-small-4ag-v2_56dd2_00000 | RUNNING  | 172.24.0.2:913168 |   1354 |          3880.95 | 2.70692e+07 |     3.79 |                    6 |                    0 |                500 |
+------------------------------------------------------+----------+-------------------+--------+------------------+-------------+----------+----------------------+----------------------+--------------------+


== Status ==
Current time: 2026-05-22 21:54:02 (running for 00:17:13.63)
Memory usage on this node: 62.7/251.6 GiB
Using FIFO scheduling algorithm.
Resources requested: 7.0/8 CPUs, 1.0/1 GPUs, 0.0/17.7 GiB heap, 0.0/8.85 GiB objects (0.0/1.0 accelerator_type:G)
Result logdir: /workspace/MARLlib/runs/rware_mappo_gru_small_20m_tensorboard/mappo_gru_rware-small-4ag-v2
Number of trials: 1/1 (1 RUNNING)
+------------------------------------------------------+----------+-------------------+--------+------------------+-------------+----------+----------------------+----------------------+--------------------+
| Trial name                                           | status   | loc               |   iter |   total time (s) |          ts |   reward |   episode_reward_max |   episode_reward_min |   episode_len_mean |
|------------------------------------------------------+----------+-------------------+--------+------------------+-------------+----------+----------------------+----------------------+--------------------|
| MAPPOTrainer_rware_v2_rware-small-4ag-v2_56dd2_00000 | RUNNING  | 172.24.0.2:913168 |   1356 |          3886.12 | 2.71092e+07 |     3.76 |                    6 |                    0 |                500 |
+------------------------------------------------------+----------+-------------------+--------+------------------+-------------+----------+----------------------+----------------------+--------------------+


== Status ==
Current time: 2026-05-22 21:54:07 (running for 00:17:18.70)
Memory usage on this node: 62.7/251.6 GiB
Using FIFO scheduling algorithm.
Resources requested: 7.0/8 CPUs, 1.0/1 GPUs, 0.0/17.7 GiB heap, 0.0/8.85 GiB objects (0.0/1.0 accelerator_type:G)
Result logdir: /workspace/MARLlib/runs/rware_mappo_gru_small_20m_tensorboard/mappo_gru_rware-small-4ag-v2
Number of trials: 1/1 (1 RUNNING)
+------------------------------------------------------+----------+-------------------+--------+------------------+-------------+----------+----------------------+----------------------+--------------------+
| Trial name                                           | status   | loc               |   iter |   total time (s) |          ts |   reward |   episode_reward_max |   episode_reward_min |   episode_len_mean |
|------------------------------------------------------+----------+-------------------+--------+------------------+-------------+----------+----------------------+----------------------+--------------------|
| MAPPOTrainer_rware_v2_rware-small-4ag-v2_56dd2_00000 | RUNNING  | 172.24.0.2:913168 |   1358 |          3891.13 | 2.71491e+07 |     3.73 |                    6 |                    0 |                500 |
+------------------------------------------------------+----------+-------------------+--------+------------------+-------------+----------+----------------------+----------------------+--------------------+


== Status ==
Current time: 2026-05-22 21:54:13 (running for 00:17:23.89)
Memory usage on this node: 62.7/251.6 GiB
Using FIFO scheduling algorithm.
Resources requested: 7.0/8 CPUs, 1.0/1 GPUs, 0.0/17.7 GiB heap, 0.0/8.85 GiB objects (0.0/1.0 accelerator_type:G)
Result logdir: /workspace/MARLlib/runs/rware_mappo_gru_small_20m_tensorboard/mappo_gru_rware-small-4ag-v2
Number of trials: 1/1 (1 RUNNING)
+------------------------------------------------------+----------+-------------------+--------+------------------+-------------+----------+----------------------+----------------------+--------------------+
| Trial name                                           | status   | loc               |   iter |   total time (s) |          ts |   reward |   episode_reward_max |   episode_reward_min |   episode_len_mean |
|------------------------------------------------------+----------+-------------------+--------+------------------+-------------+----------+----------------------+----------------------+--------------------|
| MAPPOTrainer_rware_v2_rware-small-4ag-v2_56dd2_00000 | RUNNING  | 172.24.0.2:913168 |   1360 |          3896.26 | 2.71891e+07 |     3.78 |                    7 |                    0 |                500 |
+------------------------------------------------------+----------+-------------------+--------+------------------+-------------+----------+----------------------+----------------------+--------------------+


== Status ==
Current time: 2026-05-22 21:54:18 (running for 00:17:29.04)
Memory usage on this node: 62.7/251.6 GiB
Using FIFO scheduling algorithm.
Resources requested: 7.0/8 CPUs, 1.0/1 GPUs, 0.0/17.7 GiB heap, 0.0/8.85 GiB objects (0.0/1.0 accelerator_type:G)
Result logdir: /workspace/MARLlib/runs/rware_mappo_gru_small_20m_tensorboard/mappo_gru_rware-small-4ag-v2
Number of trials: 1/1 (1 RUNNING)
+------------------------------------------------------+----------+-------------------+--------+------------------+-------------+----------+----------------------+----------------------+--------------------+
| Trial name                                           | status   | loc               |   iter |   total time (s) |          ts |   reward |   episode_reward_max |   episode_reward_min |   episode_len_mean |
|------------------------------------------------------+----------+-------------------+--------+------------------+-------------+----------+----------------------+----------------------+--------------------|
| MAPPOTrainer_rware_v2_rware-small-4ag-v2_56dd2_00000 | RUNNING  | 172.24.0.2:913168 |   1362 |          3901.35 | 2.72291e+07 |      3.8 |                    7 |                    0 |                500 |
+------------------------------------------------------+----------+-------------------+--------+------------------+-------------+----------+----------------------+----------------------+--------------------+


== Status ==
Current time: 2026-05-22 21:54:23 (running for 00:17:34.09)
Memory usage on this node: 62.7/251.6 GiB
Using FIFO scheduling algorithm.
Resources requested: 7.0/8 CPUs, 1.0/1 GPUs, 0.0/17.7 GiB heap, 0.0/8.85 GiB objects (0.0/1.0 accelerator_type:G)
Result logdir: /workspace/MARLlib/runs/rware_mappo_gru_small_20m_tensorboard/mappo_gru_rware-small-4ag-v2
Number of trials: 1/1 (1 RUNNING)
+------------------------------------------------------+----------+-------------------+--------+------------------+-------------+----------+----------------------+----------------------+--------------------+
| Trial name                                           | status   | loc               |   iter |   total time (s) |          ts |   reward |   episode_reward_max |   episode_reward_min |   episode_len_mean |
|------------------------------------------------------+----------+-------------------+--------+------------------+-------------+----------+----------------------+----------------------+--------------------|
| MAPPOTrainer_rware_v2_rware-small-4ag-v2_56dd2_00000 | RUNNING  | 172.24.0.2:913168 |   1364 |          3906.34 | 2.72691e+07 |     3.86 |                    7 |                    0 |                500 |
+------------------------------------------------------+----------+-------------------+--------+------------------+-------------+----------+----------------------+----------------------+--------------------+


== Status ==
Current time: 2026-05-22 21:54:28 (running for 00:17:39.33)
Memory usage on this node: 62.7/251.6 GiB
Using FIFO scheduling algorithm.
Resources requested: 7.0/8 CPUs, 1.0/1 GPUs, 0.0/17.7 GiB heap, 0.0/8.85 GiB objects (0.0/1.0 accelerator_type:G)
Result logdir: /workspace/MARLlib/runs/rware_mappo_gru_small_20m_tensorboard/mappo_gru_rware-small-4ag-v2
Number of trials: 1/1 (1 RUNNING)
+------------------------------------------------------+----------+-------------------+--------+------------------+-------------+----------+----------------------+----------------------+--------------------+
| Trial name                                           | status   | loc               |   iter |   total time (s) |          ts |   reward |   episode_reward_max |   episode_reward_min |   episode_len_mean |
|------------------------------------------------------+----------+-------------------+--------+------------------+-------------+----------+----------------------+----------------------+--------------------|
| MAPPOTrainer_rware_v2_rware-small-4ag-v2_56dd2_00000 | RUNNING  | 172.24.0.2:913168 |   1366 |          3911.51 | 2.73091e+07 |     3.92 |                    7 |                    2 |                500 |
+------------------------------------------------------+----------+-------------------+--------+------------------+-------------+----------+----------------------+----------------------+--------------------+


== Status ==
Current time: 2026-05-22 21:54:33 (running for 00:17:44.63)
Memory usage on this node: 62.7/251.6 GiB
Using FIFO scheduling algorithm.
Resources requested: 7.0/8 CPUs, 1.0/1 GPUs, 0.0/17.7 GiB heap, 0.0/8.85 GiB objects (0.0/1.0 accelerator_type:G)
Result logdir: /workspace/MARLlib/runs/rware_mappo_gru_small_20m_tensorboard/mappo_gru_rware-small-4ag-v2
Number of trials: 1/1 (1 RUNNING)
+------------------------------------------------------+----------+-------------------+--------+------------------+-------------+----------+----------------------+----------------------+--------------------+
| Trial name                                           | status   | loc               |   iter |   total time (s) |          ts |   reward |   episode_reward_max |   episode_reward_min |   episode_len_mean |
|------------------------------------------------------+----------+-------------------+--------+------------------+-------------+----------+----------------------+----------------------+--------------------|
| MAPPOTrainer_rware_v2_rware-small-4ag-v2_56dd2_00000 | RUNNING  | 172.24.0.2:913168 |   1368 |          3916.75 | 2.73491e+07 |     3.96 |                    7 |                    2 |                500 |
+------------------------------------------------------+----------+-------------------+--------+------------------+-------------+----------+----------------------+----------------------+--------------------+


== Status ==
Current time: 2026-05-22 21:54:38 (running for 00:17:49.77)
Memory usage on this node: 62.7/251.6 GiB
Using FIFO scheduling algorithm.
Resources requested: 7.0/8 CPUs, 1.0/1 GPUs, 0.0/17.7 GiB heap, 0.0/8.85 GiB objects (0.0/1.0 accelerator_type:G)
Result logdir: /workspace/MARLlib/runs/rware_mappo_gru_small_20m_tensorboard/mappo_gru_rware-small-4ag-v2
Number of trials: 1/1 (1 RUNNING)
+------------------------------------------------------+----------+-------------------+--------+------------------+------------+----------+----------------------+----------------------+--------------------+
| Trial name                                           | status   | loc               |   iter |   total time (s) |         ts |   reward |   episode_reward_max |   episode_reward_min |   episode_len_mean |
|------------------------------------------------------+----------+-------------------+--------+------------------+------------+----------+----------------------+----------------------+--------------------|
| MAPPOTrainer_rware_v2_rware-small-4ag-v2_56dd2_00000 | RUNNING  | 172.24.0.2:913168 |   1370 |          3921.84 | 2.7389e+07 |     3.95 |                    6 |                    2 |                500 |
+------------------------------------------------------+----------+-------------------+--------+------------------+------------+----------+----------------------+----------------------+--------------------+


== Status ==
Current time: 2026-05-22 21:54:44 (running for 00:17:54.94)
Memory usage on this node: 62.7/251.6 GiB
Using FIFO scheduling algorithm.
Resources requested: 7.0/8 CPUs, 1.0/1 GPUs, 0.0/17.7 GiB heap, 0.0/8.85 GiB objects (0.0/1.0 accelerator_type:G)
Result logdir: /workspace/MARLlib/runs/rware_mappo_gru_small_20m_tensorboard/mappo_gru_rware-small-4ag-v2
Number of trials: 1/1 (1 RUNNING)
+------------------------------------------------------+----------+-------------------+--------+------------------+------------+----------+----------------------+----------------------+--------------------+
| Trial name                                           | status   | loc               |   iter |   total time (s) |         ts |   reward |   episode_reward_max |   episode_reward_min |   episode_len_mean |
|------------------------------------------------------+----------+-------------------+--------+------------------+------------+----------+----------------------+----------------------+--------------------|
| MAPPOTrainer_rware_v2_rware-small-4ag-v2_56dd2_00000 | RUNNING  | 172.24.0.2:913168 |   1372 |          3926.95 | 2.7429e+07 |     3.98 |                    6 |                    1 |                500 |
+------------------------------------------------------+----------+-------------------+--------+------------------+------------+----------+----------------------+----------------------+--------------------+


== Status ==
Current time: 2026-05-22 21:54:49 (running for 00:18:00.12)
Memory usage on this node: 62.7/251.6 GiB
Using FIFO scheduling algorithm.
Resources requested: 7.0/8 CPUs, 1.0/1 GPUs, 0.0/17.7 GiB heap, 0.0/8.85 GiB objects (0.0/1.0 accelerator_type:G)
Result logdir: /workspace/MARLlib/runs/rware_mappo_gru_small_20m_tensorboard/mappo_gru_rware-small-4ag-v2
Number of trials: 1/1 (1 RUNNING)
+------------------------------------------------------+----------+-------------------+--------+------------------+------------+----------+----------------------+----------------------+--------------------+
| Trial name                                           | status   | loc               |   iter |   total time (s) |         ts |   reward |   episode_reward_max |   episode_reward_min |   episode_len_mean |
|------------------------------------------------------+----------+-------------------+--------+------------------+------------+----------+----------------------+----------------------+--------------------|
| MAPPOTrainer_rware_v2_rware-small-4ag-v2_56dd2_00000 | RUNNING  | 172.24.0.2:913168 |   1374 |          3932.07 | 2.7469e+07 |     4.02 |                    6 |                    1 |                500 |
+------------------------------------------------------+----------+-------------------+--------+------------------+------------+----------+----------------------+----------------------+--------------------+


== Status ==
Current time: 2026-05-22 21:54:54 (running for 00:18:05.28)
Memory usage on this node: 62.7/251.6 GiB
Using FIFO scheduling algorithm.
Resources requested: 7.0/8 CPUs, 1.0/1 GPUs, 0.0/17.7 GiB heap, 0.0/8.85 GiB objects (0.0/1.0 accelerator_type:G)
Result logdir: /workspace/MARLlib/runs/rware_mappo_gru_small_20m_tensorboard/mappo_gru_rware-small-4ag-v2
Number of trials: 1/1 (1 RUNNING)
+------------------------------------------------------+----------+-------------------+--------+------------------+------------+----------+----------------------+----------------------+--------------------+
| Trial name                                           | status   | loc               |   iter |   total time (s) |         ts |   reward |   episode_reward_max |   episode_reward_min |   episode_len_mean |
|------------------------------------------------------+----------+-------------------+--------+------------------+------------+----------+----------------------+----------------------+--------------------|
| MAPPOTrainer_rware_v2_rware-small-4ag-v2_56dd2_00000 | RUNNING  | 172.24.0.2:913168 |   1376 |          3937.17 | 2.7509e+07 |     4.06 |                    6 |                    1 |                500 |
+------------------------------------------------------+----------+-------------------+--------+------------------+------------+----------+----------------------+----------------------+--------------------+


== Status ==
Current time: 2026-05-22 21:54:59 (running for 00:18:10.56)
Memory usage on this node: 62.7/251.6 GiB
Using FIFO scheduling algorithm.
Resources requested: 7.0/8 CPUs, 1.0/1 GPUs, 0.0/17.7 GiB heap, 0.0/8.85 GiB objects (0.0/1.0 accelerator_type:G)
Result logdir: /workspace/MARLlib/runs/rware_mappo_gru_small_20m_tensorboard/mappo_gru_rware-small-4ag-v2
Number of trials: 1/1 (1 RUNNING)
+------------------------------------------------------+----------+-------------------+--------+------------------+------------+----------+----------------------+----------------------+--------------------+
| Trial name                                           | status   | loc               |   iter |   total time (s) |         ts |   reward |   episode_reward_max |   episode_reward_min |   episode_len_mean |
|------------------------------------------------------+----------+-------------------+--------+------------------+------------+----------+----------------------+----------------------+--------------------|
| MAPPOTrainer_rware_v2_rware-small-4ag-v2_56dd2_00000 | RUNNING  | 172.24.0.2:913168 |   1378 |           3942.4 | 2.7549e+07 |     4.07 |                    6 |                    1 |                500 |
+------------------------------------------------------+----------+-------------------+--------+------------------+------------+----------+----------------------+----------------------+--------------------+


== Status ==
Current time: 2026-05-22 21:55:04 (running for 00:18:15.82)
Memory usage on this node: 62.7/251.6 GiB
Using FIFO scheduling algorithm.
Resources requested: 7.0/8 CPUs, 1.0/1 GPUs, 0.0/17.7 GiB heap, 0.0/8.85 GiB objects (0.0/1.0 accelerator_type:G)
Result logdir: /workspace/MARLlib/runs/rware_mappo_gru_small_20m_tensorboard/mappo_gru_rware-small-4ag-v2
Number of trials: 1/1 (1 RUNNING)
+------------------------------------------------------+----------+-------------------+--------+------------------+------------+----------+----------------------+----------------------+--------------------+
| Trial name                                           | status   | loc               |   iter |   total time (s) |         ts |   reward |   episode_reward_max |   episode_reward_min |   episode_len_mean |
|------------------------------------------------------+----------+-------------------+--------+------------------+------------+----------+----------------------+----------------------+--------------------|
| MAPPOTrainer_rware_v2_rware-small-4ag-v2_56dd2_00000 | RUNNING  | 172.24.0.2:913168 |   1380 |          3947.61 | 2.7589e+07 |     4.06 |                    6 |                    1 |                500 |
+------------------------------------------------------+----------+-------------------+--------+------------------+------------+----------+----------------------+----------------------+--------------------+


== Status ==
Current time: 2026-05-22 21:55:10 (running for 00:18:20.96)
Memory usage on this node: 62.7/251.6 GiB
Using FIFO scheduling algorithm.
Resources requested: 7.0/8 CPUs, 1.0/1 GPUs, 0.0/17.7 GiB heap, 0.0/8.85 GiB objects (0.0/1.0 accelerator_type:G)
Result logdir: /workspace/MARLlib/runs/rware_mappo_gru_small_20m_tensorboard/mappo_gru_rware-small-4ag-v2
Number of trials: 1/1 (1 RUNNING)
+------------------------------------------------------+----------+-------------------+--------+------------------+-------------+----------+----------------------+----------------------+--------------------+
| Trial name                                           | status   | loc               |   iter |   total time (s) |          ts |   reward |   episode_reward_max |   episode_reward_min |   episode_len_mean |
|------------------------------------------------------+----------+-------------------+--------+------------------+-------------+----------+----------------------+----------------------+--------------------|
| MAPPOTrainer_rware_v2_rware-small-4ag-v2_56dd2_00000 | RUNNING  | 172.24.0.2:913168 |   1382 |           3952.7 | 2.76289e+07 |     4.09 |                    6 |                    1 |                500 |
+------------------------------------------------------+----------+-------------------+--------+------------------+-------------+----------+----------------------+----------------------+--------------------+


== Status ==
Current time: 2026-05-22 21:55:15 (running for 00:18:26.14)
Memory usage on this node: 62.7/251.6 GiB
Using FIFO scheduling algorithm.
Resources requested: 7.0/8 CPUs, 1.0/1 GPUs, 0.0/17.7 GiB heap, 0.0/8.85 GiB objects (0.0/1.0 accelerator_type:G)
Result logdir: /workspace/MARLlib/runs/rware_mappo_gru_small_20m_tensorboard/mappo_gru_rware-small-4ag-v2
Number of trials: 1/1 (1 RUNNING)
+------------------------------------------------------+----------+-------------------+--------+------------------+-------------+----------+----------------------+----------------------+--------------------+
| Trial name                                           | status   | loc               |   iter |   total time (s) |          ts |   reward |   episode_reward_max |   episode_reward_min |   episode_len_mean |
|------------------------------------------------------+----------+-------------------+--------+------------------+-------------+----------+----------------------+----------------------+--------------------|
| MAPPOTrainer_rware_v2_rware-small-4ag-v2_56dd2_00000 | RUNNING  | 172.24.0.2:913168 |   1384 |          3957.84 | 2.76689e+07 |     4.02 |                    6 |                    1 |                500 |
+------------------------------------------------------+----------+-------------------+--------+------------------+-------------+----------+----------------------+----------------------+--------------------+


== Status ==
Current time: 2026-05-22 21:55:20 (running for 00:18:31.40)
Memory usage on this node: 62.7/251.6 GiB
Using FIFO scheduling algorithm.
Resources requested: 7.0/8 CPUs, 1.0/1 GPUs, 0.0/17.7 GiB heap, 0.0/8.85 GiB objects (0.0/1.0 accelerator_type:G)
Result logdir: /workspace/MARLlib/runs/rware_mappo_gru_small_20m_tensorboard/mappo_gru_rware-small-4ag-v2
Number of trials: 1/1 (1 RUNNING)
+------------------------------------------------------+----------+-------------------+--------+------------------+-------------+----------+----------------------+----------------------+--------------------+
| Trial name                                           | status   | loc               |   iter |   total time (s) |          ts |   reward |   episode_reward_max |   episode_reward_min |   episode_len_mean |
|------------------------------------------------------+----------+-------------------+--------+------------------+-------------+----------+----------------------+----------------------+--------------------|
| MAPPOTrainer_rware_v2_rware-small-4ag-v2_56dd2_00000 | RUNNING  | 172.24.0.2:913168 |   1386 |          3963.03 | 2.77089e+07 |     3.95 |                    6 |                    1 |                500 |
+------------------------------------------------------+----------+-------------------+--------+------------------+-------------+----------+----------------------+----------------------+--------------------+


== Status ==
Current time: 2026-05-22 21:55:25 (running for 00:18:36.72)
Memory usage on this node: 62.7/251.6 GiB
Using FIFO scheduling algorithm.
Resources requested: 7.0/8 CPUs, 1.0/1 GPUs, 0.0/17.7 GiB heap, 0.0/8.85 GiB objects (0.0/1.0 accelerator_type:G)
Result logdir: /workspace/MARLlib/runs/rware_mappo_gru_small_20m_tensorboard/mappo_gru_rware-small-4ag-v2
Number of trials: 1/1 (1 RUNNING)
+------------------------------------------------------+----------+-------------------+--------+------------------+-------------+----------+----------------------+----------------------+--------------------+
| Trial name                                           | status   | loc               |   iter |   total time (s) |          ts |   reward |   episode_reward_max |   episode_reward_min |   episode_len_mean |
|------------------------------------------------------+----------+-------------------+--------+------------------+-------------+----------+----------------------+----------------------+--------------------|
| MAPPOTrainer_rware_v2_rware-small-4ag-v2_56dd2_00000 | RUNNING  | 172.24.0.2:913168 |   1388 |           3968.3 | 2.77489e+07 |     3.91 |                    6 |                    1 |                500 |
+------------------------------------------------------+----------+-------------------+--------+------------------+-------------+----------+----------------------+----------------------+--------------------+


== Status ==
Current time: 2026-05-22 21:55:31 (running for 00:18:41.92)
Memory usage on this node: 62.7/251.6 GiB
Using FIFO scheduling algorithm.
Resources requested: 7.0/8 CPUs, 1.0/1 GPUs, 0.0/17.7 GiB heap, 0.0/8.85 GiB objects (0.0/1.0 accelerator_type:G)
Result logdir: /workspace/MARLlib/runs/rware_mappo_gru_small_20m_tensorboard/mappo_gru_rware-small-4ag-v2
Number of trials: 1/1 (1 RUNNING)
+------------------------------------------------------+----------+-------------------+--------+------------------+-------------+----------+----------------------+----------------------+--------------------+
| Trial name                                           | status   | loc               |   iter |   total time (s) |          ts |   reward |   episode_reward_max |   episode_reward_min |   episode_len_mean |
|------------------------------------------------------+----------+-------------------+--------+------------------+-------------+----------+----------------------+----------------------+--------------------|
| MAPPOTrainer_rware_v2_rware-small-4ag-v2_56dd2_00000 | RUNNING  | 172.24.0.2:913168 |   1390 |          3973.45 | 2.77889e+07 |     3.81 |                    6 |                    1 |                500 |
+------------------------------------------------------+----------+-------------------+--------+------------------+-------------+----------+----------------------+----------------------+--------------------+


== Status ==
Current time: 2026-05-22 21:55:36 (running for 00:18:47.08)
Memory usage on this node: 62.7/251.6 GiB
Using FIFO scheduling algorithm.
Resources requested: 7.0/8 CPUs, 1.0/1 GPUs, 0.0/17.7 GiB heap, 0.0/8.85 GiB objects (0.0/1.0 accelerator_type:G)
Result logdir: /workspace/MARLlib/runs/rware_mappo_gru_small_20m_tensorboard/mappo_gru_rware-small-4ag-v2
Number of trials: 1/1 (1 RUNNING)
+------------------------------------------------------+----------+-------------------+--------+------------------+-------------+----------+----------------------+----------------------+--------------------+
| Trial name                                           | status   | loc               |   iter |   total time (s) |          ts |   reward |   episode_reward_max |   episode_reward_min |   episode_len_mean |
|------------------------------------------------------+----------+-------------------+--------+------------------+-------------+----------+----------------------+----------------------+--------------------|
| MAPPOTrainer_rware_v2_rware-small-4ag-v2_56dd2_00000 | RUNNING  | 172.24.0.2:913168 |   1392 |          3978.55 | 2.78289e+07 |     3.82 |                    6 |                    2 |                500 |
+------------------------------------------------------+----------+-------------------+--------+------------------+-------------+----------+----------------------+----------------------+--------------------+


== Status ==
Current time: 2026-05-22 21:55:41 (running for 00:18:52.24)
Memory usage on this node: 62.7/251.6 GiB
Using FIFO scheduling algorithm.
Resources requested: 7.0/8 CPUs, 1.0/1 GPUs, 0.0/17.7 GiB heap, 0.0/8.85 GiB objects (0.0/1.0 accelerator_type:G)
Result logdir: /workspace/MARLlib/runs/rware_mappo_gru_small_20m_tensorboard/mappo_gru_rware-small-4ag-v2
Number of trials: 1/1 (1 RUNNING)
+------------------------------------------------------+----------+-------------------+--------+------------------+-------------+----------+----------------------+----------------------+--------------------+
| Trial name                                           | status   | loc               |   iter |   total time (s) |          ts |   reward |   episode_reward_max |   episode_reward_min |   episode_len_mean |
|------------------------------------------------------+----------+-------------------+--------+------------------+-------------+----------+----------------------+----------------------+--------------------|
| MAPPOTrainer_rware_v2_rware-small-4ag-v2_56dd2_00000 | RUNNING  | 172.24.0.2:913168 |   1394 |          3983.65 | 2.78688e+07 |     3.83 |                    6 |                    2 |                500 |
+------------------------------------------------------+----------+-------------------+--------+------------------+-------------+----------+----------------------+----------------------+--------------------+


== Status ==
Current time: 2026-05-22 21:55:46 (running for 00:18:57.55)
Memory usage on this node: 62.7/251.6 GiB
Using FIFO scheduling algorithm.
Resources requested: 7.0/8 CPUs, 1.0/1 GPUs, 0.0/17.7 GiB heap, 0.0/8.85 GiB objects (0.0/1.0 accelerator_type:G)
Result logdir: /workspace/MARLlib/runs/rware_mappo_gru_small_20m_tensorboard/mappo_gru_rware-small-4ag-v2
Number of trials: 1/1 (1 RUNNING)
+------------------------------------------------------+----------+-------------------+--------+------------------+-------------+----------+----------------------+----------------------+--------------------+
| Trial name                                           | status   | loc               |   iter |   total time (s) |          ts |   reward |   episode_reward_max |   episode_reward_min |   episode_len_mean |
|------------------------------------------------------+----------+-------------------+--------+------------------+-------------+----------+----------------------+----------------------+--------------------|
| MAPPOTrainer_rware_v2_rware-small-4ag-v2_56dd2_00000 | RUNNING  | 172.24.0.2:913168 |   1396 |           3988.9 | 2.79088e+07 |     3.83 |                    6 |                    0 |                500 |
+------------------------------------------------------+----------+-------------------+--------+------------------+-------------+----------+----------------------+----------------------+--------------------+


== Status ==
Current time: 2026-05-22 21:55:51 (running for 00:19:02.81)
Memory usage on this node: 62.7/251.6 GiB
Using FIFO scheduling algorithm.
Resources requested: 7.0/8 CPUs, 1.0/1 GPUs, 0.0/17.7 GiB heap, 0.0/8.85 GiB objects (0.0/1.0 accelerator_type:G)
Result logdir: /workspace/MARLlib/runs/rware_mappo_gru_small_20m_tensorboard/mappo_gru_rware-small-4ag-v2
Number of trials: 1/1 (1 RUNNING)
+------------------------------------------------------+----------+-------------------+--------+------------------+-------------+----------+----------------------+----------------------+--------------------+
| Trial name                                           | status   | loc               |   iter |   total time (s) |          ts |   reward |   episode_reward_max |   episode_reward_min |   episode_len_mean |
|------------------------------------------------------+----------+-------------------+--------+------------------+-------------+----------+----------------------+----------------------+--------------------|
| MAPPOTrainer_rware_v2_rware-small-4ag-v2_56dd2_00000 | RUNNING  | 172.24.0.2:913168 |   1398 |           3994.1 | 2.79488e+07 |     3.91 |                    6 |                    0 |                500 |
+------------------------------------------------------+----------+-------------------+--------+------------------+-------------+----------+----------------------+----------------------+--------------------+


== Status ==
Current time: 2026-05-22 21:55:57 (running for 00:19:08.37)
Memory usage on this node: 62.7/251.6 GiB
Using FIFO scheduling algorithm.
Resources requested: 7.0/8 CPUs, 1.0/1 GPUs, 0.0/17.7 GiB heap, 0.0/8.85 GiB objects (0.0/1.0 accelerator_type:G)
Result logdir: /workspace/MARLlib/runs/rware_mappo_gru_small_20m_tensorboard/mappo_gru_rware-small-4ag-v2
Number of trials: 1/1 (1 RUNNING)
+------------------------------------------------------+----------+-------------------+--------+------------------+-------------+----------+----------------------+----------------------+--------------------+
| Trial name                                           | status   | loc               |   iter |   total time (s) |          ts |   reward |   episode_reward_max |   episode_reward_min |   episode_len_mean |
|------------------------------------------------------+----------+-------------------+--------+------------------+-------------+----------+----------------------+----------------------+--------------------|
| MAPPOTrainer_rware_v2_rware-small-4ag-v2_56dd2_00000 | RUNNING  | 172.24.0.2:913168 |   1399 |          3996.63 | 2.79688e+07 |      3.9 |                    6 |                    0 |                500 |
+------------------------------------------------------+----------+-------------------+--------+------------------+-------------+----------+----------------------+----------------------+--------------------+


== Status ==
Current time: 2026-05-22 21:56:02 (running for 00:19:13.37)
Memory usage on this node: 62.7/251.6 GiB
Using FIFO scheduling algorithm.
Resources requested: 7.0/8 CPUs, 1.0/1 GPUs, 0.0/17.7 GiB heap, 0.0/8.85 GiB objects (0.0/1.0 accelerator_type:G)
Result logdir: /workspace/MARLlib/runs/rware_mappo_gru_small_20m_tensorboard/mappo_gru_rware-small-4ag-v2
Number of trials: 1/1 (1 RUNNING)
+------------------------------------------------------+----------+-------------------+--------+------------------+-------------+----------+----------------------+----------------------+--------------------+
| Trial name                                           | status   | loc               |   iter |   total time (s) |          ts |   reward |   episode_reward_max |   episode_reward_min |   episode_len_mean |
|------------------------------------------------------+----------+-------------------+--------+------------------+-------------+----------+----------------------+----------------------+--------------------|
| MAPPOTrainer_rware_v2_rware-small-4ag-v2_56dd2_00000 | RUNNING  | 172.24.0.2:913168 |   1399 |          3996.63 | 2.79688e+07 |      3.9 |                    6 |                    0 |                500 |
+------------------------------------------------------+----------+-------------------+--------+------------------+-------------+----------+----------------------+----------------------+--------------------+


== Status ==
Current time: 2026-05-22 21:56:07 (running for 00:19:18.38)
Memory usage on this node: 62.7/251.6 GiB
Using FIFO scheduling algorithm.
Resources requested: 7.0/8 CPUs, 1.0/1 GPUs, 0.0/17.7 GiB heap, 0.0/8.85 GiB objects (0.0/1.0 accelerator_type:G)
Result logdir: /workspace/MARLlib/runs/rware_mappo_gru_small_20m_tensorboard/mappo_gru_rware-small-4ag-v2
Number of trials: 1/1 (1 RUNNING)
+------------------------------------------------------+----------+-------------------+--------+------------------+-------------+----------+----------------------+----------------------+--------------------+
| Trial name                                           | status   | loc               |   iter |   total time (s) |          ts |   reward |   episode_reward_max |   episode_reward_min |   episode_len_mean |
|------------------------------------------------------+----------+-------------------+--------+------------------+-------------+----------+----------------------+----------------------+--------------------|
| MAPPOTrainer_rware_v2_rware-small-4ag-v2_56dd2_00000 | RUNNING  | 172.24.0.2:913168 |   1399 |          3996.63 | 2.79688e+07 |      3.9 |                    6 |                    0 |                500 |
+------------------------------------------------------+----------+-------------------+--------+------------------+-------------+----------+----------------------+----------------------+--------------------+


== Status ==
Current time: 2026-05-22 21:56:13 (running for 00:19:24.20)
Memory usage on this node: 62.8/251.6 GiB
Using FIFO scheduling algorithm.
Resources requested: 7.0/8 CPUs, 1.0/1 GPUs, 0.0/17.7 GiB heap, 0.0/8.85 GiB objects (0.0/1.0 accelerator_type:G)
Result logdir: /workspace/MARLlib/runs/rware_mappo_gru_small_20m_tensorboard/mappo_gru_rware-small-4ag-v2
Number of trials: 1/1 (1 RUNNING)
+------------------------------------------------------+----------+-------------------+--------+------------------+-------------+----------+----------------------+----------------------+--------------------+
| Trial name                                           | status   | loc               |   iter |   total time (s) |          ts |   reward |   episode_reward_max |   episode_reward_min |   episode_len_mean |
|------------------------------------------------------+----------+-------------------+--------+------------------+-------------+----------+----------------------+----------------------+--------------------|
| MAPPOTrainer_rware_v2_rware-small-4ag-v2_56dd2_00000 | RUNNING  | 172.24.0.2:913168 |   1401 |          4014.31 | 2.80088e+07 |     3.97 |                    9 |                    0 |                500 |
+------------------------------------------------------+----------+-------------------+--------+------------------+-------------+----------+----------------------+----------------------+--------------------+


== Status ==
Current time: 2026-05-22 21:56:18 (running for 00:19:29.43)
Memory usage on this node: 63.2/251.6 GiB
Using FIFO scheduling algorithm.
Resources requested: 7.0/8 CPUs, 1.0/1 GPUs, 0.0/17.7 GiB heap, 0.0/8.85 GiB objects (0.0/1.0 accelerator_type:G)
Result logdir: /workspace/MARLlib/runs/rware_mappo_gru_small_20m_tensorboard/mappo_gru_rware-small-4ag-v2
Number of trials: 1/1 (1 RUNNING)
+------------------------------------------------------+----------+-------------------+--------+------------------+-------------+----------+----------------------+----------------------+--------------------+
| Trial name                                           | status   | loc               |   iter |   total time (s) |          ts |   reward |   episode_reward_max |   episode_reward_min |   episode_len_mean |
|------------------------------------------------------+----------+-------------------+--------+------------------+-------------+----------+----------------------+----------------------+--------------------|
| MAPPOTrainer_rware_v2_rware-small-4ag-v2_56dd2_00000 | RUNNING  | 172.24.0.2:913168 |   1403 |          4019.55 | 2.80488e+07 |     4.02 |                    9 |                    0 |                500 |
+------------------------------------------------------+----------+-------------------+--------+------------------+-------------+----------+----------------------+----------------------+--------------------+


== Status ==
Current time: 2026-05-22 21:56:23 (running for 00:19:34.57)
Memory usage on this node: 62.8/251.6 GiB
Using FIFO scheduling algorithm.
Resources requested: 7.0/8 CPUs, 1.0/1 GPUs, 0.0/17.7 GiB heap, 0.0/8.85 GiB objects (0.0/1.0 accelerator_type:G)
Result logdir: /workspace/MARLlib/runs/rware_mappo_gru_small_20m_tensorboard/mappo_gru_rware-small-4ag-v2
Number of trials: 1/1 (1 RUNNING)
+------------------------------------------------------+----------+-------------------+--------+------------------+-------------+----------+----------------------+----------------------+--------------------+
| Trial name                                           | status   | loc               |   iter |   total time (s) |          ts |   reward |   episode_reward_max |   episode_reward_min |   episode_len_mean |
|------------------------------------------------------+----------+-------------------+--------+------------------+-------------+----------+----------------------+----------------------+--------------------|
| MAPPOTrainer_rware_v2_rware-small-4ag-v2_56dd2_00000 | RUNNING  | 172.24.0.2:913168 |   1405 |          4024.64 | 2.80888e+07 |     3.99 |                    9 |                    2 |                500 |
+------------------------------------------------------+----------+-------------------+--------+------------------+-------------+----------+----------------------+----------------------+--------------------+


== Status ==
Current time: 2026-05-22 21:56:29 (running for 00:19:39.89)
Memory usage on this node: 62.8/251.6 GiB
Using FIFO scheduling algorithm.
Resources requested: 7.0/8 CPUs, 1.0/1 GPUs, 0.0/17.7 GiB heap, 0.0/8.85 GiB objects (0.0/1.0 accelerator_type:G)
Result logdir: /workspace/MARLlib/runs/rware_mappo_gru_small_20m_tensorboard/mappo_gru_rware-small-4ag-v2
Number of trials: 1/1 (1 RUNNING)
+------------------------------------------------------+----------+-------------------+--------+------------------+-------------+----------+----------------------+----------------------+--------------------+
| Trial name                                           | status   | loc               |   iter |   total time (s) |          ts |   reward |   episode_reward_max |   episode_reward_min |   episode_len_mean |
|------------------------------------------------------+----------+-------------------+--------+------------------+-------------+----------+----------------------+----------------------+--------------------|
| MAPPOTrainer_rware_v2_rware-small-4ag-v2_56dd2_00000 | RUNNING  | 172.24.0.2:913168 |   1407 |          4029.91 | 2.81287e+07 |     4.01 |                    9 |                    2 |                500 |
+------------------------------------------------------+----------+-------------------+--------+------------------+-------------+----------+----------------------+----------------------+--------------------+


== Status ==
Current time: 2026-05-22 21:56:34 (running for 00:19:45.25)
Memory usage on this node: 62.7/251.6 GiB
Using FIFO scheduling algorithm.
Resources requested: 7.0/8 CPUs, 1.0/1 GPUs, 0.0/17.7 GiB heap, 0.0/8.85 GiB objects (0.0/1.0 accelerator_type:G)
Result logdir: /workspace/MARLlib/runs/rware_mappo_gru_small_20m_tensorboard/mappo_gru_rware-small-4ag-v2
Number of trials: 1/1 (1 RUNNING)
+------------------------------------------------------+----------+-------------------+--------+------------------+-------------+----------+----------------------+----------------------+--------------------+
| Trial name                                           | status   | loc               |   iter |   total time (s) |          ts |   reward |   episode_reward_max |   episode_reward_min |   episode_len_mean |
|------------------------------------------------------+----------+-------------------+--------+------------------+-------------+----------+----------------------+----------------------+--------------------|
| MAPPOTrainer_rware_v2_rware-small-4ag-v2_56dd2_00000 | RUNNING  | 172.24.0.2:913168 |   1409 |           4035.2 | 2.81687e+07 |     3.96 |                    9 |                    2 |                500 |
+------------------------------------------------------+----------+-------------------+--------+------------------+-------------+----------+----------------------+----------------------+--------------------+


== Status ==
Current time: 2026-05-22 21:56:39 (running for 00:19:50.47)
Memory usage on this node: 62.7/251.6 GiB
Using FIFO scheduling algorithm.
Resources requested: 7.0/8 CPUs, 1.0/1 GPUs, 0.0/17.7 GiB heap, 0.0/8.85 GiB objects (0.0/1.0 accelerator_type:G)
Result logdir: /workspace/MARLlib/runs/rware_mappo_gru_small_20m_tensorboard/mappo_gru_rware-small-4ag-v2
Number of trials: 1/1 (1 RUNNING)
+------------------------------------------------------+----------+-------------------+--------+------------------+-------------+----------+----------------------+----------------------+--------------------+
| Trial name                                           | status   | loc               |   iter |   total time (s) |          ts |   reward |   episode_reward_max |   episode_reward_min |   episode_len_mean |
|------------------------------------------------------+----------+-------------------+--------+------------------+-------------+----------+----------------------+----------------------+--------------------|
| MAPPOTrainer_rware_v2_rware-small-4ag-v2_56dd2_00000 | RUNNING  | 172.24.0.2:913168 |   1411 |          4040.37 | 2.82087e+07 |     3.84 |                    6 |                    2 |                500 |
+------------------------------------------------------+----------+-------------------+--------+------------------+-------------+----------+----------------------+----------------------+--------------------+


== Status ==
Current time: 2026-05-22 21:56:44 (running for 00:19:55.76)
Memory usage on this node: 62.7/251.6 GiB
Using FIFO scheduling algorithm.
Resources requested: 7.0/8 CPUs, 1.0/1 GPUs, 0.0/17.7 GiB heap, 0.0/8.85 GiB objects (0.0/1.0 accelerator_type:G)
Result logdir: /workspace/MARLlib/runs/rware_mappo_gru_small_20m_tensorboard/mappo_gru_rware-small-4ag-v2
Number of trials: 1/1 (1 RUNNING)
+------------------------------------------------------+----------+-------------------+--------+------------------+-------------+----------+----------------------+----------------------+--------------------+
| Trial name                                           | status   | loc               |   iter |   total time (s) |          ts |   reward |   episode_reward_max |   episode_reward_min |   episode_len_mean |
|------------------------------------------------------+----------+-------------------+--------+------------------+-------------+----------+----------------------+----------------------+--------------------|
| MAPPOTrainer_rware_v2_rware-small-4ag-v2_56dd2_00000 | RUNNING  | 172.24.0.2:913168 |   1413 |           4045.6 | 2.82487e+07 |     3.77 |                    6 |                    2 |                500 |
+------------------------------------------------------+----------+-------------------+--------+------------------+-------------+----------+----------------------+----------------------+--------------------+


== Status ==
Current time: 2026-05-22 21:56:50 (running for 00:20:01.09)
Memory usage on this node: 62.8/251.6 GiB
Using FIFO scheduling algorithm.
Resources requested: 7.0/8 CPUs, 1.0/1 GPUs, 0.0/17.7 GiB heap, 0.0/8.85 GiB objects (0.0/1.0 accelerator_type:G)
Result logdir: /workspace/MARLlib/runs/rware_mappo_gru_small_20m_tensorboard/mappo_gru_rware-small-4ag-v2
Number of trials: 1/1 (1 RUNNING)
+------------------------------------------------------+----------+-------------------+--------+------------------+-------------+----------+----------------------+----------------------+--------------------+
| Trial name                                           | status   | loc               |   iter |   total time (s) |          ts |   reward |   episode_reward_max |   episode_reward_min |   episode_len_mean |
|------------------------------------------------------+----------+-------------------+--------+------------------+-------------+----------+----------------------+----------------------+--------------------|
| MAPPOTrainer_rware_v2_rware-small-4ag-v2_56dd2_00000 | RUNNING  | 172.24.0.2:913168 |   1415 |          4050.88 | 2.82887e+07 |     3.94 |                    7 |                    2 |                500 |
+------------------------------------------------------+----------+-------------------+--------+------------------+-------------+----------+----------------------+----------------------+--------------------+


== Status ==
Current time: 2026-05-22 21:56:55 (running for 00:20:06.26)
Memory usage on this node: 62.8/251.6 GiB
Using FIFO scheduling algorithm.
Resources requested: 7.0/8 CPUs, 1.0/1 GPUs, 0.0/17.7 GiB heap, 0.0/8.85 GiB objects (0.0/1.0 accelerator_type:G)
Result logdir: /workspace/MARLlib/runs/rware_mappo_gru_small_20m_tensorboard/mappo_gru_rware-small-4ag-v2
Number of trials: 1/1 (1 RUNNING)
+------------------------------------------------------+----------+-------------------+--------+------------------+-------------+----------+----------------------+----------------------+--------------------+
| Trial name                                           | status   | loc               |   iter |   total time (s) |          ts |   reward |   episode_reward_max |   episode_reward_min |   episode_len_mean |
|------------------------------------------------------+----------+-------------------+--------+------------------+-------------+----------+----------------------+----------------------+--------------------|
| MAPPOTrainer_rware_v2_rware-small-4ag-v2_56dd2_00000 | RUNNING  | 172.24.0.2:913168 |   1417 |          4055.98 | 2.83287e+07 |     3.85 |                    7 |                    1 |                500 |
+------------------------------------------------------+----------+-------------------+--------+------------------+-------------+----------+----------------------+----------------------+--------------------+


== Status ==
Current time: 2026-05-22 21:57:00 (running for 00:20:11.41)
Memory usage on this node: 62.8/251.6 GiB
Using FIFO scheduling algorithm.
Resources requested: 7.0/8 CPUs, 1.0/1 GPUs, 0.0/17.7 GiB heap, 0.0/8.85 GiB objects (0.0/1.0 accelerator_type:G)
Result logdir: /workspace/MARLlib/runs/rware_mappo_gru_small_20m_tensorboard/mappo_gru_rware-small-4ag-v2
Number of trials: 1/1 (1 RUNNING)
+------------------------------------------------------+----------+-------------------+--------+------------------+-------------+----------+----------------------+----------------------+--------------------+
| Trial name                                           | status   | loc               |   iter |   total time (s) |          ts |   reward |   episode_reward_max |   episode_reward_min |   episode_len_mean |
|------------------------------------------------------+----------+-------------------+--------+------------------+-------------+----------+----------------------+----------------------+--------------------|
| MAPPOTrainer_rware_v2_rware-small-4ag-v2_56dd2_00000 | RUNNING  | 172.24.0.2:913168 |   1419 |          4061.08 | 2.83686e+07 |     3.89 |                    7 |                    1 |                500 |
+------------------------------------------------------+----------+-------------------+--------+------------------+-------------+----------+----------------------+----------------------+--------------------+


== Status ==
Current time: 2026-05-22 21:57:05 (running for 00:20:16.63)
Memory usage on this node: 62.8/251.6 GiB
Using FIFO scheduling algorithm.
Resources requested: 7.0/8 CPUs, 1.0/1 GPUs, 0.0/17.7 GiB heap, 0.0/8.85 GiB objects (0.0/1.0 accelerator_type:G)
Result logdir: /workspace/MARLlib/runs/rware_mappo_gru_small_20m_tensorboard/mappo_gru_rware-small-4ag-v2
Number of trials: 1/1 (1 RUNNING)
+------------------------------------------------------+----------+-------------------+--------+------------------+-------------+----------+----------------------+----------------------+--------------------+
| Trial name                                           | status   | loc               |   iter |   total time (s) |          ts |   reward |   episode_reward_max |   episode_reward_min |   episode_len_mean |
|------------------------------------------------------+----------+-------------------+--------+------------------+-------------+----------+----------------------+----------------------+--------------------|
| MAPPOTrainer_rware_v2_rware-small-4ag-v2_56dd2_00000 | RUNNING  | 172.24.0.2:913168 |   1421 |          4066.24 | 2.84086e+07 |     3.84 |                    7 |                    1 |                500 |
+------------------------------------------------------+----------+-------------------+--------+------------------+-------------+----------+----------------------+----------------------+--------------------+


== Status ==
Current time: 2026-05-22 21:57:10 (running for 00:20:21.77)
Memory usage on this node: 62.8/251.6 GiB
Using FIFO scheduling algorithm.
Resources requested: 7.0/8 CPUs, 1.0/1 GPUs, 0.0/17.7 GiB heap, 0.0/8.85 GiB objects (0.0/1.0 accelerator_type:G)
Result logdir: /workspace/MARLlib/runs/rware_mappo_gru_small_20m_tensorboard/mappo_gru_rware-small-4ag-v2
Number of trials: 1/1 (1 RUNNING)
+------------------------------------------------------+----------+-------------------+--------+------------------+-------------+----------+----------------------+----------------------+--------------------+
| Trial name                                           | status   | loc               |   iter |   total time (s) |          ts |   reward |   episode_reward_max |   episode_reward_min |   episode_len_mean |
|------------------------------------------------------+----------+-------------------+--------+------------------+-------------+----------+----------------------+----------------------+--------------------|
| MAPPOTrainer_rware_v2_rware-small-4ag-v2_56dd2_00000 | RUNNING  | 172.24.0.2:913168 |   1423 |          4071.32 | 2.84486e+07 |     3.82 |                    7 |                    1 |                500 |
+------------------------------------------------------+----------+-------------------+--------+------------------+-------------+----------+----------------------+----------------------+--------------------+


== Status ==
Current time: 2026-05-22 21:57:16 (running for 00:20:26.97)
Memory usage on this node: 62.8/251.6 GiB
Using FIFO scheduling algorithm.
Resources requested: 7.0/8 CPUs, 1.0/1 GPUs, 0.0/17.7 GiB heap, 0.0/8.85 GiB objects (0.0/1.0 accelerator_type:G)
Result logdir: /workspace/MARLlib/runs/rware_mappo_gru_small_20m_tensorboard/mappo_gru_rware-small-4ag-v2
Number of trials: 1/1 (1 RUNNING)
+------------------------------------------------------+----------+-------------------+--------+------------------+-------------+----------+----------------------+----------------------+--------------------+
| Trial name                                           | status   | loc               |   iter |   total time (s) |          ts |   reward |   episode_reward_max |   episode_reward_min |   episode_len_mean |
|------------------------------------------------------+----------+-------------------+--------+------------------+-------------+----------+----------------------+----------------------+--------------------|
| MAPPOTrainer_rware_v2_rware-small-4ag-v2_56dd2_00000 | RUNNING  | 172.24.0.2:913168 |   1425 |          4076.46 | 2.84886e+07 |     3.63 |                    5 |                    0 |                500 |
+------------------------------------------------------+----------+-------------------+--------+------------------+-------------+----------+----------------------+----------------------+--------------------+


== Status ==
Current time: 2026-05-22 21:57:21 (running for 00:20:32.17)
Memory usage on this node: 62.8/251.6 GiB
Using FIFO scheduling algorithm.
Resources requested: 7.0/8 CPUs, 1.0/1 GPUs, 0.0/17.7 GiB heap, 0.0/8.85 GiB objects (0.0/1.0 accelerator_type:G)
Result logdir: /workspace/MARLlib/runs/rware_mappo_gru_small_20m_tensorboard/mappo_gru_rware-small-4ag-v2
Number of trials: 1/1 (1 RUNNING)
+------------------------------------------------------+----------+-------------------+--------+------------------+-------------+----------+----------------------+----------------------+--------------------+
| Trial name                                           | status   | loc               |   iter |   total time (s) |          ts |   reward |   episode_reward_max |   episode_reward_min |   episode_len_mean |
|------------------------------------------------------+----------+-------------------+--------+------------------+-------------+----------+----------------------+----------------------+--------------------|
| MAPPOTrainer_rware_v2_rware-small-4ag-v2_56dd2_00000 | RUNNING  | 172.24.0.2:913168 |   1427 |           4081.6 | 2.85286e+07 |     3.58 |                    5 |                    0 |                500 |
+------------------------------------------------------+----------+-------------------+--------+------------------+-------------+----------+----------------------+----------------------+--------------------+


== Status ==
Current time: 2026-05-22 21:57:26 (running for 00:20:37.29)
Memory usage on this node: 62.8/251.6 GiB
Using FIFO scheduling algorithm.
Resources requested: 7.0/8 CPUs, 1.0/1 GPUs, 0.0/17.7 GiB heap, 0.0/8.85 GiB objects (0.0/1.0 accelerator_type:G)
Result logdir: /workspace/MARLlib/runs/rware_mappo_gru_small_20m_tensorboard/mappo_gru_rware-small-4ag-v2
Number of trials: 1/1 (1 RUNNING)
+------------------------------------------------------+----------+-------------------+--------+------------------+-------------+----------+----------------------+----------------------+--------------------+
| Trial name                                           | status   | loc               |   iter |   total time (s) |          ts |   reward |   episode_reward_max |   episode_reward_min |   episode_len_mean |
|------------------------------------------------------+----------+-------------------+--------+------------------+-------------+----------+----------------------+----------------------+--------------------|
| MAPPOTrainer_rware_v2_rware-small-4ag-v2_56dd2_00000 | RUNNING  | 172.24.0.2:913168 |   1429 |          4086.65 | 2.85686e+07 |     3.62 |                    6 |                    0 |                500 |
+------------------------------------------------------+----------+-------------------+--------+------------------+-------------+----------+----------------------+----------------------+--------------------+


== Status ==
Current time: 2026-05-22 21:57:31 (running for 00:20:42.56)
Memory usage on this node: 62.8/251.6 GiB
Using FIFO scheduling algorithm.
Resources requested: 7.0/8 CPUs, 1.0/1 GPUs, 0.0/17.7 GiB heap, 0.0/8.85 GiB objects (0.0/1.0 accelerator_type:G)
Result logdir: /workspace/MARLlib/runs/rware_mappo_gru_small_20m_tensorboard/mappo_gru_rware-small-4ag-v2
Number of trials: 1/1 (1 RUNNING)
+------------------------------------------------------+----------+-------------------+--------+------------------+-------------+----------+----------------------+----------------------+--------------------+
| Trial name                                           | status   | loc               |   iter |   total time (s) |          ts |   reward |   episode_reward_max |   episode_reward_min |   episode_len_mean |
|------------------------------------------------------+----------+-------------------+--------+------------------+-------------+----------+----------------------+----------------------+--------------------|
| MAPPOTrainer_rware_v2_rware-small-4ag-v2_56dd2_00000 | RUNNING  | 172.24.0.2:913168 |   1431 |          4091.87 | 2.86086e+07 |      3.6 |                    6 |                    0 |                500 |
+------------------------------------------------------+----------+-------------------+--------+------------------+-------------+----------+----------------------+----------------------+--------------------+


== Status ==
Current time: 2026-05-22 21:57:36 (running for 00:20:47.66)
Memory usage on this node: 62.8/251.6 GiB
Using FIFO scheduling algorithm.
Resources requested: 7.0/8 CPUs, 1.0/1 GPUs, 0.0/17.7 GiB heap, 0.0/8.85 GiB objects (0.0/1.0 accelerator_type:G)
Result logdir: /workspace/MARLlib/runs/rware_mappo_gru_small_20m_tensorboard/mappo_gru_rware-small-4ag-v2
Number of trials: 1/1 (1 RUNNING)
+------------------------------------------------------+----------+-------------------+--------+------------------+-------------+----------+----------------------+----------------------+--------------------+
| Trial name                                           | status   | loc               |   iter |   total time (s) |          ts |   reward |   episode_reward_max |   episode_reward_min |   episode_len_mean |
|------------------------------------------------------+----------+-------------------+--------+------------------+-------------+----------+----------------------+----------------------+--------------------|
| MAPPOTrainer_rware_v2_rware-small-4ag-v2_56dd2_00000 | RUNNING  | 172.24.0.2:913168 |   1433 |          4096.91 | 2.86485e+07 |     3.61 |                    6 |                    0 |                500 |
+------------------------------------------------------+----------+-------------------+--------+------------------+-------------+----------+----------------------+----------------------+--------------------+


== Status ==
Current time: 2026-05-22 21:57:42 (running for 00:20:53.66)
Memory usage on this node: 62.8/251.6 GiB
Using FIFO scheduling algorithm.
Resources requested: 7.0/8 CPUs, 1.0/1 GPUs, 0.0/17.7 GiB heap, 0.0/8.85 GiB objects (0.0/1.0 accelerator_type:G)
Result logdir: /workspace/MARLlib/runs/rware_mappo_gru_small_20m_tensorboard/mappo_gru_rware-small-4ag-v2
Number of trials: 1/1 (1 RUNNING)
+------------------------------------------------------+----------+-------------------+--------+------------------+-------------+----------+----------------------+----------------------+--------------------+
| Trial name                                           | status   | loc               |   iter |   total time (s) |          ts |   reward |   episode_reward_max |   episode_reward_min |   episode_len_mean |
|------------------------------------------------------+----------+-------------------+--------+------------------+-------------+----------+----------------------+----------------------+--------------------|
| MAPPOTrainer_rware_v2_rware-small-4ag-v2_56dd2_00000 | RUNNING  | 172.24.0.2:913168 |   1435 |          4101.85 | 2.86885e+07 |     3.63 |                    6 |                    1 |                500 |
+------------------------------------------------------+----------+-------------------+--------+------------------+-------------+----------+----------------------+----------------------+--------------------+


== Status ==
Current time: 2026-05-22 21:57:48 (running for 00:20:59.01)
Memory usage on this node: 62.7/251.6 GiB
Using FIFO scheduling algorithm.
Resources requested: 7.0/8 CPUs, 1.0/1 GPUs, 0.0/17.7 GiB heap, 0.0/8.85 GiB objects (0.0/1.0 accelerator_type:G)
Result logdir: /workspace/MARLlib/runs/rware_mappo_gru_small_20m_tensorboard/mappo_gru_rware-small-4ag-v2
Number of trials: 1/1 (1 RUNNING)
+------------------------------------------------------+----------+-------------------+--------+------------------+-------------+----------+----------------------+----------------------+--------------------+
| Trial name                                           | status   | loc               |   iter |   total time (s) |          ts |   reward |   episode_reward_max |   episode_reward_min |   episode_len_mean |
|------------------------------------------------------+----------+-------------------+--------+------------------+-------------+----------+----------------------+----------------------+--------------------|
| MAPPOTrainer_rware_v2_rware-small-4ag-v2_56dd2_00000 | RUNNING  | 172.24.0.2:913168 |   1437 |          4107.14 | 2.87285e+07 |     3.64 |                    6 |                    1 |                500 |
+------------------------------------------------------+----------+-------------------+--------+------------------+-------------+----------+----------------------+----------------------+--------------------+


== Status ==
Current time: 2026-05-22 21:57:53 (running for 00:21:04.27)
Memory usage on this node: 62.7/251.6 GiB
Using FIFO scheduling algorithm.
Resources requested: 7.0/8 CPUs, 1.0/1 GPUs, 0.0/17.7 GiB heap, 0.0/8.85 GiB objects (0.0/1.0 accelerator_type:G)
Result logdir: /workspace/MARLlib/runs/rware_mappo_gru_small_20m_tensorboard/mappo_gru_rware-small-4ag-v2
Number of trials: 1/1 (1 RUNNING)
+------------------------------------------------------+----------+-------------------+--------+------------------+-------------+----------+----------------------+----------------------+--------------------+
| Trial name                                           | status   | loc               |   iter |   total time (s) |          ts |   reward |   episode_reward_max |   episode_reward_min |   episode_len_mean |
|------------------------------------------------------+----------+-------------------+--------+------------------+-------------+----------+----------------------+----------------------+--------------------|
| MAPPOTrainer_rware_v2_rware-small-4ag-v2_56dd2_00000 | RUNNING  | 172.24.0.2:913168 |   1439 |          4112.35 | 2.87685e+07 |     3.63 |                    6 |                    1 |                500 |
+------------------------------------------------------+----------+-------------------+--------+------------------+-------------+----------+----------------------+----------------------+--------------------+


== Status ==
Current time: 2026-05-22 21:57:58 (running for 00:21:09.53)
Memory usage on this node: 62.7/251.6 GiB
Using FIFO scheduling algorithm.
Resources requested: 7.0/8 CPUs, 1.0/1 GPUs, 0.0/17.7 GiB heap, 0.0/8.85 GiB objects (0.0/1.0 accelerator_type:G)
Result logdir: /workspace/MARLlib/runs/rware_mappo_gru_small_20m_tensorboard/mappo_gru_rware-small-4ag-v2
Number of trials: 1/1 (1 RUNNING)
+------------------------------------------------------+----------+-------------------+--------+------------------+-------------+----------+----------------------+----------------------+--------------------+
| Trial name                                           | status   | loc               |   iter |   total time (s) |          ts |   reward |   episode_reward_max |   episode_reward_min |   episode_len_mean |
|------------------------------------------------------+----------+-------------------+--------+------------------+-------------+----------+----------------------+----------------------+--------------------|
| MAPPOTrainer_rware_v2_rware-small-4ag-v2_56dd2_00000 | RUNNING  | 172.24.0.2:913168 |   1441 |          4117.55 | 2.88085e+07 |     3.64 |                    5 |                    2 |                500 |
+------------------------------------------------------+----------+-------------------+--------+------------------+-------------+----------+----------------------+----------------------+--------------------+


== Status ==
Current time: 2026-05-22 21:58:03 (running for 00:21:14.72)
Memory usage on this node: 62.8/251.6 GiB
Using FIFO scheduling algorithm.
Resources requested: 7.0/8 CPUs, 1.0/1 GPUs, 0.0/17.7 GiB heap, 0.0/8.85 GiB objects (0.0/1.0 accelerator_type:G)
Result logdir: /workspace/MARLlib/runs/rware_mappo_gru_small_20m_tensorboard/mappo_gru_rware-small-4ag-v2
Number of trials: 1/1 (1 RUNNING)
+------------------------------------------------------+----------+-------------------+--------+------------------+-------------+----------+----------------------+----------------------+--------------------+
| Trial name                                           | status   | loc               |   iter |   total time (s) |          ts |   reward |   episode_reward_max |   episode_reward_min |   episode_len_mean |
|------------------------------------------------------+----------+-------------------+--------+------------------+-------------+----------+----------------------+----------------------+--------------------|
| MAPPOTrainer_rware_v2_rware-small-4ag-v2_56dd2_00000 | RUNNING  | 172.24.0.2:913168 |   1443 |          4122.68 | 2.88485e+07 |     3.66 |                    5 |                    2 |                500 |
+------------------------------------------------------+----------+-------------------+--------+------------------+-------------+----------+----------------------+----------------------+--------------------+


== Status ==
Current time: 2026-05-22 21:58:09 (running for 00:21:19.95)
Memory usage on this node: 62.8/251.6 GiB
Using FIFO scheduling algorithm.
Resources requested: 7.0/8 CPUs, 1.0/1 GPUs, 0.0/17.7 GiB heap, 0.0/8.85 GiB objects (0.0/1.0 accelerator_type:G)
Result logdir: /workspace/MARLlib/runs/rware_mappo_gru_small_20m_tensorboard/mappo_gru_rware-small-4ag-v2
Number of trials: 1/1 (1 RUNNING)
+------------------------------------------------------+----------+-------------------+--------+------------------+-------------+----------+----------------------+----------------------+--------------------+
| Trial name                                           | status   | loc               |   iter |   total time (s) |          ts |   reward |   episode_reward_max |   episode_reward_min |   episode_len_mean |
|------------------------------------------------------+----------+-------------------+--------+------------------+-------------+----------+----------------------+----------------------+--------------------|
| MAPPOTrainer_rware_v2_rware-small-4ag-v2_56dd2_00000 | RUNNING  | 172.24.0.2:913168 |   1445 |          4127.86 | 2.88884e+07 |     3.67 |                    5 |                    2 |                500 |
+------------------------------------------------------+----------+-------------------+--------+------------------+-------------+----------+----------------------+----------------------+--------------------+


== Status ==
Current time: 2026-05-22 21:58:14 (running for 00:21:25.11)
Memory usage on this node: 62.8/251.6 GiB
Using FIFO scheduling algorithm.
Resources requested: 7.0/8 CPUs, 1.0/1 GPUs, 0.0/17.7 GiB heap, 0.0/8.85 GiB objects (0.0/1.0 accelerator_type:G)
Result logdir: /workspace/MARLlib/runs/rware_mappo_gru_small_20m_tensorboard/mappo_gru_rware-small-4ag-v2
Number of trials: 1/1 (1 RUNNING)
+------------------------------------------------------+----------+-------------------+--------+------------------+-------------+----------+----------------------+----------------------+--------------------+
| Trial name                                           | status   | loc               |   iter |   total time (s) |          ts |   reward |   episode_reward_max |   episode_reward_min |   episode_len_mean |
|------------------------------------------------------+----------+-------------------+--------+------------------+-------------+----------+----------------------+----------------------+--------------------|
| MAPPOTrainer_rware_v2_rware-small-4ag-v2_56dd2_00000 | RUNNING  | 172.24.0.2:913168 |   1447 |          4132.98 | 2.89284e+07 |     3.64 |                    6 |                    2 |                500 |
+------------------------------------------------------+----------+-------------------+--------+------------------+-------------+----------+----------------------+----------------------+--------------------+


== Status ==
Current time: 2026-05-22 21:58:19 (running for 00:21:30.29)
Memory usage on this node: 62.8/251.6 GiB
Using FIFO scheduling algorithm.
Resources requested: 7.0/8 CPUs, 1.0/1 GPUs, 0.0/17.7 GiB heap, 0.0/8.85 GiB objects (0.0/1.0 accelerator_type:G)
Result logdir: /workspace/MARLlib/runs/rware_mappo_gru_small_20m_tensorboard/mappo_gru_rware-small-4ag-v2
Number of trials: 1/1 (1 RUNNING)
+------------------------------------------------------+----------+-------------------+--------+------------------+-------------+----------+----------------------+----------------------+--------------------+
| Trial name                                           | status   | loc               |   iter |   total time (s) |          ts |   reward |   episode_reward_max |   episode_reward_min |   episode_len_mean |
|------------------------------------------------------+----------+-------------------+--------+------------------+-------------+----------+----------------------+----------------------+--------------------|
| MAPPOTrainer_rware_v2_rware-small-4ag-v2_56dd2_00000 | RUNNING  | 172.24.0.2:913168 |   1449 |          4138.11 | 2.89684e+07 |      3.7 |                    6 |                    2 |                500 |
+------------------------------------------------------+----------+-------------------+--------+------------------+-------------+----------+----------------------+----------------------+--------------------+


== Status ==
Current time: 2026-05-22 21:58:24 (running for 00:21:35.29)
Memory usage on this node: 62.7/251.6 GiB
Using FIFO scheduling algorithm.
Resources requested: 7.0/8 CPUs, 1.0/1 GPUs, 0.0/17.7 GiB heap, 0.0/8.85 GiB objects (0.0/1.0 accelerator_type:G)
Result logdir: /workspace/MARLlib/runs/rware_mappo_gru_small_20m_tensorboard/mappo_gru_rware-small-4ag-v2
Number of trials: 1/1 (1 RUNNING)
+------------------------------------------------------+----------+-------------------+--------+------------------+-------------+----------+----------------------+----------------------+--------------------+
| Trial name                                           | status   | loc               |   iter |   total time (s) |          ts |   reward |   episode_reward_max |   episode_reward_min |   episode_len_mean |
|------------------------------------------------------+----------+-------------------+--------+------------------+-------------+----------+----------------------+----------------------+--------------------|
| MAPPOTrainer_rware_v2_rware-small-4ag-v2_56dd2_00000 | RUNNING  | 172.24.0.2:913168 |   1449 |          4138.11 | 2.89684e+07 |      3.7 |                    6 |                    2 |                500 |
+------------------------------------------------------+----------+-------------------+--------+------------------+-------------+----------+----------------------+----------------------+--------------------+


== Status ==
Current time: 2026-05-22 21:58:29 (running for 00:21:40.30)
Memory usage on this node: 62.7/251.6 GiB
Using FIFO scheduling algorithm.
Resources requested: 7.0/8 CPUs, 1.0/1 GPUs, 0.0/17.7 GiB heap, 0.0/8.85 GiB objects (0.0/1.0 accelerator_type:G)
Result logdir: /workspace/MARLlib/runs/rware_mappo_gru_small_20m_tensorboard/mappo_gru_rware-small-4ag-v2
Number of trials: 1/1 (1 RUNNING)
+------------------------------------------------------+----------+-------------------+--------+------------------+-------------+----------+----------------------+----------------------+--------------------+
| Trial name                                           | status   | loc               |   iter |   total time (s) |          ts |   reward |   episode_reward_max |   episode_reward_min |   episode_len_mean |
|------------------------------------------------------+----------+-------------------+--------+------------------+-------------+----------+----------------------+----------------------+--------------------|
| MAPPOTrainer_rware_v2_rware-small-4ag-v2_56dd2_00000 | RUNNING  | 172.24.0.2:913168 |   1449 |          4138.11 | 2.89684e+07 |      3.7 |                    6 |                    2 |                500 |
+------------------------------------------------------+----------+-------------------+--------+------------------+-------------+----------+----------------------+----------------------+--------------------+


== Status ==
Current time: 2026-05-22 21:58:34 (running for 00:21:45.31)
Memory usage on this node: 62.8/251.6 GiB
Using FIFO scheduling algorithm.
Resources requested: 7.0/8 CPUs, 1.0/1 GPUs, 0.0/17.7 GiB heap, 0.0/8.85 GiB objects (0.0/1.0 accelerator_type:G)
Result logdir: /workspace/MARLlib/runs/rware_mappo_gru_small_20m_tensorboard/mappo_gru_rware-small-4ag-v2
Number of trials: 1/1 (1 RUNNING)
+------------------------------------------------------+----------+-------------------+--------+------------------+-------------+----------+----------------------+----------------------+--------------------+
| Trial name                                           | status   | loc               |   iter |   total time (s) |          ts |   reward |   episode_reward_max |   episode_reward_min |   episode_len_mean |
|------------------------------------------------------+----------+-------------------+--------+------------------+-------------+----------+----------------------+----------------------+--------------------|
| MAPPOTrainer_rware_v2_rware-small-4ag-v2_56dd2_00000 | RUNNING  | 172.24.0.2:913168 |   1450 |          4153.11 | 2.89884e+07 |     3.76 |                    6 |                    2 |                500 |
+------------------------------------------------------+----------+-------------------+--------+------------------+-------------+----------+----------------------+----------------------+--------------------+


== Status ==
Current time: 2026-05-22 21:58:39 (running for 00:21:50.38)
Memory usage on this node: 62.8/251.6 GiB
Using FIFO scheduling algorithm.
Resources requested: 7.0/8 CPUs, 1.0/1 GPUs, 0.0/17.7 GiB heap, 0.0/8.85 GiB objects (0.0/1.0 accelerator_type:G)
Result logdir: /workspace/MARLlib/runs/rware_mappo_gru_small_20m_tensorboard/mappo_gru_rware-small-4ag-v2
Number of trials: 1/1 (1 RUNNING)
+------------------------------------------------------+----------+-------------------+--------+------------------+-------------+----------+----------------------+----------------------+--------------------+
| Trial name                                           | status   | loc               |   iter |   total time (s) |          ts |   reward |   episode_reward_max |   episode_reward_min |   episode_len_mean |
|------------------------------------------------------+----------+-------------------+--------+------------------+-------------+----------+----------------------+----------------------+--------------------|
| MAPPOTrainer_rware_v2_rware-small-4ag-v2_56dd2_00000 | RUNNING  | 172.24.0.2:913168 |   1452 |          4158.13 | 2.90284e+07 |     3.76 |                    6 |                    2 |                500 |
+------------------------------------------------------+----------+-------------------+--------+------------------+-------------+----------+----------------------+----------------------+--------------------+


== Status ==
Current time: 2026-05-22 21:58:44 (running for 00:21:55.65)
Memory usage on this node: 62.8/251.6 GiB
Using FIFO scheduling algorithm.
Resources requested: 7.0/8 CPUs, 1.0/1 GPUs, 0.0/17.7 GiB heap, 0.0/8.85 GiB objects (0.0/1.0 accelerator_type:G)
Result logdir: /workspace/MARLlib/runs/rware_mappo_gru_small_20m_tensorboard/mappo_gru_rware-small-4ag-v2
Number of trials: 1/1 (1 RUNNING)
+------------------------------------------------------+----------+-------------------+--------+------------------+-------------+----------+----------------------+----------------------+--------------------+
| Trial name                                           | status   | loc               |   iter |   total time (s) |          ts |   reward |   episode_reward_max |   episode_reward_min |   episode_len_mean |
|------------------------------------------------------+----------+-------------------+--------+------------------+-------------+----------+----------------------+----------------------+--------------------|
| MAPPOTrainer_rware_v2_rware-small-4ag-v2_56dd2_00000 | RUNNING  | 172.24.0.2:913168 |   1454 |          4163.37 | 2.90684e+07 |     3.73 |                    6 |                    2 |                500 |
+------------------------------------------------------+----------+-------------------+--------+------------------+-------------+----------+----------------------+----------------------+--------------------+


== Status ==
Current time: 2026-05-22 21:58:50 (running for 00:22:00.98)
Memory usage on this node: 62.8/251.6 GiB
Using FIFO scheduling algorithm.
Resources requested: 7.0/8 CPUs, 1.0/1 GPUs, 0.0/17.7 GiB heap, 0.0/8.85 GiB objects (0.0/1.0 accelerator_type:G)
Result logdir: /workspace/MARLlib/runs/rware_mappo_gru_small_20m_tensorboard/mappo_gru_rware-small-4ag-v2
Number of trials: 1/1 (1 RUNNING)
+------------------------------------------------------+----------+-------------------+--------+------------------+-------------+----------+----------------------+----------------------+--------------------+
| Trial name                                           | status   | loc               |   iter |   total time (s) |          ts |   reward |   episode_reward_max |   episode_reward_min |   episode_len_mean |
|------------------------------------------------------+----------+-------------------+--------+------------------+-------------+----------+----------------------+----------------------+--------------------|
| MAPPOTrainer_rware_v2_rware-small-4ag-v2_56dd2_00000 | RUNNING  | 172.24.0.2:913168 |   1456 |          4168.64 | 2.91084e+07 |     3.71 |                    7 |                    2 |                500 |
+------------------------------------------------------+----------+-------------------+--------+------------------+-------------+----------+----------------------+----------------------+--------------------+


== Status ==
Current time: 2026-05-22 21:58:55 (running for 00:22:06.08)
Memory usage on this node: 62.8/251.6 GiB
Using FIFO scheduling algorithm.
Resources requested: 7.0/8 CPUs, 1.0/1 GPUs, 0.0/17.7 GiB heap, 0.0/8.85 GiB objects (0.0/1.0 accelerator_type:G)
Result logdir: /workspace/MARLlib/runs/rware_mappo_gru_small_20m_tensorboard/mappo_gru_rware-small-4ag-v2
Number of trials: 1/1 (1 RUNNING)
+------------------------------------------------------+----------+-------------------+--------+------------------+-------------+----------+----------------------+----------------------+--------------------+
| Trial name                                           | status   | loc               |   iter |   total time (s) |          ts |   reward |   episode_reward_max |   episode_reward_min |   episode_len_mean |
|------------------------------------------------------+----------+-------------------+--------+------------------+-------------+----------+----------------------+----------------------+--------------------|
| MAPPOTrainer_rware_v2_rware-small-4ag-v2_56dd2_00000 | RUNNING  | 172.24.0.2:913168 |   1458 |          4173.69 | 2.91483e+07 |     3.81 |                    7 |                    2 |                500 |
+------------------------------------------------------+----------+-------------------+--------+------------------+-------------+----------+----------------------+----------------------+--------------------+


== Status ==
Current time: 2026-05-22 21:59:00 (running for 00:22:11.29)
Memory usage on this node: 62.8/251.6 GiB
Using FIFO scheduling algorithm.
Resources requested: 7.0/8 CPUs, 1.0/1 GPUs, 0.0/17.7 GiB heap, 0.0/8.85 GiB objects (0.0/1.0 accelerator_type:G)
Result logdir: /workspace/MARLlib/runs/rware_mappo_gru_small_20m_tensorboard/mappo_gru_rware-small-4ag-v2
Number of trials: 1/1 (1 RUNNING)
+------------------------------------------------------+----------+-------------------+--------+------------------+-------------+----------+----------------------+----------------------+--------------------+
| Trial name                                           | status   | loc               |   iter |   total time (s) |          ts |   reward |   episode_reward_max |   episode_reward_min |   episode_len_mean |
|------------------------------------------------------+----------+-------------------+--------+------------------+-------------+----------+----------------------+----------------------+--------------------|
| MAPPOTrainer_rware_v2_rware-small-4ag-v2_56dd2_00000 | RUNNING  | 172.24.0.2:913168 |   1460 |          4178.84 | 2.91883e+07 |     3.72 |                    7 |                    2 |                500 |
+------------------------------------------------------+----------+-------------------+--------+------------------+-------------+----------+----------------------+----------------------+--------------------+


== Status ==
Current time: 2026-05-22 21:59:05 (running for 00:22:16.50)
Memory usage on this node: 62.8/251.6 GiB
Using FIFO scheduling algorithm.
Resources requested: 7.0/8 CPUs, 1.0/1 GPUs, 0.0/17.7 GiB heap, 0.0/8.85 GiB objects (0.0/1.0 accelerator_type:G)
Result logdir: /workspace/MARLlib/runs/rware_mappo_gru_small_20m_tensorboard/mappo_gru_rware-small-4ag-v2
Number of trials: 1/1 (1 RUNNING)
+------------------------------------------------------+----------+-------------------+--------+------------------+-------------+----------+----------------------+----------------------+--------------------+
| Trial name                                           | status   | loc               |   iter |   total time (s) |          ts |   reward |   episode_reward_max |   episode_reward_min |   episode_len_mean |
|------------------------------------------------------+----------+-------------------+--------+------------------+-------------+----------+----------------------+----------------------+--------------------|
| MAPPOTrainer_rware_v2_rware-small-4ag-v2_56dd2_00000 | RUNNING  | 172.24.0.2:913168 |   1462 |             4184 | 2.92283e+07 |      3.7 |                    7 |                    2 |                500 |
+------------------------------------------------------+----------+-------------------+--------+------------------+-------------+----------+----------------------+----------------------+--------------------+


== Status ==
Current time: 2026-05-22 21:59:10 (running for 00:22:21.66)
Memory usage on this node: 62.7/251.6 GiB
Using FIFO scheduling algorithm.
Resources requested: 7.0/8 CPUs, 1.0/1 GPUs, 0.0/17.7 GiB heap, 0.0/8.85 GiB objects (0.0/1.0 accelerator_type:G)
Result logdir: /workspace/MARLlib/runs/rware_mappo_gru_small_20m_tensorboard/mappo_gru_rware-small-4ag-v2
Number of trials: 1/1 (1 RUNNING)
+------------------------------------------------------+----------+-------------------+--------+------------------+-------------+----------+----------------------+----------------------+--------------------+
| Trial name                                           | status   | loc               |   iter |   total time (s) |          ts |   reward |   episode_reward_max |   episode_reward_min |   episode_len_mean |
|------------------------------------------------------+----------+-------------------+--------+------------------+-------------+----------+----------------------+----------------------+--------------------|
| MAPPOTrainer_rware_v2_rware-small-4ag-v2_56dd2_00000 | RUNNING  | 172.24.0.2:913168 |   1464 |           4189.1 | 2.92683e+07 |      3.8 |                    7 |                    2 |                500 |
+------------------------------------------------------+----------+-------------------+--------+------------------+-------------+----------+----------------------+----------------------+--------------------+


== Status ==
Current time: 2026-05-22 21:59:16 (running for 00:22:26.92)
Memory usage on this node: 62.8/251.6 GiB
Using FIFO scheduling algorithm.
Resources requested: 7.0/8 CPUs, 1.0/1 GPUs, 0.0/17.7 GiB heap, 0.0/8.85 GiB objects (0.0/1.0 accelerator_type:G)
Result logdir: /workspace/MARLlib/runs/rware_mappo_gru_small_20m_tensorboard/mappo_gru_rware-small-4ag-v2
Number of trials: 1/1 (1 RUNNING)
+------------------------------------------------------+----------+-------------------+--------+------------------+-------------+----------+----------------------+----------------------+--------------------+
| Trial name                                           | status   | loc               |   iter |   total time (s) |          ts |   reward |   episode_reward_max |   episode_reward_min |   episode_len_mean |
|------------------------------------------------------+----------+-------------------+--------+------------------+-------------+----------+----------------------+----------------------+--------------------|
| MAPPOTrainer_rware_v2_rware-small-4ag-v2_56dd2_00000 | RUNNING  | 172.24.0.2:913168 |   1466 |          4194.32 | 2.93083e+07 |     3.83 |                    7 |                    2 |                500 |
+------------------------------------------------------+----------+-------------------+--------+------------------+-------------+----------+----------------------+----------------------+--------------------+


== Status ==
Current time: 2026-05-22 21:59:21 (running for 00:22:32.34)
Memory usage on this node: 62.8/251.6 GiB
Using FIFO scheduling algorithm.
Resources requested: 7.0/8 CPUs, 1.0/1 GPUs, 0.0/17.7 GiB heap, 0.0/8.85 GiB objects (0.0/1.0 accelerator_type:G)
Result logdir: /workspace/MARLlib/runs/rware_mappo_gru_small_20m_tensorboard/mappo_gru_rware-small-4ag-v2
Number of trials: 1/1 (1 RUNNING)
+------------------------------------------------------+----------+-------------------+--------+------------------+-------------+----------+----------------------+----------------------+--------------------+
| Trial name                                           | status   | loc               |   iter |   total time (s) |          ts |   reward |   episode_reward_max |   episode_reward_min |   episode_len_mean |
|------------------------------------------------------+----------+-------------------+--------+------------------+-------------+----------+----------------------+----------------------+--------------------|
| MAPPOTrainer_rware_v2_rware-small-4ag-v2_56dd2_00000 | RUNNING  | 172.24.0.2:913168 |   1468 |          4199.67 | 2.93483e+07 |     3.84 |                    7 |                    2 |                500 |
+------------------------------------------------------+----------+-------------------+--------+------------------+-------------+----------+----------------------+----------------------+--------------------+


== Status ==
Current time: 2026-05-22 21:59:26 (running for 00:22:37.48)
Memory usage on this node: 62.7/251.6 GiB
Using FIFO scheduling algorithm.
Resources requested: 7.0/8 CPUs, 1.0/1 GPUs, 0.0/17.7 GiB heap, 0.0/8.85 GiB objects (0.0/1.0 accelerator_type:G)
Result logdir: /workspace/MARLlib/runs/rware_mappo_gru_small_20m_tensorboard/mappo_gru_rware-small-4ag-v2
Number of trials: 1/1 (1 RUNNING)
+------------------------------------------------------+----------+-------------------+--------+------------------+-------------+----------+----------------------+----------------------+--------------------+
| Trial name                                           | status   | loc               |   iter |   total time (s) |          ts |   reward |   episode_reward_max |   episode_reward_min |   episode_len_mean |
|------------------------------------------------------+----------+-------------------+--------+------------------+-------------+----------+----------------------+----------------------+--------------------|
| MAPPOTrainer_rware_v2_rware-small-4ag-v2_56dd2_00000 | RUNNING  | 172.24.0.2:913168 |   1470 |          4204.76 | 2.93882e+07 |     3.86 |                    7 |                    2 |                500 |
+------------------------------------------------------+----------+-------------------+--------+------------------+-------------+----------+----------------------+----------------------+--------------------+


== Status ==
Current time: 2026-05-22 21:59:31 (running for 00:22:42.74)
Memory usage on this node: 62.7/251.6 GiB
Using FIFO scheduling algorithm.
Resources requested: 7.0/8 CPUs, 1.0/1 GPUs, 0.0/17.7 GiB heap, 0.0/8.85 GiB objects (0.0/1.0 accelerator_type:G)
Result logdir: /workspace/MARLlib/runs/rware_mappo_gru_small_20m_tensorboard/mappo_gru_rware-small-4ag-v2
Number of trials: 1/1 (1 RUNNING)
+------------------------------------------------------+----------+-------------------+--------+------------------+-------------+----------+----------------------+----------------------+--------------------+
| Trial name                                           | status   | loc               |   iter |   total time (s) |          ts |   reward |   episode_reward_max |   episode_reward_min |   episode_len_mean |
|------------------------------------------------------+----------+-------------------+--------+------------------+-------------+----------+----------------------+----------------------+--------------------|
| MAPPOTrainer_rware_v2_rware-small-4ag-v2_56dd2_00000 | RUNNING  | 172.24.0.2:913168 |   1472 |          4209.97 | 2.94282e+07 |     3.81 |                    6 |                    1 |                500 |
+------------------------------------------------------+----------+-------------------+--------+------------------+-------------+----------+----------------------+----------------------+--------------------+


== Status ==
Current time: 2026-05-22 21:59:37 (running for 00:22:47.94)
Memory usage on this node: 62.7/251.6 GiB
Using FIFO scheduling algorithm.
Resources requested: 7.0/8 CPUs, 1.0/1 GPUs, 0.0/17.7 GiB heap, 0.0/8.85 GiB objects (0.0/1.0 accelerator_type:G)
Result logdir: /workspace/MARLlib/runs/rware_mappo_gru_small_20m_tensorboard/mappo_gru_rware-small-4ag-v2
Number of trials: 1/1 (1 RUNNING)
+------------------------------------------------------+----------+-------------------+--------+------------------+-------------+----------+----------------------+----------------------+--------------------+
| Trial name                                           | status   | loc               |   iter |   total time (s) |          ts |   reward |   episode_reward_max |   episode_reward_min |   episode_len_mean |
|------------------------------------------------------+----------+-------------------+--------+------------------+-------------+----------+----------------------+----------------------+--------------------|
| MAPPOTrainer_rware_v2_rware-small-4ag-v2_56dd2_00000 | RUNNING  | 172.24.0.2:913168 |   1474 |          4215.12 | 2.94682e+07 |     3.77 |                    6 |                    1 |                500 |
+------------------------------------------------------+----------+-------------------+--------+------------------+-------------+----------+----------------------+----------------------+--------------------+


== Status ==
Current time: 2026-05-22 21:59:42 (running for 00:22:53.28)
Memory usage on this node: 62.7/251.6 GiB
Using FIFO scheduling algorithm.
Resources requested: 7.0/8 CPUs, 1.0/1 GPUs, 0.0/17.7 GiB heap, 0.0/8.85 GiB objects (0.0/1.0 accelerator_type:G)
Result logdir: /workspace/MARLlib/runs/rware_mappo_gru_small_20m_tensorboard/mappo_gru_rware-small-4ag-v2
Number of trials: 1/1 (1 RUNNING)
+------------------------------------------------------+----------+-------------------+--------+------------------+-------------+----------+----------------------+----------------------+--------------------+
| Trial name                                           | status   | loc               |   iter |   total time (s) |          ts |   reward |   episode_reward_max |   episode_reward_min |   episode_len_mean |
|------------------------------------------------------+----------+-------------------+--------+------------------+-------------+----------+----------------------+----------------------+--------------------|
| MAPPOTrainer_rware_v2_rware-small-4ag-v2_56dd2_00000 | RUNNING  | 172.24.0.2:913168 |   1476 |          4220.39 | 2.95082e+07 |     3.75 |                    6 |                    1 |                500 |
+------------------------------------------------------+----------+-------------------+--------+------------------+-------------+----------+----------------------+----------------------+--------------------+


== Status ==
Current time: 2026-05-22 21:59:47 (running for 00:22:58.48)
Memory usage on this node: 62.7/251.6 GiB
Using FIFO scheduling algorithm.
Resources requested: 7.0/8 CPUs, 1.0/1 GPUs, 0.0/17.7 GiB heap, 0.0/8.85 GiB objects (0.0/1.0 accelerator_type:G)
Result logdir: /workspace/MARLlib/runs/rware_mappo_gru_small_20m_tensorboard/mappo_gru_rware-small-4ag-v2
Number of trials: 1/1 (1 RUNNING)
+------------------------------------------------------+----------+-------------------+--------+------------------+-------------+----------+----------------------+----------------------+--------------------+
| Trial name                                           | status   | loc               |   iter |   total time (s) |          ts |   reward |   episode_reward_max |   episode_reward_min |   episode_len_mean |
|------------------------------------------------------+----------+-------------------+--------+------------------+-------------+----------+----------------------+----------------------+--------------------|
| MAPPOTrainer_rware_v2_rware-small-4ag-v2_56dd2_00000 | RUNNING  | 172.24.0.2:913168 |   1478 |          4225.54 | 2.95482e+07 |     3.73 |                    6 |                    1 |                500 |
+------------------------------------------------------+----------+-------------------+--------+------------------+-------------+----------+----------------------+----------------------+--------------------+


== Status ==
Current time: 2026-05-22 21:59:52 (running for 00:23:03.74)
Memory usage on this node: 62.7/251.6 GiB
Using FIFO scheduling algorithm.
Resources requested: 7.0/8 CPUs, 1.0/1 GPUs, 0.0/17.7 GiB heap, 0.0/8.85 GiB objects (0.0/1.0 accelerator_type:G)
Result logdir: /workspace/MARLlib/runs/rware_mappo_gru_small_20m_tensorboard/mappo_gru_rware-small-4ag-v2
Number of trials: 1/1 (1 RUNNING)
+------------------------------------------------------+----------+-------------------+--------+------------------+-------------+----------+----------------------+----------------------+--------------------+
| Trial name                                           | status   | loc               |   iter |   total time (s) |          ts |   reward |   episode_reward_max |   episode_reward_min |   episode_len_mean |
|------------------------------------------------------+----------+-------------------+--------+------------------+-------------+----------+----------------------+----------------------+--------------------|
| MAPPOTrainer_rware_v2_rware-small-4ag-v2_56dd2_00000 | RUNNING  | 172.24.0.2:913168 |   1480 |          4230.74 | 2.95882e+07 |     3.71 |                    6 |                    1 |                500 |
+------------------------------------------------------+----------+-------------------+--------+------------------+-------------+----------+----------------------+----------------------+--------------------+


== Status ==
Current time: 2026-05-22 21:59:58 (running for 00:23:08.94)
Memory usage on this node: 62.7/251.6 GiB
Using FIFO scheduling algorithm.
Resources requested: 7.0/8 CPUs, 1.0/1 GPUs, 0.0/17.7 GiB heap, 0.0/8.85 GiB objects (0.0/1.0 accelerator_type:G)
Result logdir: /workspace/MARLlib/runs/rware_mappo_gru_small_20m_tensorboard/mappo_gru_rware-small-4ag-v2
Number of trials: 1/1 (1 RUNNING)
+------------------------------------------------------+----------+-------------------+--------+------------------+-------------+----------+----------------------+----------------------+--------------------+
| Trial name                                           | status   | loc               |   iter |   total time (s) |          ts |   reward |   episode_reward_max |   episode_reward_min |   episode_len_mean |
|------------------------------------------------------+----------+-------------------+--------+------------------+-------------+----------+----------------------+----------------------+--------------------|
| MAPPOTrainer_rware_v2_rware-small-4ag-v2_56dd2_00000 | RUNNING  | 172.24.0.2:913168 |   1482 |          4235.89 | 2.96281e+07 |     3.74 |                    6 |                    1 |                500 |
+------------------------------------------------------+----------+-------------------+--------+------------------+-------------+----------+----------------------+----------------------+--------------------+


== Status ==
Current time: 2026-05-22 22:00:03 (running for 00:23:14.22)
Memory usage on this node: 62.8/251.6 GiB
Using FIFO scheduling algorithm.
Resources requested: 7.0/8 CPUs, 1.0/1 GPUs, 0.0/17.7 GiB heap, 0.0/8.85 GiB objects (0.0/1.0 accelerator_type:G)
Result logdir: /workspace/MARLlib/runs/rware_mappo_gru_small_20m_tensorboard/mappo_gru_rware-small-4ag-v2
Number of trials: 1/1 (1 RUNNING)
+------------------------------------------------------+----------+-------------------+--------+------------------+-------------+----------+----------------------+----------------------+--------------------+
| Trial name                                           | status   | loc               |   iter |   total time (s) |          ts |   reward |   episode_reward_max |   episode_reward_min |   episode_len_mean |
|------------------------------------------------------+----------+-------------------+--------+------------------+-------------+----------+----------------------+----------------------+--------------------|
| MAPPOTrainer_rware_v2_rware-small-4ag-v2_56dd2_00000 | RUNNING  | 172.24.0.2:913168 |   1484 |          4241.11 | 2.96681e+07 |     3.67 |                    6 |                    1 |                500 |
+------------------------------------------------------+----------+-------------------+--------+------------------+-------------+----------+----------------------+----------------------+--------------------+


== Status ==
Current time: 2026-05-22 22:00:08 (running for 00:23:19.50)
Memory usage on this node: 62.8/251.6 GiB
Using FIFO scheduling algorithm.
Resources requested: 7.0/8 CPUs, 1.0/1 GPUs, 0.0/17.7 GiB heap, 0.0/8.85 GiB objects (0.0/1.0 accelerator_type:G)
Result logdir: /workspace/MARLlib/runs/rware_mappo_gru_small_20m_tensorboard/mappo_gru_rware-small-4ag-v2
Number of trials: 1/1 (1 RUNNING)
+------------------------------------------------------+----------+-------------------+--------+------------------+-------------+----------+----------------------+----------------------+--------------------+
| Trial name                                           | status   | loc               |   iter |   total time (s) |          ts |   reward |   episode_reward_max |   episode_reward_min |   episode_len_mean |
|------------------------------------------------------+----------+-------------------+--------+------------------+-------------+----------+----------------------+----------------------+--------------------|
| MAPPOTrainer_rware_v2_rware-small-4ag-v2_56dd2_00000 | RUNNING  | 172.24.0.2:913168 |   1486 |          4246.34 | 2.97081e+07 |     3.69 |                    6 |                    1 |                500 |
+------------------------------------------------------+----------+-------------------+--------+------------------+-------------+----------+----------------------+----------------------+--------------------+


== Status ==
Current time: 2026-05-22 22:00:13 (running for 00:23:24.62)
Memory usage on this node: 62.7/251.6 GiB
Using FIFO scheduling algorithm.
Resources requested: 7.0/8 CPUs, 1.0/1 GPUs, 0.0/17.7 GiB heap, 0.0/8.85 GiB objects (0.0/1.0 accelerator_type:G)
Result logdir: /workspace/MARLlib/runs/rware_mappo_gru_small_20m_tensorboard/mappo_gru_rware-small-4ag-v2
Number of trials: 1/1 (1 RUNNING)
+------------------------------------------------------+----------+-------------------+--------+------------------+-------------+----------+----------------------+----------------------+--------------------+
| Trial name                                           | status   | loc               |   iter |   total time (s) |          ts |   reward |   episode_reward_max |   episode_reward_min |   episode_len_mean |
|------------------------------------------------------+----------+-------------------+--------+------------------+-------------+----------+----------------------+----------------------+--------------------|
| MAPPOTrainer_rware_v2_rware-small-4ag-v2_56dd2_00000 | RUNNING  | 172.24.0.2:913168 |   1488 |           4251.4 | 2.97481e+07 |      3.7 |                    6 |                    2 |                500 |
+------------------------------------------------------+----------+-------------------+--------+------------------+-------------+----------+----------------------+----------------------+--------------------+


== Status ==
Current time: 2026-05-22 22:00:19 (running for 00:23:29.93)
Memory usage on this node: 62.8/251.6 GiB
Using FIFO scheduling algorithm.
Resources requested: 7.0/8 CPUs, 1.0/1 GPUs, 0.0/17.7 GiB heap, 0.0/8.85 GiB objects (0.0/1.0 accelerator_type:G)
Result logdir: /workspace/MARLlib/runs/rware_mappo_gru_small_20m_tensorboard/mappo_gru_rware-small-4ag-v2
Number of trials: 1/1 (1 RUNNING)
+------------------------------------------------------+----------+-------------------+--------+------------------+-------------+----------+----------------------+----------------------+--------------------+
| Trial name                                           | status   | loc               |   iter |   total time (s) |          ts |   reward |   episode_reward_max |   episode_reward_min |   episode_len_mean |
|------------------------------------------------------+----------+-------------------+--------+------------------+-------------+----------+----------------------+----------------------+--------------------|
| MAPPOTrainer_rware_v2_rware-small-4ag-v2_56dd2_00000 | RUNNING  | 172.24.0.2:913168 |   1490 |          4256.65 | 2.97881e+07 |     3.73 |                    6 |                    2 |                500 |
+------------------------------------------------------+----------+-------------------+--------+------------------+-------------+----------+----------------------+----------------------+--------------------+


== Status ==
Current time: 2026-05-22 22:00:24 (running for 00:23:35.25)
Memory usage on this node: 62.7/251.6 GiB
Using FIFO scheduling algorithm.
Resources requested: 7.0/8 CPUs, 1.0/1 GPUs, 0.0/17.7 GiB heap, 0.0/8.85 GiB objects (0.0/1.0 accelerator_type:G)
Result logdir: /workspace/MARLlib/runs/rware_mappo_gru_small_20m_tensorboard/mappo_gru_rware-small-4ag-v2
Number of trials: 1/1 (1 RUNNING)
+------------------------------------------------------+----------+-------------------+--------+------------------+-------------+----------+----------------------+----------------------+--------------------+
| Trial name                                           | status   | loc               |   iter |   total time (s) |          ts |   reward |   episode_reward_max |   episode_reward_min |   episode_len_mean |
|------------------------------------------------------+----------+-------------------+--------+------------------+-------------+----------+----------------------+----------------------+--------------------|
| MAPPOTrainer_rware_v2_rware-small-4ag-v2_56dd2_00000 | RUNNING  | 172.24.0.2:913168 |   1492 |          4261.91 | 2.98281e+07 |     3.85 |                    7 |                    2 |                500 |
+------------------------------------------------------+----------+-------------------+--------+------------------+-------------+----------+----------------------+----------------------+--------------------+


== Status ==
Current time: 2026-05-22 22:00:29 (running for 00:23:40.55)
Memory usage on this node: 62.7/251.6 GiB
Using FIFO scheduling algorithm.
Resources requested: 7.0/8 CPUs, 1.0/1 GPUs, 0.0/17.7 GiB heap, 0.0/8.85 GiB objects (0.0/1.0 accelerator_type:G)
Result logdir: /workspace/MARLlib/runs/rware_mappo_gru_small_20m_tensorboard/mappo_gru_rware-small-4ag-v2
Number of trials: 1/1 (1 RUNNING)
+------------------------------------------------------+----------+-------------------+--------+------------------+------------+----------+----------------------+----------------------+--------------------+
| Trial name                                           | status   | loc               |   iter |   total time (s) |         ts |   reward |   episode_reward_max |   episode_reward_min |   episode_len_mean |
|------------------------------------------------------+----------+-------------------+--------+------------------+------------+----------+----------------------+----------------------+--------------------|
| MAPPOTrainer_rware_v2_rware-small-4ag-v2_56dd2_00000 | RUNNING  | 172.24.0.2:913168 |   1494 |          4267.17 | 2.9868e+07 |     3.89 |                    7 |                    2 |                500 |
+------------------------------------------------------+----------+-------------------+--------+------------------+------------+----------+----------------------+----------------------+--------------------+


== Status ==
Current time: 2026-05-22 22:00:35 (running for 00:23:46.15)
Memory usage on this node: 62.7/251.6 GiB
Using FIFO scheduling algorithm.
Resources requested: 7.0/8 CPUs, 1.0/1 GPUs, 0.0/17.7 GiB heap, 0.0/8.85 GiB objects (0.0/1.0 accelerator_type:G)
Result logdir: /workspace/MARLlib/runs/rware_mappo_gru_small_20m_tensorboard/mappo_gru_rware-small-4ag-v2
Number of trials: 1/1 (1 RUNNING)
+------------------------------------------------------+----------+-------------------+--------+------------------+------------+----------+----------------------+----------------------+--------------------+
| Trial name                                           | status   | loc               |   iter |   total time (s) |         ts |   reward |   episode_reward_max |   episode_reward_min |   episode_len_mean |
|------------------------------------------------------+----------+-------------------+--------+------------------+------------+----------+----------------------+----------------------+--------------------|
| MAPPOTrainer_rware_v2_rware-small-4ag-v2_56dd2_00000 | RUNNING  | 172.24.0.2:913168 |   1496 |           4272.7 | 2.9908e+07 |     3.92 |                    7 |                    2 |                500 |
+------------------------------------------------------+----------+-------------------+--------+------------------+------------+----------+----------------------+----------------------+--------------------+


== Status ==
Current time: 2026-05-22 22:00:40 (running for 00:23:51.38)
Memory usage on this node: 62.7/251.6 GiB
Using FIFO scheduling algorithm.
Resources requested: 7.0/8 CPUs, 1.0/1 GPUs, 0.0/17.7 GiB heap, 0.0/8.85 GiB objects (0.0/1.0 accelerator_type:G)
Result logdir: /workspace/MARLlib/runs/rware_mappo_gru_small_20m_tensorboard/mappo_gru_rware-small-4ag-v2
Number of trials: 1/1 (1 RUNNING)
+------------------------------------------------------+----------+-------------------+--------+------------------+------------+----------+----------------------+----------------------+--------------------+
| Trial name                                           | status   | loc               |   iter |   total time (s) |         ts |   reward |   episode_reward_max |   episode_reward_min |   episode_len_mean |
|------------------------------------------------------+----------+-------------------+--------+------------------+------------+----------+----------------------+----------------------+--------------------|
| MAPPOTrainer_rware_v2_rware-small-4ag-v2_56dd2_00000 | RUNNING  | 172.24.0.2:913168 |   1498 |          4277.88 | 2.9948e+07 |     3.92 |                    7 |                    1 |                500 |
+------------------------------------------------------+----------+-------------------+--------+------------------+------------+----------+----------------------+----------------------+--------------------+


== Status ==
Current time: 2026-05-22 22:00:46 (running for 00:23:57.00)
Memory usage on this node: 62.7/251.6 GiB
Using FIFO scheduling algorithm.
Resources requested: 7.0/8 CPUs, 1.0/1 GPUs, 0.0/17.7 GiB heap, 0.0/8.85 GiB objects (0.0/1.0 accelerator_type:G)
Result logdir: /workspace/MARLlib/runs/rware_mappo_gru_small_20m_tensorboard/mappo_gru_rware-small-4ag-v2
Number of trials: 1/1 (1 RUNNING)
+------------------------------------------------------+----------+-------------------+--------+------------------+------------+----------+----------------------+----------------------+--------------------+
| Trial name                                           | status   | loc               |   iter |   total time (s) |         ts |   reward |   episode_reward_max |   episode_reward_min |   episode_len_mean |
|------------------------------------------------------+----------+-------------------+--------+------------------+------------+----------+----------------------+----------------------+--------------------|
| MAPPOTrainer_rware_v2_rware-small-4ag-v2_56dd2_00000 | RUNNING  | 172.24.0.2:913168 |   1499 |          4280.47 | 2.9968e+07 |     3.89 |                    7 |                    1 |                500 |
+------------------------------------------------------+----------+-------------------+--------+------------------+------------+----------+----------------------+----------------------+--------------------+


== Status ==
Current time: 2026-05-22 22:00:51 (running for 00:24:02.01)
Memory usage on this node: 62.7/251.6 GiB
Using FIFO scheduling algorithm.
Resources requested: 7.0/8 CPUs, 1.0/1 GPUs, 0.0/17.7 GiB heap, 0.0/8.85 GiB objects (0.0/1.0 accelerator_type:G)
Result logdir: /workspace/MARLlib/runs/rware_mappo_gru_small_20m_tensorboard/mappo_gru_rware-small-4ag-v2
Number of trials: 1/1 (1 RUNNING)
+------------------------------------------------------+----------+-------------------+--------+------------------+------------+----------+----------------------+----------------------+--------------------+
| Trial name                                           | status   | loc               |   iter |   total time (s) |         ts |   reward |   episode_reward_max |   episode_reward_min |   episode_len_mean |
|------------------------------------------------------+----------+-------------------+--------+------------------+------------+----------+----------------------+----------------------+--------------------|
| MAPPOTrainer_rware_v2_rware-small-4ag-v2_56dd2_00000 | RUNNING  | 172.24.0.2:913168 |   1499 |          4280.47 | 2.9968e+07 |     3.89 |                    7 |                    1 |                500 |
+------------------------------------------------------+----------+-------------------+--------+------------------+------------+----------+----------------------+----------------------+--------------------+


== Status ==
Current time: 2026-05-22 22:00:56 (running for 00:24:07.02)
Memory usage on this node: 62.7/251.6 GiB
Using FIFO scheduling algorithm.
Resources requested: 7.0/8 CPUs, 1.0/1 GPUs, 0.0/17.7 GiB heap, 0.0/8.85 GiB objects (0.0/1.0 accelerator_type:G)
Result logdir: /workspace/MARLlib/runs/rware_mappo_gru_small_20m_tensorboard/mappo_gru_rware-small-4ag-v2
Number of trials: 1/1 (1 RUNNING)
+------------------------------------------------------+----------+-------------------+--------+------------------+------------+----------+----------------------+----------------------+--------------------+
| Trial name                                           | status   | loc               |   iter |   total time (s) |         ts |   reward |   episode_reward_max |   episode_reward_min |   episode_len_mean |
|------------------------------------------------------+----------+-------------------+--------+------------------+------------+----------+----------------------+----------------------+--------------------|
| MAPPOTrainer_rware_v2_rware-small-4ag-v2_56dd2_00000 | RUNNING  | 172.24.0.2:913168 |   1499 |          4280.47 | 2.9968e+07 |     3.89 |                    7 |                    1 |                500 |
+------------------------------------------------------+----------+-------------------+--------+------------------+------------+----------+----------------------+----------------------+--------------------+


[2m[36m(pid=913168)[0m 2026-05-22 21:36:52,101	WARNING deprecation.py:38 -- DeprecationWarning: `simple_optimizer` has been deprecated. This will raise an error in the future!
[2m[36m(pid=913168)[0m 2026-05-22 21:36:52,102	WARNING ppo.py:143 -- `train_batch_size` (5000) cannot be achieved with your other settings (num_workers=6 num_envs_per_worker=1 rollout_fragment_length=200)! Auto-adjusting `rollout_fragment_length` to 833.
[2m[36m(pid=913168)[0m 2026-05-22 21:36:52,102	INFO ppo.py:166 -- In multi-agent mode, policies will be optimized sequentially by the multi-GPU optimizer. Consider setting simple_optimizer=True if this doesn't work for you.
[2m[36m(pid=913168)[0m 2026-05-22 21:36:52,102	INFO trainer.py:770 -- Current log_level is WARN. For more information, set 'log_level': 'INFO' / 'DEBUG' or use the -v and -vv flags.
[2m[36m(pid=913172)[0m 2026-05-22 21:36:54,859	WARNING deprecation.py:38 -- DeprecationWarning: `SampleBatch['is_training']` has been deprecated. Use `SampleBatch.is_training` instead. This will raise an error in the future!
[2m[36m(pid=913168)[0m 2026-05-22 21:37:00,930	WARNING deprecation.py:38 -- DeprecationWarning: `SampleBatch['is_training']` has been deprecated. Use `SampleBatch.is_training` instead. This will raise an error in the future!
[2m[36m(pid=913168)[0m 2026-05-22 21:37:00,951	WARNING trainer_template.py:185 -- `execution_plan` functions should accept `trainer`, `workers`, and `config` as args!
[2m[36m(pid=913168)[0m 2026-05-22 21:37:00,951	WARNING deprecation.py:38 -- DeprecationWarning: `simple_optimizer` has been deprecated. This will raise an error in the future!
[2m[36m(pid=913168)[0m 2026-05-22 21:37:00,951	WARNING ppo.py:143 -- `train_batch_size` (5000) cannot be achieved with your other settings (num_workers=6 num_envs_per_worker=1 rollout_fragment_length=833)! Auto-adjusting `rollout_fragment_length` to 833.
[2m[36m(pid=913168)[0m 2026-05-22 21:37:00,977	WARNING util.py:57 -- Install gputil for GPU system monitoring.
[2m[36m(pid=913168)[0m 2026-05-22 21:37:01,017	INFO trainable.py:416 -- Restored on 172.24.0.2 from checkpoint: /workspace/MARLlib/runs/rware_mappo_gru_small_20m_tensorboard/mappo_gru_rware-small-4ag-v2/MAPPOTrainer_rware_v2_rware-small-4ag-v2_56dd2_00000_0_2026-05-22_21-36-49/tmppdb2nmuurestore_from_object/checkpoint-1001
[2m[36m(pid=913168)[0m 2026-05-22 21:37:01,018	INFO trainable.py:424 -- Current state after restoring: {'_iteration': 1001, '_timesteps_total': 0, '_time_total': 2874.2117133140564, '_episodes_total': 10002}
[2m[36m(pid=913172)[0m /workspace/miniconda3/envs/marllib/lib/python3.8/site-packages/gymnasium/utils/passive_env_checker.py:245: UserWarning: [33mWARN: The reward returned by `step()` must be a float, int, np.integer or np.floating, actual type: <class 'list'>[0m
[2m[36m(pid=913172)[0m   logger.warn(
[2m[36m(pid=913166)[0m /workspace/miniconda3/envs/marllib/lib/python3.8/site-packages/gymnasium/utils/passive_env_checker.py:245: UserWarning: [33mWARN: The reward returned by `step()` must be a float, int, np.integer or np.floating, actual type: <class 'list'>[0m
[2m[36m(pid=913166)[0m   logger.warn(
[2m[36m(pid=913171)[0m /workspace/miniconda3/envs/marllib/lib/python3.8/site-packages/gymnasium/utils/passive_env_checker.py:245: UserWarning: [33mWARN: The reward returned by `step()` must be a float, int, np.integer or np.floating, actual type: <class 'list'>[0m
[2m[36m(pid=913171)[0m   logger.warn(
[2m[36m(pid=913169)[0m /workspace/miniconda3/envs/marllib/lib/python3.8/site-packages/gymnasium/utils/passive_env_checker.py:245: UserWarning: [33mWARN: The reward returned by `step()` must be a float, int, np.integer or np.floating, actual type: <class 'list'>[0m
[2m[36m(pid=913169)[0m   logger.warn(
[2m[36m(pid=913170)[0m /workspace/miniconda3/envs/marllib/lib/python3.8/site-packages/gymnasium/utils/passive_env_checker.py:245: UserWarning: [33mWARN: The reward returned by `step()` must be a float, int, np.integer or np.floating, actual type: <class 'list'>[0m
[2m[36m(pid=913170)[0m   logger.warn(
[2m[36m(pid=913167)[0m /workspace/miniconda3/envs/marllib/lib/python3.8/site-packages/gymnasium/utils/passive_env_checker.py:245: UserWarning: [33mWARN: The reward returned by `step()` must be a float, int, np.integer or np.floating, actual type: <class 'list'>[0m
[2m[36m(pid=913167)[0m   logger.warn(
[2m[36m(pid=913168)[0m /workspace/miniconda3/envs/marllib/lib/python3.8/site-packages/gymnasium/utils/passive_env_checker.py:245: UserWarning: [33mWARN: The reward returned by `step()` must be a float, int, np.integer or np.floating, actual type: <class 'list'>[0m
[2m[36m(pid=913168)[0m   logger.warn(
2026-05-22 22:00:59,746	INFO tune.py:630 -- Total run time: 1450.67 seconds (1450.15 seconds for the tuning loop).
== Status ==
Current time: 2026-05-22 22:00:59 (running for 00:24:10.18)
Memory usage on this node: 62.7/251.6 GiB
Using FIFO scheduling algorithm.
Resources requested: 0/8 CPUs, 0/1 GPUs, 0.0/17.7 GiB heap, 0.0/8.85 GiB objects (0.0/1.0 accelerator_type:G)
Result logdir: /workspace/MARLlib/runs/rware_mappo_gru_small_20m_tensorboard/mappo_gru_rware-small-4ag-v2
Number of trials: 1/1 (1 TERMINATED)
+------------------------------------------------------+------------+-------------------+--------+------------------+------------+----------+----------------------+----------------------+--------------------+
| Trial name                                           | status     | loc               |   iter |   total time (s) |         ts |   reward |   episode_reward_max |   episode_reward_min |   episode_len_mean |
|------------------------------------------------------+------------+-------------------+--------+------------------+------------+----------+----------------------+----------------------+--------------------|
| MAPPOTrainer_rware_v2_rware-small-4ag-v2_56dd2_00000 | TERMINATED | 172.24.0.2:913168 |   1501 |          4298.53 | 3.0008e+07 |     3.79 |                    6 |                    1 |                500 |
+------------------------------------------------------+------------+-------------------+--------+------------------+------------+----------+----------------------+----------------------+--------------------+


finished rware-small-4ag-v2 checkpoint {'model_path': '/workspace/MARLlib/runs/rware_mappo_gru_small_20m_tensorboard/mappo_gru_rware-small-4ag-v2/MAPPOTrainer_rware_v2_rware-small-4ag-v2_f1650_00000_0_2026-05-22_20-29-33/checkpoint_001001/checkpoint-1001', 'params_path': '/workspace/MARLlib/runs/rware_mappo_gru_small_20m_tensorboard/mappo_gru_rware-small-4ag-v2/MAPPOTrainer_rware_v2_rware-small-4ag-v2_f1650_00000_0_2026-05-22_20-29-33/params.json'}
