/workspace/miniconda3/envs/marllib/lib/python3.8/site-packages/redis/utils.py:29: CryptographyDeprecationWarning: Python 3.8 is no longer supported by the Python core team and support for it is deprecated in cryptography. The next release of cryptography will remove support for Python 3.8.
  import cryptography  # noqa
2026-05-22 20:29:32,255	WARNING utils.py:531 -- Ray currently does not support initializing Raywith fractional cpus. Your num_cpus will be truncated from 8.5 to 8.
2026-05-22 20:29:33,665	ERROR syncer.py:75 -- Log sync requires rsync to be installed.
verified rware-small-4ag-v2
== Status ==
Current time: 2026-05-22 20:29:33 (running for 00:00:00.14)
Memory usage on this node: 56.2/251.6 GiB
Using FIFO scheduling algorithm.
Resources requested: 0/8 CPUs, 0/1 GPUs, 0.0/17.88 GiB heap, 0.0/8.94 GiB objects (0.0/1.0 accelerator_type:G)
Result logdir: /workspace/MARLlib/runs/rware_mappo_gru_small_20m_tensorboard/mappo_gru_rware-small-4ag-v2
Number of trials: 1/1 (1 PENDING)
+------------------------------------------------------+----------+-------+
| Trial name                                           | status   | loc   |
|------------------------------------------------------+----------+-------|
| MAPPOTrainer_rware_v2_rware-small-4ag-v2_f1650_00000 | PENDING  |       |
+------------------------------------------------------+----------+-------+


== Status ==
Current time: 2026-05-22 20:29:45 (running for 00:00:11.58)
Memory usage on this node: 61.9/251.6 GiB
Using FIFO scheduling algorithm.
Resources requested: 7.0/8 CPUs, 1.0/1 GPUs, 0.0/17.88 GiB heap, 0.0/8.94 GiB objects (0.0/1.0 accelerator_type:G)
Result logdir: /workspace/MARLlib/runs/rware_mappo_gru_small_20m_tensorboard/mappo_gru_rware-small-4ag-v2
Number of trials: 1/1 (1 RUNNING)
+------------------------------------------------------+----------+-------------------+
| Trial name                                           | status   | loc               |
|------------------------------------------------------+----------+-------------------|
| MAPPOTrainer_rware_v2_rware-small-4ag-v2_f1650_00000 | RUNNING  | 172.24.0.2:837006 |
+------------------------------------------------------+----------+-------------------+


== Status ==
Current time: 2026-05-22 20:29:46 (running for 00:00:12.59)
Memory usage on this node: 61.9/251.6 GiB
Using FIFO scheduling algorithm.
Resources requested: 7.0/8 CPUs, 1.0/1 GPUs, 0.0/17.88 GiB heap, 0.0/8.94 GiB objects (0.0/1.0 accelerator_type:G)
Result logdir: /workspace/MARLlib/runs/rware_mappo_gru_small_20m_tensorboard/mappo_gru_rware-small-4ag-v2
Number of trials: 1/1 (1 RUNNING)
+------------------------------------------------------+----------+-------------------+
| Trial name                                           | status   | loc               |
|------------------------------------------------------+----------+-------------------|
| MAPPOTrainer_rware_v2_rware-small-4ag-v2_f1650_00000 | RUNNING  | 172.24.0.2:837006 |
+------------------------------------------------------+----------+-------------------+


== Status ==
Current time: 2026-05-22 20:29:51 (running for 00:00:17.93)
Memory usage on this node: 62.4/251.6 GiB
Using FIFO scheduling algorithm.
Resources requested: 7.0/8 CPUs, 1.0/1 GPUs, 0.0/17.88 GiB heap, 0.0/8.94 GiB objects (0.0/1.0 accelerator_type:G)
Result logdir: /workspace/MARLlib/runs/rware_mappo_gru_small_20m_tensorboard/mappo_gru_rware-small-4ag-v2
Number of trials: 1/1 (1 RUNNING)
+------------------------------------------------------+----------+-------------------+--------+------------------+-------+-----------+----------------------+----------------------+--------------------+
| Trial name                                           | status   | loc               |   iter |   total time (s) |    ts |    reward |   episode_reward_max |   episode_reward_min |   episode_len_mean |
|------------------------------------------------------+----------+-------------------+--------+------------------+-------+-----------+----------------------+----------------------+--------------------|
| MAPPOTrainer_rware_v2_rware-small-4ag-v2_f1650_00000 | RUNNING  | 172.24.0.2:837006 |      2 |          5.29639 | 39984 | 0.0555556 |                    1 |                    0 |                500 |
+------------------------------------------------------+----------+-------------------+--------+------------------+-------+-----------+----------------------+----------------------+--------------------+


== Status ==
Current time: 2026-05-22 20:29:56 (running for 00:00:23.13)
Memory usage on this node: 62.2/251.6 GiB
Using FIFO scheduling algorithm.
Resources requested: 7.0/8 CPUs, 1.0/1 GPUs, 0.0/17.88 GiB heap, 0.0/8.94 GiB objects (0.0/1.0 accelerator_type:G)
Result logdir: /workspace/MARLlib/runs/rware_mappo_gru_small_20m_tensorboard/mappo_gru_rware-small-4ag-v2
Number of trials: 1/1 (1 RUNNING)
+------------------------------------------------------+----------+-------------------+--------+------------------+-------+-----------+----------------------+----------------------+--------------------+
| Trial name                                           | status   | loc               |   iter |   total time (s) |    ts |    reward |   episode_reward_max |   episode_reward_min |   episode_len_mean |
|------------------------------------------------------+----------+-------------------+--------+------------------+-------+-----------+----------------------+----------------------+--------------------|
| MAPPOTrainer_rware_v2_rware-small-4ag-v2_f1650_00000 | RUNNING  | 172.24.0.2:837006 |      4 |           10.461 | 79968 | 0.0555556 |                    1 |                    0 |                500 |
+------------------------------------------------------+----------+-------------------+--------+------------------+-------+-----------+----------------------+----------------------+--------------------+


== Status ==
Current time: 2026-05-22 20:30:01 (running for 00:00:28.41)
Memory usage on this node: 62.2/251.6 GiB
Using FIFO scheduling algorithm.
Resources requested: 7.0/8 CPUs, 1.0/1 GPUs, 0.0/17.88 GiB heap, 0.0/8.94 GiB objects (0.0/1.0 accelerator_type:G)
Result logdir: /workspace/MARLlib/runs/rware_mappo_gru_small_20m_tensorboard/mappo_gru_rware-small-4ag-v2
Number of trials: 1/1 (1 RUNNING)
+------------------------------------------------------+----------+-------------------+--------+------------------+--------+----------+----------------------+----------------------+--------------------+
| Trial name                                           | status   | loc               |   iter |   total time (s) |     ts |   reward |   episode_reward_max |   episode_reward_min |   episode_len_mean |
|------------------------------------------------------+----------+-------------------+--------+------------------+--------+----------+----------------------+----------------------+--------------------|
| MAPPOTrainer_rware_v2_rware-small-4ag-v2_f1650_00000 | RUNNING  | 172.24.0.2:837006 |      6 |          15.6902 | 119952 | 0.037037 |                    1 |                    0 |                500 |
+------------------------------------------------------+----------+-------------------+--------+------------------+--------+----------+----------------------+----------------------+--------------------+


== Status ==
Current time: 2026-05-22 20:30:07 (running for 00:00:33.87)
Memory usage on this node: 62.2/251.6 GiB
Using FIFO scheduling algorithm.
Resources requested: 7.0/8 CPUs, 1.0/1 GPUs, 0.0/17.88 GiB heap, 0.0/8.94 GiB objects (0.0/1.0 accelerator_type:G)
Result logdir: /workspace/MARLlib/runs/rware_mappo_gru_small_20m_tensorboard/mappo_gru_rware-small-4ag-v2
Number of trials: 1/1 (1 RUNNING)
+------------------------------------------------------+----------+-------------------+--------+------------------+--------+----------+----------------------+----------------------+--------------------+
| Trial name                                           | status   | loc               |   iter |   total time (s) |     ts |   reward |   episode_reward_max |   episode_reward_min |   episode_len_mean |
|------------------------------------------------------+----------+-------------------+--------+------------------+--------+----------+----------------------+----------------------+--------------------|
| MAPPOTrainer_rware_v2_rware-small-4ag-v2_f1650_00000 | RUNNING  | 172.24.0.2:837006 |      8 |          21.0884 | 159936 | 0.025641 |                    1 |                    0 |                500 |
+------------------------------------------------------+----------+-------------------+--------+------------------+--------+----------+----------------------+----------------------+--------------------+


== Status ==
Current time: 2026-05-22 20:30:12 (running for 00:00:39.04)
Memory usage on this node: 62.2/251.6 GiB
Using FIFO scheduling algorithm.
Resources requested: 7.0/8 CPUs, 1.0/1 GPUs, 0.0/17.88 GiB heap, 0.0/8.94 GiB objects (0.0/1.0 accelerator_type:G)
Result logdir: /workspace/MARLlib/runs/rware_mappo_gru_small_20m_tensorboard/mappo_gru_rware-small-4ag-v2
Number of trials: 1/1 (1 RUNNING)
+------------------------------------------------------+----------+-------------------+--------+------------------+--------+-----------+----------------------+----------------------+--------------------+
| Trial name                                           | status   | loc               |   iter |   total time (s) |     ts |    reward |   episode_reward_max |   episode_reward_min |   episode_len_mean |
|------------------------------------------------------+----------+-------------------+--------+------------------+--------+-----------+----------------------+----------------------+--------------------|
| MAPPOTrainer_rware_v2_rware-small-4ag-v2_f1650_00000 | RUNNING  | 172.24.0.2:837006 |     10 |          26.2081 | 199920 | 0.0208333 |                    1 |                    0 |                500 |
+------------------------------------------------------+----------+-------------------+--------+------------------+--------+-----------+----------------------+----------------------+--------------------+


== Status ==
Current time: 2026-05-22 20:30:17 (running for 00:00:44.22)
Memory usage on this node: 62.2/251.6 GiB
Using FIFO scheduling algorithm.
Resources requested: 7.0/8 CPUs, 1.0/1 GPUs, 0.0/17.88 GiB heap, 0.0/8.94 GiB objects (0.0/1.0 accelerator_type:G)
Result logdir: /workspace/MARLlib/runs/rware_mappo_gru_small_20m_tensorboard/mappo_gru_rware-small-4ag-v2
Number of trials: 1/1 (1 RUNNING)
+------------------------------------------------------+----------+-------------------+--------+------------------+--------+----------+----------------------+----------------------+--------------------+
| Trial name                                           | status   | loc               |   iter |   total time (s) |     ts |   reward |   episode_reward_max |   episode_reward_min |   episode_len_mean |
|------------------------------------------------------+----------+-------------------+--------+------------------+--------+----------+----------------------+----------------------+--------------------|
| MAPPOTrainer_rware_v2_rware-small-4ag-v2_f1650_00000 | RUNNING  | 172.24.0.2:837006 |     12 |          31.3251 | 239904 |     0.01 |                    1 |                    0 |                500 |
+------------------------------------------------------+----------+-------------------+--------+------------------+--------+----------+----------------------+----------------------+--------------------+


== Status ==
Current time: 2026-05-22 20:30:22 (running for 00:00:49.39)
Memory usage on this node: 62.3/251.6 GiB
Using FIFO scheduling algorithm.
Resources requested: 7.0/8 CPUs, 1.0/1 GPUs, 0.0/17.88 GiB heap, 0.0/8.94 GiB objects (0.0/1.0 accelerator_type:G)
Result logdir: /workspace/MARLlib/runs/rware_mappo_gru_small_20m_tensorboard/mappo_gru_rware-small-4ag-v2
Number of trials: 1/1 (1 RUNNING)
+------------------------------------------------------+----------+-------------------+--------+------------------+--------+----------+----------------------+----------------------+--------------------+
| Trial name                                           | status   | loc               |   iter |   total time (s) |     ts |   reward |   episode_reward_max |   episode_reward_min |   episode_len_mean |
|------------------------------------------------------+----------+-------------------+--------+------------------+--------+----------+----------------------+----------------------+--------------------|
| MAPPOTrainer_rware_v2_rware-small-4ag-v2_f1650_00000 | RUNNING  | 172.24.0.2:837006 |     14 |           36.446 | 279888 |        0 |                    0 |                    0 |                500 |
+------------------------------------------------------+----------+-------------------+--------+------------------+--------+----------+----------------------+----------------------+--------------------+


== Status ==
Current time: 2026-05-22 20:30:28 (running for 00:00:54.59)
Memory usage on this node: 62.2/251.6 GiB
Using FIFO scheduling algorithm.
Resources requested: 7.0/8 CPUs, 1.0/1 GPUs, 0.0/17.88 GiB heap, 0.0/8.94 GiB objects (0.0/1.0 accelerator_type:G)
Result logdir: /workspace/MARLlib/runs/rware_mappo_gru_small_20m_tensorboard/mappo_gru_rware-small-4ag-v2
Number of trials: 1/1 (1 RUNNING)
+------------------------------------------------------+----------+-------------------+--------+------------------+--------+----------+----------------------+----------------------+--------------------+
| Trial name                                           | status   | loc               |   iter |   total time (s) |     ts |   reward |   episode_reward_max |   episode_reward_min |   episode_len_mean |
|------------------------------------------------------+----------+-------------------+--------+------------------+--------+----------+----------------------+----------------------+--------------------|
| MAPPOTrainer_rware_v2_rware-small-4ag-v2_f1650_00000 | RUNNING  | 172.24.0.2:837006 |     16 |          41.5891 | 319872 |        0 |                    0 |                    0 |                500 |
+------------------------------------------------------+----------+-------------------+--------+------------------+--------+----------+----------------------+----------------------+--------------------+


== Status ==
Current time: 2026-05-22 20:30:33 (running for 00:00:59.79)
Memory usage on this node: 62.2/251.6 GiB
Using FIFO scheduling algorithm.
Resources requested: 7.0/8 CPUs, 1.0/1 GPUs, 0.0/17.88 GiB heap, 0.0/8.94 GiB objects (0.0/1.0 accelerator_type:G)
Result logdir: /workspace/MARLlib/runs/rware_mappo_gru_small_20m_tensorboard/mappo_gru_rware-small-4ag-v2
Number of trials: 1/1 (1 RUNNING)
+------------------------------------------------------+----------+-------------------+--------+------------------+--------+----------+----------------------+----------------------+--------------------+
| Trial name                                           | status   | loc               |   iter |   total time (s) |     ts |   reward |   episode_reward_max |   episode_reward_min |   episode_len_mean |
|------------------------------------------------------+----------+-------------------+--------+------------------+--------+----------+----------------------+----------------------+--------------------|
| MAPPOTrainer_rware_v2_rware-small-4ag-v2_f1650_00000 | RUNNING  | 172.24.0.2:837006 |     18 |          46.7359 | 359856 |     0.01 |                    1 |                    0 |                500 |
+------------------------------------------------------+----------+-------------------+--------+------------------+--------+----------+----------------------+----------------------+--------------------+


== Status ==
Current time: 2026-05-22 20:30:38 (running for 00:01:05.05)
Memory usage on this node: 62.5/251.6 GiB
Using FIFO scheduling algorithm.
Resources requested: 7.0/8 CPUs, 1.0/1 GPUs, 0.0/17.88 GiB heap, 0.0/8.94 GiB objects (0.0/1.0 accelerator_type:G)
Result logdir: /workspace/MARLlib/runs/rware_mappo_gru_small_20m_tensorboard/mappo_gru_rware-small-4ag-v2
Number of trials: 1/1 (1 RUNNING)
+------------------------------------------------------+----------+-------------------+--------+------------------+--------+----------+----------------------+----------------------+--------------------+
| Trial name                                           | status   | loc               |   iter |   total time (s) |     ts |   reward |   episode_reward_max |   episode_reward_min |   episode_len_mean |
|------------------------------------------------------+----------+-------------------+--------+------------------+--------+----------+----------------------+----------------------+--------------------|
| MAPPOTrainer_rware_v2_rware-small-4ag-v2_f1650_00000 | RUNNING  | 172.24.0.2:837006 |     20 |          51.9314 | 399840 |     0.01 |                    1 |                    0 |                500 |
+------------------------------------------------------+----------+-------------------+--------+------------------+--------+----------+----------------------+----------------------+--------------------+


== Status ==
Current time: 2026-05-22 20:30:43 (running for 00:01:10.23)
Memory usage on this node: 62.3/251.6 GiB
Using FIFO scheduling algorithm.
Resources requested: 7.0/8 CPUs, 1.0/1 GPUs, 0.0/17.88 GiB heap, 0.0/8.94 GiB objects (0.0/1.0 accelerator_type:G)
Result logdir: /workspace/MARLlib/runs/rware_mappo_gru_small_20m_tensorboard/mappo_gru_rware-small-4ag-v2
Number of trials: 1/1 (1 RUNNING)
+------------------------------------------------------+----------+-------------------+--------+------------------+--------+----------+----------------------+----------------------+--------------------+
| Trial name                                           | status   | loc               |   iter |   total time (s) |     ts |   reward |   episode_reward_max |   episode_reward_min |   episode_len_mean |
|------------------------------------------------------+----------+-------------------+--------+------------------+--------+----------+----------------------+----------------------+--------------------|
| MAPPOTrainer_rware_v2_rware-small-4ag-v2_f1650_00000 | RUNNING  | 172.24.0.2:837006 |     22 |          57.0575 | 439824 |     0.01 |                    1 |                    0 |                500 |
+------------------------------------------------------+----------+-------------------+--------+------------------+--------+----------+----------------------+----------------------+--------------------+


== Status ==
Current time: 2026-05-22 20:30:48 (running for 00:01:15.45)
Memory usage on this node: 62.3/251.6 GiB
Using FIFO scheduling algorithm.
Resources requested: 7.0/8 CPUs, 1.0/1 GPUs, 0.0/17.88 GiB heap, 0.0/8.94 GiB objects (0.0/1.0 accelerator_type:G)
Result logdir: /workspace/MARLlib/runs/rware_mappo_gru_small_20m_tensorboard/mappo_gru_rware-small-4ag-v2
Number of trials: 1/1 (1 RUNNING)
+------------------------------------------------------+----------+-------------------+--------+------------------+--------+----------+----------------------+----------------------+--------------------+
| Trial name                                           | status   | loc               |   iter |   total time (s) |     ts |   reward |   episode_reward_max |   episode_reward_min |   episode_len_mean |
|------------------------------------------------------+----------+-------------------+--------+------------------+--------+----------+----------------------+----------------------+--------------------|
| MAPPOTrainer_rware_v2_rware-small-4ag-v2_f1650_00000 | RUNNING  | 172.24.0.2:837006 |     24 |          62.2193 | 479808 |     0.01 |                    1 |                    0 |                500 |
+------------------------------------------------------+----------+-------------------+--------+------------------+--------+----------+----------------------+----------------------+--------------------+


== Status ==
Current time: 2026-05-22 20:30:54 (running for 00:01:20.60)
Memory usage on this node: 62.3/251.6 GiB
Using FIFO scheduling algorithm.
Resources requested: 7.0/8 CPUs, 1.0/1 GPUs, 0.0/17.88 GiB heap, 0.0/8.94 GiB objects (0.0/1.0 accelerator_type:G)
Result logdir: /workspace/MARLlib/runs/rware_mappo_gru_small_20m_tensorboard/mappo_gru_rware-small-4ag-v2
Number of trials: 1/1 (1 RUNNING)
+------------------------------------------------------+----------+-------------------+--------+------------------+--------+----------+----------------------+----------------------+--------------------+
| Trial name                                           | status   | loc               |   iter |   total time (s) |     ts |   reward |   episode_reward_max |   episode_reward_min |   episode_len_mean |
|------------------------------------------------------+----------+-------------------+--------+------------------+--------+----------+----------------------+----------------------+--------------------|
| MAPPOTrainer_rware_v2_rware-small-4ag-v2_f1650_00000 | RUNNING  | 172.24.0.2:837006 |     26 |          67.3008 | 519792 |     0.03 |                    1 |                    0 |                500 |
+------------------------------------------------------+----------+-------------------+--------+------------------+--------+----------+----------------------+----------------------+--------------------+


== Status ==
Current time: 2026-05-22 20:30:59 (running for 00:01:25.98)
Memory usage on this node: 62.4/251.6 GiB
Using FIFO scheduling algorithm.
Resources requested: 7.0/8 CPUs, 1.0/1 GPUs, 0.0/17.88 GiB heap, 0.0/8.94 GiB objects (0.0/1.0 accelerator_type:G)
Result logdir: /workspace/MARLlib/runs/rware_mappo_gru_small_20m_tensorboard/mappo_gru_rware-small-4ag-v2
Number of trials: 1/1 (1 RUNNING)
+------------------------------------------------------+----------+-------------------+--------+------------------+--------+----------+----------------------+----------------------+--------------------+
| Trial name                                           | status   | loc               |   iter |   total time (s) |     ts |   reward |   episode_reward_max |   episode_reward_min |   episode_len_mean |
|------------------------------------------------------+----------+-------------------+--------+------------------+--------+----------+----------------------+----------------------+--------------------|
| MAPPOTrainer_rware_v2_rware-small-4ag-v2_f1650_00000 | RUNNING  | 172.24.0.2:837006 |     28 |          72.6243 | 559776 |     0.02 |                    1 |                    0 |                500 |
+------------------------------------------------------+----------+-------------------+--------+------------------+--------+----------+----------------------+----------------------+--------------------+


== Status ==
Current time: 2026-05-22 20:31:04 (running for 00:01:31.04)
Memory usage on this node: 62.3/251.6 GiB
Using FIFO scheduling algorithm.
Resources requested: 7.0/8 CPUs, 1.0/1 GPUs, 0.0/17.88 GiB heap, 0.0/8.94 GiB objects (0.0/1.0 accelerator_type:G)
Result logdir: /workspace/MARLlib/runs/rware_mappo_gru_small_20m_tensorboard/mappo_gru_rware-small-4ag-v2
Number of trials: 1/1 (1 RUNNING)
+------------------------------------------------------+----------+-------------------+--------+------------------+--------+----------+----------------------+----------------------+--------------------+
| Trial name                                           | status   | loc               |   iter |   total time (s) |     ts |   reward |   episode_reward_max |   episode_reward_min |   episode_len_mean |
|------------------------------------------------------+----------+-------------------+--------+------------------+--------+----------+----------------------+----------------------+--------------------|
| MAPPOTrainer_rware_v2_rware-small-4ag-v2_f1650_00000 | RUNNING  | 172.24.0.2:837006 |     30 |          77.6374 | 599760 |     0.05 |                    2 |                    0 |                500 |
+------------------------------------------------------+----------+-------------------+--------+------------------+--------+----------+----------------------+----------------------+--------------------+


== Status ==
Current time: 2026-05-22 20:31:09 (running for 00:01:36.36)
Memory usage on this node: 62.9/251.6 GiB
Using FIFO scheduling algorithm.
Resources requested: 7.0/8 CPUs, 1.0/1 GPUs, 0.0/17.88 GiB heap, 0.0/8.94 GiB objects (0.0/1.0 accelerator_type:G)
Result logdir: /workspace/MARLlib/runs/rware_mappo_gru_small_20m_tensorboard/mappo_gru_rware-small-4ag-v2
Number of trials: 1/1 (1 RUNNING)
+------------------------------------------------------+----------+-------------------+--------+------------------+--------+----------+----------------------+----------------------+--------------------+
| Trial name                                           | status   | loc               |   iter |   total time (s) |     ts |   reward |   episode_reward_max |   episode_reward_min |   episode_len_mean |
|------------------------------------------------------+----------+-------------------+--------+------------------+--------+----------+----------------------+----------------------+--------------------|
| MAPPOTrainer_rware_v2_rware-small-4ag-v2_f1650_00000 | RUNNING  | 172.24.0.2:837006 |     32 |          82.9129 | 639744 |     0.07 |                    2 |                    0 |                500 |
+------------------------------------------------------+----------+-------------------+--------+------------------+--------+----------+----------------------+----------------------+--------------------+


== Status ==
Current time: 2026-05-22 20:31:14 (running for 00:01:41.44)
Memory usage on this node: 62.4/251.6 GiB
Using FIFO scheduling algorithm.
Resources requested: 7.0/8 CPUs, 1.0/1 GPUs, 0.0/17.88 GiB heap, 0.0/8.94 GiB objects (0.0/1.0 accelerator_type:G)
Result logdir: /workspace/MARLlib/runs/rware_mappo_gru_small_20m_tensorboard/mappo_gru_rware-small-4ag-v2
Number of trials: 1/1 (1 RUNNING)
+------------------------------------------------------+----------+-------------------+--------+------------------+--------+----------+----------------------+----------------------+--------------------+
| Trial name                                           | status   | loc               |   iter |   total time (s) |     ts |   reward |   episode_reward_max |   episode_reward_min |   episode_len_mean |
|------------------------------------------------------+----------+-------------------+--------+------------------+--------+----------+----------------------+----------------------+--------------------|
| MAPPOTrainer_rware_v2_rware-small-4ag-v2_f1650_00000 | RUNNING  | 172.24.0.2:837006 |     34 |          87.9463 | 679728 |     0.07 |                    2 |                    0 |                500 |
+------------------------------------------------------+----------+-------------------+--------+------------------+--------+----------+----------------------+----------------------+--------------------+


== Status ==
Current time: 2026-05-22 20:31:20 (running for 00:01:46.74)
Memory usage on this node: 62.3/251.6 GiB
Using FIFO scheduling algorithm.
Resources requested: 7.0/8 CPUs, 1.0/1 GPUs, 0.0/17.88 GiB heap, 0.0/8.94 GiB objects (0.0/1.0 accelerator_type:G)
Result logdir: /workspace/MARLlib/runs/rware_mappo_gru_small_20m_tensorboard/mappo_gru_rware-small-4ag-v2
Number of trials: 1/1 (1 RUNNING)
+------------------------------------------------------+----------+-------------------+--------+------------------+--------+----------+----------------------+----------------------+--------------------+
| Trial name                                           | status   | loc               |   iter |   total time (s) |     ts |   reward |   episode_reward_max |   episode_reward_min |   episode_len_mean |
|------------------------------------------------------+----------+-------------------+--------+------------------+--------+----------+----------------------+----------------------+--------------------|
| MAPPOTrainer_rware_v2_rware-small-4ag-v2_f1650_00000 | RUNNING  | 172.24.0.2:837006 |     36 |          93.1905 | 719712 |     0.05 |                    2 |                    0 |                500 |
+------------------------------------------------------+----------+-------------------+--------+------------------+--------+----------+----------------------+----------------------+--------------------+


== Status ==
Current time: 2026-05-22 20:31:25 (running for 00:01:51.86)
Memory usage on this node: 62.5/251.6 GiB
Using FIFO scheduling algorithm.
Resources requested: 7.0/8 CPUs, 1.0/1 GPUs, 0.0/17.88 GiB heap, 0.0/8.94 GiB objects (0.0/1.0 accelerator_type:G)
Result logdir: /workspace/MARLlib/runs/rware_mappo_gru_small_20m_tensorboard/mappo_gru_rware-small-4ag-v2
Number of trials: 1/1 (1 RUNNING)
+------------------------------------------------------+----------+-------------------+--------+------------------+--------+----------+----------------------+----------------------+--------------------+
| Trial name                                           | status   | loc               |   iter |   total time (s) |     ts |   reward |   episode_reward_max |   episode_reward_min |   episode_len_mean |
|------------------------------------------------------+----------+-------------------+--------+------------------+--------+----------+----------------------+----------------------+--------------------|
| MAPPOTrainer_rware_v2_rware-small-4ag-v2_f1650_00000 | RUNNING  | 172.24.0.2:837006 |     38 |          98.2444 | 759696 |     0.03 |                    1 |                    0 |                500 |
+------------------------------------------------------+----------+-------------------+--------+------------------+--------+----------+----------------------+----------------------+--------------------+


== Status ==
Current time: 2026-05-22 20:31:30 (running for 00:01:57.05)
Memory usage on this node: 62.4/251.6 GiB
Using FIFO scheduling algorithm.
Resources requested: 7.0/8 CPUs, 1.0/1 GPUs, 0.0/17.88 GiB heap, 0.0/8.94 GiB objects (0.0/1.0 accelerator_type:G)
Result logdir: /workspace/MARLlib/runs/rware_mappo_gru_small_20m_tensorboard/mappo_gru_rware-small-4ag-v2
Number of trials: 1/1 (1 RUNNING)
+------------------------------------------------------+----------+-------------------+--------+------------------+--------+----------+----------------------+----------------------+--------------------+
| Trial name                                           | status   | loc               |   iter |   total time (s) |     ts |   reward |   episode_reward_max |   episode_reward_min |   episode_len_mean |
|------------------------------------------------------+----------+-------------------+--------+------------------+--------+----------+----------------------+----------------------+--------------------|
| MAPPOTrainer_rware_v2_rware-small-4ag-v2_f1650_00000 | RUNNING  | 172.24.0.2:837006 |     40 |           103.37 | 799680 |     0.02 |                    1 |                    0 |                500 |
+------------------------------------------------------+----------+-------------------+--------+------------------+--------+----------+----------------------+----------------------+--------------------+


== Status ==
Current time: 2026-05-22 20:31:35 (running for 00:02:02.23)
Memory usage on this node: 62.4/251.6 GiB
Using FIFO scheduling algorithm.
Resources requested: 7.0/8 CPUs, 1.0/1 GPUs, 0.0/17.88 GiB heap, 0.0/8.94 GiB objects (0.0/1.0 accelerator_type:G)
Result logdir: /workspace/MARLlib/runs/rware_mappo_gru_small_20m_tensorboard/mappo_gru_rware-small-4ag-v2
Number of trials: 1/1 (1 RUNNING)
+------------------------------------------------------+----------+-------------------+--------+------------------+--------+----------+----------------------+----------------------+--------------------+
| Trial name                                           | status   | loc               |   iter |   total time (s) |     ts |   reward |   episode_reward_max |   episode_reward_min |   episode_len_mean |
|------------------------------------------------------+----------+-------------------+--------+------------------+--------+----------+----------------------+----------------------+--------------------|
| MAPPOTrainer_rware_v2_rware-small-4ag-v2_f1650_00000 | RUNNING  | 172.24.0.2:837006 |     42 |          108.489 | 839664 |     0.01 |                    1 |                    0 |                500 |
+------------------------------------------------------+----------+-------------------+--------+------------------+--------+----------+----------------------+----------------------+--------------------+


== Status ==
Current time: 2026-05-22 20:31:41 (running for 00:02:07.60)
Memory usage on this node: 62.4/251.6 GiB
Using FIFO scheduling algorithm.
Resources requested: 7.0/8 CPUs, 1.0/1 GPUs, 0.0/17.88 GiB heap, 0.0/8.94 GiB objects (0.0/1.0 accelerator_type:G)
Result logdir: /workspace/MARLlib/runs/rware_mappo_gru_small_20m_tensorboard/mappo_gru_rware-small-4ag-v2
Number of trials: 1/1 (1 RUNNING)
+------------------------------------------------------+----------+-------------------+--------+------------------+--------+----------+----------------------+----------------------+--------------------+
| Trial name                                           | status   | loc               |   iter |   total time (s) |     ts |   reward |   episode_reward_max |   episode_reward_min |   episode_len_mean |
|------------------------------------------------------+----------+-------------------+--------+------------------+--------+----------+----------------------+----------------------+--------------------|
| MAPPOTrainer_rware_v2_rware-small-4ag-v2_f1650_00000 | RUNNING  | 172.24.0.2:837006 |     44 |            113.8 | 879648 |     0.04 |                    1 |                    0 |                500 |
+------------------------------------------------------+----------+-------------------+--------+------------------+--------+----------+----------------------+----------------------+--------------------+


== Status ==
Current time: 2026-05-22 20:31:46 (running for 00:02:12.87)
Memory usage on this node: 62.4/251.6 GiB
Using FIFO scheduling algorithm.
Resources requested: 7.0/8 CPUs, 1.0/1 GPUs, 0.0/17.88 GiB heap, 0.0/8.94 GiB objects (0.0/1.0 accelerator_type:G)
Result logdir: /workspace/MARLlib/runs/rware_mappo_gru_small_20m_tensorboard/mappo_gru_rware-small-4ag-v2
Number of trials: 1/1 (1 RUNNING)
+------------------------------------------------------+----------+-------------------+--------+------------------+--------+----------+----------------------+----------------------+--------------------+
| Trial name                                           | status   | loc               |   iter |   total time (s) |     ts |   reward |   episode_reward_max |   episode_reward_min |   episode_len_mean |
|------------------------------------------------------+----------+-------------------+--------+------------------+--------+----------+----------------------+----------------------+--------------------|
| MAPPOTrainer_rware_v2_rware-small-4ag-v2_f1650_00000 | RUNNING  | 172.24.0.2:837006 |     46 |          119.012 | 919632 |     0.04 |                    1 |                    0 |                500 |
+------------------------------------------------------+----------+-------------------+--------+------------------+--------+----------+----------------------+----------------------+--------------------+


== Status ==
Current time: 2026-05-22 20:31:51 (running for 00:02:18.08)
Memory usage on this node: 62.4/251.6 GiB
Using FIFO scheduling algorithm.
Resources requested: 7.0/8 CPUs, 1.0/1 GPUs, 0.0/17.88 GiB heap, 0.0/8.94 GiB objects (0.0/1.0 accelerator_type:G)
Result logdir: /workspace/MARLlib/runs/rware_mappo_gru_small_20m_tensorboard/mappo_gru_rware-small-4ag-v2
Number of trials: 1/1 (1 RUNNING)
+------------------------------------------------------+----------+-------------------+--------+------------------+--------+----------+----------------------+----------------------+--------------------+
| Trial name                                           | status   | loc               |   iter |   total time (s) |     ts |   reward |   episode_reward_max |   episode_reward_min |   episode_len_mean |
|------------------------------------------------------+----------+-------------------+--------+------------------+--------+----------+----------------------+----------------------+--------------------|
| MAPPOTrainer_rware_v2_rware-small-4ag-v2_f1650_00000 | RUNNING  | 172.24.0.2:837006 |     48 |           124.16 | 959616 |     0.05 |                    1 |                    0 |                500 |
+------------------------------------------------------+----------+-------------------+--------+------------------+--------+----------+----------------------+----------------------+--------------------+


== Status ==
Current time: 2026-05-22 20:31:57 (running for 00:02:23.73)
Memory usage on this node: 62.4/251.6 GiB
Using FIFO scheduling algorithm.
Resources requested: 7.0/8 CPUs, 1.0/1 GPUs, 0.0/17.88 GiB heap, 0.0/8.94 GiB objects (0.0/1.0 accelerator_type:G)
Result logdir: /workspace/MARLlib/runs/rware_mappo_gru_small_20m_tensorboard/mappo_gru_rware-small-4ag-v2
Number of trials: 1/1 (1 RUNNING)
+------------------------------------------------------+----------+-------------------+--------+------------------+--------+----------+----------------------+----------------------+--------------------+
| Trial name                                           | status   | loc               |   iter |   total time (s) |     ts |   reward |   episode_reward_max |   episode_reward_min |   episode_len_mean |
|------------------------------------------------------+----------+-------------------+--------+------------------+--------+----------+----------------------+----------------------+--------------------|
| MAPPOTrainer_rware_v2_rware-small-4ag-v2_f1650_00000 | RUNNING  | 172.24.0.2:837006 |     49 |          126.784 | 979608 |     0.05 |                    1 |                    0 |                500 |
+------------------------------------------------------+----------+-------------------+--------+------------------+--------+----------+----------------------+----------------------+--------------------+


== Status ==
Current time: 2026-05-22 20:32:02 (running for 00:02:28.73)
Memory usage on this node: 62.4/251.6 GiB
Using FIFO scheduling algorithm.
Resources requested: 7.0/8 CPUs, 1.0/1 GPUs, 0.0/17.88 GiB heap, 0.0/8.94 GiB objects (0.0/1.0 accelerator_type:G)
Result logdir: /workspace/MARLlib/runs/rware_mappo_gru_small_20m_tensorboard/mappo_gru_rware-small-4ag-v2
Number of trials: 1/1 (1 RUNNING)
+------------------------------------------------------+----------+-------------------+--------+------------------+--------+----------+----------------------+----------------------+--------------------+
| Trial name                                           | status   | loc               |   iter |   total time (s) |     ts |   reward |   episode_reward_max |   episode_reward_min |   episode_len_mean |
|------------------------------------------------------+----------+-------------------+--------+------------------+--------+----------+----------------------+----------------------+--------------------|
| MAPPOTrainer_rware_v2_rware-small-4ag-v2_f1650_00000 | RUNNING  | 172.24.0.2:837006 |     49 |          126.784 | 979608 |     0.05 |                    1 |                    0 |                500 |
+------------------------------------------------------+----------+-------------------+--------+------------------+--------+----------+----------------------+----------------------+--------------------+


== Status ==
Current time: 2026-05-22 20:32:07 (running for 00:02:33.74)
Memory usage on this node: 62.4/251.6 GiB
Using FIFO scheduling algorithm.
Resources requested: 7.0/8 CPUs, 1.0/1 GPUs, 0.0/17.88 GiB heap, 0.0/8.94 GiB objects (0.0/1.0 accelerator_type:G)
Result logdir: /workspace/MARLlib/runs/rware_mappo_gru_small_20m_tensorboard/mappo_gru_rware-small-4ag-v2
Number of trials: 1/1 (1 RUNNING)
+------------------------------------------------------+----------+-------------------+--------+------------------+--------+----------+----------------------+----------------------+--------------------+
| Trial name                                           | status   | loc               |   iter |   total time (s) |     ts |   reward |   episode_reward_max |   episode_reward_min |   episode_len_mean |
|------------------------------------------------------+----------+-------------------+--------+------------------+--------+----------+----------------------+----------------------+--------------------|
| MAPPOTrainer_rware_v2_rware-small-4ag-v2_f1650_00000 | RUNNING  | 172.24.0.2:837006 |     49 |          126.784 | 979608 |     0.05 |                    1 |                    0 |                500 |
+------------------------------------------------------+----------+-------------------+--------+------------------+--------+----------+----------------------+----------------------+--------------------+


== Status ==
Current time: 2026-05-22 20:32:12 (running for 00:02:39.20)
Memory usage on this node: 62.4/251.6 GiB
Using FIFO scheduling algorithm.
Resources requested: 7.0/8 CPUs, 1.0/1 GPUs, 0.0/17.88 GiB heap, 0.0/8.94 GiB objects (0.0/1.0 accelerator_type:G)
Result logdir: /workspace/MARLlib/runs/rware_mappo_gru_small_20m_tensorboard/mappo_gru_rware-small-4ag-v2
Number of trials: 1/1 (1 RUNNING)
+------------------------------------------------------+----------+-------------------+--------+------------------+-------------+----------+----------------------+----------------------+--------------------+
| Trial name                                           | status   | loc               |   iter |   total time (s) |          ts |   reward |   episode_reward_max |   episode_reward_min |   episode_len_mean |
|------------------------------------------------------+----------+-------------------+--------+------------------+-------------+----------+----------------------+----------------------+--------------------|
| MAPPOTrainer_rware_v2_rware-small-4ag-v2_f1650_00000 | RUNNING  | 172.24.0.2:837006 |     51 |           145.19 | 1.01959e+06 |     0.05 |                    1 |                    0 |                500 |
+------------------------------------------------------+----------+-------------------+--------+------------------+-------------+----------+----------------------+----------------------+--------------------+


== Status ==
Current time: 2026-05-22 20:32:17 (running for 00:02:44.50)
Memory usage on this node: 62.4/251.6 GiB
Using FIFO scheduling algorithm.
Resources requested: 7.0/8 CPUs, 1.0/1 GPUs, 0.0/17.88 GiB heap, 0.0/8.94 GiB objects (0.0/1.0 accelerator_type:G)
Result logdir: /workspace/MARLlib/runs/rware_mappo_gru_small_20m_tensorboard/mappo_gru_rware-small-4ag-v2
Number of trials: 1/1 (1 RUNNING)
+------------------------------------------------------+----------+-------------------+--------+------------------+-------------+----------+----------------------+----------------------+--------------------+
| Trial name                                           | status   | loc               |   iter |   total time (s) |          ts |   reward |   episode_reward_max |   episode_reward_min |   episode_len_mean |
|------------------------------------------------------+----------+-------------------+--------+------------------+-------------+----------+----------------------+----------------------+--------------------|
| MAPPOTrainer_rware_v2_rware-small-4ag-v2_f1650_00000 | RUNNING  | 172.24.0.2:837006 |     53 |          150.445 | 1.05958e+06 |     0.04 |                    1 |                    0 |                500 |
+------------------------------------------------------+----------+-------------------+--------+------------------+-------------+----------+----------------------+----------------------+--------------------+


== Status ==
Current time: 2026-05-22 20:32:23 (running for 00:02:49.79)
Memory usage on this node: 62.4/251.6 GiB
Using FIFO scheduling algorithm.
Resources requested: 7.0/8 CPUs, 1.0/1 GPUs, 0.0/17.88 GiB heap, 0.0/8.94 GiB objects (0.0/1.0 accelerator_type:G)
Result logdir: /workspace/MARLlib/runs/rware_mappo_gru_small_20m_tensorboard/mappo_gru_rware-small-4ag-v2
Number of trials: 1/1 (1 RUNNING)
+------------------------------------------------------+----------+-------------------+--------+------------------+-------------+----------+----------------------+----------------------+--------------------+
| Trial name                                           | status   | loc               |   iter |   total time (s) |          ts |   reward |   episode_reward_max |   episode_reward_min |   episode_len_mean |
|------------------------------------------------------+----------+-------------------+--------+------------------+-------------+----------+----------------------+----------------------+--------------------|
| MAPPOTrainer_rware_v2_rware-small-4ag-v2_f1650_00000 | RUNNING  | 172.24.0.2:837006 |     55 |          155.678 | 1.09956e+06 |     0.02 |                    1 |                    0 |                500 |
+------------------------------------------------------+----------+-------------------+--------+------------------+-------------+----------+----------------------+----------------------+--------------------+


== Status ==
Current time: 2026-05-22 20:32:28 (running for 00:02:55.00)
Memory usage on this node: 62.4/251.6 GiB
Using FIFO scheduling algorithm.
Resources requested: 7.0/8 CPUs, 1.0/1 GPUs, 0.0/17.88 GiB heap, 0.0/8.94 GiB objects (0.0/1.0 accelerator_type:G)
Result logdir: /workspace/MARLlib/runs/rware_mappo_gru_small_20m_tensorboard/mappo_gru_rware-small-4ag-v2
Number of trials: 1/1 (1 RUNNING)
+------------------------------------------------------+----------+-------------------+--------+------------------+-------------+----------+----------------------+----------------------+--------------------+
| Trial name                                           | status   | loc               |   iter |   total time (s) |          ts |   reward |   episode_reward_max |   episode_reward_min |   episode_len_mean |
|------------------------------------------------------+----------+-------------------+--------+------------------+-------------+----------+----------------------+----------------------+--------------------|
| MAPPOTrainer_rware_v2_rware-small-4ag-v2_f1650_00000 | RUNNING  | 172.24.0.2:837006 |     57 |          160.834 | 1.13954e+06 |     0.03 |                    1 |                    0 |                500 |
+------------------------------------------------------+----------+-------------------+--------+------------------+-------------+----------+----------------------+----------------------+--------------------+


== Status ==
Current time: 2026-05-22 20:32:33 (running for 00:03:00.22)
Memory usage on this node: 62.4/251.6 GiB
Using FIFO scheduling algorithm.
Resources requested: 7.0/8 CPUs, 1.0/1 GPUs, 0.0/17.88 GiB heap, 0.0/8.94 GiB objects (0.0/1.0 accelerator_type:G)
Result logdir: /workspace/MARLlib/runs/rware_mappo_gru_small_20m_tensorboard/mappo_gru_rware-small-4ag-v2
Number of trials: 1/1 (1 RUNNING)
+------------------------------------------------------+----------+-------------------+--------+------------------+-------------+----------+----------------------+----------------------+--------------------+
| Trial name                                           | status   | loc               |   iter |   total time (s) |          ts |   reward |   episode_reward_max |   episode_reward_min |   episode_len_mean |
|------------------------------------------------------+----------+-------------------+--------+------------------+-------------+----------+----------------------+----------------------+--------------------|
| MAPPOTrainer_rware_v2_rware-small-4ag-v2_f1650_00000 | RUNNING  | 172.24.0.2:837006 |     59 |          166.005 | 1.17953e+06 |     0.04 |                    1 |                    0 |                500 |
+------------------------------------------------------+----------+-------------------+--------+------------------+-------------+----------+----------------------+----------------------+--------------------+


== Status ==
Current time: 2026-05-22 20:32:39 (running for 00:03:05.59)
Memory usage on this node: 62.4/251.6 GiB
Using FIFO scheduling algorithm.
Resources requested: 7.0/8 CPUs, 1.0/1 GPUs, 0.0/17.88 GiB heap, 0.0/8.94 GiB objects (0.0/1.0 accelerator_type:G)
Result logdir: /workspace/MARLlib/runs/rware_mappo_gru_small_20m_tensorboard/mappo_gru_rware-small-4ag-v2
Number of trials: 1/1 (1 RUNNING)
+------------------------------------------------------+----------+-------------------+--------+------------------+-------------+----------+----------------------+----------------------+--------------------+
| Trial name                                           | status   | loc               |   iter |   total time (s) |          ts |   reward |   episode_reward_max |   episode_reward_min |   episode_len_mean |
|------------------------------------------------------+----------+-------------------+--------+------------------+-------------+----------+----------------------+----------------------+--------------------|
| MAPPOTrainer_rware_v2_rware-small-4ag-v2_f1650_00000 | RUNNING  | 172.24.0.2:837006 |     61 |          171.315 | 1.21951e+06 |     0.07 |                    1 |                    0 |                500 |
+------------------------------------------------------+----------+-------------------+--------+------------------+-------------+----------+----------------------+----------------------+--------------------+


== Status ==
Current time: 2026-05-22 20:32:44 (running for 00:03:10.77)
Memory usage on this node: 62.4/251.6 GiB
Using FIFO scheduling algorithm.
Resources requested: 7.0/8 CPUs, 1.0/1 GPUs, 0.0/17.88 GiB heap, 0.0/8.94 GiB objects (0.0/1.0 accelerator_type:G)
Result logdir: /workspace/MARLlib/runs/rware_mappo_gru_small_20m_tensorboard/mappo_gru_rware-small-4ag-v2
Number of trials: 1/1 (1 RUNNING)
+------------------------------------------------------+----------+-------------------+--------+------------------+------------+----------+----------------------+----------------------+--------------------+
| Trial name                                           | status   | loc               |   iter |   total time (s) |         ts |   reward |   episode_reward_max |   episode_reward_min |   episode_len_mean |
|------------------------------------------------------+----------+-------------------+--------+------------------+------------+----------+----------------------+----------------------+--------------------|
| MAPPOTrainer_rware_v2_rware-small-4ag-v2_f1650_00000 | RUNNING  | 172.24.0.2:837006 |     63 |          176.438 | 1.2595e+06 |     0.08 |                    1 |                    0 |                500 |
+------------------------------------------------------+----------+-------------------+--------+------------------+------------+----------+----------------------+----------------------+--------------------+


== Status ==
Current time: 2026-05-22 20:32:49 (running for 00:03:15.95)
Memory usage on this node: 62.4/251.6 GiB
Using FIFO scheduling algorithm.
Resources requested: 7.0/8 CPUs, 1.0/1 GPUs, 0.0/17.88 GiB heap, 0.0/8.94 GiB objects (0.0/1.0 accelerator_type:G)
Result logdir: /workspace/MARLlib/runs/rware_mappo_gru_small_20m_tensorboard/mappo_gru_rware-small-4ag-v2
Number of trials: 1/1 (1 RUNNING)
+------------------------------------------------------+----------+-------------------+--------+------------------+-------------+----------+----------------------+----------------------+--------------------+
| Trial name                                           | status   | loc               |   iter |   total time (s) |          ts |   reward |   episode_reward_max |   episode_reward_min |   episode_len_mean |
|------------------------------------------------------+----------+-------------------+--------+------------------+-------------+----------+----------------------+----------------------+--------------------|
| MAPPOTrainer_rware_v2_rware-small-4ag-v2_f1650_00000 | RUNNING  | 172.24.0.2:837006 |     65 |          181.556 | 1.29948e+06 |     0.09 |                    1 |                    0 |                500 |
+------------------------------------------------------+----------+-------------------+--------+------------------+-------------+----------+----------------------+----------------------+--------------------+


== Status ==
Current time: 2026-05-22 20:32:54 (running for 00:03:21.18)
Memory usage on this node: 62.4/251.6 GiB
Using FIFO scheduling algorithm.
Resources requested: 7.0/8 CPUs, 1.0/1 GPUs, 0.0/17.88 GiB heap, 0.0/8.94 GiB objects (0.0/1.0 accelerator_type:G)
Result logdir: /workspace/MARLlib/runs/rware_mappo_gru_small_20m_tensorboard/mappo_gru_rware-small-4ag-v2
Number of trials: 1/1 (1 RUNNING)
+------------------------------------------------------+----------+-------------------+--------+------------------+-------------+----------+----------------------+----------------------+--------------------+
| Trial name                                           | status   | loc               |   iter |   total time (s) |          ts |   reward |   episode_reward_max |   episode_reward_min |   episode_len_mean |
|------------------------------------------------------+----------+-------------------+--------+------------------+-------------+----------+----------------------+----------------------+--------------------|
| MAPPOTrainer_rware_v2_rware-small-4ag-v2_f1650_00000 | RUNNING  | 172.24.0.2:837006 |     67 |          186.727 | 1.33946e+06 |     0.07 |                    1 |                    0 |                500 |
+------------------------------------------------------+----------+-------------------+--------+------------------+-------------+----------+----------------------+----------------------+--------------------+


== Status ==
Current time: 2026-05-22 20:32:59 (running for 00:03:26.43)
Memory usage on this node: 62.4/251.6 GiB
Using FIFO scheduling algorithm.
Resources requested: 7.0/8 CPUs, 1.0/1 GPUs, 0.0/17.88 GiB heap, 0.0/8.94 GiB objects (0.0/1.0 accelerator_type:G)
Result logdir: /workspace/MARLlib/runs/rware_mappo_gru_small_20m_tensorboard/mappo_gru_rware-small-4ag-v2
Number of trials: 1/1 (1 RUNNING)
+------------------------------------------------------+----------+-------------------+--------+------------------+-------------+----------+----------------------+----------------------+--------------------+
| Trial name                                           | status   | loc               |   iter |   total time (s) |          ts |   reward |   episode_reward_max |   episode_reward_min |   episode_len_mean |
|------------------------------------------------------+----------+-------------------+--------+------------------+-------------+----------+----------------------+----------------------+--------------------|
| MAPPOTrainer_rware_v2_rware-small-4ag-v2_f1650_00000 | RUNNING  | 172.24.0.2:837006 |     69 |          191.925 | 1.37945e+06 |     0.09 |                    1 |                    0 |                500 |
+------------------------------------------------------+----------+-------------------+--------+------------------+-------------+----------+----------------------+----------------------+--------------------+


== Status ==
Current time: 2026-05-22 20:33:05 (running for 00:03:31.81)
Memory usage on this node: 62.4/251.6 GiB
Using FIFO scheduling algorithm.
Resources requested: 7.0/8 CPUs, 1.0/1 GPUs, 0.0/17.88 GiB heap, 0.0/8.94 GiB objects (0.0/1.0 accelerator_type:G)
Result logdir: /workspace/MARLlib/runs/rware_mappo_gru_small_20m_tensorboard/mappo_gru_rware-small-4ag-v2
Number of trials: 1/1 (1 RUNNING)
+------------------------------------------------------+----------+-------------------+--------+------------------+-------------+----------+----------------------+----------------------+--------------------+
| Trial name                                           | status   | loc               |   iter |   total time (s) |          ts |   reward |   episode_reward_max |   episode_reward_min |   episode_len_mean |
|------------------------------------------------------+----------+-------------------+--------+------------------+-------------+----------+----------------------+----------------------+--------------------|
| MAPPOTrainer_rware_v2_rware-small-4ag-v2_f1650_00000 | RUNNING  | 172.24.0.2:837006 |     71 |          197.239 | 1.41943e+06 |     0.08 |                    1 |                    0 |                500 |
+------------------------------------------------------+----------+-------------------+--------+------------------+-------------+----------+----------------------+----------------------+--------------------+


== Status ==
Current time: 2026-05-22 20:33:10 (running for 00:03:37.02)
Memory usage on this node: 62.4/251.6 GiB
Using FIFO scheduling algorithm.
Resources requested: 7.0/8 CPUs, 1.0/1 GPUs, 0.0/17.88 GiB heap, 0.0/8.94 GiB objects (0.0/1.0 accelerator_type:G)
Result logdir: /workspace/MARLlib/runs/rware_mappo_gru_small_20m_tensorboard/mappo_gru_rware-small-4ag-v2
Number of trials: 1/1 (1 RUNNING)
+------------------------------------------------------+----------+-------------------+--------+------------------+-------------+----------+----------------------+----------------------+--------------------+
| Trial name                                           | status   | loc               |   iter |   total time (s) |          ts |   reward |   episode_reward_max |   episode_reward_min |   episode_len_mean |
|------------------------------------------------------+----------+-------------------+--------+------------------+-------------+----------+----------------------+----------------------+--------------------|
| MAPPOTrainer_rware_v2_rware-small-4ag-v2_f1650_00000 | RUNNING  | 172.24.0.2:837006 |     73 |          202.383 | 1.45942e+06 |     0.08 |                    1 |                    0 |                500 |
+------------------------------------------------------+----------+-------------------+--------+------------------+-------------+----------+----------------------+----------------------+--------------------+


== Status ==
Current time: 2026-05-22 20:33:15 (running for 00:03:42.31)
Memory usage on this node: 62.4/251.6 GiB
Using FIFO scheduling algorithm.
Resources requested: 7.0/8 CPUs, 1.0/1 GPUs, 0.0/17.88 GiB heap, 0.0/8.94 GiB objects (0.0/1.0 accelerator_type:G)
Result logdir: /workspace/MARLlib/runs/rware_mappo_gru_small_20m_tensorboard/mappo_gru_rware-small-4ag-v2
Number of trials: 1/1 (1 RUNNING)
+------------------------------------------------------+----------+-------------------+--------+------------------+------------+----------+----------------------+----------------------+--------------------+
| Trial name                                           | status   | loc               |   iter |   total time (s) |         ts |   reward |   episode_reward_max |   episode_reward_min |   episode_len_mean |
|------------------------------------------------------+----------+-------------------+--------+------------------+------------+----------+----------------------+----------------------+--------------------|
| MAPPOTrainer_rware_v2_rware-small-4ag-v2_f1650_00000 | RUNNING  | 172.24.0.2:837006 |     75 |          207.614 | 1.4994e+06 |     0.09 |                    1 |                    0 |                500 |
+------------------------------------------------------+----------+-------------------+--------+------------------+------------+----------+----------------------+----------------------+--------------------+


== Status ==
Current time: 2026-05-22 20:33:21 (running for 00:03:47.58)
Memory usage on this node: 62.4/251.6 GiB
Using FIFO scheduling algorithm.
Resources requested: 7.0/8 CPUs, 1.0/1 GPUs, 0.0/17.88 GiB heap, 0.0/8.94 GiB objects (0.0/1.0 accelerator_type:G)
Result logdir: /workspace/MARLlib/runs/rware_mappo_gru_small_20m_tensorboard/mappo_gru_rware-small-4ag-v2
Number of trials: 1/1 (1 RUNNING)
+------------------------------------------------------+----------+-------------------+--------+------------------+-------------+----------+----------------------+----------------------+--------------------+
| Trial name                                           | status   | loc               |   iter |   total time (s) |          ts |   reward |   episode_reward_max |   episode_reward_min |   episode_len_mean |
|------------------------------------------------------+----------+-------------------+--------+------------------+-------------+----------+----------------------+----------------------+--------------------|
| MAPPOTrainer_rware_v2_rware-small-4ag-v2_f1650_00000 | RUNNING  | 172.24.0.2:837006 |     77 |          212.828 | 1.53938e+06 |     0.11 |                    1 |                    0 |                500 |
+------------------------------------------------------+----------+-------------------+--------+------------------+-------------+----------+----------------------+----------------------+--------------------+


== Status ==
Current time: 2026-05-22 20:33:26 (running for 00:03:52.86)
Memory usage on this node: 62.4/251.6 GiB
Using FIFO scheduling algorithm.
Resources requested: 7.0/8 CPUs, 1.0/1 GPUs, 0.0/17.88 GiB heap, 0.0/8.94 GiB objects (0.0/1.0 accelerator_type:G)
Result logdir: /workspace/MARLlib/runs/rware_mappo_gru_small_20m_tensorboard/mappo_gru_rware-small-4ag-v2
Number of trials: 1/1 (1 RUNNING)
+------------------------------------------------------+----------+-------------------+--------+------------------+-------------+----------+----------------------+----------------------+--------------------+
| Trial name                                           | status   | loc               |   iter |   total time (s) |          ts |   reward |   episode_reward_max |   episode_reward_min |   episode_len_mean |
|------------------------------------------------------+----------+-------------------+--------+------------------+-------------+----------+----------------------+----------------------+--------------------|
| MAPPOTrainer_rware_v2_rware-small-4ag-v2_f1650_00000 | RUNNING  | 172.24.0.2:837006 |     79 |          218.057 | 1.57937e+06 |     0.08 |                    1 |                    0 |                500 |
+------------------------------------------------------+----------+-------------------+--------+------------------+-------------+----------+----------------------+----------------------+--------------------+


== Status ==
Current time: 2026-05-22 20:33:31 (running for 00:03:57.93)
Memory usage on this node: 62.4/251.6 GiB
Using FIFO scheduling algorithm.
Resources requested: 7.0/8 CPUs, 1.0/1 GPUs, 0.0/17.88 GiB heap, 0.0/8.94 GiB objects (0.0/1.0 accelerator_type:G)
Result logdir: /workspace/MARLlib/runs/rware_mappo_gru_small_20m_tensorboard/mappo_gru_rware-small-4ag-v2
Number of trials: 1/1 (1 RUNNING)
+------------------------------------------------------+----------+-------------------+--------+------------------+-------------+----------+----------------------+----------------------+--------------------+
| Trial name                                           | status   | loc               |   iter |   total time (s) |          ts |   reward |   episode_reward_max |   episode_reward_min |   episode_len_mean |
|------------------------------------------------------+----------+-------------------+--------+------------------+-------------+----------+----------------------+----------------------+--------------------|
| MAPPOTrainer_rware_v2_rware-small-4ag-v2_f1650_00000 | RUNNING  | 172.24.0.2:837006 |     81 |          223.084 | 1.61935e+06 |     0.09 |                    1 |                    0 |                500 |
+------------------------------------------------------+----------+-------------------+--------+------------------+-------------+----------+----------------------+----------------------+--------------------+


== Status ==
Current time: 2026-05-22 20:33:36 (running for 00:04:03.12)
Memory usage on this node: 62.4/251.6 GiB
Using FIFO scheduling algorithm.
Resources requested: 7.0/8 CPUs, 1.0/1 GPUs, 0.0/17.88 GiB heap, 0.0/8.94 GiB objects (0.0/1.0 accelerator_type:G)
Result logdir: /workspace/MARLlib/runs/rware_mappo_gru_small_20m_tensorboard/mappo_gru_rware-small-4ag-v2
Number of trials: 1/1 (1 RUNNING)
+------------------------------------------------------+----------+-------------------+--------+------------------+-------------+----------+----------------------+----------------------+--------------------+
| Trial name                                           | status   | loc               |   iter |   total time (s) |          ts |   reward |   episode_reward_max |   episode_reward_min |   episode_len_mean |
|------------------------------------------------------+----------+-------------------+--------+------------------+-------------+----------+----------------------+----------------------+--------------------|
| MAPPOTrainer_rware_v2_rware-small-4ag-v2_f1650_00000 | RUNNING  | 172.24.0.2:837006 |     83 |          228.211 | 1.65934e+06 |     0.06 |                    1 |                    0 |                500 |
+------------------------------------------------------+----------+-------------------+--------+------------------+-------------+----------+----------------------+----------------------+--------------------+


== Status ==
Current time: 2026-05-22 20:33:41 (running for 00:04:08.39)
Memory usage on this node: 62.4/251.6 GiB
Using FIFO scheduling algorithm.
Resources requested: 7.0/8 CPUs, 1.0/1 GPUs, 0.0/17.88 GiB heap, 0.0/8.94 GiB objects (0.0/1.0 accelerator_type:G)
Result logdir: /workspace/MARLlib/runs/rware_mappo_gru_small_20m_tensorboard/mappo_gru_rware-small-4ag-v2
Number of trials: 1/1 (1 RUNNING)
+------------------------------------------------------+----------+-------------------+--------+------------------+-------------+----------+----------------------+----------------------+--------------------+
| Trial name                                           | status   | loc               |   iter |   total time (s) |          ts |   reward |   episode_reward_max |   episode_reward_min |   episode_len_mean |
|------------------------------------------------------+----------+-------------------+--------+------------------+-------------+----------+----------------------+----------------------+--------------------|
| MAPPOTrainer_rware_v2_rware-small-4ag-v2_f1650_00000 | RUNNING  | 172.24.0.2:837006 |     85 |          233.421 | 1.69932e+06 |     0.06 |                    1 |                    0 |                500 |
+------------------------------------------------------+----------+-------------------+--------+------------------+-------------+----------+----------------------+----------------------+--------------------+


== Status ==
Current time: 2026-05-22 20:33:47 (running for 00:04:13.59)
Memory usage on this node: 62.4/251.6 GiB
Using FIFO scheduling algorithm.
Resources requested: 7.0/8 CPUs, 1.0/1 GPUs, 0.0/17.88 GiB heap, 0.0/8.94 GiB objects (0.0/1.0 accelerator_type:G)
Result logdir: /workspace/MARLlib/runs/rware_mappo_gru_small_20m_tensorboard/mappo_gru_rware-small-4ag-v2
Number of trials: 1/1 (1 RUNNING)
+------------------------------------------------------+----------+-------------------+--------+------------------+------------+----------+----------------------+----------------------+--------------------+
| Trial name                                           | status   | loc               |   iter |   total time (s) |         ts |   reward |   episode_reward_max |   episode_reward_min |   episode_len_mean |
|------------------------------------------------------+----------+-------------------+--------+------------------+------------+----------+----------------------+----------------------+--------------------|
| MAPPOTrainer_rware_v2_rware-small-4ag-v2_f1650_00000 | RUNNING  | 172.24.0.2:837006 |     87 |          238.554 | 1.7393e+06 |     0.04 |                    1 |                    0 |                500 |
+------------------------------------------------------+----------+-------------------+--------+------------------+------------+----------+----------------------+----------------------+--------------------+


== Status ==
Current time: 2026-05-22 20:33:52 (running for 00:04:18.87)
Memory usage on this node: 62.4/251.6 GiB
Using FIFO scheduling algorithm.
Resources requested: 7.0/8 CPUs, 1.0/1 GPUs, 0.0/17.88 GiB heap, 0.0/8.94 GiB objects (0.0/1.0 accelerator_type:G)
Result logdir: /workspace/MARLlib/runs/rware_mappo_gru_small_20m_tensorboard/mappo_gru_rware-small-4ag-v2
Number of trials: 1/1 (1 RUNNING)
+------------------------------------------------------+----------+-------------------+--------+------------------+-------------+----------+----------------------+----------------------+--------------------+
| Trial name                                           | status   | loc               |   iter |   total time (s) |          ts |   reward |   episode_reward_max |   episode_reward_min |   episode_len_mean |
|------------------------------------------------------+----------+-------------------+--------+------------------+-------------+----------+----------------------+----------------------+--------------------|
| MAPPOTrainer_rware_v2_rware-small-4ag-v2_f1650_00000 | RUNNING  | 172.24.0.2:837006 |     89 |          243.774 | 1.77929e+06 |     0.05 |                    1 |                    0 |                500 |
+------------------------------------------------------+----------+-------------------+--------+------------------+-------------+----------+----------------------+----------------------+--------------------+


== Status ==
Current time: 2026-05-22 20:33:57 (running for 00:04:24.07)
Memory usage on this node: 62.4/251.6 GiB
Using FIFO scheduling algorithm.
Resources requested: 7.0/8 CPUs, 1.0/1 GPUs, 0.0/17.88 GiB heap, 0.0/8.94 GiB objects (0.0/1.0 accelerator_type:G)
Result logdir: /workspace/MARLlib/runs/rware_mappo_gru_small_20m_tensorboard/mappo_gru_rware-small-4ag-v2
Number of trials: 1/1 (1 RUNNING)
+------------------------------------------------------+----------+-------------------+--------+------------------+-------------+----------+----------------------+----------------------+--------------------+
| Trial name                                           | status   | loc               |   iter |   total time (s) |          ts |   reward |   episode_reward_max |   episode_reward_min |   episode_len_mean |
|------------------------------------------------------+----------+-------------------+--------+------------------+-------------+----------+----------------------+----------------------+--------------------|
| MAPPOTrainer_rware_v2_rware-small-4ag-v2_f1650_00000 | RUNNING  | 172.24.0.2:837006 |     91 |          248.919 | 1.81927e+06 |     0.06 |                    1 |                    0 |                500 |
+------------------------------------------------------+----------+-------------------+--------+------------------+-------------+----------+----------------------+----------------------+--------------------+


== Status ==
Current time: 2026-05-22 20:34:02 (running for 00:04:29.28)
Memory usage on this node: 62.4/251.6 GiB
Using FIFO scheduling algorithm.
Resources requested: 7.0/8 CPUs, 1.0/1 GPUs, 0.0/17.88 GiB heap, 0.0/8.94 GiB objects (0.0/1.0 accelerator_type:G)
Result logdir: /workspace/MARLlib/runs/rware_mappo_gru_small_20m_tensorboard/mappo_gru_rware-small-4ag-v2
Number of trials: 1/1 (1 RUNNING)
+------------------------------------------------------+----------+-------------------+--------+------------------+-------------+----------+----------------------+----------------------+--------------------+
| Trial name                                           | status   | loc               |   iter |   total time (s) |          ts |   reward |   episode_reward_max |   episode_reward_min |   episode_len_mean |
|------------------------------------------------------+----------+-------------------+--------+------------------+-------------+----------+----------------------+----------------------+--------------------|
| MAPPOTrainer_rware_v2_rware-small-4ag-v2_f1650_00000 | RUNNING  | 172.24.0.2:837006 |     93 |          254.068 | 1.85926e+06 |     0.06 |                    1 |                    0 |                500 |
+------------------------------------------------------+----------+-------------------+--------+------------------+-------------+----------+----------------------+----------------------+--------------------+


== Status ==
Current time: 2026-05-22 20:34:08 (running for 00:04:34.62)
Memory usage on this node: 62.4/251.6 GiB
Using FIFO scheduling algorithm.
Resources requested: 7.0/8 CPUs, 1.0/1 GPUs, 0.0/17.88 GiB heap, 0.0/8.94 GiB objects (0.0/1.0 accelerator_type:G)
Result logdir: /workspace/MARLlib/runs/rware_mappo_gru_small_20m_tensorboard/mappo_gru_rware-small-4ag-v2
Number of trials: 1/1 (1 RUNNING)
+------------------------------------------------------+----------+-------------------+--------+------------------+-------------+----------+----------------------+----------------------+--------------------+
| Trial name                                           | status   | loc               |   iter |   total time (s) |          ts |   reward |   episode_reward_max |   episode_reward_min |   episode_len_mean |
|------------------------------------------------------+----------+-------------------+--------+------------------+-------------+----------+----------------------+----------------------+--------------------|
| MAPPOTrainer_rware_v2_rware-small-4ag-v2_f1650_00000 | RUNNING  | 172.24.0.2:837006 |     95 |          259.346 | 1.89924e+06 |     0.07 |                    1 |                    0 |                500 |
+------------------------------------------------------+----------+-------------------+--------+------------------+-------------+----------+----------------------+----------------------+--------------------+


== Status ==
Current time: 2026-05-22 20:34:13 (running for 00:04:39.94)
Memory usage on this node: 62.4/251.6 GiB
Using FIFO scheduling algorithm.
Resources requested: 7.0/8 CPUs, 1.0/1 GPUs, 0.0/17.88 GiB heap, 0.0/8.94 GiB objects (0.0/1.0 accelerator_type:G)
Result logdir: /workspace/MARLlib/runs/rware_mappo_gru_small_20m_tensorboard/mappo_gru_rware-small-4ag-v2
Number of trials: 1/1 (1 RUNNING)
+------------------------------------------------------+----------+-------------------+--------+------------------+-------------+----------+----------------------+----------------------+--------------------+
| Trial name                                           | status   | loc               |   iter |   total time (s) |          ts |   reward |   episode_reward_max |   episode_reward_min |   episode_len_mean |
|------------------------------------------------------+----------+-------------------+--------+------------------+-------------+----------+----------------------+----------------------+--------------------|
| MAPPOTrainer_rware_v2_rware-small-4ag-v2_f1650_00000 | RUNNING  | 172.24.0.2:837006 |     97 |          264.604 | 1.93922e+06 |     0.08 |                    1 |                    0 |                500 |
+------------------------------------------------------+----------+-------------------+--------+------------------+-------------+----------+----------------------+----------------------+--------------------+


== Status ==
Current time: 2026-05-22 20:34:18 (running for 00:04:45.21)
Memory usage on this node: 62.4/251.6 GiB
Using FIFO scheduling algorithm.
Resources requested: 7.0/8 CPUs, 1.0/1 GPUs, 0.0/17.88 GiB heap, 0.0/8.94 GiB objects (0.0/1.0 accelerator_type:G)
Result logdir: /workspace/MARLlib/runs/rware_mappo_gru_small_20m_tensorboard/mappo_gru_rware-small-4ag-v2
Number of trials: 1/1 (1 RUNNING)
+------------------------------------------------------+----------+-------------------+--------+------------------+-------------+----------+----------------------+----------------------+--------------------+
| Trial name                                           | status   | loc               |   iter |   total time (s) |          ts |   reward |   episode_reward_max |   episode_reward_min |   episode_len_mean |
|------------------------------------------------------+----------+-------------------+--------+------------------+-------------+----------+----------------------+----------------------+--------------------|
| MAPPOTrainer_rware_v2_rware-small-4ag-v2_f1650_00000 | RUNNING  | 172.24.0.2:837006 |     99 |          269.812 | 1.97921e+06 |     0.06 |                    1 |                    0 |                500 |
+------------------------------------------------------+----------+-------------------+--------+------------------+-------------+----------+----------------------+----------------------+--------------------+


== Status ==
Current time: 2026-05-22 20:34:23 (running for 00:04:50.21)
Memory usage on this node: 62.4/251.6 GiB
Using FIFO scheduling algorithm.
Resources requested: 7.0/8 CPUs, 1.0/1 GPUs, 0.0/17.88 GiB heap, 0.0/8.94 GiB objects (0.0/1.0 accelerator_type:G)
Result logdir: /workspace/MARLlib/runs/rware_mappo_gru_small_20m_tensorboard/mappo_gru_rware-small-4ag-v2
Number of trials: 1/1 (1 RUNNING)
+------------------------------------------------------+----------+-------------------+--------+------------------+-------------+----------+----------------------+----------------------+--------------------+
| Trial name                                           | status   | loc               |   iter |   total time (s) |          ts |   reward |   episode_reward_max |   episode_reward_min |   episode_len_mean |
|------------------------------------------------------+----------+-------------------+--------+------------------+-------------+----------+----------------------+----------------------+--------------------|
| MAPPOTrainer_rware_v2_rware-small-4ag-v2_f1650_00000 | RUNNING  | 172.24.0.2:837006 |     99 |          269.812 | 1.97921e+06 |     0.06 |                    1 |                    0 |                500 |
+------------------------------------------------------+----------+-------------------+--------+------------------+-------------+----------+----------------------+----------------------+--------------------+


== Status ==
Current time: 2026-05-22 20:34:28 (running for 00:04:55.22)
Memory usage on this node: 62.4/251.6 GiB
Using FIFO scheduling algorithm.
Resources requested: 7.0/8 CPUs, 1.0/1 GPUs, 0.0/17.88 GiB heap, 0.0/8.94 GiB objects (0.0/1.0 accelerator_type:G)
Result logdir: /workspace/MARLlib/runs/rware_mappo_gru_small_20m_tensorboard/mappo_gru_rware-small-4ag-v2
Number of trials: 1/1 (1 RUNNING)
+------------------------------------------------------+----------+-------------------+--------+------------------+-------------+----------+----------------------+----------------------+--------------------+
| Trial name                                           | status   | loc               |   iter |   total time (s) |          ts |   reward |   episode_reward_max |   episode_reward_min |   episode_len_mean |
|------------------------------------------------------+----------+-------------------+--------+------------------+-------------+----------+----------------------+----------------------+--------------------|
| MAPPOTrainer_rware_v2_rware-small-4ag-v2_f1650_00000 | RUNNING  | 172.24.0.2:837006 |     99 |          269.812 | 1.97921e+06 |     0.06 |                    1 |                    0 |                500 |
+------------------------------------------------------+----------+-------------------+--------+------------------+-------------+----------+----------------------+----------------------+--------------------+


== Status ==
Current time: 2026-05-22 20:34:34 (running for 00:05:00.72)
Memory usage on this node: 62.4/251.6 GiB
Using FIFO scheduling algorithm.
Resources requested: 7.0/8 CPUs, 1.0/1 GPUs, 0.0/17.88 GiB heap, 0.0/8.94 GiB objects (0.0/1.0 accelerator_type:G)
Result logdir: /workspace/MARLlib/runs/rware_mappo_gru_small_20m_tensorboard/mappo_gru_rware-small-4ag-v2
Number of trials: 1/1 (1 RUNNING)
+------------------------------------------------------+----------+-------------------+--------+------------------+------------+----------+----------------------+----------------------+--------------------+
| Trial name                                           | status   | loc               |   iter |   total time (s) |         ts |   reward |   episode_reward_max |   episode_reward_min |   episode_len_mean |
|------------------------------------------------------+----------+-------------------+--------+------------------+------------+----------+----------------------+----------------------+--------------------|
| MAPPOTrainer_rware_v2_rware-small-4ag-v2_f1650_00000 | RUNNING  | 172.24.0.2:837006 |    100 |          285.274 | 1.9992e+06 |     0.07 |                    1 |                    0 |                500 |
+------------------------------------------------------+----------+-------------------+--------+------------------+------------+----------+----------------------+----------------------+--------------------+


== Status ==
Current time: 2026-05-22 20:34:39 (running for 00:05:06.01)
Memory usage on this node: 62.4/251.6 GiB
Using FIFO scheduling algorithm.
Resources requested: 7.0/8 CPUs, 1.0/1 GPUs, 0.0/17.88 GiB heap, 0.0/8.94 GiB objects (0.0/1.0 accelerator_type:G)
Result logdir: /workspace/MARLlib/runs/rware_mappo_gru_small_20m_tensorboard/mappo_gru_rware-small-4ag-v2
Number of trials: 1/1 (1 RUNNING)
+------------------------------------------------------+----------+-------------------+--------+------------------+-------------+----------+----------------------+----------------------+--------------------+
| Trial name                                           | status   | loc               |   iter |   total time (s) |          ts |   reward |   episode_reward_max |   episode_reward_min |   episode_len_mean |
|------------------------------------------------------+----------+-------------------+--------+------------------+-------------+----------+----------------------+----------------------+--------------------|
| MAPPOTrainer_rware_v2_rware-small-4ag-v2_f1650_00000 | RUNNING  | 172.24.0.2:837006 |    102 |          290.447 | 2.03918e+06 |     0.08 |                    1 |                    0 |                500 |
+------------------------------------------------------+----------+-------------------+--------+------------------+-------------+----------+----------------------+----------------------+--------------------+


== Status ==
Current time: 2026-05-22 20:34:44 (running for 00:05:11.21)
Memory usage on this node: 62.4/251.6 GiB
Using FIFO scheduling algorithm.
Resources requested: 7.0/8 CPUs, 1.0/1 GPUs, 0.0/17.88 GiB heap, 0.0/8.94 GiB objects (0.0/1.0 accelerator_type:G)
Result logdir: /workspace/MARLlib/runs/rware_mappo_gru_small_20m_tensorboard/mappo_gru_rware-small-4ag-v2
Number of trials: 1/1 (1 RUNNING)
+------------------------------------------------------+----------+-------------------+--------+------------------+-------------+----------+----------------------+----------------------+--------------------+
| Trial name                                           | status   | loc               |   iter |   total time (s) |          ts |   reward |   episode_reward_max |   episode_reward_min |   episode_len_mean |
|------------------------------------------------------+----------+-------------------+--------+------------------+-------------+----------+----------------------+----------------------+--------------------|
| MAPPOTrainer_rware_v2_rware-small-4ag-v2_f1650_00000 | RUNNING  | 172.24.0.2:837006 |    104 |          295.652 | 2.07917e+06 |     0.06 |                    1 |                    0 |                500 |
+------------------------------------------------------+----------+-------------------+--------+------------------+-------------+----------+----------------------+----------------------+--------------------+


== Status ==
Current time: 2026-05-22 20:34:49 (running for 00:05:16.44)
Memory usage on this node: 62.4/251.6 GiB
Using FIFO scheduling algorithm.
Resources requested: 7.0/8 CPUs, 1.0/1 GPUs, 0.0/17.88 GiB heap, 0.0/8.94 GiB objects (0.0/1.0 accelerator_type:G)
Result logdir: /workspace/MARLlib/runs/rware_mappo_gru_small_20m_tensorboard/mappo_gru_rware-small-4ag-v2
Number of trials: 1/1 (1 RUNNING)
+------------------------------------------------------+----------+-------------------+--------+------------------+-------------+----------+----------------------+----------------------+--------------------+
| Trial name                                           | status   | loc               |   iter |   total time (s) |          ts |   reward |   episode_reward_max |   episode_reward_min |   episode_len_mean |
|------------------------------------------------------+----------+-------------------+--------+------------------+-------------+----------+----------------------+----------------------+--------------------|
| MAPPOTrainer_rware_v2_rware-small-4ag-v2_f1650_00000 | RUNNING  | 172.24.0.2:837006 |    106 |          300.816 | 2.11915e+06 |     0.04 |                    1 |                    0 |                500 |
+------------------------------------------------------+----------+-------------------+--------+------------------+-------------+----------+----------------------+----------------------+--------------------+


== Status ==
Current time: 2026-05-22 20:34:55 (running for 00:05:21.80)
Memory usage on this node: 62.4/251.6 GiB
Using FIFO scheduling algorithm.
Resources requested: 7.0/8 CPUs, 1.0/1 GPUs, 0.0/17.88 GiB heap, 0.0/8.94 GiB objects (0.0/1.0 accelerator_type:G)
Result logdir: /workspace/MARLlib/runs/rware_mappo_gru_small_20m_tensorboard/mappo_gru_rware-small-4ag-v2
Number of trials: 1/1 (1 RUNNING)
+------------------------------------------------------+----------+-------------------+--------+------------------+-------------+----------+----------------------+----------------------+--------------------+
| Trial name                                           | status   | loc               |   iter |   total time (s) |          ts |   reward |   episode_reward_max |   episode_reward_min |   episode_len_mean |
|------------------------------------------------------+----------+-------------------+--------+------------------+-------------+----------+----------------------+----------------------+--------------------|
| MAPPOTrainer_rware_v2_rware-small-4ag-v2_f1650_00000 | RUNNING  | 172.24.0.2:837006 |    108 |          306.144 | 2.15914e+06 |     0.05 |                    1 |                    0 |                500 |
+------------------------------------------------------+----------+-------------------+--------+------------------+-------------+----------+----------------------+----------------------+--------------------+


== Status ==
Current time: 2026-05-22 20:35:00 (running for 00:05:27.08)
Memory usage on this node: 62.4/251.6 GiB
Using FIFO scheduling algorithm.
Resources requested: 7.0/8 CPUs, 1.0/1 GPUs, 0.0/17.88 GiB heap, 0.0/8.94 GiB objects (0.0/1.0 accelerator_type:G)
Result logdir: /workspace/MARLlib/runs/rware_mappo_gru_small_20m_tensorboard/mappo_gru_rware-small-4ag-v2
Number of trials: 1/1 (1 RUNNING)
+------------------------------------------------------+----------+-------------------+--------+------------------+-------------+----------+----------------------+----------------------+--------------------+
| Trial name                                           | status   | loc               |   iter |   total time (s) |          ts |   reward |   episode_reward_max |   episode_reward_min |   episode_len_mean |
|------------------------------------------------------+----------+-------------------+--------+------------------+-------------+----------+----------------------+----------------------+--------------------|
| MAPPOTrainer_rware_v2_rware-small-4ag-v2_f1650_00000 | RUNNING  | 172.24.0.2:837006 |    110 |           311.36 | 2.19912e+06 |     0.03 |                    1 |                    0 |                500 |
+------------------------------------------------------+----------+-------------------+--------+------------------+-------------+----------+----------------------+----------------------+--------------------+


== Status ==
Current time: 2026-05-22 20:35:05 (running for 00:05:32.53)
Memory usage on this node: 62.4/251.6 GiB
Using FIFO scheduling algorithm.
Resources requested: 7.0/8 CPUs, 1.0/1 GPUs, 0.0/17.88 GiB heap, 0.0/8.94 GiB objects (0.0/1.0 accelerator_type:G)
Result logdir: /workspace/MARLlib/runs/rware_mappo_gru_small_20m_tensorboard/mappo_gru_rware-small-4ag-v2
Number of trials: 1/1 (1 RUNNING)
+------------------------------------------------------+----------+-------------------+--------+------------------+------------+----------+----------------------+----------------------+--------------------+
| Trial name                                           | status   | loc               |   iter |   total time (s) |         ts |   reward |   episode_reward_max |   episode_reward_min |   episode_len_mean |
|------------------------------------------------------+----------+-------------------+--------+------------------+------------+----------+----------------------+----------------------+--------------------|
| MAPPOTrainer_rware_v2_rware-small-4ag-v2_f1650_00000 | RUNNING  | 172.24.0.2:837006 |    112 |          316.752 | 2.2391e+06 |     0.01 |                    1 |                    0 |                500 |
+------------------------------------------------------+----------+-------------------+--------+------------------+------------+----------+----------------------+----------------------+--------------------+


== Status ==
Current time: 2026-05-22 20:35:11 (running for 00:05:37.80)
Memory usage on this node: 62.4/251.6 GiB
Using FIFO scheduling algorithm.
Resources requested: 7.0/8 CPUs, 1.0/1 GPUs, 0.0/17.88 GiB heap, 0.0/8.94 GiB objects (0.0/1.0 accelerator_type:G)
Result logdir: /workspace/MARLlib/runs/rware_mappo_gru_small_20m_tensorboard/mappo_gru_rware-small-4ag-v2
Number of trials: 1/1 (1 RUNNING)
+------------------------------------------------------+----------+-------------------+--------+------------------+-------------+----------+----------------------+----------------------+--------------------+
| Trial name                                           | status   | loc               |   iter |   total time (s) |          ts |   reward |   episode_reward_max |   episode_reward_min |   episode_len_mean |
|------------------------------------------------------+----------+-------------------+--------+------------------+-------------+----------+----------------------+----------------------+--------------------|
| MAPPOTrainer_rware_v2_rware-small-4ag-v2_f1650_00000 | RUNNING  | 172.24.0.2:837006 |    114 |          321.957 | 2.27909e+06 |     0.01 |                    1 |                    0 |                500 |
+------------------------------------------------------+----------+-------------------+--------+------------------+-------------+----------+----------------------+----------------------+--------------------+


== Status ==
Current time: 2026-05-22 20:35:16 (running for 00:05:42.92)
Memory usage on this node: 62.4/251.6 GiB
Using FIFO scheduling algorithm.
Resources requested: 7.0/8 CPUs, 1.0/1 GPUs, 0.0/17.88 GiB heap, 0.0/8.94 GiB objects (0.0/1.0 accelerator_type:G)
Result logdir: /workspace/MARLlib/runs/rware_mappo_gru_small_20m_tensorboard/mappo_gru_rware-small-4ag-v2
Number of trials: 1/1 (1 RUNNING)
+------------------------------------------------------+----------+-------------------+--------+------------------+-------------+----------+----------------------+----------------------+--------------------+
| Trial name                                           | status   | loc               |   iter |   total time (s) |          ts |   reward |   episode_reward_max |   episode_reward_min |   episode_len_mean |
|------------------------------------------------------+----------+-------------------+--------+------------------+-------------+----------+----------------------+----------------------+--------------------|
| MAPPOTrainer_rware_v2_rware-small-4ag-v2_f1650_00000 | RUNNING  | 172.24.0.2:837006 |    116 |          327.031 | 2.31907e+06 |     0.01 |                    1 |                    0 |                500 |
+------------------------------------------------------+----------+-------------------+--------+------------------+-------------+----------+----------------------+----------------------+--------------------+


== Status ==
Current time: 2026-05-22 20:35:21 (running for 00:05:48.21)
Memory usage on this node: 62.4/251.6 GiB
Using FIFO scheduling algorithm.
Resources requested: 7.0/8 CPUs, 1.0/1 GPUs, 0.0/17.88 GiB heap, 0.0/8.94 GiB objects (0.0/1.0 accelerator_type:G)
Result logdir: /workspace/MARLlib/runs/rware_mappo_gru_small_20m_tensorboard/mappo_gru_rware-small-4ag-v2
Number of trials: 1/1 (1 RUNNING)
+------------------------------------------------------+----------+-------------------+--------+------------------+-------------+----------+----------------------+----------------------+--------------------+
| Trial name                                           | status   | loc               |   iter |   total time (s) |          ts |   reward |   episode_reward_max |   episode_reward_min |   episode_len_mean |
|------------------------------------------------------+----------+-------------------+--------+------------------+-------------+----------+----------------------+----------------------+--------------------|
| MAPPOTrainer_rware_v2_rware-small-4ag-v2_f1650_00000 | RUNNING  | 172.24.0.2:837006 |    118 |          332.247 | 2.35906e+06 |        0 |                    0 |                    0 |                500 |
+------------------------------------------------------+----------+-------------------+--------+------------------+-------------+----------+----------------------+----------------------+--------------------+


== Status ==
Current time: 2026-05-22 20:35:26 (running for 00:05:53.40)
Memory usage on this node: 62.4/251.6 GiB
Using FIFO scheduling algorithm.
Resources requested: 7.0/8 CPUs, 1.0/1 GPUs, 0.0/17.88 GiB heap, 0.0/8.94 GiB objects (0.0/1.0 accelerator_type:G)
Result logdir: /workspace/MARLlib/runs/rware_mappo_gru_small_20m_tensorboard/mappo_gru_rware-small-4ag-v2
Number of trials: 1/1 (1 RUNNING)
+------------------------------------------------------+----------+-------------------+--------+------------------+-------------+----------+----------------------+----------------------+--------------------+
| Trial name                                           | status   | loc               |   iter |   total time (s) |          ts |   reward |   episode_reward_max |   episode_reward_min |   episode_len_mean |
|------------------------------------------------------+----------+-------------------+--------+------------------+-------------+----------+----------------------+----------------------+--------------------|
| MAPPOTrainer_rware_v2_rware-small-4ag-v2_f1650_00000 | RUNNING  | 172.24.0.2:837006 |    120 |          337.389 | 2.39904e+06 |     0.01 |                    1 |                    0 |                500 |
+------------------------------------------------------+----------+-------------------+--------+------------------+-------------+----------+----------------------+----------------------+--------------------+


== Status ==
Current time: 2026-05-22 20:35:32 (running for 00:05:58.58)
Memory usage on this node: 62.4/251.6 GiB
Using FIFO scheduling algorithm.
Resources requested: 7.0/8 CPUs, 1.0/1 GPUs, 0.0/17.88 GiB heap, 0.0/8.94 GiB objects (0.0/1.0 accelerator_type:G)
Result logdir: /workspace/MARLlib/runs/rware_mappo_gru_small_20m_tensorboard/mappo_gru_rware-small-4ag-v2
Number of trials: 1/1 (1 RUNNING)
+------------------------------------------------------+----------+-------------------+--------+------------------+-------------+----------+----------------------+----------------------+--------------------+
| Trial name                                           | status   | loc               |   iter |   total time (s) |          ts |   reward |   episode_reward_max |   episode_reward_min |   episode_len_mean |
|------------------------------------------------------+----------+-------------------+--------+------------------+-------------+----------+----------------------+----------------------+--------------------|
| MAPPOTrainer_rware_v2_rware-small-4ag-v2_f1650_00000 | RUNNING  | 172.24.0.2:837006 |    122 |          342.499 | 2.43902e+06 |     0.02 |                    1 |                    0 |                500 |
+------------------------------------------------------+----------+-------------------+--------+------------------+-------------+----------+----------------------+----------------------+--------------------+


== Status ==
Current time: 2026-05-22 20:35:37 (running for 00:06:03.83)
Memory usage on this node: 62.4/251.6 GiB
Using FIFO scheduling algorithm.
Resources requested: 7.0/8 CPUs, 1.0/1 GPUs, 0.0/17.88 GiB heap, 0.0/8.94 GiB objects (0.0/1.0 accelerator_type:G)
Result logdir: /workspace/MARLlib/runs/rware_mappo_gru_small_20m_tensorboard/mappo_gru_rware-small-4ag-v2
Number of trials: 1/1 (1 RUNNING)
+------------------------------------------------------+----------+-------------------+--------+------------------+-------------+----------+----------------------+----------------------+--------------------+
| Trial name                                           | status   | loc               |   iter |   total time (s) |          ts |   reward |   episode_reward_max |   episode_reward_min |   episode_len_mean |
|------------------------------------------------------+----------+-------------------+--------+------------------+-------------+----------+----------------------+----------------------+--------------------|
| MAPPOTrainer_rware_v2_rware-small-4ag-v2_f1650_00000 | RUNNING  | 172.24.0.2:837006 |    124 |          347.701 | 2.47901e+06 |     0.03 |                    1 |                    0 |                500 |
+------------------------------------------------------+----------+-------------------+--------+------------------+-------------+----------+----------------------+----------------------+--------------------+


== Status ==
Current time: 2026-05-22 20:35:42 (running for 00:06:09.08)
Memory usage on this node: 62.4/251.6 GiB
Using FIFO scheduling algorithm.
Resources requested: 7.0/8 CPUs, 1.0/1 GPUs, 0.0/17.88 GiB heap, 0.0/8.94 GiB objects (0.0/1.0 accelerator_type:G)
Result logdir: /workspace/MARLlib/runs/rware_mappo_gru_small_20m_tensorboard/mappo_gru_rware-small-4ag-v2
Number of trials: 1/1 (1 RUNNING)
+------------------------------------------------------+----------+-------------------+--------+------------------+-------------+----------+----------------------+----------------------+--------------------+
| Trial name                                           | status   | loc               |   iter |   total time (s) |          ts |   reward |   episode_reward_max |   episode_reward_min |   episode_len_mean |
|------------------------------------------------------+----------+-------------------+--------+------------------+-------------+----------+----------------------+----------------------+--------------------|
| MAPPOTrainer_rware_v2_rware-small-4ag-v2_f1650_00000 | RUNNING  | 172.24.0.2:837006 |    126 |          352.885 | 2.51899e+06 |     0.03 |                    1 |                    0 |                500 |
+------------------------------------------------------+----------+-------------------+--------+------------------+-------------+----------+----------------------+----------------------+--------------------+


== Status ==
Current time: 2026-05-22 20:35:47 (running for 00:06:14.29)
Memory usage on this node: 62.4/251.6 GiB
Using FIFO scheduling algorithm.
Resources requested: 7.0/8 CPUs, 1.0/1 GPUs, 0.0/17.88 GiB heap, 0.0/8.94 GiB objects (0.0/1.0 accelerator_type:G)
Result logdir: /workspace/MARLlib/runs/rware_mappo_gru_small_20m_tensorboard/mappo_gru_rware-small-4ag-v2
Number of trials: 1/1 (1 RUNNING)
+------------------------------------------------------+----------+-------------------+--------+------------------+-------------+----------+----------------------+----------------------+--------------------+
| Trial name                                           | status   | loc               |   iter |   total time (s) |          ts |   reward |   episode_reward_max |   episode_reward_min |   episode_len_mean |
|------------------------------------------------------+----------+-------------------+--------+------------------+-------------+----------+----------------------+----------------------+--------------------|
| MAPPOTrainer_rware_v2_rware-small-4ag-v2_f1650_00000 | RUNNING  | 172.24.0.2:837006 |    128 |           358.04 | 2.55898e+06 |     0.02 |                    1 |                    0 |                500 |
+------------------------------------------------------+----------+-------------------+--------+------------------+-------------+----------+----------------------+----------------------+--------------------+


== Status ==
Current time: 2026-05-22 20:35:53 (running for 00:06:19.73)
Memory usage on this node: 62.5/251.6 GiB
Using FIFO scheduling algorithm.
Resources requested: 7.0/8 CPUs, 1.0/1 GPUs, 0.0/17.88 GiB heap, 0.0/8.94 GiB objects (0.0/1.0 accelerator_type:G)
Result logdir: /workspace/MARLlib/runs/rware_mappo_gru_small_20m_tensorboard/mappo_gru_rware-small-4ag-v2
Number of trials: 1/1 (1 RUNNING)
+------------------------------------------------------+----------+-------------------+--------+------------------+-------------+----------+----------------------+----------------------+--------------------+
| Trial name                                           | status   | loc               |   iter |   total time (s) |          ts |   reward |   episode_reward_max |   episode_reward_min |   episode_len_mean |
|------------------------------------------------------+----------+-------------------+--------+------------------+-------------+----------+----------------------+----------------------+--------------------|
| MAPPOTrainer_rware_v2_rware-small-4ag-v2_f1650_00000 | RUNNING  | 172.24.0.2:837006 |    130 |          363.425 | 2.59896e+06 |     0.02 |                    1 |                    0 |                500 |
+------------------------------------------------------+----------+-------------------+--------+------------------+-------------+----------+----------------------+----------------------+--------------------+


== Status ==
Current time: 2026-05-22 20:35:58 (running for 00:06:25.05)
Memory usage on this node: 62.4/251.6 GiB
Using FIFO scheduling algorithm.
Resources requested: 7.0/8 CPUs, 1.0/1 GPUs, 0.0/17.88 GiB heap, 0.0/8.94 GiB objects (0.0/1.0 accelerator_type:G)
Result logdir: /workspace/MARLlib/runs/rware_mappo_gru_small_20m_tensorboard/mappo_gru_rware-small-4ag-v2
Number of trials: 1/1 (1 RUNNING)
+------------------------------------------------------+----------+-------------------+--------+------------------+-------------+----------+----------------------+----------------------+--------------------+
| Trial name                                           | status   | loc               |   iter |   total time (s) |          ts |   reward |   episode_reward_max |   episode_reward_min |   episode_len_mean |
|------------------------------------------------------+----------+-------------------+--------+------------------+-------------+----------+----------------------+----------------------+--------------------|
| MAPPOTrainer_rware_v2_rware-small-4ag-v2_f1650_00000 | RUNNING  | 172.24.0.2:837006 |    132 |          368.684 | 2.63894e+06 |     0.01 |                    1 |                    0 |                500 |
+------------------------------------------------------+----------+-------------------+--------+------------------+-------------+----------+----------------------+----------------------+--------------------+


== Status ==
Current time: 2026-05-22 20:36:03 (running for 00:06:30.50)
Memory usage on this node: 62.4/251.6 GiB
Using FIFO scheduling algorithm.
Resources requested: 7.0/8 CPUs, 1.0/1 GPUs, 0.0/17.88 GiB heap, 0.0/8.94 GiB objects (0.0/1.0 accelerator_type:G)
Result logdir: /workspace/MARLlib/runs/rware_mappo_gru_small_20m_tensorboard/mappo_gru_rware-small-4ag-v2
Number of trials: 1/1 (1 RUNNING)
+------------------------------------------------------+----------+-------------------+--------+------------------+-------------+----------+----------------------+----------------------+--------------------+
| Trial name                                           | status   | loc               |   iter |   total time (s) |          ts |   reward |   episode_reward_max |   episode_reward_min |   episode_len_mean |
|------------------------------------------------------+----------+-------------------+--------+------------------+-------------+----------+----------------------+----------------------+--------------------|
| MAPPOTrainer_rware_v2_rware-small-4ag-v2_f1650_00000 | RUNNING  | 172.24.0.2:837006 |    134 |          374.069 | 2.67893e+06 |     0.01 |                    1 |                    0 |                500 |
+------------------------------------------------------+----------+-------------------+--------+------------------+-------------+----------+----------------------+----------------------+--------------------+


== Status ==
Current time: 2026-05-22 20:36:09 (running for 00:06:35.82)
Memory usage on this node: 62.4/251.6 GiB
Using FIFO scheduling algorithm.
Resources requested: 7.0/8 CPUs, 1.0/1 GPUs, 0.0/17.88 GiB heap, 0.0/8.94 GiB objects (0.0/1.0 accelerator_type:G)
Result logdir: /workspace/MARLlib/runs/rware_mappo_gru_small_20m_tensorboard/mappo_gru_rware-small-4ag-v2
Number of trials: 1/1 (1 RUNNING)
+------------------------------------------------------+----------+-------------------+--------+------------------+-------------+----------+----------------------+----------------------+--------------------+
| Trial name                                           | status   | loc               |   iter |   total time (s) |          ts |   reward |   episode_reward_max |   episode_reward_min |   episode_len_mean |
|------------------------------------------------------+----------+-------------------+--------+------------------+-------------+----------+----------------------+----------------------+--------------------|
| MAPPOTrainer_rware_v2_rware-small-4ag-v2_f1650_00000 | RUNNING  | 172.24.0.2:837006 |    136 |          379.339 | 2.71891e+06 |     0.01 |                    1 |                    0 |                500 |
+------------------------------------------------------+----------+-------------------+--------+------------------+-------------+----------+----------------------+----------------------+--------------------+


== Status ==
Current time: 2026-05-22 20:36:14 (running for 00:06:41.10)
Memory usage on this node: 62.4/251.6 GiB
Using FIFO scheduling algorithm.
Resources requested: 7.0/8 CPUs, 1.0/1 GPUs, 0.0/17.88 GiB heap, 0.0/8.94 GiB objects (0.0/1.0 accelerator_type:G)
Result logdir: /workspace/MARLlib/runs/rware_mappo_gru_small_20m_tensorboard/mappo_gru_rware-small-4ag-v2
Number of trials: 1/1 (1 RUNNING)
+------------------------------------------------------+----------+-------------------+--------+------------------+------------+----------+----------------------+----------------------+--------------------+
| Trial name                                           | status   | loc               |   iter |   total time (s) |         ts |   reward |   episode_reward_max |   episode_reward_min |   episode_len_mean |
|------------------------------------------------------+----------+-------------------+--------+------------------+------------+----------+----------------------+----------------------+--------------------|
| MAPPOTrainer_rware_v2_rware-small-4ag-v2_f1650_00000 | RUNNING  | 172.24.0.2:837006 |    138 |          384.556 | 2.7589e+06 |     0.01 |                    1 |                    0 |                500 |
+------------------------------------------------------+----------+-------------------+--------+------------------+------------+----------+----------------------+----------------------+--------------------+


== Status ==
Current time: 2026-05-22 20:36:19 (running for 00:06:46.40)
Memory usage on this node: 62.4/251.6 GiB
Using FIFO scheduling algorithm.
Resources requested: 7.0/8 CPUs, 1.0/1 GPUs, 0.0/17.88 GiB heap, 0.0/8.94 GiB objects (0.0/1.0 accelerator_type:G)
Result logdir: /workspace/MARLlib/runs/rware_mappo_gru_small_20m_tensorboard/mappo_gru_rware-small-4ag-v2
Number of trials: 1/1 (1 RUNNING)
+------------------------------------------------------+----------+-------------------+--------+------------------+-------------+----------+----------------------+----------------------+--------------------+
| Trial name                                           | status   | loc               |   iter |   total time (s) |          ts |   reward |   episode_reward_max |   episode_reward_min |   episode_len_mean |
|------------------------------------------------------+----------+-------------------+--------+------------------+-------------+----------+----------------------+----------------------+--------------------|
| MAPPOTrainer_rware_v2_rware-small-4ag-v2_f1650_00000 | RUNNING  | 172.24.0.2:837006 |    140 |           389.79 | 2.79888e+06 |     0.01 |                    1 |                    0 |                500 |
+------------------------------------------------------+----------+-------------------+--------+------------------+-------------+----------+----------------------+----------------------+--------------------+


== Status ==
Current time: 2026-05-22 20:36:25 (running for 00:06:51.78)
Memory usage on this node: 62.4/251.6 GiB
Using FIFO scheduling algorithm.
Resources requested: 7.0/8 CPUs, 1.0/1 GPUs, 0.0/17.88 GiB heap, 0.0/8.94 GiB objects (0.0/1.0 accelerator_type:G)
Result logdir: /workspace/MARLlib/runs/rware_mappo_gru_small_20m_tensorboard/mappo_gru_rware-small-4ag-v2
Number of trials: 1/1 (1 RUNNING)
+------------------------------------------------------+----------+-------------------+--------+------------------+-------------+----------+----------------------+----------------------+--------------------+
| Trial name                                           | status   | loc               |   iter |   total time (s) |          ts |   reward |   episode_reward_max |   episode_reward_min |   episode_len_mean |
|------------------------------------------------------+----------+-------------------+--------+------------------+-------------+----------+----------------------+----------------------+--------------------|
| MAPPOTrainer_rware_v2_rware-small-4ag-v2_f1650_00000 | RUNNING  | 172.24.0.2:837006 |    142 |          395.107 | 2.83886e+06 |     0.01 |                    1 |                    0 |                500 |
+------------------------------------------------------+----------+-------------------+--------+------------------+-------------+----------+----------------------+----------------------+--------------------+


== Status ==
Current time: 2026-05-22 20:36:30 (running for 00:06:57.13)
Memory usage on this node: 62.4/251.6 GiB
Using FIFO scheduling algorithm.
Resources requested: 7.0/8 CPUs, 1.0/1 GPUs, 0.0/17.88 GiB heap, 0.0/8.94 GiB objects (0.0/1.0 accelerator_type:G)
Result logdir: /workspace/MARLlib/runs/rware_mappo_gru_small_20m_tensorboard/mappo_gru_rware-small-4ag-v2
Number of trials: 1/1 (1 RUNNING)
+------------------------------------------------------+----------+-------------------+--------+------------------+-------------+----------+----------------------+----------------------+--------------------+
| Trial name                                           | status   | loc               |   iter |   total time (s) |          ts |   reward |   episode_reward_max |   episode_reward_min |   episode_len_mean |
|------------------------------------------------------+----------+-------------------+--------+------------------+-------------+----------+----------------------+----------------------+--------------------|
| MAPPOTrainer_rware_v2_rware-small-4ag-v2_f1650_00000 | RUNNING  | 172.24.0.2:837006 |    144 |          400.397 | 2.87885e+06 |        0 |                    0 |                    0 |                500 |
+------------------------------------------------------+----------+-------------------+--------+------------------+-------------+----------+----------------------+----------------------+--------------------+


== Status ==
Current time: 2026-05-22 20:36:35 (running for 00:07:02.42)
Memory usage on this node: 62.4/251.6 GiB
Using FIFO scheduling algorithm.
Resources requested: 7.0/8 CPUs, 1.0/1 GPUs, 0.0/17.88 GiB heap, 0.0/8.94 GiB objects (0.0/1.0 accelerator_type:G)
Result logdir: /workspace/MARLlib/runs/rware_mappo_gru_small_20m_tensorboard/mappo_gru_rware-small-4ag-v2
Number of trials: 1/1 (1 RUNNING)
+------------------------------------------------------+----------+-------------------+--------+------------------+-------------+----------+----------------------+----------------------+--------------------+
| Trial name                                           | status   | loc               |   iter |   total time (s) |          ts |   reward |   episode_reward_max |   episode_reward_min |   episode_len_mean |
|------------------------------------------------------+----------+-------------------+--------+------------------+-------------+----------+----------------------+----------------------+--------------------|
| MAPPOTrainer_rware_v2_rware-small-4ag-v2_f1650_00000 | RUNNING  | 172.24.0.2:837006 |    146 |          405.629 | 2.91883e+06 |     0.01 |                    1 |                    0 |                500 |
+------------------------------------------------------+----------+-------------------+--------+------------------+-------------+----------+----------------------+----------------------+--------------------+


== Status ==
Current time: 2026-05-22 20:36:41 (running for 00:07:07.73)
Memory usage on this node: 62.4/251.6 GiB
Using FIFO scheduling algorithm.
Resources requested: 7.0/8 CPUs, 1.0/1 GPUs, 0.0/17.88 GiB heap, 0.0/8.94 GiB objects (0.0/1.0 accelerator_type:G)
Result logdir: /workspace/MARLlib/runs/rware_mappo_gru_small_20m_tensorboard/mappo_gru_rware-small-4ag-v2
Number of trials: 1/1 (1 RUNNING)
+------------------------------------------------------+----------+-------------------+--------+------------------+-------------+----------+----------------------+----------------------+--------------------+
| Trial name                                           | status   | loc               |   iter |   total time (s) |          ts |   reward |   episode_reward_max |   episode_reward_min |   episode_len_mean |
|------------------------------------------------------+----------+-------------------+--------+------------------+-------------+----------+----------------------+----------------------+--------------------|
| MAPPOTrainer_rware_v2_rware-small-4ag-v2_f1650_00000 | RUNNING  | 172.24.0.2:837006 |    148 |          410.878 | 2.95882e+06 |     0.01 |                    1 |                    0 |                500 |
+------------------------------------------------------+----------+-------------------+--------+------------------+-------------+----------+----------------------+----------------------+--------------------+


== Status ==
Current time: 2026-05-22 20:36:46 (running for 00:07:13.48)
Memory usage on this node: 62.4/251.6 GiB
Using FIFO scheduling algorithm.
Resources requested: 7.0/8 CPUs, 1.0/1 GPUs, 0.0/17.88 GiB heap, 0.0/8.94 GiB objects (0.0/1.0 accelerator_type:G)
Result logdir: /workspace/MARLlib/runs/rware_mappo_gru_small_20m_tensorboard/mappo_gru_rware-small-4ag-v2
Number of trials: 1/1 (1 RUNNING)
+------------------------------------------------------+----------+-------------------+--------+------------------+-------------+----------+----------------------+----------------------+--------------------+
| Trial name                                           | status   | loc               |   iter |   total time (s) |          ts |   reward |   episode_reward_max |   episode_reward_min |   episode_len_mean |
|------------------------------------------------------+----------+-------------------+--------+------------------+-------------+----------+----------------------+----------------------+--------------------|
| MAPPOTrainer_rware_v2_rware-small-4ag-v2_f1650_00000 | RUNNING  | 172.24.0.2:837006 |    149 |          413.593 | 2.97881e+06 |     0.01 |                    1 |                    0 |                500 |
+------------------------------------------------------+----------+-------------------+--------+------------------+-------------+----------+----------------------+----------------------+--------------------+


== Status ==
Current time: 2026-05-22 20:36:51 (running for 00:07:18.48)
Memory usage on this node: 62.5/251.6 GiB
Using FIFO scheduling algorithm.
Resources requested: 7.0/8 CPUs, 1.0/1 GPUs, 0.0/17.88 GiB heap, 0.0/8.94 GiB objects (0.0/1.0 accelerator_type:G)
Result logdir: /workspace/MARLlib/runs/rware_mappo_gru_small_20m_tensorboard/mappo_gru_rware-small-4ag-v2
Number of trials: 1/1 (1 RUNNING)
+------------------------------------------------------+----------+-------------------+--------+------------------+-------------+----------+----------------------+----------------------+--------------------+
| Trial name                                           | status   | loc               |   iter |   total time (s) |          ts |   reward |   episode_reward_max |   episode_reward_min |   episode_len_mean |
|------------------------------------------------------+----------+-------------------+--------+------------------+-------------+----------+----------------------+----------------------+--------------------|
| MAPPOTrainer_rware_v2_rware-small-4ag-v2_f1650_00000 | RUNNING  | 172.24.0.2:837006 |    149 |          413.593 | 2.97881e+06 |     0.01 |                    1 |                    0 |                500 |
+------------------------------------------------------+----------+-------------------+--------+------------------+-------------+----------+----------------------+----------------------+--------------------+


== Status ==
Current time: 2026-05-22 20:36:56 (running for 00:07:23.49)
Memory usage on this node: 62.4/251.6 GiB
Using FIFO scheduling algorithm.
Resources requested: 7.0/8 CPUs, 1.0/1 GPUs, 0.0/17.88 GiB heap, 0.0/8.94 GiB objects (0.0/1.0 accelerator_type:G)
Result logdir: /workspace/MARLlib/runs/rware_mappo_gru_small_20m_tensorboard/mappo_gru_rware-small-4ag-v2
Number of trials: 1/1 (1 RUNNING)
+------------------------------------------------------+----------+-------------------+--------+------------------+-------------+----------+----------------------+----------------------+--------------------+
| Trial name                                           | status   | loc               |   iter |   total time (s) |          ts |   reward |   episode_reward_max |   episode_reward_min |   episode_len_mean |
|------------------------------------------------------+----------+-------------------+--------+------------------+-------------+----------+----------------------+----------------------+--------------------|
| MAPPOTrainer_rware_v2_rware-small-4ag-v2_f1650_00000 | RUNNING  | 172.24.0.2:837006 |    149 |          413.593 | 2.97881e+06 |     0.01 |                    1 |                    0 |                500 |
+------------------------------------------------------+----------+-------------------+--------+------------------+-------------+----------+----------------------+----------------------+--------------------+


== Status ==
Current time: 2026-05-22 20:37:02 (running for 00:07:28.79)
Memory usage on this node: 62.5/251.6 GiB
Using FIFO scheduling algorithm.
Resources requested: 7.0/8 CPUs, 1.0/1 GPUs, 0.0/17.88 GiB heap, 0.0/8.94 GiB objects (0.0/1.0 accelerator_type:G)
Result logdir: /workspace/MARLlib/runs/rware_mappo_gru_small_20m_tensorboard/mappo_gru_rware-small-4ag-v2
Number of trials: 1/1 (1 RUNNING)
+------------------------------------------------------+----------+-------------------+--------+------------------+-------------+----------+----------------------+----------------------+--------------------+
| Trial name                                           | status   | loc               |   iter |   total time (s) |          ts |   reward |   episode_reward_max |   episode_reward_min |   episode_len_mean |
|------------------------------------------------------+----------+-------------------+--------+------------------+-------------+----------+----------------------+----------------------+--------------------|
| MAPPOTrainer_rware_v2_rware-small-4ag-v2_f1650_00000 | RUNNING  | 172.24.0.2:837006 |    151 |          431.842 | 3.01879e+06 |     0.02 |                    1 |                    0 |                500 |
+------------------------------------------------------+----------+-------------------+--------+------------------+-------------+----------+----------------------+----------------------+--------------------+


== Status ==
Current time: 2026-05-22 20:37:07 (running for 00:07:34.09)
Memory usage on this node: 62.4/251.6 GiB
Using FIFO scheduling algorithm.
Resources requested: 7.0/8 CPUs, 1.0/1 GPUs, 0.0/17.88 GiB heap, 0.0/8.94 GiB objects (0.0/1.0 accelerator_type:G)
Result logdir: /workspace/MARLlib/runs/rware_mappo_gru_small_20m_tensorboard/mappo_gru_rware-small-4ag-v2
Number of trials: 1/1 (1 RUNNING)
+------------------------------------------------------+----------+-------------------+--------+------------------+-------------+----------+----------------------+----------------------+--------------------+
| Trial name                                           | status   | loc               |   iter |   total time (s) |          ts |   reward |   episode_reward_max |   episode_reward_min |   episode_len_mean |
|------------------------------------------------------+----------+-------------------+--------+------------------+-------------+----------+----------------------+----------------------+--------------------|
| MAPPOTrainer_rware_v2_rware-small-4ag-v2_f1650_00000 | RUNNING  | 172.24.0.2:837006 |    153 |          437.089 | 3.05878e+06 |     0.04 |                    1 |                    0 |                500 |
+------------------------------------------------------+----------+-------------------+--------+------------------+-------------+----------+----------------------+----------------------+--------------------+


== Status ==
Current time: 2026-05-22 20:37:12 (running for 00:07:39.49)
Memory usage on this node: 62.5/251.6 GiB
Using FIFO scheduling algorithm.
Resources requested: 7.0/8 CPUs, 1.0/1 GPUs, 0.0/17.88 GiB heap, 0.0/8.94 GiB objects (0.0/1.0 accelerator_type:G)
Result logdir: /workspace/MARLlib/runs/rware_mappo_gru_small_20m_tensorboard/mappo_gru_rware-small-4ag-v2
Number of trials: 1/1 (1 RUNNING)
+------------------------------------------------------+----------+-------------------+--------+------------------+-------------+----------+----------------------+----------------------+--------------------+
| Trial name                                           | status   | loc               |   iter |   total time (s) |          ts |   reward |   episode_reward_max |   episode_reward_min |   episode_len_mean |
|------------------------------------------------------+----------+-------------------+--------+------------------+-------------+----------+----------------------+----------------------+--------------------|
| MAPPOTrainer_rware_v2_rware-small-4ag-v2_f1650_00000 | RUNNING  | 172.24.0.2:837006 |    155 |          442.428 | 3.09876e+06 |     0.05 |                    1 |                    0 |                500 |
+------------------------------------------------------+----------+-------------------+--------+------------------+-------------+----------+----------------------+----------------------+--------------------+


== Status ==
Current time: 2026-05-22 20:37:18 (running for 00:07:44.83)
Memory usage on this node: 62.5/251.6 GiB
Using FIFO scheduling algorithm.
Resources requested: 7.0/8 CPUs, 1.0/1 GPUs, 0.0/17.88 GiB heap, 0.0/8.94 GiB objects (0.0/1.0 accelerator_type:G)
Result logdir: /workspace/MARLlib/runs/rware_mappo_gru_small_20m_tensorboard/mappo_gru_rware-small-4ag-v2
Number of trials: 1/1 (1 RUNNING)
+------------------------------------------------------+----------+-------------------+--------+------------------+-------------+----------+----------------------+----------------------+--------------------+
| Trial name                                           | status   | loc               |   iter |   total time (s) |          ts |   reward |   episode_reward_max |   episode_reward_min |   episode_len_mean |
|------------------------------------------------------+----------+-------------------+--------+------------------+-------------+----------+----------------------+----------------------+--------------------|
| MAPPOTrainer_rware_v2_rware-small-4ag-v2_f1650_00000 | RUNNING  | 172.24.0.2:837006 |    157 |          447.705 | 3.13874e+06 |     0.06 |                    1 |                    0 |                500 |
+------------------------------------------------------+----------+-------------------+--------+------------------+-------------+----------+----------------------+----------------------+--------------------+


== Status ==
Current time: 2026-05-22 20:37:23 (running for 00:07:50.24)
Memory usage on this node: 62.5/251.6 GiB
Using FIFO scheduling algorithm.
Resources requested: 7.0/8 CPUs, 1.0/1 GPUs, 0.0/17.88 GiB heap, 0.0/8.94 GiB objects (0.0/1.0 accelerator_type:G)
Result logdir: /workspace/MARLlib/runs/rware_mappo_gru_small_20m_tensorboard/mappo_gru_rware-small-4ag-v2
Number of trials: 1/1 (1 RUNNING)
+------------------------------------------------------+----------+-------------------+--------+------------------+-------------+----------+----------------------+----------------------+--------------------+
| Trial name                                           | status   | loc               |   iter |   total time (s) |          ts |   reward |   episode_reward_max |   episode_reward_min |   episode_len_mean |
|------------------------------------------------------+----------+-------------------+--------+------------------+-------------+----------+----------------------+----------------------+--------------------|
| MAPPOTrainer_rware_v2_rware-small-4ag-v2_f1650_00000 | RUNNING  | 172.24.0.2:837006 |    159 |          453.058 | 3.17873e+06 |     0.11 |                    3 |                    0 |                500 |
+------------------------------------------------------+----------+-------------------+--------+------------------+-------------+----------+----------------------+----------------------+--------------------+


== Status ==
Current time: 2026-05-22 20:37:29 (running for 00:07:55.59)
Memory usage on this node: 62.5/251.6 GiB
Using FIFO scheduling algorithm.
Resources requested: 7.0/8 CPUs, 1.0/1 GPUs, 0.0/17.88 GiB heap, 0.0/8.94 GiB objects (0.0/1.0 accelerator_type:G)
Result logdir: /workspace/MARLlib/runs/rware_mappo_gru_small_20m_tensorboard/mappo_gru_rware-small-4ag-v2
Number of trials: 1/1 (1 RUNNING)
+------------------------------------------------------+----------+-------------------+--------+------------------+-------------+----------+----------------------+----------------------+--------------------+
| Trial name                                           | status   | loc               |   iter |   total time (s) |          ts |   reward |   episode_reward_max |   episode_reward_min |   episode_len_mean |
|------------------------------------------------------+----------+-------------------+--------+------------------+-------------+----------+----------------------+----------------------+--------------------|
| MAPPOTrainer_rware_v2_rware-small-4ag-v2_f1650_00000 | RUNNING  | 172.24.0.2:837006 |    161 |          458.374 | 3.21871e+06 |     0.11 |                    3 |                    0 |                500 |
+------------------------------------------------------+----------+-------------------+--------+------------------+-------------+----------+----------------------+----------------------+--------------------+


== Status ==
Current time: 2026-05-22 20:37:34 (running for 00:08:01.02)
Memory usage on this node: 62.4/251.6 GiB
Using FIFO scheduling algorithm.
Resources requested: 7.0/8 CPUs, 1.0/1 GPUs, 0.0/17.88 GiB heap, 0.0/8.94 GiB objects (0.0/1.0 accelerator_type:G)
Result logdir: /workspace/MARLlib/runs/rware_mappo_gru_small_20m_tensorboard/mappo_gru_rware-small-4ag-v2
Number of trials: 1/1 (1 RUNNING)
+------------------------------------------------------+----------+-------------------+--------+------------------+------------+----------+----------------------+----------------------+--------------------+
| Trial name                                           | status   | loc               |   iter |   total time (s) |         ts |   reward |   episode_reward_max |   episode_reward_min |   episode_len_mean |
|------------------------------------------------------+----------+-------------------+--------+------------------+------------+----------+----------------------+----------------------+--------------------|
| MAPPOTrainer_rware_v2_rware-small-4ag-v2_f1650_00000 | RUNNING  | 172.24.0.2:837006 |    163 |          463.755 | 3.2587e+06 |     0.12 |                    3 |                    0 |                500 |
+------------------------------------------------------+----------+-------------------+--------+------------------+------------+----------+----------------------+----------------------+--------------------+


== Status ==
Current time: 2026-05-22 20:37:39 (running for 00:08:06.43)
Memory usage on this node: 62.4/251.6 GiB
Using FIFO scheduling algorithm.
Resources requested: 7.0/8 CPUs, 1.0/1 GPUs, 0.0/17.88 GiB heap, 0.0/8.94 GiB objects (0.0/1.0 accelerator_type:G)
Result logdir: /workspace/MARLlib/runs/rware_mappo_gru_small_20m_tensorboard/mappo_gru_rware-small-4ag-v2
Number of trials: 1/1 (1 RUNNING)
+------------------------------------------------------+----------+-------------------+--------+------------------+-------------+----------+----------------------+----------------------+--------------------+
| Trial name                                           | status   | loc               |   iter |   total time (s) |          ts |   reward |   episode_reward_max |   episode_reward_min |   episode_len_mean |
|------------------------------------------------------+----------+-------------------+--------+------------------+-------------+----------+----------------------+----------------------+--------------------|
| MAPPOTrainer_rware_v2_rware-small-4ag-v2_f1650_00000 | RUNNING  | 172.24.0.2:837006 |    165 |          469.107 | 3.29868e+06 |     0.14 |                    3 |                    0 |                500 |
+------------------------------------------------------+----------+-------------------+--------+------------------+-------------+----------+----------------------+----------------------+--------------------+


== Status ==
Current time: 2026-05-22 20:37:45 (running for 00:08:11.78)
Memory usage on this node: 62.5/251.6 GiB
Using FIFO scheduling algorithm.
Resources requested: 7.0/8 CPUs, 1.0/1 GPUs, 0.0/17.88 GiB heap, 0.0/8.94 GiB objects (0.0/1.0 accelerator_type:G)
Result logdir: /workspace/MARLlib/runs/rware_mappo_gru_small_20m_tensorboard/mappo_gru_rware-small-4ag-v2
Number of trials: 1/1 (1 RUNNING)
+------------------------------------------------------+----------+-------------------+--------+------------------+-------------+----------+----------------------+----------------------+--------------------+
| Trial name                                           | status   | loc               |   iter |   total time (s) |          ts |   reward |   episode_reward_max |   episode_reward_min |   episode_len_mean |
|------------------------------------------------------+----------+-------------------+--------+------------------+-------------+----------+----------------------+----------------------+--------------------|
| MAPPOTrainer_rware_v2_rware-small-4ag-v2_f1650_00000 | RUNNING  | 172.24.0.2:837006 |    167 |          474.406 | 3.33866e+06 |     0.11 |                    2 |                    0 |                500 |
+------------------------------------------------------+----------+-------------------+--------+------------------+-------------+----------+----------------------+----------------------+--------------------+


== Status ==
Current time: 2026-05-22 20:37:50 (running for 00:08:17.07)
Memory usage on this node: 62.5/251.6 GiB
Using FIFO scheduling algorithm.
Resources requested: 7.0/8 CPUs, 1.0/1 GPUs, 0.0/17.88 GiB heap, 0.0/8.94 GiB objects (0.0/1.0 accelerator_type:G)
Result logdir: /workspace/MARLlib/runs/rware_mappo_gru_small_20m_tensorboard/mappo_gru_rware-small-4ag-v2
Number of trials: 1/1 (1 RUNNING)
+------------------------------------------------------+----------+-------------------+--------+------------------+-------------+----------+----------------------+----------------------+--------------------+
| Trial name                                           | status   | loc               |   iter |   total time (s) |          ts |   reward |   episode_reward_max |   episode_reward_min |   episode_len_mean |
|------------------------------------------------------+----------+-------------------+--------+------------------+-------------+----------+----------------------+----------------------+--------------------|
| MAPPOTrainer_rware_v2_rware-small-4ag-v2_f1650_00000 | RUNNING  | 172.24.0.2:837006 |    169 |           479.63 | 3.37865e+06 |      0.1 |                    2 |                    0 |                500 |
+------------------------------------------------------+----------+-------------------+--------+------------------+-------------+----------+----------------------+----------------------+--------------------+


== Status ==
Current time: 2026-05-22 20:37:56 (running for 00:08:22.56)
Memory usage on this node: 62.5/251.6 GiB
Using FIFO scheduling algorithm.
Resources requested: 7.0/8 CPUs, 1.0/1 GPUs, 0.0/17.88 GiB heap, 0.0/8.94 GiB objects (0.0/1.0 accelerator_type:G)
Result logdir: /workspace/MARLlib/runs/rware_mappo_gru_small_20m_tensorboard/mappo_gru_rware-small-4ag-v2
Number of trials: 1/1 (1 RUNNING)
+------------------------------------------------------+----------+-------------------+--------+------------------+-------------+----------+----------------------+----------------------+--------------------+
| Trial name                                           | status   | loc               |   iter |   total time (s) |          ts |   reward |   episode_reward_max |   episode_reward_min |   episode_len_mean |
|------------------------------------------------------+----------+-------------------+--------+------------------+-------------+----------+----------------------+----------------------+--------------------|
| MAPPOTrainer_rware_v2_rware-small-4ag-v2_f1650_00000 | RUNNING  | 172.24.0.2:837006 |    171 |          485.058 | 3.41863e+06 |     0.12 |                    2 |                    0 |                500 |
+------------------------------------------------------+----------+-------------------+--------+------------------+-------------+----------+----------------------+----------------------+--------------------+


== Status ==
Current time: 2026-05-22 20:38:01 (running for 00:08:27.87)
Memory usage on this node: 62.5/251.6 GiB
Using FIFO scheduling algorithm.
Resources requested: 7.0/8 CPUs, 1.0/1 GPUs, 0.0/17.88 GiB heap, 0.0/8.94 GiB objects (0.0/1.0 accelerator_type:G)
Result logdir: /workspace/MARLlib/runs/rware_mappo_gru_small_20m_tensorboard/mappo_gru_rware-small-4ag-v2
Number of trials: 1/1 (1 RUNNING)
+------------------------------------------------------+----------+-------------------+--------+------------------+-------------+----------+----------------------+----------------------+--------------------+
| Trial name                                           | status   | loc               |   iter |   total time (s) |          ts |   reward |   episode_reward_max |   episode_reward_min |   episode_len_mean |
|------------------------------------------------------+----------+-------------------+--------+------------------+-------------+----------+----------------------+----------------------+--------------------|
| MAPPOTrainer_rware_v2_rware-small-4ag-v2_f1650_00000 | RUNNING  | 172.24.0.2:837006 |    173 |           490.31 | 3.45862e+06 |     0.11 |                    2 |                    0 |                500 |
+------------------------------------------------------+----------+-------------------+--------+------------------+-------------+----------+----------------------+----------------------+--------------------+


== Status ==
Current time: 2026-05-22 20:38:06 (running for 00:08:33.24)
Memory usage on this node: 62.5/251.6 GiB
Using FIFO scheduling algorithm.
Resources requested: 7.0/8 CPUs, 1.0/1 GPUs, 0.0/17.88 GiB heap, 0.0/8.94 GiB objects (0.0/1.0 accelerator_type:G)
Result logdir: /workspace/MARLlib/runs/rware_mappo_gru_small_20m_tensorboard/mappo_gru_rware-small-4ag-v2
Number of trials: 1/1 (1 RUNNING)
+------------------------------------------------------+----------+-------------------+--------+------------------+------------+----------+----------------------+----------------------+--------------------+
| Trial name                                           | status   | loc               |   iter |   total time (s) |         ts |   reward |   episode_reward_max |   episode_reward_min |   episode_len_mean |
|------------------------------------------------------+----------+-------------------+--------+------------------+------------+----------+----------------------+----------------------+--------------------|
| MAPPOTrainer_rware_v2_rware-small-4ag-v2_f1650_00000 | RUNNING  | 172.24.0.2:837006 |    175 |          495.615 | 3.4986e+06 |     0.08 |                    1 |                    0 |                500 |
+------------------------------------------------------+----------+-------------------+--------+------------------+------------+----------+----------------------+----------------------+--------------------+


== Status ==
Current time: 2026-05-22 20:38:11 (running for 00:08:38.52)
Memory usage on this node: 62.5/251.6 GiB
Using FIFO scheduling algorithm.
Resources requested: 7.0/8 CPUs, 1.0/1 GPUs, 0.0/17.88 GiB heap, 0.0/8.94 GiB objects (0.0/1.0 accelerator_type:G)
Result logdir: /workspace/MARLlib/runs/rware_mappo_gru_small_20m_tensorboard/mappo_gru_rware-small-4ag-v2
Number of trials: 1/1 (1 RUNNING)
+------------------------------------------------------+----------+-------------------+--------+------------------+-------------+----------+----------------------+----------------------+--------------------+
| Trial name                                           | status   | loc               |   iter |   total time (s) |          ts |   reward |   episode_reward_max |   episode_reward_min |   episode_len_mean |
|------------------------------------------------------+----------+-------------------+--------+------------------+-------------+----------+----------------------+----------------------+--------------------|
| MAPPOTrainer_rware_v2_rware-small-4ag-v2_f1650_00000 | RUNNING  | 172.24.0.2:837006 |    177 |          500.842 | 3.53858e+06 |     0.06 |                    1 |                    0 |                500 |
+------------------------------------------------------+----------+-------------------+--------+------------------+-------------+----------+----------------------+----------------------+--------------------+


== Status ==
Current time: 2026-05-22 20:38:17 (running for 00:08:43.93)
Memory usage on this node: 62.5/251.6 GiB
Using FIFO scheduling algorithm.
Resources requested: 7.0/8 CPUs, 1.0/1 GPUs, 0.0/17.88 GiB heap, 0.0/8.94 GiB objects (0.0/1.0 accelerator_type:G)
Result logdir: /workspace/MARLlib/runs/rware_mappo_gru_small_20m_tensorboard/mappo_gru_rware-small-4ag-v2
Number of trials: 1/1 (1 RUNNING)
+------------------------------------------------------+----------+-------------------+--------+------------------+-------------+----------+----------------------+----------------------+--------------------+
| Trial name                                           | status   | loc               |   iter |   total time (s) |          ts |   reward |   episode_reward_max |   episode_reward_min |   episode_len_mean |
|------------------------------------------------------+----------+-------------------+--------+------------------+-------------+----------+----------------------+----------------------+--------------------|
| MAPPOTrainer_rware_v2_rware-small-4ag-v2_f1650_00000 | RUNNING  | 172.24.0.2:837006 |    179 |          506.181 | 3.57857e+06 |     0.08 |                    1 |                    0 |                500 |
+------------------------------------------------------+----------+-------------------+--------+------------------+-------------+----------+----------------------+----------------------+--------------------+


== Status ==
Current time: 2026-05-22 20:38:22 (running for 00:08:49.19)
Memory usage on this node: 62.5/251.6 GiB
Using FIFO scheduling algorithm.
Resources requested: 7.0/8 CPUs, 1.0/1 GPUs, 0.0/17.88 GiB heap, 0.0/8.94 GiB objects (0.0/1.0 accelerator_type:G)
Result logdir: /workspace/MARLlib/runs/rware_mappo_gru_small_20m_tensorboard/mappo_gru_rware-small-4ag-v2
Number of trials: 1/1 (1 RUNNING)
+------------------------------------------------------+----------+-------------------+--------+------------------+-------------+----------+----------------------+----------------------+--------------------+
| Trial name                                           | status   | loc               |   iter |   total time (s) |          ts |   reward |   episode_reward_max |   episode_reward_min |   episode_len_mean |
|------------------------------------------------------+----------+-------------------+--------+------------------+-------------+----------+----------------------+----------------------+--------------------|
| MAPPOTrainer_rware_v2_rware-small-4ag-v2_f1650_00000 | RUNNING  | 172.24.0.2:837006 |    181 |          511.405 | 3.61855e+06 |     0.07 |                    1 |                    0 |                500 |
+------------------------------------------------------+----------+-------------------+--------+------------------+-------------+----------+----------------------+----------------------+--------------------+


== Status ==
Current time: 2026-05-22 20:38:27 (running for 00:08:54.50)
Memory usage on this node: 62.5/251.6 GiB
Using FIFO scheduling algorithm.
Resources requested: 7.0/8 CPUs, 1.0/1 GPUs, 0.0/17.88 GiB heap, 0.0/8.94 GiB objects (0.0/1.0 accelerator_type:G)
Result logdir: /workspace/MARLlib/runs/rware_mappo_gru_small_20m_tensorboard/mappo_gru_rware-small-4ag-v2
Number of trials: 1/1 (1 RUNNING)
+------------------------------------------------------+----------+-------------------+--------+------------------+-------------+----------+----------------------+----------------------+--------------------+
| Trial name                                           | status   | loc               |   iter |   total time (s) |          ts |   reward |   episode_reward_max |   episode_reward_min |   episode_len_mean |
|------------------------------------------------------+----------+-------------------+--------+------------------+-------------+----------+----------------------+----------------------+--------------------|
| MAPPOTrainer_rware_v2_rware-small-4ag-v2_f1650_00000 | RUNNING  | 172.24.0.2:837006 |    183 |          516.665 | 3.65854e+06 |     0.05 |                    1 |                    0 |                500 |
+------------------------------------------------------+----------+-------------------+--------+------------------+-------------+----------+----------------------+----------------------+--------------------+


== Status ==
Current time: 2026-05-22 20:38:33 (running for 00:08:59.74)
Memory usage on this node: 62.5/251.6 GiB
Using FIFO scheduling algorithm.
Resources requested: 7.0/8 CPUs, 1.0/1 GPUs, 0.0/17.88 GiB heap, 0.0/8.94 GiB objects (0.0/1.0 accelerator_type:G)
Result logdir: /workspace/MARLlib/runs/rware_mappo_gru_small_20m_tensorboard/mappo_gru_rware-small-4ag-v2
Number of trials: 1/1 (1 RUNNING)
+------------------------------------------------------+----------+-------------------+--------+------------------+-------------+----------+----------------------+----------------------+--------------------+
| Trial name                                           | status   | loc               |   iter |   total time (s) |          ts |   reward |   episode_reward_max |   episode_reward_min |   episode_len_mean |
|------------------------------------------------------+----------+-------------------+--------+------------------+-------------+----------+----------------------+----------------------+--------------------|
| MAPPOTrainer_rware_v2_rware-small-4ag-v2_f1650_00000 | RUNNING  | 172.24.0.2:837006 |    185 |          521.863 | 3.69852e+06 |     0.06 |                    1 |                    0 |                500 |
+------------------------------------------------------+----------+-------------------+--------+------------------+-------------+----------+----------------------+----------------------+--------------------+


== Status ==
Current time: 2026-05-22 20:38:38 (running for 00:09:04.96)
Memory usage on this node: 62.5/251.6 GiB
Using FIFO scheduling algorithm.
Resources requested: 7.0/8 CPUs, 1.0/1 GPUs, 0.0/17.88 GiB heap, 0.0/8.94 GiB objects (0.0/1.0 accelerator_type:G)
Result logdir: /workspace/MARLlib/runs/rware_mappo_gru_small_20m_tensorboard/mappo_gru_rware-small-4ag-v2
Number of trials: 1/1 (1 RUNNING)
+------------------------------------------------------+----------+-------------------+--------+------------------+------------+----------+----------------------+----------------------+--------------------+
| Trial name                                           | status   | loc               |   iter |   total time (s) |         ts |   reward |   episode_reward_max |   episode_reward_min |   episode_len_mean |
|------------------------------------------------------+----------+-------------------+--------+------------------+------------+----------+----------------------+----------------------+--------------------|
| MAPPOTrainer_rware_v2_rware-small-4ag-v2_f1650_00000 | RUNNING  | 172.24.0.2:837006 |    187 |          527.041 | 3.7385e+06 |     0.05 |                    1 |                    0 |                500 |
+------------------------------------------------------+----------+-------------------+--------+------------------+------------+----------+----------------------+----------------------+--------------------+


== Status ==
Current time: 2026-05-22 20:38:43 (running for 00:09:10.26)
Memory usage on this node: 62.5/251.6 GiB
Using FIFO scheduling algorithm.
Resources requested: 7.0/8 CPUs, 1.0/1 GPUs, 0.0/17.88 GiB heap, 0.0/8.94 GiB objects (0.0/1.0 accelerator_type:G)
Result logdir: /workspace/MARLlib/runs/rware_mappo_gru_small_20m_tensorboard/mappo_gru_rware-small-4ag-v2
Number of trials: 1/1 (1 RUNNING)
+------------------------------------------------------+----------+-------------------+--------+------------------+-------------+----------+----------------------+----------------------+--------------------+
| Trial name                                           | status   | loc               |   iter |   total time (s) |          ts |   reward |   episode_reward_max |   episode_reward_min |   episode_len_mean |
|------------------------------------------------------+----------+-------------------+--------+------------------+-------------+----------+----------------------+----------------------+--------------------|
| MAPPOTrainer_rware_v2_rware-small-4ag-v2_f1650_00000 | RUNNING  | 172.24.0.2:837006 |    189 |          532.293 | 3.77849e+06 |     0.04 |                    1 |                    0 |                500 |
+------------------------------------------------------+----------+-------------------+--------+------------------+-------------+----------+----------------------+----------------------+--------------------+


== Status ==
Current time: 2026-05-22 20:38:49 (running for 00:09:15.63)
Memory usage on this node: 62.5/251.6 GiB
Using FIFO scheduling algorithm.
Resources requested: 7.0/8 CPUs, 1.0/1 GPUs, 0.0/17.88 GiB heap, 0.0/8.94 GiB objects (0.0/1.0 accelerator_type:G)
Result logdir: /workspace/MARLlib/runs/rware_mappo_gru_small_20m_tensorboard/mappo_gru_rware-small-4ag-v2
Number of trials: 1/1 (1 RUNNING)
+------------------------------------------------------+----------+-------------------+--------+------------------+-------------+----------+----------------------+----------------------+--------------------+
| Trial name                                           | status   | loc               |   iter |   total time (s) |          ts |   reward |   episode_reward_max |   episode_reward_min |   episode_len_mean |
|------------------------------------------------------+----------+-------------------+--------+------------------+-------------+----------+----------------------+----------------------+--------------------|
| MAPPOTrainer_rware_v2_rware-small-4ag-v2_f1650_00000 | RUNNING  | 172.24.0.2:837006 |    191 |          537.627 | 3.81847e+06 |     0.06 |                    2 |                    0 |                500 |
+------------------------------------------------------+----------+-------------------+--------+------------------+-------------+----------+----------------------+----------------------+--------------------+


== Status ==
Current time: 2026-05-22 20:38:54 (running for 00:09:20.71)
Memory usage on this node: 62.4/251.6 GiB
Using FIFO scheduling algorithm.
Resources requested: 7.0/8 CPUs, 1.0/1 GPUs, 0.0/17.88 GiB heap, 0.0/8.94 GiB objects (0.0/1.0 accelerator_type:G)
Result logdir: /workspace/MARLlib/runs/rware_mappo_gru_small_20m_tensorboard/mappo_gru_rware-small-4ag-v2
Number of trials: 1/1 (1 RUNNING)
+------------------------------------------------------+----------+-------------------+--------+------------------+-------------+----------+----------------------+----------------------+--------------------+
| Trial name                                           | status   | loc               |   iter |   total time (s) |          ts |   reward |   episode_reward_max |   episode_reward_min |   episode_len_mean |
|------------------------------------------------------+----------+-------------------+--------+------------------+-------------+----------+----------------------+----------------------+--------------------|
| MAPPOTrainer_rware_v2_rware-small-4ag-v2_f1650_00000 | RUNNING  | 172.24.0.2:837006 |    193 |           542.65 | 3.85846e+06 |     0.11 |                    2 |                    0 |                500 |
+------------------------------------------------------+----------+-------------------+--------+------------------+-------------+----------+----------------------+----------------------+--------------------+


== Status ==
Current time: 2026-05-22 20:38:59 (running for 00:09:26.00)
Memory usage on this node: 62.4/251.6 GiB
Using FIFO scheduling algorithm.
Resources requested: 7.0/8 CPUs, 1.0/1 GPUs, 0.0/17.88 GiB heap, 0.0/8.94 GiB objects (0.0/1.0 accelerator_type:G)
Result logdir: /workspace/MARLlib/runs/rware_mappo_gru_small_20m_tensorboard/mappo_gru_rware-small-4ag-v2
Number of trials: 1/1 (1 RUNNING)
+------------------------------------------------------+----------+-------------------+--------+------------------+-------------+----------+----------------------+----------------------+--------------------+
| Trial name                                           | status   | loc               |   iter |   total time (s) |          ts |   reward |   episode_reward_max |   episode_reward_min |   episode_len_mean |
|------------------------------------------------------+----------+-------------------+--------+------------------+-------------+----------+----------------------+----------------------+--------------------|
| MAPPOTrainer_rware_v2_rware-small-4ag-v2_f1650_00000 | RUNNING  | 172.24.0.2:837006 |    195 |          547.877 | 3.89844e+06 |      0.1 |                    2 |                    0 |                500 |
+------------------------------------------------------+----------+-------------------+--------+------------------+-------------+----------+----------------------+----------------------+--------------------+


== Status ==
Current time: 2026-05-22 20:39:04 (running for 00:09:31.36)
Memory usage on this node: 62.4/251.6 GiB
Using FIFO scheduling algorithm.
Resources requested: 7.0/8 CPUs, 1.0/1 GPUs, 0.0/17.88 GiB heap, 0.0/8.94 GiB objects (0.0/1.0 accelerator_type:G)
Result logdir: /workspace/MARLlib/runs/rware_mappo_gru_small_20m_tensorboard/mappo_gru_rware-small-4ag-v2
Number of trials: 1/1 (1 RUNNING)
+------------------------------------------------------+----------+-------------------+--------+------------------+-------------+----------+----------------------+----------------------+--------------------+
| Trial name                                           | status   | loc               |   iter |   total time (s) |          ts |   reward |   episode_reward_max |   episode_reward_min |   episode_len_mean |
|------------------------------------------------------+----------+-------------------+--------+------------------+-------------+----------+----------------------+----------------------+--------------------|
| MAPPOTrainer_rware_v2_rware-small-4ag-v2_f1650_00000 | RUNNING  | 172.24.0.2:837006 |    197 |          553.181 | 3.93842e+06 |     0.18 |                    2 |                    0 |                500 |
+------------------------------------------------------+----------+-------------------+--------+------------------+-------------+----------+----------------------+----------------------+--------------------+


== Status ==
Current time: 2026-05-22 20:39:10 (running for 00:09:36.62)
Memory usage on this node: 62.5/251.6 GiB
Using FIFO scheduling algorithm.
Resources requested: 7.0/8 CPUs, 1.0/1 GPUs, 0.0/17.88 GiB heap, 0.0/8.94 GiB objects (0.0/1.0 accelerator_type:G)
Result logdir: /workspace/MARLlib/runs/rware_mappo_gru_small_20m_tensorboard/mappo_gru_rware-small-4ag-v2
Number of trials: 1/1 (1 RUNNING)
+------------------------------------------------------+----------+-------------------+--------+------------------+-------------+----------+----------------------+----------------------+--------------------+
| Trial name                                           | status   | loc               |   iter |   total time (s) |          ts |   reward |   episode_reward_max |   episode_reward_min |   episode_len_mean |
|------------------------------------------------------+----------+-------------------+--------+------------------+-------------+----------+----------------------+----------------------+--------------------|
| MAPPOTrainer_rware_v2_rware-small-4ag-v2_f1650_00000 | RUNNING  | 172.24.0.2:837006 |    199 |          558.387 | 3.97841e+06 |     0.24 |                    2 |                    0 |                500 |
+------------------------------------------------------+----------+-------------------+--------+------------------+-------------+----------+----------------------+----------------------+--------------------+


== Status ==
Current time: 2026-05-22 20:39:15 (running for 00:09:41.63)
Memory usage on this node: 62.4/251.6 GiB
Using FIFO scheduling algorithm.
Resources requested: 7.0/8 CPUs, 1.0/1 GPUs, 0.0/17.88 GiB heap, 0.0/8.94 GiB objects (0.0/1.0 accelerator_type:G)
Result logdir: /workspace/MARLlib/runs/rware_mappo_gru_small_20m_tensorboard/mappo_gru_rware-small-4ag-v2
Number of trials: 1/1 (1 RUNNING)
+------------------------------------------------------+----------+-------------------+--------+------------------+-------------+----------+----------------------+----------------------+--------------------+
| Trial name                                           | status   | loc               |   iter |   total time (s) |          ts |   reward |   episode_reward_max |   episode_reward_min |   episode_len_mean |
|------------------------------------------------------+----------+-------------------+--------+------------------+-------------+----------+----------------------+----------------------+--------------------|
| MAPPOTrainer_rware_v2_rware-small-4ag-v2_f1650_00000 | RUNNING  | 172.24.0.2:837006 |    199 |          558.387 | 3.97841e+06 |     0.24 |                    2 |                    0 |                500 |
+------------------------------------------------------+----------+-------------------+--------+------------------+-------------+----------+----------------------+----------------------+--------------------+


== Status ==
Current time: 2026-05-22 20:39:20 (running for 00:09:46.63)
Memory usage on this node: 62.4/251.6 GiB
Using FIFO scheduling algorithm.
Resources requested: 7.0/8 CPUs, 1.0/1 GPUs, 0.0/17.88 GiB heap, 0.0/8.94 GiB objects (0.0/1.0 accelerator_type:G)
Result logdir: /workspace/MARLlib/runs/rware_mappo_gru_small_20m_tensorboard/mappo_gru_rware-small-4ag-v2
Number of trials: 1/1 (1 RUNNING)
+------------------------------------------------------+----------+-------------------+--------+------------------+-------------+----------+----------------------+----------------------+--------------------+
| Trial name                                           | status   | loc               |   iter |   total time (s) |          ts |   reward |   episode_reward_max |   episode_reward_min |   episode_len_mean |
|------------------------------------------------------+----------+-------------------+--------+------------------+-------------+----------+----------------------+----------------------+--------------------|
| MAPPOTrainer_rware_v2_rware-small-4ag-v2_f1650_00000 | RUNNING  | 172.24.0.2:837006 |    199 |          558.387 | 3.97841e+06 |     0.24 |                    2 |                    0 |                500 |
+------------------------------------------------------+----------+-------------------+--------+------------------+-------------+----------+----------------------+----------------------+--------------------+


== Status ==
Current time: 2026-05-22 20:39:25 (running for 00:09:52.11)
Memory usage on this node: 62.4/251.6 GiB
Using FIFO scheduling algorithm.
Resources requested: 7.0/8 CPUs, 1.0/1 GPUs, 0.0/17.88 GiB heap, 0.0/8.94 GiB objects (0.0/1.0 accelerator_type:G)
Result logdir: /workspace/MARLlib/runs/rware_mappo_gru_small_20m_tensorboard/mappo_gru_rware-small-4ag-v2
Number of trials: 1/1 (1 RUNNING)
+------------------------------------------------------+----------+-------------------+--------+------------------+------------+----------+----------------------+----------------------+--------------------+
| Trial name                                           | status   | loc               |   iter |   total time (s) |         ts |   reward |   episode_reward_max |   episode_reward_min |   episode_len_mean |
|------------------------------------------------------+----------+-------------------+--------+------------------+------------+----------+----------------------+----------------------+--------------------|
| MAPPOTrainer_rware_v2_rware-small-4ag-v2_f1650_00000 | RUNNING  | 172.24.0.2:837006 |    200 |          573.834 | 3.9984e+06 |     0.22 |                    1 |                    0 |                500 |
+------------------------------------------------------+----------+-------------------+--------+------------------+------------+----------+----------------------+----------------------+--------------------+


== Status ==
Current time: 2026-05-22 20:39:30 (running for 00:09:57.43)
Memory usage on this node: 62.4/251.6 GiB
Using FIFO scheduling algorithm.
Resources requested: 7.0/8 CPUs, 1.0/1 GPUs, 0.0/17.88 GiB heap, 0.0/8.94 GiB objects (0.0/1.0 accelerator_type:G)
Result logdir: /workspace/MARLlib/runs/rware_mappo_gru_small_20m_tensorboard/mappo_gru_rware-small-4ag-v2
Number of trials: 1/1 (1 RUNNING)
+------------------------------------------------------+----------+-------------------+--------+------------------+-------------+----------+----------------------+----------------------+--------------------+
| Trial name                                           | status   | loc               |   iter |   total time (s) |          ts |   reward |   episode_reward_max |   episode_reward_min |   episode_len_mean |
|------------------------------------------------------+----------+-------------------+--------+------------------+-------------+----------+----------------------+----------------------+--------------------|
| MAPPOTrainer_rware_v2_rware-small-4ag-v2_f1650_00000 | RUNNING  | 172.24.0.2:837006 |    202 |          579.093 | 4.03838e+06 |     0.21 |                    1 |                    0 |                500 |
+------------------------------------------------------+----------+-------------------+--------+------------------+-------------+----------+----------------------+----------------------+--------------------+


== Status ==
Current time: 2026-05-22 20:39:36 (running for 00:10:02.82)
Memory usage on this node: 62.4/251.6 GiB
Using FIFO scheduling algorithm.
Resources requested: 7.0/8 CPUs, 1.0/1 GPUs, 0.0/17.88 GiB heap, 0.0/8.94 GiB objects (0.0/1.0 accelerator_type:G)
Result logdir: /workspace/MARLlib/runs/rware_mappo_gru_small_20m_tensorboard/mappo_gru_rware-small-4ag-v2
Number of trials: 1/1 (1 RUNNING)
+------------------------------------------------------+----------+-------------------+--------+------------------+-------------+----------+----------------------+----------------------+--------------------+
| Trial name                                           | status   | loc               |   iter |   total time (s) |          ts |   reward |   episode_reward_max |   episode_reward_min |   episode_len_mean |
|------------------------------------------------------+----------+-------------------+--------+------------------+-------------+----------+----------------------+----------------------+--------------------|
| MAPPOTrainer_rware_v2_rware-small-4ag-v2_f1650_00000 | RUNNING  | 172.24.0.2:837006 |    204 |          584.434 | 4.07837e+06 |      0.2 |                    1 |                    0 |                500 |
+------------------------------------------------------+----------+-------------------+--------+------------------+-------------+----------+----------------------+----------------------+--------------------+


== Status ==
Current time: 2026-05-22 20:39:41 (running for 00:10:08.11)
Memory usage on this node: 62.4/251.6 GiB
Using FIFO scheduling algorithm.
Resources requested: 7.0/8 CPUs, 1.0/1 GPUs, 0.0/17.88 GiB heap, 0.0/8.94 GiB objects (0.0/1.0 accelerator_type:G)
Result logdir: /workspace/MARLlib/runs/rware_mappo_gru_small_20m_tensorboard/mappo_gru_rware-small-4ag-v2
Number of trials: 1/1 (1 RUNNING)
+------------------------------------------------------+----------+-------------------+--------+------------------+-------------+----------+----------------------+----------------------+--------------------+
| Trial name                                           | status   | loc               |   iter |   total time (s) |          ts |   reward |   episode_reward_max |   episode_reward_min |   episode_len_mean |
|------------------------------------------------------+----------+-------------------+--------+------------------+-------------+----------+----------------------+----------------------+--------------------|
| MAPPOTrainer_rware_v2_rware-small-4ag-v2_f1650_00000 | RUNNING  | 172.24.0.2:837006 |    206 |          589.658 | 4.11835e+06 |      0.2 |                    1 |                    0 |                500 |
+------------------------------------------------------+----------+-------------------+--------+------------------+-------------+----------+----------------------+----------------------+--------------------+


== Status ==
Current time: 2026-05-22 20:39:46 (running for 00:10:13.47)
Memory usage on this node: 62.4/251.6 GiB
Using FIFO scheduling algorithm.
Resources requested: 7.0/8 CPUs, 1.0/1 GPUs, 0.0/17.88 GiB heap, 0.0/8.94 GiB objects (0.0/1.0 accelerator_type:G)
Result logdir: /workspace/MARLlib/runs/rware_mappo_gru_small_20m_tensorboard/mappo_gru_rware-small-4ag-v2
Number of trials: 1/1 (1 RUNNING)
+------------------------------------------------------+----------+-------------------+--------+------------------+-------------+----------+----------------------+----------------------+--------------------+
| Trial name                                           | status   | loc               |   iter |   total time (s) |          ts |   reward |   episode_reward_max |   episode_reward_min |   episode_len_mean |
|------------------------------------------------------+----------+-------------------+--------+------------------+-------------+----------+----------------------+----------------------+--------------------|
| MAPPOTrainer_rware_v2_rware-small-4ag-v2_f1650_00000 | RUNNING  | 172.24.0.2:837006 |    208 |          594.964 | 4.15834e+06 |     0.16 |                    1 |                    0 |                500 |
+------------------------------------------------------+----------+-------------------+--------+------------------+-------------+----------+----------------------+----------------------+--------------------+


== Status ==
Current time: 2026-05-22 20:39:52 (running for 00:10:18.84)
Memory usage on this node: 62.4/251.6 GiB
Using FIFO scheduling algorithm.
Resources requested: 7.0/8 CPUs, 1.0/1 GPUs, 0.0/17.88 GiB heap, 0.0/8.94 GiB objects (0.0/1.0 accelerator_type:G)
Result logdir: /workspace/MARLlib/runs/rware_mappo_gru_small_20m_tensorboard/mappo_gru_rware-small-4ag-v2
Number of trials: 1/1 (1 RUNNING)
+------------------------------------------------------+----------+-------------------+--------+------------------+-------------+----------+----------------------+----------------------+--------------------+
| Trial name                                           | status   | loc               |   iter |   total time (s) |          ts |   reward |   episode_reward_max |   episode_reward_min |   episode_len_mean |
|------------------------------------------------------+----------+-------------------+--------+------------------+-------------+----------+----------------------+----------------------+--------------------|
| MAPPOTrainer_rware_v2_rware-small-4ag-v2_f1650_00000 | RUNNING  | 172.24.0.2:837006 |    210 |           600.27 | 4.19832e+06 |     0.13 |                    1 |                    0 |                500 |
+------------------------------------------------------+----------+-------------------+--------+------------------+-------------+----------+----------------------+----------------------+--------------------+


== Status ==
Current time: 2026-05-22 20:39:57 (running for 00:10:24.29)
Memory usage on this node: 62.4/251.6 GiB
Using FIFO scheduling algorithm.
Resources requested: 7.0/8 CPUs, 1.0/1 GPUs, 0.0/17.88 GiB heap, 0.0/8.94 GiB objects (0.0/1.0 accelerator_type:G)
Result logdir: /workspace/MARLlib/runs/rware_mappo_gru_small_20m_tensorboard/mappo_gru_rware-small-4ag-v2
Number of trials: 1/1 (1 RUNNING)
+------------------------------------------------------+----------+-------------------+--------+------------------+------------+----------+----------------------+----------------------+--------------------+
| Trial name                                           | status   | loc               |   iter |   total time (s) |         ts |   reward |   episode_reward_max |   episode_reward_min |   episode_len_mean |
|------------------------------------------------------+----------+-------------------+--------+------------------+------------+----------+----------------------+----------------------+--------------------|
| MAPPOTrainer_rware_v2_rware-small-4ag-v2_f1650_00000 | RUNNING  | 172.24.0.2:837006 |    212 |          605.657 | 4.2383e+06 |     0.11 |                    1 |                    0 |                500 |
+------------------------------------------------------+----------+-------------------+--------+------------------+------------+----------+----------------------+----------------------+--------------------+


== Status ==
Current time: 2026-05-22 20:40:03 (running for 00:10:29.72)
Memory usage on this node: 62.4/251.6 GiB
Using FIFO scheduling algorithm.
Resources requested: 7.0/8 CPUs, 1.0/1 GPUs, 0.0/17.88 GiB heap, 0.0/8.94 GiB objects (0.0/1.0 accelerator_type:G)
Result logdir: /workspace/MARLlib/runs/rware_mappo_gru_small_20m_tensorboard/mappo_gru_rware-small-4ag-v2
Number of trials: 1/1 (1 RUNNING)
+------------------------------------------------------+----------+-------------------+--------+------------------+-------------+----------+----------------------+----------------------+--------------------+
| Trial name                                           | status   | loc               |   iter |   total time (s) |          ts |   reward |   episode_reward_max |   episode_reward_min |   episode_len_mean |
|------------------------------------------------------+----------+-------------------+--------+------------------+-------------+----------+----------------------+----------------------+--------------------|
| MAPPOTrainer_rware_v2_rware-small-4ag-v2_f1650_00000 | RUNNING  | 172.24.0.2:837006 |    214 |          611.037 | 4.27829e+06 |     0.08 |                    1 |                    0 |                500 |
+------------------------------------------------------+----------+-------------------+--------+------------------+-------------+----------+----------------------+----------------------+--------------------+


== Status ==
Current time: 2026-05-22 20:40:08 (running for 00:10:35.13)
Memory usage on this node: 62.4/251.6 GiB
Using FIFO scheduling algorithm.
Resources requested: 7.0/8 CPUs, 1.0/1 GPUs, 0.0/17.88 GiB heap, 0.0/8.94 GiB objects (0.0/1.0 accelerator_type:G)
Result logdir: /workspace/MARLlib/runs/rware_mappo_gru_small_20m_tensorboard/mappo_gru_rware-small-4ag-v2
Number of trials: 1/1 (1 RUNNING)
+------------------------------------------------------+----------+-------------------+--------+------------------+-------------+----------+----------------------+----------------------+--------------------+
| Trial name                                           | status   | loc               |   iter |   total time (s) |          ts |   reward |   episode_reward_max |   episode_reward_min |   episode_len_mean |
|------------------------------------------------------+----------+-------------------+--------+------------------+-------------+----------+----------------------+----------------------+--------------------|
| MAPPOTrainer_rware_v2_rware-small-4ag-v2_f1650_00000 | RUNNING  | 172.24.0.2:837006 |    216 |          616.395 | 4.31827e+06 |     0.04 |                    1 |                    0 |                500 |
+------------------------------------------------------+----------+-------------------+--------+------------------+-------------+----------+----------------------+----------------------+--------------------+


== Status ==
Current time: 2026-05-22 20:40:13 (running for 00:10:40.45)
Memory usage on this node: 62.4/251.6 GiB
Using FIFO scheduling algorithm.
Resources requested: 7.0/8 CPUs, 1.0/1 GPUs, 0.0/17.88 GiB heap, 0.0/8.94 GiB objects (0.0/1.0 accelerator_type:G)
Result logdir: /workspace/MARLlib/runs/rware_mappo_gru_small_20m_tensorboard/mappo_gru_rware-small-4ag-v2
Number of trials: 1/1 (1 RUNNING)
+------------------------------------------------------+----------+-------------------+--------+------------------+-------------+----------+----------------------+----------------------+--------------------+
| Trial name                                           | status   | loc               |   iter |   total time (s) |          ts |   reward |   episode_reward_max |   episode_reward_min |   episode_len_mean |
|------------------------------------------------------+----------+-------------------+--------+------------------+-------------+----------+----------------------+----------------------+--------------------|
| MAPPOTrainer_rware_v2_rware-small-4ag-v2_f1650_00000 | RUNNING  | 172.24.0.2:837006 |    218 |          621.651 | 4.35826e+06 |     0.05 |                    1 |                    0 |                500 |
+------------------------------------------------------+----------+-------------------+--------+------------------+-------------+----------+----------------------+----------------------+--------------------+


== Status ==
Current time: 2026-05-22 20:40:19 (running for 00:10:45.84)
Memory usage on this node: 62.4/251.6 GiB
Using FIFO scheduling algorithm.
Resources requested: 7.0/8 CPUs, 1.0/1 GPUs, 0.0/17.88 GiB heap, 0.0/8.94 GiB objects (0.0/1.0 accelerator_type:G)
Result logdir: /workspace/MARLlib/runs/rware_mappo_gru_small_20m_tensorboard/mappo_gru_rware-small-4ag-v2
Number of trials: 1/1 (1 RUNNING)
+------------------------------------------------------+----------+-------------------+--------+------------------+-------------+----------+----------------------+----------------------+--------------------+
| Trial name                                           | status   | loc               |   iter |   total time (s) |          ts |   reward |   episode_reward_max |   episode_reward_min |   episode_len_mean |
|------------------------------------------------------+----------+-------------------+--------+------------------+-------------+----------+----------------------+----------------------+--------------------|
| MAPPOTrainer_rware_v2_rware-small-4ag-v2_f1650_00000 | RUNNING  | 172.24.0.2:837006 |    220 |          626.986 | 4.39824e+06 |     0.06 |                    1 |                    0 |                500 |
+------------------------------------------------------+----------+-------------------+--------+------------------+-------------+----------+----------------------+----------------------+--------------------+


== Status ==
Current time: 2026-05-22 20:40:24 (running for 00:10:51.10)
Memory usage on this node: 62.4/251.6 GiB
Using FIFO scheduling algorithm.
Resources requested: 7.0/8 CPUs, 1.0/1 GPUs, 0.0/17.88 GiB heap, 0.0/8.94 GiB objects (0.0/1.0 accelerator_type:G)
Result logdir: /workspace/MARLlib/runs/rware_mappo_gru_small_20m_tensorboard/mappo_gru_rware-small-4ag-v2
Number of trials: 1/1 (1 RUNNING)
+------------------------------------------------------+----------+-------------------+--------+------------------+-------------+----------+----------------------+----------------------+--------------------+
| Trial name                                           | status   | loc               |   iter |   total time (s) |          ts |   reward |   episode_reward_max |   episode_reward_min |   episode_len_mean |
|------------------------------------------------------+----------+-------------------+--------+------------------+-------------+----------+----------------------+----------------------+--------------------|
| MAPPOTrainer_rware_v2_rware-small-4ag-v2_f1650_00000 | RUNNING  | 172.24.0.2:837006 |    222 |          632.178 | 4.43822e+06 |     0.08 |                    1 |                    0 |                500 |
+------------------------------------------------------+----------+-------------------+--------+------------------+-------------+----------+----------------------+----------------------+--------------------+


== Status ==
Current time: 2026-05-22 20:40:29 (running for 00:10:56.45)
Memory usage on this node: 62.5/251.6 GiB
Using FIFO scheduling algorithm.
Resources requested: 7.0/8 CPUs, 1.0/1 GPUs, 0.0/17.88 GiB heap, 0.0/8.94 GiB objects (0.0/1.0 accelerator_type:G)
Result logdir: /workspace/MARLlib/runs/rware_mappo_gru_small_20m_tensorboard/mappo_gru_rware-small-4ag-v2
Number of trials: 1/1 (1 RUNNING)
+------------------------------------------------------+----------+-------------------+--------+------------------+-------------+----------+----------------------+----------------------+--------------------+
| Trial name                                           | status   | loc               |   iter |   total time (s) |          ts |   reward |   episode_reward_max |   episode_reward_min |   episode_len_mean |
|------------------------------------------------------+----------+-------------------+--------+------------------+-------------+----------+----------------------+----------------------+--------------------|
| MAPPOTrainer_rware_v2_rware-small-4ag-v2_f1650_00000 | RUNNING  | 172.24.0.2:837006 |    224 |          637.474 | 4.47821e+06 |     0.11 |                    1 |                    0 |                500 |
+------------------------------------------------------+----------+-------------------+--------+------------------+-------------+----------+----------------------+----------------------+--------------------+


== Status ==
Current time: 2026-05-22 20:40:35 (running for 00:11:01.88)
Memory usage on this node: 62.8/251.6 GiB
Using FIFO scheduling algorithm.
Resources requested: 7.0/8 CPUs, 1.0/1 GPUs, 0.0/17.88 GiB heap, 0.0/8.94 GiB objects (0.0/1.0 accelerator_type:G)
Result logdir: /workspace/MARLlib/runs/rware_mappo_gru_small_20m_tensorboard/mappo_gru_rware-small-4ag-v2
Number of trials: 1/1 (1 RUNNING)
+------------------------------------------------------+----------+-------------------+--------+------------------+-------------+----------+----------------------+----------------------+--------------------+
| Trial name                                           | status   | loc               |   iter |   total time (s) |          ts |   reward |   episode_reward_max |   episode_reward_min |   episode_len_mean |
|------------------------------------------------------+----------+-------------------+--------+------------------+-------------+----------+----------------------+----------------------+--------------------|
| MAPPOTrainer_rware_v2_rware-small-4ag-v2_f1650_00000 | RUNNING  | 172.24.0.2:837006 |    226 |          642.843 | 4.51819e+06 |     0.13 |                    1 |                    0 |                500 |
+------------------------------------------------------+----------+-------------------+--------+------------------+-------------+----------+----------------------+----------------------+--------------------+


== Status ==
Current time: 2026-05-22 20:40:40 (running for 00:11:07.31)
Memory usage on this node: 62.4/251.6 GiB
Using FIFO scheduling algorithm.
Resources requested: 7.0/8 CPUs, 1.0/1 GPUs, 0.0/17.88 GiB heap, 0.0/8.94 GiB objects (0.0/1.0 accelerator_type:G)
Result logdir: /workspace/MARLlib/runs/rware_mappo_gru_small_20m_tensorboard/mappo_gru_rware-small-4ag-v2
Number of trials: 1/1 (1 RUNNING)
+------------------------------------------------------+----------+-------------------+--------+------------------+-------------+----------+----------------------+----------------------+--------------------+
| Trial name                                           | status   | loc               |   iter |   total time (s) |          ts |   reward |   episode_reward_max |   episode_reward_min |   episode_len_mean |
|------------------------------------------------------+----------+-------------------+--------+------------------+-------------+----------+----------------------+----------------------+--------------------|
| MAPPOTrainer_rware_v2_rware-small-4ag-v2_f1650_00000 | RUNNING  | 172.24.0.2:837006 |    228 |          648.218 | 4.55818e+06 |     0.15 |                    2 |                    0 |                500 |
+------------------------------------------------------+----------+-------------------+--------+------------------+-------------+----------+----------------------+----------------------+--------------------+


== Status ==
Current time: 2026-05-22 20:40:46 (running for 00:11:12.78)
Memory usage on this node: 62.6/251.6 GiB
Using FIFO scheduling algorithm.
Resources requested: 7.0/8 CPUs, 1.0/1 GPUs, 0.0/17.88 GiB heap, 0.0/8.94 GiB objects (0.0/1.0 accelerator_type:G)
Result logdir: /workspace/MARLlib/runs/rware_mappo_gru_small_20m_tensorboard/mappo_gru_rware-small-4ag-v2
Number of trials: 1/1 (1 RUNNING)
+------------------------------------------------------+----------+-------------------+--------+------------------+-------------+----------+----------------------+----------------------+--------------------+
| Trial name                                           | status   | loc               |   iter |   total time (s) |          ts |   reward |   episode_reward_max |   episode_reward_min |   episode_len_mean |
|------------------------------------------------------+----------+-------------------+--------+------------------+-------------+----------+----------------------+----------------------+--------------------|
| MAPPOTrainer_rware_v2_rware-small-4ag-v2_f1650_00000 | RUNNING  | 172.24.0.2:837006 |    230 |          653.631 | 4.59816e+06 |     0.16 |                    2 |                    0 |                500 |
+------------------------------------------------------+----------+-------------------+--------+------------------+-------------+----------+----------------------+----------------------+--------------------+


== Status ==
Current time: 2026-05-22 20:40:51 (running for 00:11:18.28)
Memory usage on this node: 62.5/251.6 GiB
Using FIFO scheduling algorithm.
Resources requested: 7.0/8 CPUs, 1.0/1 GPUs, 0.0/17.88 GiB heap, 0.0/8.94 GiB objects (0.0/1.0 accelerator_type:G)
Result logdir: /workspace/MARLlib/runs/rware_mappo_gru_small_20m_tensorboard/mappo_gru_rware-small-4ag-v2
Number of trials: 1/1 (1 RUNNING)
+------------------------------------------------------+----------+-------------------+--------+------------------+-------------+----------+----------------------+----------------------+--------------------+
| Trial name                                           | status   | loc               |   iter |   total time (s) |          ts |   reward |   episode_reward_max |   episode_reward_min |   episode_len_mean |
|------------------------------------------------------+----------+-------------------+--------+------------------+-------------+----------+----------------------+----------------------+--------------------|
| MAPPOTrainer_rware_v2_rware-small-4ag-v2_f1650_00000 | RUNNING  | 172.24.0.2:837006 |    232 |          659.063 | 4.63814e+06 |     0.15 |                    2 |                    0 |                500 |
+------------------------------------------------------+----------+-------------------+--------+------------------+-------------+----------+----------------------+----------------------+--------------------+


== Status ==
Current time: 2026-05-22 20:40:57 (running for 00:11:23.78)
Memory usage on this node: 62.4/251.6 GiB
Using FIFO scheduling algorithm.
Resources requested: 7.0/8 CPUs, 1.0/1 GPUs, 0.0/17.88 GiB heap, 0.0/8.94 GiB objects (0.0/1.0 accelerator_type:G)
Result logdir: /workspace/MARLlib/runs/rware_mappo_gru_small_20m_tensorboard/mappo_gru_rware-small-4ag-v2
Number of trials: 1/1 (1 RUNNING)
+------------------------------------------------------+----------+-------------------+--------+------------------+-------------+----------+----------------------+----------------------+--------------------+
| Trial name                                           | status   | loc               |   iter |   total time (s) |          ts |   reward |   episode_reward_max |   episode_reward_min |   episode_len_mean |
|------------------------------------------------------+----------+-------------------+--------+------------------+-------------+----------+----------------------+----------------------+--------------------|
| MAPPOTrainer_rware_v2_rware-small-4ag-v2_f1650_00000 | RUNNING  | 172.24.0.2:837006 |    234 |          664.507 | 4.67813e+06 |     0.17 |                    2 |                    0 |                500 |
+------------------------------------------------------+----------+-------------------+--------+------------------+-------------+----------+----------------------+----------------------+--------------------+


== Status ==
Current time: 2026-05-22 20:41:02 (running for 00:11:29.27)
Memory usage on this node: 62.6/251.6 GiB
Using FIFO scheduling algorithm.
Resources requested: 7.0/8 CPUs, 1.0/1 GPUs, 0.0/17.88 GiB heap, 0.0/8.94 GiB objects (0.0/1.0 accelerator_type:G)
Result logdir: /workspace/MARLlib/runs/rware_mappo_gru_small_20m_tensorboard/mappo_gru_rware-small-4ag-v2
Number of trials: 1/1 (1 RUNNING)
+------------------------------------------------------+----------+-------------------+--------+------------------+-------------+----------+----------------------+----------------------+--------------------+
| Trial name                                           | status   | loc               |   iter |   total time (s) |          ts |   reward |   episode_reward_max |   episode_reward_min |   episode_len_mean |
|------------------------------------------------------+----------+-------------------+--------+------------------+-------------+----------+----------------------+----------------------+--------------------|
| MAPPOTrainer_rware_v2_rware-small-4ag-v2_f1650_00000 | RUNNING  | 172.24.0.2:837006 |    236 |          669.938 | 4.71811e+06 |     0.13 |                    2 |                    0 |                500 |
+------------------------------------------------------+----------+-------------------+--------+------------------+-------------+----------+----------------------+----------------------+--------------------+


== Status ==
Current time: 2026-05-22 20:41:08 (running for 00:11:34.92)
Memory usage on this node: 62.4/251.6 GiB
Using FIFO scheduling algorithm.
Resources requested: 7.0/8 CPUs, 1.0/1 GPUs, 0.0/17.88 GiB heap, 0.0/8.94 GiB objects (0.0/1.0 accelerator_type:G)
Result logdir: /workspace/MARLlib/runs/rware_mappo_gru_small_20m_tensorboard/mappo_gru_rware-small-4ag-v2
Number of trials: 1/1 (1 RUNNING)
+------------------------------------------------------+----------+-------------------+--------+------------------+------------+----------+----------------------+----------------------+--------------------+
| Trial name                                           | status   | loc               |   iter |   total time (s) |         ts |   reward |   episode_reward_max |   episode_reward_min |   episode_len_mean |
|------------------------------------------------------+----------+-------------------+--------+------------------+------------+----------+----------------------+----------------------+--------------------|
| MAPPOTrainer_rware_v2_rware-small-4ag-v2_f1650_00000 | RUNNING  | 172.24.0.2:837006 |    238 |           675.52 | 4.7581e+06 |      0.1 |                    2 |                    0 |                500 |
+------------------------------------------------------+----------+-------------------+--------+------------------+------------+----------+----------------------+----------------------+--------------------+


== Status ==
Current time: 2026-05-22 20:41:13 (running for 00:11:40.29)
Memory usage on this node: 62.4/251.6 GiB
Using FIFO scheduling algorithm.
Resources requested: 7.0/8 CPUs, 1.0/1 GPUs, 0.0/17.88 GiB heap, 0.0/8.94 GiB objects (0.0/1.0 accelerator_type:G)
Result logdir: /workspace/MARLlib/runs/rware_mappo_gru_small_20m_tensorboard/mappo_gru_rware-small-4ag-v2
Number of trials: 1/1 (1 RUNNING)
+------------------------------------------------------+----------+-------------------+--------+------------------+-------------+----------+----------------------+----------------------+--------------------+
| Trial name                                           | status   | loc               |   iter |   total time (s) |          ts |   reward |   episode_reward_max |   episode_reward_min |   episode_len_mean |
|------------------------------------------------------+----------+-------------------+--------+------------------+-------------+----------+----------------------+----------------------+--------------------|
| MAPPOTrainer_rware_v2_rware-small-4ag-v2_f1650_00000 | RUNNING  | 172.24.0.2:837006 |    240 |          680.828 | 4.79808e+06 |     0.08 |                    1 |                    0 |                500 |
+------------------------------------------------------+----------+-------------------+--------+------------------+-------------+----------+----------------------+----------------------+--------------------+


== Status ==
Current time: 2026-05-22 20:41:19 (running for 00:11:45.61)
Memory usage on this node: 62.4/251.6 GiB
Using FIFO scheduling algorithm.
Resources requested: 7.0/8 CPUs, 1.0/1 GPUs, 0.0/17.88 GiB heap, 0.0/8.94 GiB objects (0.0/1.0 accelerator_type:G)
Result logdir: /workspace/MARLlib/runs/rware_mappo_gru_small_20m_tensorboard/mappo_gru_rware-small-4ag-v2
Number of trials: 1/1 (1 RUNNING)
+------------------------------------------------------+----------+-------------------+--------+------------------+-------------+----------+----------------------+----------------------+--------------------+
| Trial name                                           | status   | loc               |   iter |   total time (s) |          ts |   reward |   episode_reward_max |   episode_reward_min |   episode_len_mean |
|------------------------------------------------------+----------+-------------------+--------+------------------+-------------+----------+----------------------+----------------------+--------------------|
| MAPPOTrainer_rware_v2_rware-small-4ag-v2_f1650_00000 | RUNNING  | 172.24.0.2:837006 |    242 |          686.093 | 4.83806e+06 |     0.08 |                    1 |                    0 |                500 |
+------------------------------------------------------+----------+-------------------+--------+------------------+-------------+----------+----------------------+----------------------+--------------------+


== Status ==
Current time: 2026-05-22 20:41:24 (running for 00:11:51.07)
Memory usage on this node: 62.4/251.6 GiB
Using FIFO scheduling algorithm.
Resources requested: 7.0/8 CPUs, 1.0/1 GPUs, 0.0/17.88 GiB heap, 0.0/8.94 GiB objects (0.0/1.0 accelerator_type:G)
Result logdir: /workspace/MARLlib/runs/rware_mappo_gru_small_20m_tensorboard/mappo_gru_rware-small-4ag-v2
Number of trials: 1/1 (1 RUNNING)
+------------------------------------------------------+----------+-------------------+--------+------------------+-------------+----------+----------------------+----------------------+--------------------+
| Trial name                                           | status   | loc               |   iter |   total time (s) |          ts |   reward |   episode_reward_max |   episode_reward_min |   episode_len_mean |
|------------------------------------------------------+----------+-------------------+--------+------------------+-------------+----------+----------------------+----------------------+--------------------|
| MAPPOTrainer_rware_v2_rware-small-4ag-v2_f1650_00000 | RUNNING  | 172.24.0.2:837006 |    244 |          691.494 | 4.87805e+06 |     0.08 |                    2 |                    0 |                500 |
+------------------------------------------------------+----------+-------------------+--------+------------------+-------------+----------+----------------------+----------------------+--------------------+


== Status ==
Current time: 2026-05-22 20:41:29 (running for 00:11:56.47)
Memory usage on this node: 62.4/251.6 GiB
Using FIFO scheduling algorithm.
Resources requested: 7.0/8 CPUs, 1.0/1 GPUs, 0.0/17.88 GiB heap, 0.0/8.94 GiB objects (0.0/1.0 accelerator_type:G)
Result logdir: /workspace/MARLlib/runs/rware_mappo_gru_small_20m_tensorboard/mappo_gru_rware-small-4ag-v2
Number of trials: 1/1 (1 RUNNING)
+------------------------------------------------------+----------+-------------------+--------+------------------+-------------+----------+----------------------+----------------------+--------------------+
| Trial name                                           | status   | loc               |   iter |   total time (s) |          ts |   reward |   episode_reward_max |   episode_reward_min |   episode_len_mean |
|------------------------------------------------------+----------+-------------------+--------+------------------+-------------+----------+----------------------+----------------------+--------------------|
| MAPPOTrainer_rware_v2_rware-small-4ag-v2_f1650_00000 | RUNNING  | 172.24.0.2:837006 |    246 |          696.837 | 4.91803e+06 |     0.09 |                    2 |                    0 |                500 |
+------------------------------------------------------+----------+-------------------+--------+------------------+-------------+----------+----------------------+----------------------+--------------------+


== Status ==
Current time: 2026-05-22 20:41:35 (running for 00:12:02.03)
Memory usage on this node: 62.4/251.6 GiB
Using FIFO scheduling algorithm.
Resources requested: 7.0/8 CPUs, 1.0/1 GPUs, 0.0/17.88 GiB heap, 0.0/8.94 GiB objects (0.0/1.0 accelerator_type:G)
Result logdir: /workspace/MARLlib/runs/rware_mappo_gru_small_20m_tensorboard/mappo_gru_rware-small-4ag-v2
Number of trials: 1/1 (1 RUNNING)
+------------------------------------------------------+----------+-------------------+--------+------------------+-------------+----------+----------------------+----------------------+--------------------+
| Trial name                                           | status   | loc               |   iter |   total time (s) |          ts |   reward |   episode_reward_max |   episode_reward_min |   episode_len_mean |
|------------------------------------------------------+----------+-------------------+--------+------------------+-------------+----------+----------------------+----------------------+--------------------|
| MAPPOTrainer_rware_v2_rware-small-4ag-v2_f1650_00000 | RUNNING  | 172.24.0.2:837006 |    248 |          702.335 | 4.95802e+06 |     0.11 |                    2 |                    0 |                500 |
+------------------------------------------------------+----------+-------------------+--------+------------------+-------------+----------+----------------------+----------------------+--------------------+


== Status ==
Current time: 2026-05-22 20:41:41 (running for 00:12:07.69)
Memory usage on this node: 62.4/251.6 GiB
Using FIFO scheduling algorithm.
Resources requested: 7.0/8 CPUs, 1.0/1 GPUs, 0.0/17.88 GiB heap, 0.0/8.94 GiB objects (0.0/1.0 accelerator_type:G)
Result logdir: /workspace/MARLlib/runs/rware_mappo_gru_small_20m_tensorboard/mappo_gru_rware-small-4ag-v2
Number of trials: 1/1 (1 RUNNING)
+------------------------------------------------------+----------+-------------------+--------+------------------+-------------+----------+----------------------+----------------------+--------------------+
| Trial name                                           | status   | loc               |   iter |   total time (s) |          ts |   reward |   episode_reward_max |   episode_reward_min |   episode_len_mean |
|------------------------------------------------------+----------+-------------------+--------+------------------+-------------+----------+----------------------+----------------------+--------------------|
| MAPPOTrainer_rware_v2_rware-small-4ag-v2_f1650_00000 | RUNNING  | 172.24.0.2:837006 |    249 |          704.961 | 4.97801e+06 |     0.12 |                    2 |                    0 |                500 |
+------------------------------------------------------+----------+-------------------+--------+------------------+-------------+----------+----------------------+----------------------+--------------------+


== Status ==
Current time: 2026-05-22 20:41:46 (running for 00:12:12.70)
Memory usage on this node: 62.4/251.6 GiB
Using FIFO scheduling algorithm.
Resources requested: 7.0/8 CPUs, 1.0/1 GPUs, 0.0/17.88 GiB heap, 0.0/8.94 GiB objects (0.0/1.0 accelerator_type:G)
Result logdir: /workspace/MARLlib/runs/rware_mappo_gru_small_20m_tensorboard/mappo_gru_rware-small-4ag-v2
Number of trials: 1/1 (1 RUNNING)
+------------------------------------------------------+----------+-------------------+--------+------------------+-------------+----------+----------------------+----------------------+--------------------+
| Trial name                                           | status   | loc               |   iter |   total time (s) |          ts |   reward |   episode_reward_max |   episode_reward_min |   episode_len_mean |
|------------------------------------------------------+----------+-------------------+--------+------------------+-------------+----------+----------------------+----------------------+--------------------|
| MAPPOTrainer_rware_v2_rware-small-4ag-v2_f1650_00000 | RUNNING  | 172.24.0.2:837006 |    249 |          704.961 | 4.97801e+06 |     0.12 |                    2 |                    0 |                500 |
+------------------------------------------------------+----------+-------------------+--------+------------------+-------------+----------+----------------------+----------------------+--------------------+


== Status ==
Current time: 2026-05-22 20:41:51 (running for 00:12:17.71)
Memory usage on this node: 62.4/251.6 GiB
Using FIFO scheduling algorithm.
Resources requested: 7.0/8 CPUs, 1.0/1 GPUs, 0.0/17.88 GiB heap, 0.0/8.94 GiB objects (0.0/1.0 accelerator_type:G)
Result logdir: /workspace/MARLlib/runs/rware_mappo_gru_small_20m_tensorboard/mappo_gru_rware-small-4ag-v2
Number of trials: 1/1 (1 RUNNING)
+------------------------------------------------------+----------+-------------------+--------+------------------+-------------+----------+----------------------+----------------------+--------------------+
| Trial name                                           | status   | loc               |   iter |   total time (s) |          ts |   reward |   episode_reward_max |   episode_reward_min |   episode_len_mean |
|------------------------------------------------------+----------+-------------------+--------+------------------+-------------+----------+----------------------+----------------------+--------------------|
| MAPPOTrainer_rware_v2_rware-small-4ag-v2_f1650_00000 | RUNNING  | 172.24.0.2:837006 |    249 |          704.961 | 4.97801e+06 |     0.12 |                    2 |                    0 |                500 |
+------------------------------------------------------+----------+-------------------+--------+------------------+-------------+----------+----------------------+----------------------+--------------------+


== Status ==
Current time: 2026-05-22 20:41:56 (running for 00:12:23.36)
Memory usage on this node: 62.5/251.6 GiB
Using FIFO scheduling algorithm.
Resources requested: 7.0/8 CPUs, 1.0/1 GPUs, 0.0/17.88 GiB heap, 0.0/8.94 GiB objects (0.0/1.0 accelerator_type:G)
Result logdir: /workspace/MARLlib/runs/rware_mappo_gru_small_20m_tensorboard/mappo_gru_rware-small-4ag-v2
Number of trials: 1/1 (1 RUNNING)
+------------------------------------------------------+----------+-------------------+--------+------------------+-------------+----------+----------------------+----------------------+--------------------+
| Trial name                                           | status   | loc               |   iter |   total time (s) |          ts |   reward |   episode_reward_max |   episode_reward_min |   episode_len_mean |
|------------------------------------------------------+----------+-------------------+--------+------------------+-------------+----------+----------------------+----------------------+--------------------|
| MAPPOTrainer_rware_v2_rware-small-4ag-v2_f1650_00000 | RUNNING  | 172.24.0.2:837006 |    251 |          723.562 | 5.01799e+06 |     0.12 |                    2 |                    0 |                500 |
+------------------------------------------------------+----------+-------------------+--------+------------------+-------------+----------+----------------------+----------------------+--------------------+


== Status ==
Current time: 2026-05-22 20:42:02 (running for 00:12:28.76)
Memory usage on this node: 62.4/251.6 GiB
Using FIFO scheduling algorithm.
Resources requested: 7.0/8 CPUs, 1.0/1 GPUs, 0.0/17.88 GiB heap, 0.0/8.94 GiB objects (0.0/1.0 accelerator_type:G)
Result logdir: /workspace/MARLlib/runs/rware_mappo_gru_small_20m_tensorboard/mappo_gru_rware-small-4ag-v2
Number of trials: 1/1 (1 RUNNING)
+------------------------------------------------------+----------+-------------------+--------+------------------+-------------+----------+----------------------+----------------------+--------------------+
| Trial name                                           | status   | loc               |   iter |   total time (s) |          ts |   reward |   episode_reward_max |   episode_reward_min |   episode_len_mean |
|------------------------------------------------------+----------+-------------------+--------+------------------+-------------+----------+----------------------+----------------------+--------------------|
| MAPPOTrainer_rware_v2_rware-small-4ag-v2_f1650_00000 | RUNNING  | 172.24.0.2:837006 |    253 |          728.905 | 5.05798e+06 |     0.11 |                    2 |                    0 |                500 |
+------------------------------------------------------+----------+-------------------+--------+------------------+-------------+----------+----------------------+----------------------+--------------------+


== Status ==
Current time: 2026-05-22 20:42:07 (running for 00:12:34.09)
Memory usage on this node: 62.4/251.6 GiB
Using FIFO scheduling algorithm.
Resources requested: 7.0/8 CPUs, 1.0/1 GPUs, 0.0/17.88 GiB heap, 0.0/8.94 GiB objects (0.0/1.0 accelerator_type:G)
Result logdir: /workspace/MARLlib/runs/rware_mappo_gru_small_20m_tensorboard/mappo_gru_rware-small-4ag-v2
Number of trials: 1/1 (1 RUNNING)
+------------------------------------------------------+----------+-------------------+--------+------------------+-------------+----------+----------------------+----------------------+--------------------+
| Trial name                                           | status   | loc               |   iter |   total time (s) |          ts |   reward |   episode_reward_max |   episode_reward_min |   episode_len_mean |
|------------------------------------------------------+----------+-------------------+--------+------------------+-------------+----------+----------------------+----------------------+--------------------|
| MAPPOTrainer_rware_v2_rware-small-4ag-v2_f1650_00000 | RUNNING  | 172.24.0.2:837006 |    255 |          734.171 | 5.09796e+06 |      0.1 |                    2 |                    0 |                500 |
+------------------------------------------------------+----------+-------------------+--------+------------------+-------------+----------+----------------------+----------------------+--------------------+


== Status ==
Current time: 2026-05-22 20:42:12 (running for 00:12:39.49)
Memory usage on this node: 62.4/251.6 GiB
Using FIFO scheduling algorithm.
Resources requested: 7.0/8 CPUs, 1.0/1 GPUs, 0.0/17.88 GiB heap, 0.0/8.94 GiB objects (0.0/1.0 accelerator_type:G)
Result logdir: /workspace/MARLlib/runs/rware_mappo_gru_small_20m_tensorboard/mappo_gru_rware-small-4ag-v2
Number of trials: 1/1 (1 RUNNING)
+------------------------------------------------------+----------+-------------------+--------+------------------+-------------+----------+----------------------+----------------------+--------------------+
| Trial name                                           | status   | loc               |   iter |   total time (s) |          ts |   reward |   episode_reward_max |   episode_reward_min |   episode_len_mean |
|------------------------------------------------------+----------+-------------------+--------+------------------+-------------+----------+----------------------+----------------------+--------------------|
| MAPPOTrainer_rware_v2_rware-small-4ag-v2_f1650_00000 | RUNNING  | 172.24.0.2:837006 |    257 |          739.508 | 5.13794e+06 |     0.08 |                    1 |                    0 |                500 |
+------------------------------------------------------+----------+-------------------+--------+------------------+-------------+----------+----------------------+----------------------+--------------------+


== Status ==
Current time: 2026-05-22 20:42:18 (running for 00:12:44.71)
Memory usage on this node: 62.4/251.6 GiB
Using FIFO scheduling algorithm.
Resources requested: 7.0/8 CPUs, 1.0/1 GPUs, 0.0/17.88 GiB heap, 0.0/8.94 GiB objects (0.0/1.0 accelerator_type:G)
Result logdir: /workspace/MARLlib/runs/rware_mappo_gru_small_20m_tensorboard/mappo_gru_rware-small-4ag-v2
Number of trials: 1/1 (1 RUNNING)
+------------------------------------------------------+----------+-------------------+--------+------------------+-------------+----------+----------------------+----------------------+--------------------+
| Trial name                                           | status   | loc               |   iter |   total time (s) |          ts |   reward |   episode_reward_max |   episode_reward_min |   episode_len_mean |
|------------------------------------------------------+----------+-------------------+--------+------------------+-------------+----------+----------------------+----------------------+--------------------|
| MAPPOTrainer_rware_v2_rware-small-4ag-v2_f1650_00000 | RUNNING  | 172.24.0.2:837006 |    259 |          744.663 | 5.17793e+06 |     0.09 |                    1 |                    0 |                500 |
+------------------------------------------------------+----------+-------------------+--------+------------------+-------------+----------+----------------------+----------------------+--------------------+


== Status ==
Current time: 2026-05-22 20:42:23 (running for 00:12:50.05)
Memory usage on this node: 62.4/251.6 GiB
Using FIFO scheduling algorithm.
Resources requested: 7.0/8 CPUs, 1.0/1 GPUs, 0.0/17.88 GiB heap, 0.0/8.94 GiB objects (0.0/1.0 accelerator_type:G)
Result logdir: /workspace/MARLlib/runs/rware_mappo_gru_small_20m_tensorboard/mappo_gru_rware-small-4ag-v2
Number of trials: 1/1 (1 RUNNING)
+------------------------------------------------------+----------+-------------------+--------+------------------+-------------+----------+----------------------+----------------------+--------------------+
| Trial name                                           | status   | loc               |   iter |   total time (s) |          ts |   reward |   episode_reward_max |   episode_reward_min |   episode_len_mean |
|------------------------------------------------------+----------+-------------------+--------+------------------+-------------+----------+----------------------+----------------------+--------------------|
| MAPPOTrainer_rware_v2_rware-small-4ag-v2_f1650_00000 | RUNNING  | 172.24.0.2:837006 |    261 |          749.944 | 5.21791e+06 |     0.07 |                    1 |                    0 |                500 |
+------------------------------------------------------+----------+-------------------+--------+------------------+-------------+----------+----------------------+----------------------+--------------------+


== Status ==
Current time: 2026-05-22 20:42:28 (running for 00:12:55.50)
Memory usage on this node: 62.5/251.6 GiB
Using FIFO scheduling algorithm.
Resources requested: 7.0/8 CPUs, 1.0/1 GPUs, 0.0/17.88 GiB heap, 0.0/8.94 GiB objects (0.0/1.0 accelerator_type:G)
Result logdir: /workspace/MARLlib/runs/rware_mappo_gru_small_20m_tensorboard/mappo_gru_rware-small-4ag-v2
Number of trials: 1/1 (1 RUNNING)
+------------------------------------------------------+----------+-------------------+--------+------------------+------------+----------+----------------------+----------------------+--------------------+
| Trial name                                           | status   | loc               |   iter |   total time (s) |         ts |   reward |   episode_reward_max |   episode_reward_min |   episode_len_mean |
|------------------------------------------------------+----------+-------------------+--------+------------------+------------+----------+----------------------+----------------------+--------------------|
| MAPPOTrainer_rware_v2_rware-small-4ag-v2_f1650_00000 | RUNNING  | 172.24.0.2:837006 |    263 |          755.332 | 5.2579e+06 |     0.07 |                    1 |                    0 |                500 |
+------------------------------------------------------+----------+-------------------+--------+------------------+------------+----------+----------------------+----------------------+--------------------+


== Status ==
Current time: 2026-05-22 20:42:34 (running for 00:13:00.91)
Memory usage on this node: 62.4/251.6 GiB
Using FIFO scheduling algorithm.
Resources requested: 7.0/8 CPUs, 1.0/1 GPUs, 0.0/17.88 GiB heap, 0.0/8.94 GiB objects (0.0/1.0 accelerator_type:G)
Result logdir: /workspace/MARLlib/runs/rware_mappo_gru_small_20m_tensorboard/mappo_gru_rware-small-4ag-v2
Number of trials: 1/1 (1 RUNNING)
+------------------------------------------------------+----------+-------------------+--------+------------------+-------------+----------+----------------------+----------------------+--------------------+
| Trial name                                           | status   | loc               |   iter |   total time (s) |          ts |   reward |   episode_reward_max |   episode_reward_min |   episode_len_mean |
|------------------------------------------------------+----------+-------------------+--------+------------------+-------------+----------+----------------------+----------------------+--------------------|
| MAPPOTrainer_rware_v2_rware-small-4ag-v2_f1650_00000 | RUNNING  | 172.24.0.2:837006 |    265 |          760.688 | 5.29788e+06 |     0.06 |                    1 |                    0 |                500 |
+------------------------------------------------------+----------+-------------------+--------+------------------+-------------+----------+----------------------+----------------------+--------------------+


== Status ==
Current time: 2026-05-22 20:42:39 (running for 00:13:06.29)
Memory usage on this node: 62.4/251.6 GiB
Using FIFO scheduling algorithm.
Resources requested: 7.0/8 CPUs, 1.0/1 GPUs, 0.0/17.88 GiB heap, 0.0/8.94 GiB objects (0.0/1.0 accelerator_type:G)
Result logdir: /workspace/MARLlib/runs/rware_mappo_gru_small_20m_tensorboard/mappo_gru_rware-small-4ag-v2
Number of trials: 1/1 (1 RUNNING)
+------------------------------------------------------+----------+-------------------+--------+------------------+-------------+----------+----------------------+----------------------+--------------------+
| Trial name                                           | status   | loc               |   iter |   total time (s) |          ts |   reward |   episode_reward_max |   episode_reward_min |   episode_len_mean |
|------------------------------------------------------+----------+-------------------+--------+------------------+-------------+----------+----------------------+----------------------+--------------------|
| MAPPOTrainer_rware_v2_rware-small-4ag-v2_f1650_00000 | RUNNING  | 172.24.0.2:837006 |    267 |          766.008 | 5.33786e+06 |     0.06 |                    1 |                    0 |                500 |
+------------------------------------------------------+----------+-------------------+--------+------------------+-------------+----------+----------------------+----------------------+--------------------+


== Status ==
Current time: 2026-05-22 20:42:45 (running for 00:13:11.84)
Memory usage on this node: 62.7/251.6 GiB
Using FIFO scheduling algorithm.
Resources requested: 7.0/8 CPUs, 1.0/1 GPUs, 0.0/17.88 GiB heap, 0.0/8.94 GiB objects (0.0/1.0 accelerator_type:G)
Result logdir: /workspace/MARLlib/runs/rware_mappo_gru_small_20m_tensorboard/mappo_gru_rware-small-4ag-v2
Number of trials: 1/1 (1 RUNNING)
+------------------------------------------------------+----------+-------------------+--------+------------------+-------------+----------+----------------------+----------------------+--------------------+
| Trial name                                           | status   | loc               |   iter |   total time (s) |          ts |   reward |   episode_reward_max |   episode_reward_min |   episode_len_mean |
|------------------------------------------------------+----------+-------------------+--------+------------------+-------------+----------+----------------------+----------------------+--------------------|
| MAPPOTrainer_rware_v2_rware-small-4ag-v2_f1650_00000 | RUNNING  | 172.24.0.2:837006 |    269 |          771.494 | 5.37785e+06 |     0.05 |                    1 |                    0 |                500 |
+------------------------------------------------------+----------+-------------------+--------+------------------+-------------+----------+----------------------+----------------------+--------------------+


== Status ==
Current time: 2026-05-22 20:42:50 (running for 00:13:17.20)
Memory usage on this node: 62.5/251.6 GiB
Using FIFO scheduling algorithm.
Resources requested: 7.0/8 CPUs, 1.0/1 GPUs, 0.0/17.88 GiB heap, 0.0/8.94 GiB objects (0.0/1.0 accelerator_type:G)
Result logdir: /workspace/MARLlib/runs/rware_mappo_gru_small_20m_tensorboard/mappo_gru_rware-small-4ag-v2
Number of trials: 1/1 (1 RUNNING)
+------------------------------------------------------+----------+-------------------+--------+------------------+-------------+----------+----------------------+----------------------+--------------------+
| Trial name                                           | status   | loc               |   iter |   total time (s) |          ts |   reward |   episode_reward_max |   episode_reward_min |   episode_len_mean |
|------------------------------------------------------+----------+-------------------+--------+------------------+-------------+----------+----------------------+----------------------+--------------------|
| MAPPOTrainer_rware_v2_rware-small-4ag-v2_f1650_00000 | RUNNING  | 172.24.0.2:837006 |    271 |          776.793 | 5.41783e+06 |     0.06 |                    1 |                    0 |                500 |
+------------------------------------------------------+----------+-------------------+--------+------------------+-------------+----------+----------------------+----------------------+--------------------+


== Status ==
Current time: 2026-05-22 20:42:56 (running for 00:13:22.55)
Memory usage on this node: 62.4/251.6 GiB
Using FIFO scheduling algorithm.
Resources requested: 7.0/8 CPUs, 1.0/1 GPUs, 0.0/17.88 GiB heap, 0.0/8.94 GiB objects (0.0/1.0 accelerator_type:G)
Result logdir: /workspace/MARLlib/runs/rware_mappo_gru_small_20m_tensorboard/mappo_gru_rware-small-4ag-v2
Number of trials: 1/1 (1 RUNNING)
+------------------------------------------------------+----------+-------------------+--------+------------------+-------------+----------+----------------------+----------------------+--------------------+
| Trial name                                           | status   | loc               |   iter |   total time (s) |          ts |   reward |   episode_reward_max |   episode_reward_min |   episode_len_mean |
|------------------------------------------------------+----------+-------------------+--------+------------------+-------------+----------+----------------------+----------------------+--------------------|
| MAPPOTrainer_rware_v2_rware-small-4ag-v2_f1650_00000 | RUNNING  | 172.24.0.2:837006 |    273 |           782.08 | 5.45782e+06 |     0.04 |                    1 |                    0 |                500 |
+------------------------------------------------------+----------+-------------------+--------+------------------+-------------+----------+----------------------+----------------------+--------------------+


== Status ==
Current time: 2026-05-22 20:43:01 (running for 00:13:28.14)
Memory usage on this node: 62.5/251.6 GiB
Using FIFO scheduling algorithm.
Resources requested: 7.0/8 CPUs, 1.0/1 GPUs, 0.0/17.88 GiB heap, 0.0/8.94 GiB objects (0.0/1.0 accelerator_type:G)
Result logdir: /workspace/MARLlib/runs/rware_mappo_gru_small_20m_tensorboard/mappo_gru_rware-small-4ag-v2
Number of trials: 1/1 (1 RUNNING)
+------------------------------------------------------+----------+-------------------+--------+------------------+------------+----------+----------------------+----------------------+--------------------+
| Trial name                                           | status   | loc               |   iter |   total time (s) |         ts |   reward |   episode_reward_max |   episode_reward_min |   episode_len_mean |
|------------------------------------------------------+----------+-------------------+--------+------------------+------------+----------+----------------------+----------------------+--------------------|
| MAPPOTrainer_rware_v2_rware-small-4ag-v2_f1650_00000 | RUNNING  | 172.24.0.2:837006 |    275 |          787.611 | 5.4978e+06 |     0.03 |                    1 |                    0 |                500 |
+------------------------------------------------------+----------+-------------------+--------+------------------+------------+----------+----------------------+----------------------+--------------------+


== Status ==
Current time: 2026-05-22 20:43:06 (running for 00:13:33.40)
Memory usage on this node: 62.5/251.6 GiB
Using FIFO scheduling algorithm.
Resources requested: 7.0/8 CPUs, 1.0/1 GPUs, 0.0/17.88 GiB heap, 0.0/8.94 GiB objects (0.0/1.0 accelerator_type:G)
Result logdir: /workspace/MARLlib/runs/rware_mappo_gru_small_20m_tensorboard/mappo_gru_rware-small-4ag-v2
Number of trials: 1/1 (1 RUNNING)
+------------------------------------------------------+----------+-------------------+--------+------------------+-------------+----------+----------------------+----------------------+--------------------+
| Trial name                                           | status   | loc               |   iter |   total time (s) |          ts |   reward |   episode_reward_max |   episode_reward_min |   episode_len_mean |
|------------------------------------------------------+----------+-------------------+--------+------------------+-------------+----------+----------------------+----------------------+--------------------|
| MAPPOTrainer_rware_v2_rware-small-4ag-v2_f1650_00000 | RUNNING  | 172.24.0.2:837006 |    277 |          792.808 | 5.53778e+06 |     0.02 |                    1 |                    0 |                500 |
+------------------------------------------------------+----------+-------------------+--------+------------------+-------------+----------+----------------------+----------------------+--------------------+


== Status ==
Current time: 2026-05-22 20:43:12 (running for 00:13:38.73)
Memory usage on this node: 62.5/251.6 GiB
Using FIFO scheduling algorithm.
Resources requested: 7.0/8 CPUs, 1.0/1 GPUs, 0.0/17.88 GiB heap, 0.0/8.94 GiB objects (0.0/1.0 accelerator_type:G)
Result logdir: /workspace/MARLlib/runs/rware_mappo_gru_small_20m_tensorboard/mappo_gru_rware-small-4ag-v2
Number of trials: 1/1 (1 RUNNING)
+------------------------------------------------------+----------+-------------------+--------+------------------+-------------+----------+----------------------+----------------------+--------------------+
| Trial name                                           | status   | loc               |   iter |   total time (s) |          ts |   reward |   episode_reward_max |   episode_reward_min |   episode_len_mean |
|------------------------------------------------------+----------+-------------------+--------+------------------+-------------+----------+----------------------+----------------------+--------------------|
| MAPPOTrainer_rware_v2_rware-small-4ag-v2_f1650_00000 | RUNNING  | 172.24.0.2:837006 |    279 |          798.076 | 5.57777e+06 |     0.01 |                    1 |                    0 |                500 |
+------------------------------------------------------+----------+-------------------+--------+------------------+-------------+----------+----------------------+----------------------+--------------------+


== Status ==
Current time: 2026-05-22 20:43:17 (running for 00:13:44.35)
Memory usage on this node: 62.5/251.6 GiB
Using FIFO scheduling algorithm.
Resources requested: 7.0/8 CPUs, 1.0/1 GPUs, 0.0/17.88 GiB heap, 0.0/8.94 GiB objects (0.0/1.0 accelerator_type:G)
Result logdir: /workspace/MARLlib/runs/rware_mappo_gru_small_20m_tensorboard/mappo_gru_rware-small-4ag-v2
Number of trials: 1/1 (1 RUNNING)
+------------------------------------------------------+----------+-------------------+--------+------------------+-------------+----------+----------------------+----------------------+--------------------+
| Trial name                                           | status   | loc               |   iter |   total time (s) |          ts |   reward |   episode_reward_max |   episode_reward_min |   episode_len_mean |
|------------------------------------------------------+----------+-------------------+--------+------------------+-------------+----------+----------------------+----------------------+--------------------|
| MAPPOTrainer_rware_v2_rware-small-4ag-v2_f1650_00000 | RUNNING  | 172.24.0.2:837006 |    281 |          803.639 | 5.61775e+06 |        0 |                    0 |                    0 |                500 |
+------------------------------------------------------+----------+-------------------+--------+------------------+-------------+----------+----------------------+----------------------+--------------------+


== Status ==
Current time: 2026-05-22 20:43:23 (running for 00:13:49.77)
Memory usage on this node: 62.5/251.6 GiB
Using FIFO scheduling algorithm.
Resources requested: 7.0/8 CPUs, 1.0/1 GPUs, 0.0/17.88 GiB heap, 0.0/8.94 GiB objects (0.0/1.0 accelerator_type:G)
Result logdir: /workspace/MARLlib/runs/rware_mappo_gru_small_20m_tensorboard/mappo_gru_rware-small-4ag-v2
Number of trials: 1/1 (1 RUNNING)
+------------------------------------------------------+----------+-------------------+--------+------------------+-------------+----------+----------------------+----------------------+--------------------+
| Trial name                                           | status   | loc               |   iter |   total time (s) |          ts |   reward |   episode_reward_max |   episode_reward_min |   episode_len_mean |
|------------------------------------------------------+----------+-------------------+--------+------------------+-------------+----------+----------------------+----------------------+--------------------|
| MAPPOTrainer_rware_v2_rware-small-4ag-v2_f1650_00000 | RUNNING  | 172.24.0.2:837006 |    283 |          809.021 | 5.65774e+06 |        0 |                    0 |                    0 |                500 |
+------------------------------------------------------+----------+-------------------+--------+------------------+-------------+----------+----------------------+----------------------+--------------------+


== Status ==
Current time: 2026-05-22 20:43:28 (running for 00:13:55.12)
Memory usage on this node: 62.5/251.6 GiB
Using FIFO scheduling algorithm.
Resources requested: 7.0/8 CPUs, 1.0/1 GPUs, 0.0/17.88 GiB heap, 0.0/8.94 GiB objects (0.0/1.0 accelerator_type:G)
Result logdir: /workspace/MARLlib/runs/rware_mappo_gru_small_20m_tensorboard/mappo_gru_rware-small-4ag-v2
Number of trials: 1/1 (1 RUNNING)
+------------------------------------------------------+----------+-------------------+--------+------------------+-------------+----------+----------------------+----------------------+--------------------+
| Trial name                                           | status   | loc               |   iter |   total time (s) |          ts |   reward |   episode_reward_max |   episode_reward_min |   episode_len_mean |
|------------------------------------------------------+----------+-------------------+--------+------------------+-------------+----------+----------------------+----------------------+--------------------|
| MAPPOTrainer_rware_v2_rware-small-4ag-v2_f1650_00000 | RUNNING  | 172.24.0.2:837006 |    285 |          814.309 | 5.69772e+06 |        0 |                    0 |                    0 |                500 |
+------------------------------------------------------+----------+-------------------+--------+------------------+-------------+----------+----------------------+----------------------+--------------------+


== Status ==
Current time: 2026-05-22 20:43:33 (running for 00:14:00.45)
Memory usage on this node: 62.5/251.6 GiB
Using FIFO scheduling algorithm.
Resources requested: 7.0/8 CPUs, 1.0/1 GPUs, 0.0/17.88 GiB heap, 0.0/8.94 GiB objects (0.0/1.0 accelerator_type:G)
Result logdir: /workspace/MARLlib/runs/rware_mappo_gru_small_20m_tensorboard/mappo_gru_rware-small-4ag-v2
Number of trials: 1/1 (1 RUNNING)
+------------------------------------------------------+----------+-------------------+--------+------------------+------------+----------+----------------------+----------------------+--------------------+
| Trial name                                           | status   | loc               |   iter |   total time (s) |         ts |   reward |   episode_reward_max |   episode_reward_min |   episode_len_mean |
|------------------------------------------------------+----------+-------------------+--------+------------------+------------+----------+----------------------+----------------------+--------------------|
| MAPPOTrainer_rware_v2_rware-small-4ag-v2_f1650_00000 | RUNNING  | 172.24.0.2:837006 |    287 |          819.589 | 5.7377e+06 |        0 |                    0 |                    0 |                500 |
+------------------------------------------------------+----------+-------------------+--------+------------------+------------+----------+----------------------+----------------------+--------------------+


== Status ==
Current time: 2026-05-22 20:43:39 (running for 00:14:05.77)
Memory usage on this node: 62.4/251.6 GiB
Using FIFO scheduling algorithm.
Resources requested: 7.0/8 CPUs, 1.0/1 GPUs, 0.0/17.88 GiB heap, 0.0/8.94 GiB objects (0.0/1.0 accelerator_type:G)
Result logdir: /workspace/MARLlib/runs/rware_mappo_gru_small_20m_tensorboard/mappo_gru_rware-small-4ag-v2
Number of trials: 1/1 (1 RUNNING)
+------------------------------------------------------+----------+-------------------+--------+------------------+-------------+----------+----------------------+----------------------+--------------------+
| Trial name                                           | status   | loc               |   iter |   total time (s) |          ts |   reward |   episode_reward_max |   episode_reward_min |   episode_len_mean |
|------------------------------------------------------+----------+-------------------+--------+------------------+-------------+----------+----------------------+----------------------+--------------------|
| MAPPOTrainer_rware_v2_rware-small-4ag-v2_f1650_00000 | RUNNING  | 172.24.0.2:837006 |    289 |          824.852 | 5.77769e+06 |        0 |                    0 |                    0 |                500 |
+------------------------------------------------------+----------+-------------------+--------+------------------+-------------+----------+----------------------+----------------------+--------------------+


== Status ==
Current time: 2026-05-22 20:43:44 (running for 00:14:11.04)
Memory usage on this node: 62.4/251.6 GiB
Using FIFO scheduling algorithm.
Resources requested: 7.0/8 CPUs, 1.0/1 GPUs, 0.0/17.88 GiB heap, 0.0/8.94 GiB objects (0.0/1.0 accelerator_type:G)
Result logdir: /workspace/MARLlib/runs/rware_mappo_gru_small_20m_tensorboard/mappo_gru_rware-small-4ag-v2
Number of trials: 1/1 (1 RUNNING)
+------------------------------------------------------+----------+-------------------+--------+------------------+-------------+----------+----------------------+----------------------+--------------------+
| Trial name                                           | status   | loc               |   iter |   total time (s) |          ts |   reward |   episode_reward_max |   episode_reward_min |   episode_len_mean |
|------------------------------------------------------+----------+-------------------+--------+------------------+-------------+----------+----------------------+----------------------+--------------------|
| MAPPOTrainer_rware_v2_rware-small-4ag-v2_f1650_00000 | RUNNING  | 172.24.0.2:837006 |    291 |          830.073 | 5.81767e+06 |        0 |                    0 |                    0 |                500 |
+------------------------------------------------------+----------+-------------------+--------+------------------+-------------+----------+----------------------+----------------------+--------------------+


== Status ==
Current time: 2026-05-22 20:43:49 (running for 00:14:16.40)
Memory usage on this node: 62.6/251.6 GiB
Using FIFO scheduling algorithm.
Resources requested: 7.0/8 CPUs, 1.0/1 GPUs, 0.0/17.88 GiB heap, 0.0/8.94 GiB objects (0.0/1.0 accelerator_type:G)
Result logdir: /workspace/MARLlib/runs/rware_mappo_gru_small_20m_tensorboard/mappo_gru_rware-small-4ag-v2
Number of trials: 1/1 (1 RUNNING)
+------------------------------------------------------+----------+-------------------+--------+------------------+-------------+----------+----------------------+----------------------+--------------------+
| Trial name                                           | status   | loc               |   iter |   total time (s) |          ts |   reward |   episode_reward_max |   episode_reward_min |   episode_len_mean |
|------------------------------------------------------+----------+-------------------+--------+------------------+-------------+----------+----------------------+----------------------+--------------------|
| MAPPOTrainer_rware_v2_rware-small-4ag-v2_f1650_00000 | RUNNING  | 172.24.0.2:837006 |    293 |          835.378 | 5.85766e+06 |        0 |                    0 |                    0 |                500 |
+------------------------------------------------------+----------+-------------------+--------+------------------+-------------+----------+----------------------+----------------------+--------------------+


== Status ==
Current time: 2026-05-22 20:43:55 (running for 00:14:21.71)
Memory usage on this node: 62.4/251.6 GiB
Using FIFO scheduling algorithm.
Resources requested: 7.0/8 CPUs, 1.0/1 GPUs, 0.0/17.88 GiB heap, 0.0/8.94 GiB objects (0.0/1.0 accelerator_type:G)
Result logdir: /workspace/MARLlib/runs/rware_mappo_gru_small_20m_tensorboard/mappo_gru_rware-small-4ag-v2
Number of trials: 1/1 (1 RUNNING)
+------------------------------------------------------+----------+-------------------+--------+------------------+-------------+----------+----------------------+----------------------+--------------------+
| Trial name                                           | status   | loc               |   iter |   total time (s) |          ts |   reward |   episode_reward_max |   episode_reward_min |   episode_len_mean |
|------------------------------------------------------+----------+-------------------+--------+------------------+-------------+----------+----------------------+----------------------+--------------------|
| MAPPOTrainer_rware_v2_rware-small-4ag-v2_f1650_00000 | RUNNING  | 172.24.0.2:837006 |    295 |          840.634 | 5.89764e+06 |        0 |                    0 |                    0 |                500 |
+------------------------------------------------------+----------+-------------------+--------+------------------+-------------+----------+----------------------+----------------------+--------------------+


== Status ==
Current time: 2026-05-22 20:44:00 (running for 00:14:27.07)
Memory usage on this node: 62.4/251.6 GiB
Using FIFO scheduling algorithm.
Resources requested: 7.0/8 CPUs, 1.0/1 GPUs, 0.0/17.88 GiB heap, 0.0/8.94 GiB objects (0.0/1.0 accelerator_type:G)
Result logdir: /workspace/MARLlib/runs/rware_mappo_gru_small_20m_tensorboard/mappo_gru_rware-small-4ag-v2
Number of trials: 1/1 (1 RUNNING)
+------------------------------------------------------+----------+-------------------+--------+------------------+-------------+----------+----------------------+----------------------+--------------------+
| Trial name                                           | status   | loc               |   iter |   total time (s) |          ts |   reward |   episode_reward_max |   episode_reward_min |   episode_len_mean |
|------------------------------------------------------+----------+-------------------+--------+------------------+-------------+----------+----------------------+----------------------+--------------------|
| MAPPOTrainer_rware_v2_rware-small-4ag-v2_f1650_00000 | RUNNING  | 172.24.0.2:837006 |    297 |          845.939 | 5.93762e+06 |        0 |                    0 |                    0 |                500 |
+------------------------------------------------------+----------+-------------------+--------+------------------+-------------+----------+----------------------+----------------------+--------------------+


== Status ==
Current time: 2026-05-22 20:44:05 (running for 00:14:32.36)
Memory usage on this node: 62.5/251.6 GiB
Using FIFO scheduling algorithm.
Resources requested: 7.0/8 CPUs, 1.0/1 GPUs, 0.0/17.88 GiB heap, 0.0/8.94 GiB objects (0.0/1.0 accelerator_type:G)
Result logdir: /workspace/MARLlib/runs/rware_mappo_gru_small_20m_tensorboard/mappo_gru_rware-small-4ag-v2
Number of trials: 1/1 (1 RUNNING)
+------------------------------------------------------+----------+-------------------+--------+------------------+-------------+----------+----------------------+----------------------+--------------------+
| Trial name                                           | status   | loc               |   iter |   total time (s) |          ts |   reward |   episode_reward_max |   episode_reward_min |   episode_len_mean |
|------------------------------------------------------+----------+-------------------+--------+------------------+-------------+----------+----------------------+----------------------+--------------------|
| MAPPOTrainer_rware_v2_rware-small-4ag-v2_f1650_00000 | RUNNING  | 172.24.0.2:837006 |    299 |          851.166 | 5.97761e+06 |     0.02 |                    1 |                    0 |                500 |
+------------------------------------------------------+----------+-------------------+--------+------------------+-------------+----------+----------------------+----------------------+--------------------+


== Status ==
Current time: 2026-05-22 20:44:10 (running for 00:14:37.36)
Memory usage on this node: 62.4/251.6 GiB
Using FIFO scheduling algorithm.
Resources requested: 7.0/8 CPUs, 1.0/1 GPUs, 0.0/17.88 GiB heap, 0.0/8.94 GiB objects (0.0/1.0 accelerator_type:G)
Result logdir: /workspace/MARLlib/runs/rware_mappo_gru_small_20m_tensorboard/mappo_gru_rware-small-4ag-v2
Number of trials: 1/1 (1 RUNNING)
+------------------------------------------------------+----------+-------------------+--------+------------------+-------------+----------+----------------------+----------------------+--------------------+
| Trial name                                           | status   | loc               |   iter |   total time (s) |          ts |   reward |   episode_reward_max |   episode_reward_min |   episode_len_mean |
|------------------------------------------------------+----------+-------------------+--------+------------------+-------------+----------+----------------------+----------------------+--------------------|
| MAPPOTrainer_rware_v2_rware-small-4ag-v2_f1650_00000 | RUNNING  | 172.24.0.2:837006 |    299 |          851.166 | 5.97761e+06 |     0.02 |                    1 |                    0 |                500 |
+------------------------------------------------------+----------+-------------------+--------+------------------+-------------+----------+----------------------+----------------------+--------------------+


== Status ==
Current time: 2026-05-22 20:44:15 (running for 00:14:42.37)
Memory usage on this node: 62.5/251.6 GiB
Using FIFO scheduling algorithm.
Resources requested: 7.0/8 CPUs, 1.0/1 GPUs, 0.0/17.88 GiB heap, 0.0/8.94 GiB objects (0.0/1.0 accelerator_type:G)
Result logdir: /workspace/MARLlib/runs/rware_mappo_gru_small_20m_tensorboard/mappo_gru_rware-small-4ag-v2
Number of trials: 1/1 (1 RUNNING)
+------------------------------------------------------+----------+-------------------+--------+------------------+-------------+----------+----------------------+----------------------+--------------------+
| Trial name                                           | status   | loc               |   iter |   total time (s) |          ts |   reward |   episode_reward_max |   episode_reward_min |   episode_len_mean |
|------------------------------------------------------+----------+-------------------+--------+------------------+-------------+----------+----------------------+----------------------+--------------------|
| MAPPOTrainer_rware_v2_rware-small-4ag-v2_f1650_00000 | RUNNING  | 172.24.0.2:837006 |    299 |          851.166 | 5.97761e+06 |     0.02 |                    1 |                    0 |                500 |
+------------------------------------------------------+----------+-------------------+--------+------------------+-------------+----------+----------------------+----------------------+--------------------+


== Status ==
Current time: 2026-05-22 20:44:21 (running for 00:14:48.13)
Memory usage on this node: 62.4/251.6 GiB
Using FIFO scheduling algorithm.
Resources requested: 7.0/8 CPUs, 1.0/1 GPUs, 0.0/17.88 GiB heap, 0.0/8.94 GiB objects (0.0/1.0 accelerator_type:G)
Result logdir: /workspace/MARLlib/runs/rware_mappo_gru_small_20m_tensorboard/mappo_gru_rware-small-4ag-v2
Number of trials: 1/1 (1 RUNNING)
+------------------------------------------------------+----------+-------------------+--------+------------------+------------+----------+----------------------+----------------------+--------------------+
| Trial name                                           | status   | loc               |   iter |   total time (s) |         ts |   reward |   episode_reward_max |   episode_reward_min |   episode_len_mean |
|------------------------------------------------------+----------+-------------------+--------+------------------+------------+----------+----------------------+----------------------+--------------------|
| MAPPOTrainer_rware_v2_rware-small-4ag-v2_f1650_00000 | RUNNING  | 172.24.0.2:837006 |    300 |          866.883 | 5.9976e+06 |     0.02 |                    1 |                    0 |                500 |
+------------------------------------------------------+----------+-------------------+--------+------------------+------------+----------+----------------------+----------------------+--------------------+


== Status ==
Current time: 2026-05-22 20:44:26 (running for 00:14:53.49)
Memory usage on this node: 62.4/251.6 GiB
Using FIFO scheduling algorithm.
Resources requested: 7.0/8 CPUs, 1.0/1 GPUs, 0.0/17.88 GiB heap, 0.0/8.94 GiB objects (0.0/1.0 accelerator_type:G)
Result logdir: /workspace/MARLlib/runs/rware_mappo_gru_small_20m_tensorboard/mappo_gru_rware-small-4ag-v2
Number of trials: 1/1 (1 RUNNING)
+------------------------------------------------------+----------+-------------------+--------+------------------+-------------+----------+----------------------+----------------------+--------------------+
| Trial name                                           | status   | loc               |   iter |   total time (s) |          ts |   reward |   episode_reward_max |   episode_reward_min |   episode_len_mean |
|------------------------------------------------------+----------+-------------------+--------+------------------+-------------+----------+----------------------+----------------------+--------------------|
| MAPPOTrainer_rware_v2_rware-small-4ag-v2_f1650_00000 | RUNNING  | 172.24.0.2:837006 |    302 |          872.206 | 6.03758e+06 |     0.03 |                    1 |                    0 |                500 |
+------------------------------------------------------+----------+-------------------+--------+------------------+-------------+----------+----------------------+----------------------+--------------------+


== Status ==
Current time: 2026-05-22 20:44:32 (running for 00:14:58.75)
Memory usage on this node: 62.4/251.6 GiB
Using FIFO scheduling algorithm.
Resources requested: 7.0/8 CPUs, 1.0/1 GPUs, 0.0/17.88 GiB heap, 0.0/8.94 GiB objects (0.0/1.0 accelerator_type:G)
Result logdir: /workspace/MARLlib/runs/rware_mappo_gru_small_20m_tensorboard/mappo_gru_rware-small-4ag-v2
Number of trials: 1/1 (1 RUNNING)
+------------------------------------------------------+----------+-------------------+--------+------------------+-------------+----------+----------------------+----------------------+--------------------+
| Trial name                                           | status   | loc               |   iter |   total time (s) |          ts |   reward |   episode_reward_max |   episode_reward_min |   episode_len_mean |
|------------------------------------------------------+----------+-------------------+--------+------------------+-------------+----------+----------------------+----------------------+--------------------|
| MAPPOTrainer_rware_v2_rware-small-4ag-v2_f1650_00000 | RUNNING  | 172.24.0.2:837006 |    304 |          877.416 | 6.07757e+06 |     0.03 |                    1 |                    0 |                500 |
+------------------------------------------------------+----------+-------------------+--------+------------------+-------------+----------+----------------------+----------------------+--------------------+


== Status ==
Current time: 2026-05-22 20:44:37 (running for 00:15:04.05)
Memory usage on this node: 62.4/251.6 GiB
Using FIFO scheduling algorithm.
Resources requested: 7.0/8 CPUs, 1.0/1 GPUs, 0.0/17.88 GiB heap, 0.0/8.94 GiB objects (0.0/1.0 accelerator_type:G)
Result logdir: /workspace/MARLlib/runs/rware_mappo_gru_small_20m_tensorboard/mappo_gru_rware-small-4ag-v2
Number of trials: 1/1 (1 RUNNING)
+------------------------------------------------------+----------+-------------------+--------+------------------+-------------+----------+----------------------+----------------------+--------------------+
| Trial name                                           | status   | loc               |   iter |   total time (s) |          ts |   reward |   episode_reward_max |   episode_reward_min |   episode_len_mean |
|------------------------------------------------------+----------+-------------------+--------+------------------+-------------+----------+----------------------+----------------------+--------------------|
| MAPPOTrainer_rware_v2_rware-small-4ag-v2_f1650_00000 | RUNNING  | 172.24.0.2:837006 |    306 |          882.659 | 6.11755e+06 |     0.03 |                    1 |                    0 |                500 |
+------------------------------------------------------+----------+-------------------+--------+------------------+-------------+----------+----------------------+----------------------+--------------------+


== Status ==
Current time: 2026-05-22 20:44:42 (running for 00:15:09.39)
Memory usage on this node: 62.4/251.6 GiB
Using FIFO scheduling algorithm.
Resources requested: 7.0/8 CPUs, 1.0/1 GPUs, 0.0/17.88 GiB heap, 0.0/8.94 GiB objects (0.0/1.0 accelerator_type:G)
Result logdir: /workspace/MARLlib/runs/rware_mappo_gru_small_20m_tensorboard/mappo_gru_rware-small-4ag-v2
Number of trials: 1/1 (1 RUNNING)
+------------------------------------------------------+----------+-------------------+--------+------------------+-------------+----------+----------------------+----------------------+--------------------+
| Trial name                                           | status   | loc               |   iter |   total time (s) |          ts |   reward |   episode_reward_max |   episode_reward_min |   episode_len_mean |
|------------------------------------------------------+----------+-------------------+--------+------------------+-------------+----------+----------------------+----------------------+--------------------|
| MAPPOTrainer_rware_v2_rware-small-4ag-v2_f1650_00000 | RUNNING  | 172.24.0.2:837006 |    308 |          887.939 | 6.15754e+06 |     0.01 |                    1 |                    0 |                500 |
+------------------------------------------------------+----------+-------------------+--------+------------------+-------------+----------+----------------------+----------------------+--------------------+


== Status ==
Current time: 2026-05-22 20:44:48 (running for 00:15:14.66)
Memory usage on this node: 62.4/251.6 GiB
Using FIFO scheduling algorithm.
Resources requested: 7.0/8 CPUs, 1.0/1 GPUs, 0.0/17.88 GiB heap, 0.0/8.94 GiB objects (0.0/1.0 accelerator_type:G)
Result logdir: /workspace/MARLlib/runs/rware_mappo_gru_small_20m_tensorboard/mappo_gru_rware-small-4ag-v2
Number of trials: 1/1 (1 RUNNING)
+------------------------------------------------------+----------+-------------------+--------+------------------+-------------+----------+----------------------+----------------------+--------------------+
| Trial name                                           | status   | loc               |   iter |   total time (s) |          ts |   reward |   episode_reward_max |   episode_reward_min |   episode_len_mean |
|------------------------------------------------------+----------+-------------------+--------+------------------+-------------+----------+----------------------+----------------------+--------------------|
| MAPPOTrainer_rware_v2_rware-small-4ag-v2_f1650_00000 | RUNNING  | 172.24.0.2:837006 |    310 |          893.153 | 6.19752e+06 |     0.02 |                    1 |                    0 |                500 |
+------------------------------------------------------+----------+-------------------+--------+------------------+-------------+----------+----------------------+----------------------+--------------------+


== Status ==
Current time: 2026-05-22 20:44:53 (running for 00:15:19.90)
Memory usage on this node: 62.4/251.6 GiB
Using FIFO scheduling algorithm.
Resources requested: 7.0/8 CPUs, 1.0/1 GPUs, 0.0/17.88 GiB heap, 0.0/8.94 GiB objects (0.0/1.0 accelerator_type:G)
Result logdir: /workspace/MARLlib/runs/rware_mappo_gru_small_20m_tensorboard/mappo_gru_rware-small-4ag-v2
Number of trials: 1/1 (1 RUNNING)
+------------------------------------------------------+----------+-------------------+--------+------------------+------------+----------+----------------------+----------------------+--------------------+
| Trial name                                           | status   | loc               |   iter |   total time (s) |         ts |   reward |   episode_reward_max |   episode_reward_min |   episode_len_mean |
|------------------------------------------------------+----------+-------------------+--------+------------------+------------+----------+----------------------+----------------------+--------------------|
| MAPPOTrainer_rware_v2_rware-small-4ag-v2_f1650_00000 | RUNNING  | 172.24.0.2:837006 |    312 |          898.328 | 6.2375e+06 |     0.01 |                    1 |                    0 |                500 |
+------------------------------------------------------+----------+-------------------+--------+------------------+------------+----------+----------------------+----------------------+--------------------+


== Status ==
Current time: 2026-05-22 20:44:58 (running for 00:15:25.09)
Memory usage on this node: 62.4/251.6 GiB
Using FIFO scheduling algorithm.
Resources requested: 7.0/8 CPUs, 1.0/1 GPUs, 0.0/17.88 GiB heap, 0.0/8.94 GiB objects (0.0/1.0 accelerator_type:G)
Result logdir: /workspace/MARLlib/runs/rware_mappo_gru_small_20m_tensorboard/mappo_gru_rware-small-4ag-v2
Number of trials: 1/1 (1 RUNNING)
+------------------------------------------------------+----------+-------------------+--------+------------------+-------------+----------+----------------------+----------------------+--------------------+
| Trial name                                           | status   | loc               |   iter |   total time (s) |          ts |   reward |   episode_reward_max |   episode_reward_min |   episode_len_mean |
|------------------------------------------------------+----------+-------------------+--------+------------------+-------------+----------+----------------------+----------------------+--------------------|
| MAPPOTrainer_rware_v2_rware-small-4ag-v2_f1650_00000 | RUNNING  | 172.24.0.2:837006 |    314 |          903.478 | 6.27749e+06 |     0.02 |                    1 |                    0 |                500 |
+------------------------------------------------------+----------+-------------------+--------+------------------+-------------+----------+----------------------+----------------------+--------------------+


== Status ==
Current time: 2026-05-22 20:45:03 (running for 00:15:30.41)
Memory usage on this node: 62.4/251.6 GiB
Using FIFO scheduling algorithm.
Resources requested: 7.0/8 CPUs, 1.0/1 GPUs, 0.0/17.88 GiB heap, 0.0/8.94 GiB objects (0.0/1.0 accelerator_type:G)
Result logdir: /workspace/MARLlib/runs/rware_mappo_gru_small_20m_tensorboard/mappo_gru_rware-small-4ag-v2
Number of trials: 1/1 (1 RUNNING)
+------------------------------------------------------+----------+-------------------+--------+------------------+-------------+----------+----------------------+----------------------+--------------------+
| Trial name                                           | status   | loc               |   iter |   total time (s) |          ts |   reward |   episode_reward_max |   episode_reward_min |   episode_len_mean |
|------------------------------------------------------+----------+-------------------+--------+------------------+-------------+----------+----------------------+----------------------+--------------------|
| MAPPOTrainer_rware_v2_rware-small-4ag-v2_f1650_00000 | RUNNING  | 172.24.0.2:837006 |    316 |          908.737 | 6.31747e+06 |     0.03 |                    1 |                    0 |                500 |
+------------------------------------------------------+----------+-------------------+--------+------------------+-------------+----------+----------------------+----------------------+--------------------+


== Status ==
Current time: 2026-05-22 20:45:09 (running for 00:15:35.63)
Memory usage on this node: 62.6/251.6 GiB
Using FIFO scheduling algorithm.
Resources requested: 7.0/8 CPUs, 1.0/1 GPUs, 0.0/17.88 GiB heap, 0.0/8.94 GiB objects (0.0/1.0 accelerator_type:G)
Result logdir: /workspace/MARLlib/runs/rware_mappo_gru_small_20m_tensorboard/mappo_gru_rware-small-4ag-v2
Number of trials: 1/1 (1 RUNNING)
+------------------------------------------------------+----------+-------------------+--------+------------------+-------------+----------+----------------------+----------------------+--------------------+
| Trial name                                           | status   | loc               |   iter |   total time (s) |          ts |   reward |   episode_reward_max |   episode_reward_min |   episode_len_mean |
|------------------------------------------------------+----------+-------------------+--------+------------------+-------------+----------+----------------------+----------------------+--------------------|
| MAPPOTrainer_rware_v2_rware-small-4ag-v2_f1650_00000 | RUNNING  | 172.24.0.2:837006 |    318 |           913.89 | 6.35746e+06 |     0.03 |                    1 |                    0 |                500 |
+------------------------------------------------------+----------+-------------------+--------+------------------+-------------+----------+----------------------+----------------------+--------------------+


== Status ==
Current time: 2026-05-22 20:45:14 (running for 00:15:40.89)
Memory usage on this node: 62.5/251.6 GiB
Using FIFO scheduling algorithm.
Resources requested: 7.0/8 CPUs, 1.0/1 GPUs, 0.0/17.88 GiB heap, 0.0/8.94 GiB objects (0.0/1.0 accelerator_type:G)
Result logdir: /workspace/MARLlib/runs/rware_mappo_gru_small_20m_tensorboard/mappo_gru_rware-small-4ag-v2
Number of trials: 1/1 (1 RUNNING)
+------------------------------------------------------+----------+-------------------+--------+------------------+-------------+----------+----------------------+----------------------+--------------------+
| Trial name                                           | status   | loc               |   iter |   total time (s) |          ts |   reward |   episode_reward_max |   episode_reward_min |   episode_len_mean |
|------------------------------------------------------+----------+-------------------+--------+------------------+-------------+----------+----------------------+----------------------+--------------------|
| MAPPOTrainer_rware_v2_rware-small-4ag-v2_f1650_00000 | RUNNING  | 172.24.0.2:837006 |    320 |          919.115 | 6.39744e+06 |     0.04 |                    1 |                    0 |                500 |
+------------------------------------------------------+----------+-------------------+--------+------------------+-------------+----------+----------------------+----------------------+--------------------+


== Status ==
Current time: 2026-05-22 20:45:19 (running for 00:15:46.32)
Memory usage on this node: 62.4/251.6 GiB
Using FIFO scheduling algorithm.
Resources requested: 7.0/8 CPUs, 1.0/1 GPUs, 0.0/17.88 GiB heap, 0.0/8.94 GiB objects (0.0/1.0 accelerator_type:G)
Result logdir: /workspace/MARLlib/runs/rware_mappo_gru_small_20m_tensorboard/mappo_gru_rware-small-4ag-v2
Number of trials: 1/1 (1 RUNNING)
+------------------------------------------------------+----------+-------------------+--------+------------------+-------------+----------+----------------------+----------------------+--------------------+
| Trial name                                           | status   | loc               |   iter |   total time (s) |          ts |   reward |   episode_reward_max |   episode_reward_min |   episode_len_mean |
|------------------------------------------------------+----------+-------------------+--------+------------------+-------------+----------+----------------------+----------------------+--------------------|
| MAPPOTrainer_rware_v2_rware-small-4ag-v2_f1650_00000 | RUNNING  | 172.24.0.2:837006 |    322 |          924.479 | 6.43742e+06 |     0.04 |                    1 |                    0 |                500 |
+------------------------------------------------------+----------+-------------------+--------+------------------+-------------+----------+----------------------+----------------------+--------------------+


== Status ==
Current time: 2026-05-22 20:45:25 (running for 00:15:51.62)
Memory usage on this node: 62.4/251.6 GiB
Using FIFO scheduling algorithm.
Resources requested: 7.0/8 CPUs, 1.0/1 GPUs, 0.0/17.88 GiB heap, 0.0/8.94 GiB objects (0.0/1.0 accelerator_type:G)
Result logdir: /workspace/MARLlib/runs/rware_mappo_gru_small_20m_tensorboard/mappo_gru_rware-small-4ag-v2
Number of trials: 1/1 (1 RUNNING)
+------------------------------------------------------+----------+-------------------+--------+------------------+-------------+----------+----------------------+----------------------+--------------------+
| Trial name                                           | status   | loc               |   iter |   total time (s) |          ts |   reward |   episode_reward_max |   episode_reward_min |   episode_len_mean |
|------------------------------------------------------+----------+-------------------+--------+------------------+-------------+----------+----------------------+----------------------+--------------------|
| MAPPOTrainer_rware_v2_rware-small-4ag-v2_f1650_00000 | RUNNING  | 172.24.0.2:837006 |    324 |          929.719 | 6.47741e+06 |     0.05 |                    1 |                    0 |                500 |
+------------------------------------------------------+----------+-------------------+--------+------------------+-------------+----------+----------------------+----------------------+--------------------+


== Status ==
Current time: 2026-05-22 20:45:30 (running for 00:15:57.02)
Memory usage on this node: 62.4/251.6 GiB
Using FIFO scheduling algorithm.
Resources requested: 7.0/8 CPUs, 1.0/1 GPUs, 0.0/17.88 GiB heap, 0.0/8.94 GiB objects (0.0/1.0 accelerator_type:G)
Result logdir: /workspace/MARLlib/runs/rware_mappo_gru_small_20m_tensorboard/mappo_gru_rware-small-4ag-v2
Number of trials: 1/1 (1 RUNNING)
+------------------------------------------------------+----------+-------------------+--------+------------------+-------------+----------+----------------------+----------------------+--------------------+
| Trial name                                           | status   | loc               |   iter |   total time (s) |          ts |   reward |   episode_reward_max |   episode_reward_min |   episode_len_mean |
|------------------------------------------------------+----------+-------------------+--------+------------------+-------------+----------+----------------------+----------------------+--------------------|
| MAPPOTrainer_rware_v2_rware-small-4ag-v2_f1650_00000 | RUNNING  | 172.24.0.2:837006 |    326 |          935.063 | 6.51739e+06 |     0.06 |                    1 |                    0 |                500 |
+------------------------------------------------------+----------+-------------------+--------+------------------+-------------+----------+----------------------+----------------------+--------------------+


== Status ==
Current time: 2026-05-22 20:45:35 (running for 00:16:02.46)
Memory usage on this node: 62.4/251.6 GiB
Using FIFO scheduling algorithm.
Resources requested: 7.0/8 CPUs, 1.0/1 GPUs, 0.0/17.88 GiB heap, 0.0/8.94 GiB objects (0.0/1.0 accelerator_type:G)
Result logdir: /workspace/MARLlib/runs/rware_mappo_gru_small_20m_tensorboard/mappo_gru_rware-small-4ag-v2
Number of trials: 1/1 (1 RUNNING)
+------------------------------------------------------+----------+-------------------+--------+------------------+-------------+----------+----------------------+----------------------+--------------------+
| Trial name                                           | status   | loc               |   iter |   total time (s) |          ts |   reward |   episode_reward_max |   episode_reward_min |   episode_len_mean |
|------------------------------------------------------+----------+-------------------+--------+------------------+-------------+----------+----------------------+----------------------+--------------------|
| MAPPOTrainer_rware_v2_rware-small-4ag-v2_f1650_00000 | RUNNING  | 172.24.0.2:837006 |    328 |          940.438 | 6.55738e+06 |      0.1 |                    1 |                    0 |                500 |
+------------------------------------------------------+----------+-------------------+--------+------------------+-------------+----------+----------------------+----------------------+--------------------+


== Status ==
Current time: 2026-05-22 20:45:41 (running for 00:16:07.58)
Memory usage on this node: 62.4/251.6 GiB
Using FIFO scheduling algorithm.
Resources requested: 7.0/8 CPUs, 1.0/1 GPUs, 0.0/17.88 GiB heap, 0.0/8.94 GiB objects (0.0/1.0 accelerator_type:G)
Result logdir: /workspace/MARLlib/runs/rware_mappo_gru_small_20m_tensorboard/mappo_gru_rware-small-4ag-v2
Number of trials: 1/1 (1 RUNNING)
+------------------------------------------------------+----------+-------------------+--------+------------------+-------------+----------+----------------------+----------------------+--------------------+
| Trial name                                           | status   | loc               |   iter |   total time (s) |          ts |   reward |   episode_reward_max |   episode_reward_min |   episode_len_mean |
|------------------------------------------------------+----------+-------------------+--------+------------------+-------------+----------+----------------------+----------------------+--------------------|
| MAPPOTrainer_rware_v2_rware-small-4ag-v2_f1650_00000 | RUNNING  | 172.24.0.2:837006 |    330 |          945.491 | 6.59736e+06 |     0.12 |                    1 |                    0 |                500 |
+------------------------------------------------------+----------+-------------------+--------+------------------+-------------+----------+----------------------+----------------------+--------------------+


== Status ==
Current time: 2026-05-22 20:45:46 (running for 00:16:12.89)
Memory usage on this node: 62.5/251.6 GiB
Using FIFO scheduling algorithm.
Resources requested: 7.0/8 CPUs, 1.0/1 GPUs, 0.0/17.88 GiB heap, 0.0/8.94 GiB objects (0.0/1.0 accelerator_type:G)
Result logdir: /workspace/MARLlib/runs/rware_mappo_gru_small_20m_tensorboard/mappo_gru_rware-small-4ag-v2
Number of trials: 1/1 (1 RUNNING)
+------------------------------------------------------+----------+-------------------+--------+------------------+-------------+----------+----------------------+----------------------+--------------------+
| Trial name                                           | status   | loc               |   iter |   total time (s) |          ts |   reward |   episode_reward_max |   episode_reward_min |   episode_len_mean |
|------------------------------------------------------+----------+-------------------+--------+------------------+-------------+----------+----------------------+----------------------+--------------------|
| MAPPOTrainer_rware_v2_rware-small-4ag-v2_f1650_00000 | RUNNING  | 172.24.0.2:837006 |    332 |          950.732 | 6.63734e+06 |     0.12 |                    1 |                    0 |                500 |
+------------------------------------------------------+----------+-------------------+--------+------------------+-------------+----------+----------------------+----------------------+--------------------+


== Status ==
Current time: 2026-05-22 20:45:51 (running for 00:16:18.20)
Memory usage on this node: 62.5/251.6 GiB
Using FIFO scheduling algorithm.
Resources requested: 7.0/8 CPUs, 1.0/1 GPUs, 0.0/17.88 GiB heap, 0.0/8.94 GiB objects (0.0/1.0 accelerator_type:G)
Result logdir: /workspace/MARLlib/runs/rware_mappo_gru_small_20m_tensorboard/mappo_gru_rware-small-4ag-v2
Number of trials: 1/1 (1 RUNNING)
+------------------------------------------------------+----------+-------------------+--------+------------------+-------------+----------+----------------------+----------------------+--------------------+
| Trial name                                           | status   | loc               |   iter |   total time (s) |          ts |   reward |   episode_reward_max |   episode_reward_min |   episode_len_mean |
|------------------------------------------------------+----------+-------------------+--------+------------------+-------------+----------+----------------------+----------------------+--------------------|
| MAPPOTrainer_rware_v2_rware-small-4ag-v2_f1650_00000 | RUNNING  | 172.24.0.2:837006 |    334 |          955.983 | 6.67733e+06 |     0.11 |                    1 |                    0 |                500 |
+------------------------------------------------------+----------+-------------------+--------+------------------+-------------+----------+----------------------+----------------------+--------------------+


== Status ==
Current time: 2026-05-22 20:45:56 (running for 00:16:23.50)
Memory usage on this node: 62.4/251.6 GiB
Using FIFO scheduling algorithm.
Resources requested: 7.0/8 CPUs, 1.0/1 GPUs, 0.0/17.88 GiB heap, 0.0/8.94 GiB objects (0.0/1.0 accelerator_type:G)
Result logdir: /workspace/MARLlib/runs/rware_mappo_gru_small_20m_tensorboard/mappo_gru_rware-small-4ag-v2
Number of trials: 1/1 (1 RUNNING)
+------------------------------------------------------+----------+-------------------+--------+------------------+-------------+----------+----------------------+----------------------+--------------------+
| Trial name                                           | status   | loc               |   iter |   total time (s) |          ts |   reward |   episode_reward_max |   episode_reward_min |   episode_len_mean |
|------------------------------------------------------+----------+-------------------+--------+------------------+-------------+----------+----------------------+----------------------+--------------------|
| MAPPOTrainer_rware_v2_rware-small-4ag-v2_f1650_00000 | RUNNING  | 172.24.0.2:837006 |    336 |          961.224 | 6.71731e+06 |     0.09 |                    1 |                    0 |                500 |
+------------------------------------------------------+----------+-------------------+--------+------------------+-------------+----------+----------------------+----------------------+--------------------+


== Status ==
Current time: 2026-05-22 20:46:02 (running for 00:16:28.83)
Memory usage on this node: 62.5/251.6 GiB
Using FIFO scheduling algorithm.
Resources requested: 7.0/8 CPUs, 1.0/1 GPUs, 0.0/17.88 GiB heap, 0.0/8.94 GiB objects (0.0/1.0 accelerator_type:G)
Result logdir: /workspace/MARLlib/runs/rware_mappo_gru_small_20m_tensorboard/mappo_gru_rware-small-4ag-v2
Number of trials: 1/1 (1 RUNNING)
+------------------------------------------------------+----------+-------------------+--------+------------------+------------+----------+----------------------+----------------------+--------------------+
| Trial name                                           | status   | loc               |   iter |   total time (s) |         ts |   reward |   episode_reward_max |   episode_reward_min |   episode_len_mean |
|------------------------------------------------------+----------+-------------------+--------+------------------+------------+----------+----------------------+----------------------+--------------------|
| MAPPOTrainer_rware_v2_rware-small-4ag-v2_f1650_00000 | RUNNING  | 172.24.0.2:837006 |    338 |          966.492 | 6.7573e+06 |     0.07 |                    1 |                    0 |                500 |
+------------------------------------------------------+----------+-------------------+--------+------------------+------------+----------+----------------------+----------------------+--------------------+


== Status ==
Current time: 2026-05-22 20:46:07 (running for 00:16:34.13)
Memory usage on this node: 62.4/251.6 GiB
Using FIFO scheduling algorithm.
Resources requested: 7.0/8 CPUs, 1.0/1 GPUs, 0.0/17.88 GiB heap, 0.0/8.94 GiB objects (0.0/1.0 accelerator_type:G)
Result logdir: /workspace/MARLlib/runs/rware_mappo_gru_small_20m_tensorboard/mappo_gru_rware-small-4ag-v2
Number of trials: 1/1 (1 RUNNING)
+------------------------------------------------------+----------+-------------------+--------+------------------+-------------+----------+----------------------+----------------------+--------------------+
| Trial name                                           | status   | loc               |   iter |   total time (s) |          ts |   reward |   episode_reward_max |   episode_reward_min |   episode_len_mean |
|------------------------------------------------------+----------+-------------------+--------+------------------+-------------+----------+----------------------+----------------------+--------------------|
| MAPPOTrainer_rware_v2_rware-small-4ag-v2_f1650_00000 | RUNNING  | 172.24.0.2:837006 |    340 |          971.748 | 6.79728e+06 |     0.07 |                    1 |                    0 |                500 |
+------------------------------------------------------+----------+-------------------+--------+------------------+-------------+----------+----------------------+----------------------+--------------------+


== Status ==
Current time: 2026-05-22 20:46:12 (running for 00:16:39.32)
Memory usage on this node: 62.5/251.6 GiB
Using FIFO scheduling algorithm.
Resources requested: 7.0/8 CPUs, 1.0/1 GPUs, 0.0/17.88 GiB heap, 0.0/8.94 GiB objects (0.0/1.0 accelerator_type:G)
Result logdir: /workspace/MARLlib/runs/rware_mappo_gru_small_20m_tensorboard/mappo_gru_rware-small-4ag-v2
Number of trials: 1/1 (1 RUNNING)
+------------------------------------------------------+----------+-------------------+--------+------------------+-------------+----------+----------------------+----------------------+--------------------+
| Trial name                                           | status   | loc               |   iter |   total time (s) |          ts |   reward |   episode_reward_max |   episode_reward_min |   episode_len_mean |
|------------------------------------------------------+----------+-------------------+--------+------------------+-------------+----------+----------------------+----------------------+--------------------|
| MAPPOTrainer_rware_v2_rware-small-4ag-v2_f1650_00000 | RUNNING  | 172.24.0.2:837006 |    342 |          976.882 | 6.83726e+06 |     0.06 |                    1 |                    0 |                500 |
+------------------------------------------------------+----------+-------------------+--------+------------------+-------------+----------+----------------------+----------------------+--------------------+


== Status ==
Current time: 2026-05-22 20:46:18 (running for 00:16:44.55)
Memory usage on this node: 62.5/251.6 GiB
Using FIFO scheduling algorithm.
Resources requested: 7.0/8 CPUs, 1.0/1 GPUs, 0.0/17.88 GiB heap, 0.0/8.94 GiB objects (0.0/1.0 accelerator_type:G)
Result logdir: /workspace/MARLlib/runs/rware_mappo_gru_small_20m_tensorboard/mappo_gru_rware-small-4ag-v2
Number of trials: 1/1 (1 RUNNING)
+------------------------------------------------------+----------+-------------------+--------+------------------+-------------+----------+----------------------+----------------------+--------------------+
| Trial name                                           | status   | loc               |   iter |   total time (s) |          ts |   reward |   episode_reward_max |   episode_reward_min |   episode_len_mean |
|------------------------------------------------------+----------+-------------------+--------+------------------+-------------+----------+----------------------+----------------------+--------------------|
| MAPPOTrainer_rware_v2_rware-small-4ag-v2_f1650_00000 | RUNNING  | 172.24.0.2:837006 |    344 |          982.053 | 6.87725e+06 |     0.07 |                    1 |                    0 |                500 |
+------------------------------------------------------+----------+-------------------+--------+------------------+-------------+----------+----------------------+----------------------+--------------------+


== Status ==
Current time: 2026-05-22 20:46:23 (running for 00:16:49.90)
Memory usage on this node: 62.5/251.6 GiB
Using FIFO scheduling algorithm.
Resources requested: 7.0/8 CPUs, 1.0/1 GPUs, 0.0/17.88 GiB heap, 0.0/8.94 GiB objects (0.0/1.0 accelerator_type:G)
Result logdir: /workspace/MARLlib/runs/rware_mappo_gru_small_20m_tensorboard/mappo_gru_rware-small-4ag-v2
Number of trials: 1/1 (1 RUNNING)
+------------------------------------------------------+----------+-------------------+--------+------------------+-------------+----------+----------------------+----------------------+--------------------+
| Trial name                                           | status   | loc               |   iter |   total time (s) |          ts |   reward |   episode_reward_max |   episode_reward_min |   episode_len_mean |
|------------------------------------------------------+----------+-------------------+--------+------------------+-------------+----------+----------------------+----------------------+--------------------|
| MAPPOTrainer_rware_v2_rware-small-4ag-v2_f1650_00000 | RUNNING  | 172.24.0.2:837006 |    346 |          987.344 | 6.91723e+06 |     0.09 |                    1 |                    0 |                500 |
+------------------------------------------------------+----------+-------------------+--------+------------------+-------------+----------+----------------------+----------------------+--------------------+


== Status ==
Current time: 2026-05-22 20:46:28 (running for 00:16:55.07)
Memory usage on this node: 62.4/251.6 GiB
Using FIFO scheduling algorithm.
Resources requested: 7.0/8 CPUs, 1.0/1 GPUs, 0.0/17.88 GiB heap, 0.0/8.94 GiB objects (0.0/1.0 accelerator_type:G)
Result logdir: /workspace/MARLlib/runs/rware_mappo_gru_small_20m_tensorboard/mappo_gru_rware-small-4ag-v2
Number of trials: 1/1 (1 RUNNING)
+------------------------------------------------------+----------+-------------------+--------+------------------+-------------+----------+----------------------+----------------------+--------------------+
| Trial name                                           | status   | loc               |   iter |   total time (s) |          ts |   reward |   episode_reward_max |   episode_reward_min |   episode_len_mean |
|------------------------------------------------------+----------+-------------------+--------+------------------+-------------+----------+----------------------+----------------------+--------------------|
| MAPPOTrainer_rware_v2_rware-small-4ag-v2_f1650_00000 | RUNNING  | 172.24.0.2:837006 |    348 |          992.458 | 6.95722e+06 |      0.1 |                    1 |                    0 |                500 |
+------------------------------------------------------+----------+-------------------+--------+------------------+-------------+----------+----------------------+----------------------+--------------------+


== Status ==
Current time: 2026-05-22 20:46:34 (running for 00:17:00.76)
Memory usage on this node: 62.5/251.6 GiB
Using FIFO scheduling algorithm.
Resources requested: 7.0/8 CPUs, 1.0/1 GPUs, 0.0/17.88 GiB heap, 0.0/8.94 GiB objects (0.0/1.0 accelerator_type:G)
Result logdir: /workspace/MARLlib/runs/rware_mappo_gru_small_20m_tensorboard/mappo_gru_rware-small-4ag-v2
Number of trials: 1/1 (1 RUNNING)
+------------------------------------------------------+----------+-------------------+--------+------------------+-------------+----------+----------------------+----------------------+--------------------+
| Trial name                                           | status   | loc               |   iter |   total time (s) |          ts |   reward |   episode_reward_max |   episode_reward_min |   episode_len_mean |
|------------------------------------------------------+----------+-------------------+--------+------------------+-------------+----------+----------------------+----------------------+--------------------|
| MAPPOTrainer_rware_v2_rware-small-4ag-v2_f1650_00000 | RUNNING  | 172.24.0.2:837006 |    349 |          995.113 | 6.97721e+06 |      0.1 |                    1 |                    0 |                500 |
+------------------------------------------------------+----------+-------------------+--------+------------------+-------------+----------+----------------------+----------------------+--------------------+


== Status ==
Current time: 2026-05-22 20:46:39 (running for 00:17:05.76)
Memory usage on this node: 62.5/251.6 GiB
Using FIFO scheduling algorithm.
Resources requested: 7.0/8 CPUs, 1.0/1 GPUs, 0.0/17.88 GiB heap, 0.0/8.94 GiB objects (0.0/1.0 accelerator_type:G)
Result logdir: /workspace/MARLlib/runs/rware_mappo_gru_small_20m_tensorboard/mappo_gru_rware-small-4ag-v2
Number of trials: 1/1 (1 RUNNING)
+------------------------------------------------------+----------+-------------------+--------+------------------+-------------+----------+----------------------+----------------------+--------------------+
| Trial name                                           | status   | loc               |   iter |   total time (s) |          ts |   reward |   episode_reward_max |   episode_reward_min |   episode_len_mean |
|------------------------------------------------------+----------+-------------------+--------+------------------+-------------+----------+----------------------+----------------------+--------------------|
| MAPPOTrainer_rware_v2_rware-small-4ag-v2_f1650_00000 | RUNNING  | 172.24.0.2:837006 |    349 |          995.113 | 6.97721e+06 |      0.1 |                    1 |                    0 |                500 |
+------------------------------------------------------+----------+-------------------+--------+------------------+-------------+----------+----------------------+----------------------+--------------------+


== Status ==
Current time: 2026-05-22 20:46:44 (running for 00:17:10.77)
Memory usage on this node: 62.5/251.6 GiB
Using FIFO scheduling algorithm.
Resources requested: 7.0/8 CPUs, 1.0/1 GPUs, 0.0/17.88 GiB heap, 0.0/8.94 GiB objects (0.0/1.0 accelerator_type:G)
Result logdir: /workspace/MARLlib/runs/rware_mappo_gru_small_20m_tensorboard/mappo_gru_rware-small-4ag-v2
Number of trials: 1/1 (1 RUNNING)
+------------------------------------------------------+----------+-------------------+--------+------------------+-------------+----------+----------------------+----------------------+--------------------+
| Trial name                                           | status   | loc               |   iter |   total time (s) |          ts |   reward |   episode_reward_max |   episode_reward_min |   episode_len_mean |
|------------------------------------------------------+----------+-------------------+--------+------------------+-------------+----------+----------------------+----------------------+--------------------|
| MAPPOTrainer_rware_v2_rware-small-4ag-v2_f1650_00000 | RUNNING  | 172.24.0.2:837006 |    349 |          995.113 | 6.97721e+06 |      0.1 |                    1 |                    0 |                500 |
+------------------------------------------------------+----------+-------------------+--------+------------------+-------------+----------+----------------------+----------------------+--------------------+


== Status ==
Current time: 2026-05-22 20:46:49 (running for 00:17:15.91)
Memory usage on this node: 62.5/251.6 GiB
Using FIFO scheduling algorithm.
Resources requested: 7.0/8 CPUs, 1.0/1 GPUs, 0.0/17.88 GiB heap, 0.0/8.94 GiB objects (0.0/1.0 accelerator_type:G)
Result logdir: /workspace/MARLlib/runs/rware_mappo_gru_small_20m_tensorboard/mappo_gru_rware-small-4ag-v2
Number of trials: 1/1 (1 RUNNING)
+------------------------------------------------------+----------+-------------------+--------+------------------+-------------+----------+----------------------+----------------------+--------------------+
| Trial name                                           | status   | loc               |   iter |   total time (s) |          ts |   reward |   episode_reward_max |   episode_reward_min |   episode_len_mean |
|------------------------------------------------------+----------+-------------------+--------+------------------+-------------+----------+----------------------+----------------------+--------------------|
| MAPPOTrainer_rware_v2_rware-small-4ag-v2_f1650_00000 | RUNNING  | 172.24.0.2:837006 |    351 |          1013.21 | 7.01719e+06 |     0.09 |                    1 |                    0 |                500 |
+------------------------------------------------------+----------+-------------------+--------+------------------+-------------+----------+----------------------+----------------------+--------------------+


== Status ==
Current time: 2026-05-22 20:46:54 (running for 00:17:21.09)
Memory usage on this node: 62.5/251.6 GiB
Using FIFO scheduling algorithm.
Resources requested: 7.0/8 CPUs, 1.0/1 GPUs, 0.0/17.88 GiB heap, 0.0/8.94 GiB objects (0.0/1.0 accelerator_type:G)
Result logdir: /workspace/MARLlib/runs/rware_mappo_gru_small_20m_tensorboard/mappo_gru_rware-small-4ag-v2
Number of trials: 1/1 (1 RUNNING)
+------------------------------------------------------+----------+-------------------+--------+------------------+-------------+----------+----------------------+----------------------+--------------------+
| Trial name                                           | status   | loc               |   iter |   total time (s) |          ts |   reward |   episode_reward_max |   episode_reward_min |   episode_len_mean |
|------------------------------------------------------+----------+-------------------+--------+------------------+-------------+----------+----------------------+----------------------+--------------------|
| MAPPOTrainer_rware_v2_rware-small-4ag-v2_f1650_00000 | RUNNING  | 172.24.0.2:837006 |    353 |          1018.33 | 7.05718e+06 |     0.12 |                    2 |                    0 |                500 |
+------------------------------------------------------+----------+-------------------+--------+------------------+-------------+----------+----------------------+----------------------+--------------------+


== Status ==
Current time: 2026-05-22 20:46:59 (running for 00:17:26.43)
Memory usage on this node: 62.5/251.6 GiB
Using FIFO scheduling algorithm.
Resources requested: 7.0/8 CPUs, 1.0/1 GPUs, 0.0/17.88 GiB heap, 0.0/8.94 GiB objects (0.0/1.0 accelerator_type:G)
Result logdir: /workspace/MARLlib/runs/rware_mappo_gru_small_20m_tensorboard/mappo_gru_rware-small-4ag-v2
Number of trials: 1/1 (1 RUNNING)
+------------------------------------------------------+----------+-------------------+--------+------------------+-------------+----------+----------------------+----------------------+--------------------+
| Trial name                                           | status   | loc               |   iter |   total time (s) |          ts |   reward |   episode_reward_max |   episode_reward_min |   episode_len_mean |
|------------------------------------------------------+----------+-------------------+--------+------------------+-------------+----------+----------------------+----------------------+--------------------|
| MAPPOTrainer_rware_v2_rware-small-4ag-v2_f1650_00000 | RUNNING  | 172.24.0.2:837006 |    355 |           1023.6 | 7.09716e+06 |     0.14 |                    2 |                    0 |                500 |
+------------------------------------------------------+----------+-------------------+--------+------------------+-------------+----------+----------------------+----------------------+--------------------+


== Status ==
Current time: 2026-05-22 20:47:05 (running for 00:17:31.79)
Memory usage on this node: 62.5/251.6 GiB
Using FIFO scheduling algorithm.
Resources requested: 7.0/8 CPUs, 1.0/1 GPUs, 0.0/17.88 GiB heap, 0.0/8.94 GiB objects (0.0/1.0 accelerator_type:G)
Result logdir: /workspace/MARLlib/runs/rware_mappo_gru_small_20m_tensorboard/mappo_gru_rware-small-4ag-v2
Number of trials: 1/1 (1 RUNNING)
+------------------------------------------------------+----------+-------------------+--------+------------------+-------------+----------+----------------------+----------------------+--------------------+
| Trial name                                           | status   | loc               |   iter |   total time (s) |          ts |   reward |   episode_reward_max |   episode_reward_min |   episode_len_mean |
|------------------------------------------------------+----------+-------------------+--------+------------------+-------------+----------+----------------------+----------------------+--------------------|
| MAPPOTrainer_rware_v2_rware-small-4ag-v2_f1650_00000 | RUNNING  | 172.24.0.2:837006 |    357 |           1028.9 | 7.13714e+06 |     0.11 |                    2 |                    0 |                500 |
+------------------------------------------------------+----------+-------------------+--------+------------------+-------------+----------+----------------------+----------------------+--------------------+


== Status ==
Current time: 2026-05-22 20:47:10 (running for 00:17:36.98)
Memory usage on this node: 62.5/251.6 GiB
Using FIFO scheduling algorithm.
Resources requested: 7.0/8 CPUs, 1.0/1 GPUs, 0.0/17.88 GiB heap, 0.0/8.94 GiB objects (0.0/1.0 accelerator_type:G)
Result logdir: /workspace/MARLlib/runs/rware_mappo_gru_small_20m_tensorboard/mappo_gru_rware-small-4ag-v2
Number of trials: 1/1 (1 RUNNING)
+------------------------------------------------------+----------+-------------------+--------+------------------+-------------+----------+----------------------+----------------------+--------------------+
| Trial name                                           | status   | loc               |   iter |   total time (s) |          ts |   reward |   episode_reward_max |   episode_reward_min |   episode_len_mean |
|------------------------------------------------------+----------+-------------------+--------+------------------+-------------+----------+----------------------+----------------------+--------------------|
| MAPPOTrainer_rware_v2_rware-small-4ag-v2_f1650_00000 | RUNNING  | 172.24.0.2:837006 |    359 |          1034.03 | 7.17713e+06 |     0.13 |                    2 |                    0 |                500 |
+------------------------------------------------------+----------+-------------------+--------+------------------+-------------+----------+----------------------+----------------------+--------------------+


== Status ==
Current time: 2026-05-22 20:47:15 (running for 00:17:42.19)
Memory usage on this node: 62.5/251.6 GiB
Using FIFO scheduling algorithm.
Resources requested: 7.0/8 CPUs, 1.0/1 GPUs, 0.0/17.88 GiB heap, 0.0/8.94 GiB objects (0.0/1.0 accelerator_type:G)
Result logdir: /workspace/MARLlib/runs/rware_mappo_gru_small_20m_tensorboard/mappo_gru_rware-small-4ag-v2
Number of trials: 1/1 (1 RUNNING)
+------------------------------------------------------+----------+-------------------+--------+------------------+-------------+----------+----------------------+----------------------+--------------------+
| Trial name                                           | status   | loc               |   iter |   total time (s) |          ts |   reward |   episode_reward_max |   episode_reward_min |   episode_len_mean |
|------------------------------------------------------+----------+-------------------+--------+------------------+-------------+----------+----------------------+----------------------+--------------------|
| MAPPOTrainer_rware_v2_rware-small-4ag-v2_f1650_00000 | RUNNING  | 172.24.0.2:837006 |    361 |          1039.18 | 7.21711e+06 |     0.14 |                    2 |                    0 |                500 |
+------------------------------------------------------+----------+-------------------+--------+------------------+-------------+----------+----------------------+----------------------+--------------------+


== Status ==
Current time: 2026-05-22 20:47:20 (running for 00:17:47.48)
Memory usage on this node: 62.5/251.6 GiB
Using FIFO scheduling algorithm.
Resources requested: 7.0/8 CPUs, 1.0/1 GPUs, 0.0/17.88 GiB heap, 0.0/8.94 GiB objects (0.0/1.0 accelerator_type:G)
Result logdir: /workspace/MARLlib/runs/rware_mappo_gru_small_20m_tensorboard/mappo_gru_rware-small-4ag-v2
Number of trials: 1/1 (1 RUNNING)
+------------------------------------------------------+----------+-------------------+--------+------------------+------------+----------+----------------------+----------------------+--------------------+
| Trial name                                           | status   | loc               |   iter |   total time (s) |         ts |   reward |   episode_reward_max |   episode_reward_min |   episode_len_mean |
|------------------------------------------------------+----------+-------------------+--------+------------------+------------+----------+----------------------+----------------------+--------------------|
| MAPPOTrainer_rware_v2_rware-small-4ag-v2_f1650_00000 | RUNNING  | 172.24.0.2:837006 |    363 |           1044.4 | 7.2571e+06 |     0.12 |                    1 |                    0 |                500 |
+------------------------------------------------------+----------+-------------------+--------+------------------+------------+----------+----------------------+----------------------+--------------------+


== Status ==
Current time: 2026-05-22 20:47:26 (running for 00:17:52.68)
Memory usage on this node: 62.5/251.6 GiB
Using FIFO scheduling algorithm.
Resources requested: 7.0/8 CPUs, 1.0/1 GPUs, 0.0/17.88 GiB heap, 0.0/8.94 GiB objects (0.0/1.0 accelerator_type:G)
Result logdir: /workspace/MARLlib/runs/rware_mappo_gru_small_20m_tensorboard/mappo_gru_rware-small-4ag-v2
Number of trials: 1/1 (1 RUNNING)
+------------------------------------------------------+----------+-------------------+--------+------------------+-------------+----------+----------------------+----------------------+--------------------+
| Trial name                                           | status   | loc               |   iter |   total time (s) |          ts |   reward |   episode_reward_max |   episode_reward_min |   episode_len_mean |
|------------------------------------------------------+----------+-------------------+--------+------------------+-------------+----------+----------------------+----------------------+--------------------|
| MAPPOTrainer_rware_v2_rware-small-4ag-v2_f1650_00000 | RUNNING  | 172.24.0.2:837006 |    365 |          1049.55 | 7.29708e+06 |     0.13 |                    1 |                    0 |                500 |
+------------------------------------------------------+----------+-------------------+--------+------------------+-------------+----------+----------------------+----------------------+--------------------+


== Status ==
Current time: 2026-05-22 20:47:31 (running for 00:17:58.00)
Memory usage on this node: 62.5/251.6 GiB
Using FIFO scheduling algorithm.
Resources requested: 7.0/8 CPUs, 1.0/1 GPUs, 0.0/17.88 GiB heap, 0.0/8.94 GiB objects (0.0/1.0 accelerator_type:G)
Result logdir: /workspace/MARLlib/runs/rware_mappo_gru_small_20m_tensorboard/mappo_gru_rware-small-4ag-v2
Number of trials: 1/1 (1 RUNNING)
+------------------------------------------------------+----------+-------------------+--------+------------------+-------------+----------+----------------------+----------------------+--------------------+
| Trial name                                           | status   | loc               |   iter |   total time (s) |          ts |   reward |   episode_reward_max |   episode_reward_min |   episode_len_mean |
|------------------------------------------------------+----------+-------------------+--------+------------------+-------------+----------+----------------------+----------------------+--------------------|
| MAPPOTrainer_rware_v2_rware-small-4ag-v2_f1650_00000 | RUNNING  | 172.24.0.2:837006 |    367 |          1054.82 | 7.33706e+06 |     0.16 |                    1 |                    0 |                500 |
+------------------------------------------------------+----------+-------------------+--------+------------------+-------------+----------+----------------------+----------------------+--------------------+


== Status ==
Current time: 2026-05-22 20:47:36 (running for 00:18:03.34)
Memory usage on this node: 62.5/251.6 GiB
Using FIFO scheduling algorithm.
Resources requested: 7.0/8 CPUs, 1.0/1 GPUs, 0.0/17.88 GiB heap, 0.0/8.94 GiB objects (0.0/1.0 accelerator_type:G)
Result logdir: /workspace/MARLlib/runs/rware_mappo_gru_small_20m_tensorboard/mappo_gru_rware-small-4ag-v2
Number of trials: 1/1 (1 RUNNING)
+------------------------------------------------------+----------+-------------------+--------+------------------+-------------+----------+----------------------+----------------------+--------------------+
| Trial name                                           | status   | loc               |   iter |   total time (s) |          ts |   reward |   episode_reward_max |   episode_reward_min |   episode_len_mean |
|------------------------------------------------------+----------+-------------------+--------+------------------+-------------+----------+----------------------+----------------------+--------------------|
| MAPPOTrainer_rware_v2_rware-small-4ag-v2_f1650_00000 | RUNNING  | 172.24.0.2:837006 |    369 |          1060.09 | 7.37705e+06 |     0.18 |                    2 |                    0 |                500 |
+------------------------------------------------------+----------+-------------------+--------+------------------+-------------+----------+----------------------+----------------------+--------------------+


== Status ==
Current time: 2026-05-22 20:47:42 (running for 00:18:08.69)
Memory usage on this node: 62.5/251.6 GiB
Using FIFO scheduling algorithm.
Resources requested: 7.0/8 CPUs, 1.0/1 GPUs, 0.0/17.88 GiB heap, 0.0/8.94 GiB objects (0.0/1.0 accelerator_type:G)
Result logdir: /workspace/MARLlib/runs/rware_mappo_gru_small_20m_tensorboard/mappo_gru_rware-small-4ag-v2
Number of trials: 1/1 (1 RUNNING)
+------------------------------------------------------+----------+-------------------+--------+------------------+-------------+----------+----------------------+----------------------+--------------------+
| Trial name                                           | status   | loc               |   iter |   total time (s) |          ts |   reward |   episode_reward_max |   episode_reward_min |   episode_len_mean |
|------------------------------------------------------+----------+-------------------+--------+------------------+-------------+----------+----------------------+----------------------+--------------------|
| MAPPOTrainer_rware_v2_rware-small-4ag-v2_f1650_00000 | RUNNING  | 172.24.0.2:837006 |    371 |          1065.38 | 7.41703e+06 |     0.17 |                    2 |                    0 |                500 |
+------------------------------------------------------+----------+-------------------+--------+------------------+-------------+----------+----------------------+----------------------+--------------------+


== Status ==
Current time: 2026-05-22 20:47:47 (running for 00:18:14.04)
Memory usage on this node: 62.5/251.6 GiB
Using FIFO scheduling algorithm.
Resources requested: 7.0/8 CPUs, 1.0/1 GPUs, 0.0/17.88 GiB heap, 0.0/8.94 GiB objects (0.0/1.0 accelerator_type:G)
Result logdir: /workspace/MARLlib/runs/rware_mappo_gru_small_20m_tensorboard/mappo_gru_rware-small-4ag-v2
Number of trials: 1/1 (1 RUNNING)
+------------------------------------------------------+----------+-------------------+--------+------------------+-------------+----------+----------------------+----------------------+--------------------+
| Trial name                                           | status   | loc               |   iter |   total time (s) |          ts |   reward |   episode_reward_max |   episode_reward_min |   episode_len_mean |
|------------------------------------------------------+----------+-------------------+--------+------------------+-------------+----------+----------------------+----------------------+--------------------|
| MAPPOTrainer_rware_v2_rware-small-4ag-v2_f1650_00000 | RUNNING  | 172.24.0.2:837006 |    373 |          1070.68 | 7.45702e+06 |     0.18 |                    2 |                    0 |                500 |
+------------------------------------------------------+----------+-------------------+--------+------------------+-------------+----------+----------------------+----------------------+--------------------+


== Status ==
Current time: 2026-05-22 20:47:52 (running for 00:18:19.31)
Memory usage on this node: 62.5/251.6 GiB
Using FIFO scheduling algorithm.
Resources requested: 7.0/8 CPUs, 1.0/1 GPUs, 0.0/17.88 GiB heap, 0.0/8.94 GiB objects (0.0/1.0 accelerator_type:G)
Result logdir: /workspace/MARLlib/runs/rware_mappo_gru_small_20m_tensorboard/mappo_gru_rware-small-4ag-v2
Number of trials: 1/1 (1 RUNNING)
+------------------------------------------------------+----------+-------------------+--------+------------------+-----------+----------+----------------------+----------------------+--------------------+
| Trial name                                           | status   | loc               |   iter |   total time (s) |        ts |   reward |   episode_reward_max |   episode_reward_min |   episode_len_mean |
|------------------------------------------------------+----------+-------------------+--------+------------------+-----------+----------+----------------------+----------------------+--------------------|
| MAPPOTrainer_rware_v2_rware-small-4ag-v2_f1650_00000 | RUNNING  | 172.24.0.2:837006 |    375 |          1075.89 | 7.497e+06 |     0.17 |                    2 |                    0 |                500 |
+------------------------------------------------------+----------+-------------------+--------+------------------+-----------+----------+----------------------+----------------------+--------------------+


== Status ==
Current time: 2026-05-22 20:47:57 (running for 00:18:24.44)
Memory usage on this node: 62.5/251.6 GiB
Using FIFO scheduling algorithm.
Resources requested: 7.0/8 CPUs, 1.0/1 GPUs, 0.0/17.88 GiB heap, 0.0/8.94 GiB objects (0.0/1.0 accelerator_type:G)
Result logdir: /workspace/MARLlib/runs/rware_mappo_gru_small_20m_tensorboard/mappo_gru_rware-small-4ag-v2
Number of trials: 1/1 (1 RUNNING)
+------------------------------------------------------+----------+-------------------+--------+------------------+-------------+----------+----------------------+----------------------+--------------------+
| Trial name                                           | status   | loc               |   iter |   total time (s) |          ts |   reward |   episode_reward_max |   episode_reward_min |   episode_len_mean |
|------------------------------------------------------+----------+-------------------+--------+------------------+-------------+----------+----------------------+----------------------+--------------------|
| MAPPOTrainer_rware_v2_rware-small-4ag-v2_f1650_00000 | RUNNING  | 172.24.0.2:837006 |    377 |          1080.97 | 7.53698e+06 |     0.12 |                    2 |                    0 |                500 |
+------------------------------------------------------+----------+-------------------+--------+------------------+-------------+----------+----------------------+----------------------+--------------------+


== Status ==
Current time: 2026-05-22 20:48:03 (running for 00:18:29.69)
Memory usage on this node: 62.4/251.6 GiB
Using FIFO scheduling algorithm.
Resources requested: 7.0/8 CPUs, 1.0/1 GPUs, 0.0/17.88 GiB heap, 0.0/8.94 GiB objects (0.0/1.0 accelerator_type:G)
Result logdir: /workspace/MARLlib/runs/rware_mappo_gru_small_20m_tensorboard/mappo_gru_rware-small-4ag-v2
Number of trials: 1/1 (1 RUNNING)
+------------------------------------------------------+----------+-------------------+--------+------------------+-------------+----------+----------------------+----------------------+--------------------+
| Trial name                                           | status   | loc               |   iter |   total time (s) |          ts |   reward |   episode_reward_max |   episode_reward_min |   episode_len_mean |
|------------------------------------------------------+----------+-------------------+--------+------------------+-------------+----------+----------------------+----------------------+--------------------|
| MAPPOTrainer_rware_v2_rware-small-4ag-v2_f1650_00000 | RUNNING  | 172.24.0.2:837006 |    379 |          1086.17 | 7.57697e+06 |     0.11 |                    1 |                    0 |                500 |
+------------------------------------------------------+----------+-------------------+--------+------------------+-------------+----------+----------------------+----------------------+--------------------+


== Status ==
Current time: 2026-05-22 20:48:08 (running for 00:18:34.98)
Memory usage on this node: 62.4/251.6 GiB
Using FIFO scheduling algorithm.
Resources requested: 7.0/8 CPUs, 1.0/1 GPUs, 0.0/17.88 GiB heap, 0.0/8.94 GiB objects (0.0/1.0 accelerator_type:G)
Result logdir: /workspace/MARLlib/runs/rware_mappo_gru_small_20m_tensorboard/mappo_gru_rware-small-4ag-v2
Number of trials: 1/1 (1 RUNNING)
+------------------------------------------------------+----------+-------------------+--------+------------------+-------------+----------+----------------------+----------------------+--------------------+
| Trial name                                           | status   | loc               |   iter |   total time (s) |          ts |   reward |   episode_reward_max |   episode_reward_min |   episode_len_mean |
|------------------------------------------------------+----------+-------------------+--------+------------------+-------------+----------+----------------------+----------------------+--------------------|
| MAPPOTrainer_rware_v2_rware-small-4ag-v2_f1650_00000 | RUNNING  | 172.24.0.2:837006 |    381 |          1091.41 | 7.61695e+06 |     0.11 |                    1 |                    0 |                500 |
+------------------------------------------------------+----------+-------------------+--------+------------------+-------------+----------+----------------------+----------------------+--------------------+


== Status ==
Current time: 2026-05-22 20:48:13 (running for 00:18:40.22)
Memory usage on this node: 62.5/251.6 GiB
Using FIFO scheduling algorithm.
Resources requested: 7.0/8 CPUs, 1.0/1 GPUs, 0.0/17.88 GiB heap, 0.0/8.94 GiB objects (0.0/1.0 accelerator_type:G)
Result logdir: /workspace/MARLlib/runs/rware_mappo_gru_small_20m_tensorboard/mappo_gru_rware-small-4ag-v2
Number of trials: 1/1 (1 RUNNING)
+------------------------------------------------------+----------+-------------------+--------+------------------+-------------+----------+----------------------+----------------------+--------------------+
| Trial name                                           | status   | loc               |   iter |   total time (s) |          ts |   reward |   episode_reward_max |   episode_reward_min |   episode_len_mean |
|------------------------------------------------------+----------+-------------------+--------+------------------+-------------+----------+----------------------+----------------------+--------------------|
| MAPPOTrainer_rware_v2_rware-small-4ag-v2_f1650_00000 | RUNNING  | 172.24.0.2:837006 |    383 |          1096.59 | 7.65694e+06 |      0.1 |                    1 |                    0 |                500 |
+------------------------------------------------------+----------+-------------------+--------+------------------+-------------+----------+----------------------+----------------------+--------------------+


== Status ==
Current time: 2026-05-22 20:48:18 (running for 00:18:45.53)
Memory usage on this node: 62.4/251.6 GiB
Using FIFO scheduling algorithm.
Resources requested: 7.0/8 CPUs, 1.0/1 GPUs, 0.0/17.88 GiB heap, 0.0/8.94 GiB objects (0.0/1.0 accelerator_type:G)
Result logdir: /workspace/MARLlib/runs/rware_mappo_gru_small_20m_tensorboard/mappo_gru_rware-small-4ag-v2
Number of trials: 1/1 (1 RUNNING)
+------------------------------------------------------+----------+-------------------+--------+------------------+-------------+----------+----------------------+----------------------+--------------------+
| Trial name                                           | status   | loc               |   iter |   total time (s) |          ts |   reward |   episode_reward_max |   episode_reward_min |   episode_len_mean |
|------------------------------------------------------+----------+-------------------+--------+------------------+-------------+----------+----------------------+----------------------+--------------------|
| MAPPOTrainer_rware_v2_rware-small-4ag-v2_f1650_00000 | RUNNING  | 172.24.0.2:837006 |    385 |          1101.84 | 7.69692e+06 |     0.09 |                    1 |                    0 |                500 |
+------------------------------------------------------+----------+-------------------+--------+------------------+-------------+----------+----------------------+----------------------+--------------------+


== Status ==
Current time: 2026-05-22 20:48:24 (running for 00:18:50.91)
Memory usage on this node: 62.4/251.6 GiB
Using FIFO scheduling algorithm.
Resources requested: 7.0/8 CPUs, 1.0/1 GPUs, 0.0/17.88 GiB heap, 0.0/8.94 GiB objects (0.0/1.0 accelerator_type:G)
Result logdir: /workspace/MARLlib/runs/rware_mappo_gru_small_20m_tensorboard/mappo_gru_rware-small-4ag-v2
Number of trials: 1/1 (1 RUNNING)
+------------------------------------------------------+----------+-------------------+--------+------------------+------------+----------+----------------------+----------------------+--------------------+
| Trial name                                           | status   | loc               |   iter |   total time (s) |         ts |   reward |   episode_reward_max |   episode_reward_min |   episode_len_mean |
|------------------------------------------------------+----------+-------------------+--------+------------------+------------+----------+----------------------+----------------------+--------------------|
| MAPPOTrainer_rware_v2_rware-small-4ag-v2_f1650_00000 | RUNNING  | 172.24.0.2:837006 |    387 |          1107.16 | 7.7369e+06 |     0.12 |                    1 |                    0 |                500 |
+------------------------------------------------------+----------+-------------------+--------+------------------+------------+----------+----------------------+----------------------+--------------------+


== Status ==
Current time: 2026-05-22 20:48:29 (running for 00:18:56.26)
Memory usage on this node: 62.5/251.6 GiB
Using FIFO scheduling algorithm.
Resources requested: 7.0/8 CPUs, 1.0/1 GPUs, 0.0/17.88 GiB heap, 0.0/8.94 GiB objects (0.0/1.0 accelerator_type:G)
Result logdir: /workspace/MARLlib/runs/rware_mappo_gru_small_20m_tensorboard/mappo_gru_rware-small-4ag-v2
Number of trials: 1/1 (1 RUNNING)
+------------------------------------------------------+----------+-------------------+--------+------------------+-------------+----------+----------------------+----------------------+--------------------+
| Trial name                                           | status   | loc               |   iter |   total time (s) |          ts |   reward |   episode_reward_max |   episode_reward_min |   episode_len_mean |
|------------------------------------------------------+----------+-------------------+--------+------------------+-------------+----------+----------------------+----------------------+--------------------|
| MAPPOTrainer_rware_v2_rware-small-4ag-v2_f1650_00000 | RUNNING  | 172.24.0.2:837006 |    389 |          1112.45 | 7.77689e+06 |      0.1 |                    1 |                    0 |                500 |
+------------------------------------------------------+----------+-------------------+--------+------------------+-------------+----------+----------------------+----------------------+--------------------+


== Status ==
Current time: 2026-05-22 20:48:34 (running for 00:19:01.44)
Memory usage on this node: 62.5/251.6 GiB
Using FIFO scheduling algorithm.
Resources requested: 7.0/8 CPUs, 1.0/1 GPUs, 0.0/17.88 GiB heap, 0.0/8.94 GiB objects (0.0/1.0 accelerator_type:G)
Result logdir: /workspace/MARLlib/runs/rware_mappo_gru_small_20m_tensorboard/mappo_gru_rware-small-4ag-v2
Number of trials: 1/1 (1 RUNNING)
+------------------------------------------------------+----------+-------------------+--------+------------------+-------------+----------+----------------------+----------------------+--------------------+
| Trial name                                           | status   | loc               |   iter |   total time (s) |          ts |   reward |   episode_reward_max |   episode_reward_min |   episode_len_mean |
|------------------------------------------------------+----------+-------------------+--------+------------------+-------------+----------+----------------------+----------------------+--------------------|
| MAPPOTrainer_rware_v2_rware-small-4ag-v2_f1650_00000 | RUNNING  | 172.24.0.2:837006 |    391 |          1117.56 | 7.81687e+06 |     0.11 |                    1 |                    0 |                500 |
+------------------------------------------------------+----------+-------------------+--------+------------------+-------------+----------+----------------------+----------------------+--------------------+


== Status ==
Current time: 2026-05-22 20:48:40 (running for 00:19:06.76)
Memory usage on this node: 62.5/251.6 GiB
Using FIFO scheduling algorithm.
Resources requested: 7.0/8 CPUs, 1.0/1 GPUs, 0.0/17.88 GiB heap, 0.0/8.94 GiB objects (0.0/1.0 accelerator_type:G)
Result logdir: /workspace/MARLlib/runs/rware_mappo_gru_small_20m_tensorboard/mappo_gru_rware-small-4ag-v2
Number of trials: 1/1 (1 RUNNING)
+------------------------------------------------------+----------+-------------------+--------+------------------+-------------+----------+----------------------+----------------------+--------------------+
| Trial name                                           | status   | loc               |   iter |   total time (s) |          ts |   reward |   episode_reward_max |   episode_reward_min |   episode_len_mean |
|------------------------------------------------------+----------+-------------------+--------+------------------+-------------+----------+----------------------+----------------------+--------------------|
| MAPPOTrainer_rware_v2_rware-small-4ag-v2_f1650_00000 | RUNNING  | 172.24.0.2:837006 |    393 |          1122.83 | 7.85686e+06 |     0.13 |                    1 |                    0 |                500 |
+------------------------------------------------------+----------+-------------------+--------+------------------+-------------+----------+----------------------+----------------------+--------------------+


== Status ==
Current time: 2026-05-22 20:48:45 (running for 00:19:12.01)
Memory usage on this node: 62.5/251.6 GiB
Using FIFO scheduling algorithm.
Resources requested: 7.0/8 CPUs, 1.0/1 GPUs, 0.0/17.88 GiB heap, 0.0/8.94 GiB objects (0.0/1.0 accelerator_type:G)
Result logdir: /workspace/MARLlib/runs/rware_mappo_gru_small_20m_tensorboard/mappo_gru_rware-small-4ag-v2
Number of trials: 1/1 (1 RUNNING)
+------------------------------------------------------+----------+-------------------+--------+------------------+-------------+----------+----------------------+----------------------+--------------------+
| Trial name                                           | status   | loc               |   iter |   total time (s) |          ts |   reward |   episode_reward_max |   episode_reward_min |   episode_len_mean |
|------------------------------------------------------+----------+-------------------+--------+------------------+-------------+----------+----------------------+----------------------+--------------------|
| MAPPOTrainer_rware_v2_rware-small-4ag-v2_f1650_00000 | RUNNING  | 172.24.0.2:837006 |    395 |          1128.01 | 7.89684e+06 |     0.14 |                    1 |                    0 |                500 |
+------------------------------------------------------+----------+-------------------+--------+------------------+-------------+----------+----------------------+----------------------+--------------------+


== Status ==
Current time: 2026-05-22 20:48:50 (running for 00:19:17.35)
Memory usage on this node: 62.5/251.6 GiB
Using FIFO scheduling algorithm.
Resources requested: 7.0/8 CPUs, 1.0/1 GPUs, 0.0/17.88 GiB heap, 0.0/8.94 GiB objects (0.0/1.0 accelerator_type:G)
Result logdir: /workspace/MARLlib/runs/rware_mappo_gru_small_20m_tensorboard/mappo_gru_rware-small-4ag-v2
Number of trials: 1/1 (1 RUNNING)
+------------------------------------------------------+----------+-------------------+--------+------------------+-------------+----------+----------------------+----------------------+--------------------+
| Trial name                                           | status   | loc               |   iter |   total time (s) |          ts |   reward |   episode_reward_max |   episode_reward_min |   episode_len_mean |
|------------------------------------------------------+----------+-------------------+--------+------------------+-------------+----------+----------------------+----------------------+--------------------|
| MAPPOTrainer_rware_v2_rware-small-4ag-v2_f1650_00000 | RUNNING  | 172.24.0.2:837006 |    397 |           1133.3 | 7.93682e+06 |     0.12 |                    1 |                    0 |                500 |
+------------------------------------------------------+----------+-------------------+--------+------------------+-------------+----------+----------------------+----------------------+--------------------+


== Status ==
Current time: 2026-05-22 20:48:56 (running for 00:19:22.73)
Memory usage on this node: 62.5/251.6 GiB
Using FIFO scheduling algorithm.
Resources requested: 7.0/8 CPUs, 1.0/1 GPUs, 0.0/17.88 GiB heap, 0.0/8.94 GiB objects (0.0/1.0 accelerator_type:G)
Result logdir: /workspace/MARLlib/runs/rware_mappo_gru_small_20m_tensorboard/mappo_gru_rware-small-4ag-v2
Number of trials: 1/1 (1 RUNNING)
+------------------------------------------------------+----------+-------------------+--------+------------------+-------------+----------+----------------------+----------------------+--------------------+
| Trial name                                           | status   | loc               |   iter |   total time (s) |          ts |   reward |   episode_reward_max |   episode_reward_min |   episode_len_mean |
|------------------------------------------------------+----------+-------------------+--------+------------------+-------------+----------+----------------------+----------------------+--------------------|
| MAPPOTrainer_rware_v2_rware-small-4ag-v2_f1650_00000 | RUNNING  | 172.24.0.2:837006 |    399 |          1138.62 | 7.97681e+06 |     0.12 |                    1 |                    0 |                500 |
+------------------------------------------------------+----------+-------------------+--------+------------------+-------------+----------+----------------------+----------------------+--------------------+


== Status ==
Current time: 2026-05-22 20:49:01 (running for 00:19:27.74)
Memory usage on this node: 62.4/251.6 GiB
Using FIFO scheduling algorithm.
Resources requested: 7.0/8 CPUs, 1.0/1 GPUs, 0.0/17.88 GiB heap, 0.0/8.94 GiB objects (0.0/1.0 accelerator_type:G)
Result logdir: /workspace/MARLlib/runs/rware_mappo_gru_small_20m_tensorboard/mappo_gru_rware-small-4ag-v2
Number of trials: 1/1 (1 RUNNING)
+------------------------------------------------------+----------+-------------------+--------+------------------+-------------+----------+----------------------+----------------------+--------------------+
| Trial name                                           | status   | loc               |   iter |   total time (s) |          ts |   reward |   episode_reward_max |   episode_reward_min |   episode_len_mean |
|------------------------------------------------------+----------+-------------------+--------+------------------+-------------+----------+----------------------+----------------------+--------------------|
| MAPPOTrainer_rware_v2_rware-small-4ag-v2_f1650_00000 | RUNNING  | 172.24.0.2:837006 |    399 |          1138.62 | 7.97681e+06 |     0.12 |                    1 |                    0 |                500 |
+------------------------------------------------------+----------+-------------------+--------+------------------+-------------+----------+----------------------+----------------------+--------------------+


== Status ==
Current time: 2026-05-22 20:49:06 (running for 00:19:32.74)
Memory usage on this node: 62.4/251.6 GiB
Using FIFO scheduling algorithm.
Resources requested: 7.0/8 CPUs, 1.0/1 GPUs, 0.0/17.88 GiB heap, 0.0/8.94 GiB objects (0.0/1.0 accelerator_type:G)
Result logdir: /workspace/MARLlib/runs/rware_mappo_gru_small_20m_tensorboard/mappo_gru_rware-small-4ag-v2
Number of trials: 1/1 (1 RUNNING)
+------------------------------------------------------+----------+-------------------+--------+------------------+-------------+----------+----------------------+----------------------+--------------------+
| Trial name                                           | status   | loc               |   iter |   total time (s) |          ts |   reward |   episode_reward_max |   episode_reward_min |   episode_len_mean |
|------------------------------------------------------+----------+-------------------+--------+------------------+-------------+----------+----------------------+----------------------+--------------------|
| MAPPOTrainer_rware_v2_rware-small-4ag-v2_f1650_00000 | RUNNING  | 172.24.0.2:837006 |    399 |          1138.62 | 7.97681e+06 |     0.12 |                    1 |                    0 |                500 |
+------------------------------------------------------+----------+-------------------+--------+------------------+-------------+----------+----------------------+----------------------+--------------------+


== Status ==
Current time: 2026-05-22 20:49:11 (running for 00:19:38.29)
Memory usage on this node: 62.4/251.6 GiB
Using FIFO scheduling algorithm.
Resources requested: 7.0/8 CPUs, 1.0/1 GPUs, 0.0/17.88 GiB heap, 0.0/8.94 GiB objects (0.0/1.0 accelerator_type:G)
Result logdir: /workspace/MARLlib/runs/rware_mappo_gru_small_20m_tensorboard/mappo_gru_rware-small-4ag-v2
Number of trials: 1/1 (1 RUNNING)
+------------------------------------------------------+----------+-------------------+--------+------------------+------------+----------+----------------------+----------------------+--------------------+
| Trial name                                           | status   | loc               |   iter |   total time (s) |         ts |   reward |   episode_reward_max |   episode_reward_min |   episode_len_mean |
|------------------------------------------------------+----------+-------------------+--------+------------------+------------+----------+----------------------+----------------------+--------------------|
| MAPPOTrainer_rware_v2_rware-small-4ag-v2_f1650_00000 | RUNNING  | 172.24.0.2:837006 |    400 |          1154.13 | 7.9968e+06 |     0.12 |                    1 |                    0 |                500 |
+------------------------------------------------------+----------+-------------------+--------+------------------+------------+----------+----------------------+----------------------+--------------------+


== Status ==
Current time: 2026-05-22 20:49:17 (running for 00:19:43.59)
Memory usage on this node: 62.4/251.6 GiB
Using FIFO scheduling algorithm.
Resources requested: 7.0/8 CPUs, 1.0/1 GPUs, 0.0/17.88 GiB heap, 0.0/8.94 GiB objects (0.0/1.0 accelerator_type:G)
Result logdir: /workspace/MARLlib/runs/rware_mappo_gru_small_20m_tensorboard/mappo_gru_rware-small-4ag-v2
Number of trials: 1/1 (1 RUNNING)
+------------------------------------------------------+----------+-------------------+--------+------------------+-------------+----------+----------------------+----------------------+--------------------+
| Trial name                                           | status   | loc               |   iter |   total time (s) |          ts |   reward |   episode_reward_max |   episode_reward_min |   episode_len_mean |
|------------------------------------------------------+----------+-------------------+--------+------------------+-------------+----------+----------------------+----------------------+--------------------|
| MAPPOTrainer_rware_v2_rware-small-4ag-v2_f1650_00000 | RUNNING  | 172.24.0.2:837006 |    402 |          1159.35 | 8.03678e+06 |     0.14 |                    1 |                    0 |                500 |
+------------------------------------------------------+----------+-------------------+--------+------------------+-------------+----------+----------------------+----------------------+--------------------+


== Status ==
Current time: 2026-05-22 20:49:22 (running for 00:19:48.86)
Memory usage on this node: 62.4/251.6 GiB
Using FIFO scheduling algorithm.
Resources requested: 7.0/8 CPUs, 1.0/1 GPUs, 0.0/17.88 GiB heap, 0.0/8.94 GiB objects (0.0/1.0 accelerator_type:G)
Result logdir: /workspace/MARLlib/runs/rware_mappo_gru_small_20m_tensorboard/mappo_gru_rware-small-4ag-v2
Number of trials: 1/1 (1 RUNNING)
+------------------------------------------------------+----------+-------------------+--------+------------------+-------------+----------+----------------------+----------------------+--------------------+
| Trial name                                           | status   | loc               |   iter |   total time (s) |          ts |   reward |   episode_reward_max |   episode_reward_min |   episode_len_mean |
|------------------------------------------------------+----------+-------------------+--------+------------------+-------------+----------+----------------------+----------------------+--------------------|
| MAPPOTrainer_rware_v2_rware-small-4ag-v2_f1650_00000 | RUNNING  | 172.24.0.2:837006 |    404 |          1164.57 | 8.07677e+06 |     0.09 |                    1 |                    0 |                500 |
+------------------------------------------------------+----------+-------------------+--------+------------------+-------------+----------+----------------------+----------------------+--------------------+


== Status ==
Current time: 2026-05-22 20:49:27 (running for 00:19:54.15)
Memory usage on this node: 62.4/251.6 GiB
Using FIFO scheduling algorithm.
Resources requested: 7.0/8 CPUs, 1.0/1 GPUs, 0.0/17.88 GiB heap, 0.0/8.94 GiB objects (0.0/1.0 accelerator_type:G)
Result logdir: /workspace/MARLlib/runs/rware_mappo_gru_small_20m_tensorboard/mappo_gru_rware-small-4ag-v2
Number of trials: 1/1 (1 RUNNING)
+------------------------------------------------------+----------+-------------------+--------+------------------+-------------+----------+----------------------+----------------------+--------------------+
| Trial name                                           | status   | loc               |   iter |   total time (s) |          ts |   reward |   episode_reward_max |   episode_reward_min |   episode_len_mean |
|------------------------------------------------------+----------+-------------------+--------+------------------+-------------+----------+----------------------+----------------------+--------------------|
| MAPPOTrainer_rware_v2_rware-small-4ag-v2_f1650_00000 | RUNNING  | 172.24.0.2:837006 |    406 |           1169.8 | 8.11675e+06 |     0.13 |                    1 |                    0 |                500 |
+------------------------------------------------------+----------+-------------------+--------+------------------+-------------+----------+----------------------+----------------------+--------------------+


== Status ==
Current time: 2026-05-22 20:49:32 (running for 00:19:59.49)
Memory usage on this node: 62.4/251.6 GiB
Using FIFO scheduling algorithm.
Resources requested: 7.0/8 CPUs, 1.0/1 GPUs, 0.0/17.88 GiB heap, 0.0/8.94 GiB objects (0.0/1.0 accelerator_type:G)
Result logdir: /workspace/MARLlib/runs/rware_mappo_gru_small_20m_tensorboard/mappo_gru_rware-small-4ag-v2
Number of trials: 1/1 (1 RUNNING)
+------------------------------------------------------+----------+-------------------+--------+------------------+-------------+----------+----------------------+----------------------+--------------------+
| Trial name                                           | status   | loc               |   iter |   total time (s) |          ts |   reward |   episode_reward_max |   episode_reward_min |   episode_len_mean |
|------------------------------------------------------+----------+-------------------+--------+------------------+-------------+----------+----------------------+----------------------+--------------------|
| MAPPOTrainer_rware_v2_rware-small-4ag-v2_f1650_00000 | RUNNING  | 172.24.0.2:837006 |    408 |          1175.07 | 8.15674e+06 |     0.11 |                    1 |                    0 |                500 |
+------------------------------------------------------+----------+-------------------+--------+------------------+-------------+----------+----------------------+----------------------+--------------------+


== Status ==
Current time: 2026-05-22 20:49:38 (running for 00:20:04.78)
Memory usage on this node: 62.4/251.6 GiB
Using FIFO scheduling algorithm.
Resources requested: 7.0/8 CPUs, 1.0/1 GPUs, 0.0/17.88 GiB heap, 0.0/8.94 GiB objects (0.0/1.0 accelerator_type:G)
Result logdir: /workspace/MARLlib/runs/rware_mappo_gru_small_20m_tensorboard/mappo_gru_rware-small-4ag-v2
Number of trials: 1/1 (1 RUNNING)
+------------------------------------------------------+----------+-------------------+--------+------------------+-------------+----------+----------------------+----------------------+--------------------+
| Trial name                                           | status   | loc               |   iter |   total time (s) |          ts |   reward |   episode_reward_max |   episode_reward_min |   episode_len_mean |
|------------------------------------------------------+----------+-------------------+--------+------------------+-------------+----------+----------------------+----------------------+--------------------|
| MAPPOTrainer_rware_v2_rware-small-4ag-v2_f1650_00000 | RUNNING  | 172.24.0.2:837006 |    410 |          1180.32 | 8.19672e+06 |     0.11 |                    1 |                    0 |                500 |
+------------------------------------------------------+----------+-------------------+--------+------------------+-------------+----------+----------------------+----------------------+--------------------+


== Status ==
Current time: 2026-05-22 20:49:43 (running for 00:20:09.91)
Memory usage on this node: 62.4/251.6 GiB
Using FIFO scheduling algorithm.
Resources requested: 7.0/8 CPUs, 1.0/1 GPUs, 0.0/17.88 GiB heap, 0.0/8.94 GiB objects (0.0/1.0 accelerator_type:G)
Result logdir: /workspace/MARLlib/runs/rware_mappo_gru_small_20m_tensorboard/mappo_gru_rware-small-4ag-v2
Number of trials: 1/1 (1 RUNNING)
+------------------------------------------------------+----------+-------------------+--------+------------------+------------+----------+----------------------+----------------------+--------------------+
| Trial name                                           | status   | loc               |   iter |   total time (s) |         ts |   reward |   episode_reward_max |   episode_reward_min |   episode_len_mean |
|------------------------------------------------------+----------+-------------------+--------+------------------+------------+----------+----------------------+----------------------+--------------------|
| MAPPOTrainer_rware_v2_rware-small-4ag-v2_f1650_00000 | RUNNING  | 172.24.0.2:837006 |    412 |          1185.39 | 8.2367e+06 |     0.08 |                    1 |                    0 |                500 |
+------------------------------------------------------+----------+-------------------+--------+------------------+------------+----------+----------------------+----------------------+--------------------+


== Status ==
Current time: 2026-05-22 20:49:48 (running for 00:20:15.35)
Memory usage on this node: 62.5/251.6 GiB
Using FIFO scheduling algorithm.
Resources requested: 7.0/8 CPUs, 1.0/1 GPUs, 0.0/17.88 GiB heap, 0.0/8.94 GiB objects (0.0/1.0 accelerator_type:G)
Result logdir: /workspace/MARLlib/runs/rware_mappo_gru_small_20m_tensorboard/mappo_gru_rware-small-4ag-v2
Number of trials: 1/1 (1 RUNNING)
+------------------------------------------------------+----------+-------------------+--------+------------------+-------------+----------+----------------------+----------------------+--------------------+
| Trial name                                           | status   | loc               |   iter |   total time (s) |          ts |   reward |   episode_reward_max |   episode_reward_min |   episode_len_mean |
|------------------------------------------------------+----------+-------------------+--------+------------------+-------------+----------+----------------------+----------------------+--------------------|
| MAPPOTrainer_rware_v2_rware-small-4ag-v2_f1650_00000 | RUNNING  | 172.24.0.2:837006 |    414 |          1190.77 | 8.27669e+06 |     0.09 |                    1 |                    0 |                500 |
+------------------------------------------------------+----------+-------------------+--------+------------------+-------------+----------+----------------------+----------------------+--------------------+


== Status ==
Current time: 2026-05-22 20:49:54 (running for 00:20:20.68)
Memory usage on this node: 62.5/251.6 GiB
Using FIFO scheduling algorithm.
Resources requested: 7.0/8 CPUs, 1.0/1 GPUs, 0.0/17.88 GiB heap, 0.0/8.94 GiB objects (0.0/1.0 accelerator_type:G)
Result logdir: /workspace/MARLlib/runs/rware_mappo_gru_small_20m_tensorboard/mappo_gru_rware-small-4ag-v2
Number of trials: 1/1 (1 RUNNING)
+------------------------------------------------------+----------+-------------------+--------+------------------+-------------+----------+----------------------+----------------------+--------------------+
| Trial name                                           | status   | loc               |   iter |   total time (s) |          ts |   reward |   episode_reward_max |   episode_reward_min |   episode_len_mean |
|------------------------------------------------------+----------+-------------------+--------+------------------+-------------+----------+----------------------+----------------------+--------------------|
| MAPPOTrainer_rware_v2_rware-small-4ag-v2_f1650_00000 | RUNNING  | 172.24.0.2:837006 |    416 |          1196.05 | 8.31667e+06 |      0.1 |                    1 |                    0 |                500 |
+------------------------------------------------------+----------+-------------------+--------+------------------+-------------+----------+----------------------+----------------------+--------------------+


== Status ==
Current time: 2026-05-22 20:49:59 (running for 00:20:26.01)
Memory usage on this node: 62.4/251.6 GiB
Using FIFO scheduling algorithm.
Resources requested: 7.0/8 CPUs, 1.0/1 GPUs, 0.0/17.88 GiB heap, 0.0/8.94 GiB objects (0.0/1.0 accelerator_type:G)
Result logdir: /workspace/MARLlib/runs/rware_mappo_gru_small_20m_tensorboard/mappo_gru_rware-small-4ag-v2
Number of trials: 1/1 (1 RUNNING)
+------------------------------------------------------+----------+-------------------+--------+------------------+-------------+----------+----------------------+----------------------+--------------------+
| Trial name                                           | status   | loc               |   iter |   total time (s) |          ts |   reward |   episode_reward_max |   episode_reward_min |   episode_len_mean |
|------------------------------------------------------+----------+-------------------+--------+------------------+-------------+----------+----------------------+----------------------+--------------------|
| MAPPOTrainer_rware_v2_rware-small-4ag-v2_f1650_00000 | RUNNING  | 172.24.0.2:837006 |    418 |          1201.32 | 8.35666e+06 |      0.1 |                    1 |                    0 |                500 |
+------------------------------------------------------+----------+-------------------+--------+------------------+-------------+----------+----------------------+----------------------+--------------------+


== Status ==
Current time: 2026-05-22 20:50:04 (running for 00:20:31.50)
Memory usage on this node: 62.5/251.6 GiB
Using FIFO scheduling algorithm.
Resources requested: 7.0/8 CPUs, 1.0/1 GPUs, 0.0/17.88 GiB heap, 0.0/8.94 GiB objects (0.0/1.0 accelerator_type:G)
Result logdir: /workspace/MARLlib/runs/rware_mappo_gru_small_20m_tensorboard/mappo_gru_rware-small-4ag-v2
Number of trials: 1/1 (1 RUNNING)
+------------------------------------------------------+----------+-------------------+--------+------------------+-------------+----------+----------------------+----------------------+--------------------+
| Trial name                                           | status   | loc               |   iter |   total time (s) |          ts |   reward |   episode_reward_max |   episode_reward_min |   episode_len_mean |
|------------------------------------------------------+----------+-------------------+--------+------------------+-------------+----------+----------------------+----------------------+--------------------|
| MAPPOTrainer_rware_v2_rware-small-4ag-v2_f1650_00000 | RUNNING  | 172.24.0.2:837006 |    420 |          1206.77 | 8.39664e+06 |     0.11 |                    1 |                    0 |                500 |
+------------------------------------------------------+----------+-------------------+--------+------------------+-------------+----------+----------------------+----------------------+--------------------+


== Status ==
Current time: 2026-05-22 20:50:10 (running for 00:20:36.84)
Memory usage on this node: 62.4/251.6 GiB
Using FIFO scheduling algorithm.
Resources requested: 7.0/8 CPUs, 1.0/1 GPUs, 0.0/17.88 GiB heap, 0.0/8.94 GiB objects (0.0/1.0 accelerator_type:G)
Result logdir: /workspace/MARLlib/runs/rware_mappo_gru_small_20m_tensorboard/mappo_gru_rware-small-4ag-v2
Number of trials: 1/1 (1 RUNNING)
+------------------------------------------------------+----------+-------------------+--------+------------------+-------------+----------+----------------------+----------------------+--------------------+
| Trial name                                           | status   | loc               |   iter |   total time (s) |          ts |   reward |   episode_reward_max |   episode_reward_min |   episode_len_mean |
|------------------------------------------------------+----------+-------------------+--------+------------------+-------------+----------+----------------------+----------------------+--------------------|
| MAPPOTrainer_rware_v2_rware-small-4ag-v2_f1650_00000 | RUNNING  | 172.24.0.2:837006 |    422 |          1212.05 | 8.43662e+06 |     0.12 |                    1 |                    0 |                500 |
+------------------------------------------------------+----------+-------------------+--------+------------------+-------------+----------+----------------------+----------------------+--------------------+


== Status ==
Current time: 2026-05-22 20:50:15 (running for 00:20:42.19)
Memory usage on this node: 62.4/251.6 GiB
Using FIFO scheduling algorithm.
Resources requested: 7.0/8 CPUs, 1.0/1 GPUs, 0.0/17.88 GiB heap, 0.0/8.94 GiB objects (0.0/1.0 accelerator_type:G)
Result logdir: /workspace/MARLlib/runs/rware_mappo_gru_small_20m_tensorboard/mappo_gru_rware-small-4ag-v2
Number of trials: 1/1 (1 RUNNING)
+------------------------------------------------------+----------+-------------------+--------+------------------+-------------+----------+----------------------+----------------------+--------------------+
| Trial name                                           | status   | loc               |   iter |   total time (s) |          ts |   reward |   episode_reward_max |   episode_reward_min |   episode_len_mean |
|------------------------------------------------------+----------+-------------------+--------+------------------+-------------+----------+----------------------+----------------------+--------------------|
| MAPPOTrainer_rware_v2_rware-small-4ag-v2_f1650_00000 | RUNNING  | 172.24.0.2:837006 |    424 |          1217.34 | 8.47661e+06 |     0.13 |                    2 |                    0 |                500 |
+------------------------------------------------------+----------+-------------------+--------+------------------+-------------+----------+----------------------+----------------------+--------------------+


== Status ==
Current time: 2026-05-22 20:50:21 (running for 00:20:47.56)
Memory usage on this node: 62.4/251.6 GiB
Using FIFO scheduling algorithm.
Resources requested: 7.0/8 CPUs, 1.0/1 GPUs, 0.0/17.88 GiB heap, 0.0/8.94 GiB objects (0.0/1.0 accelerator_type:G)
Result logdir: /workspace/MARLlib/runs/rware_mappo_gru_small_20m_tensorboard/mappo_gru_rware-small-4ag-v2
Number of trials: 1/1 (1 RUNNING)
+------------------------------------------------------+----------+-------------------+--------+------------------+-------------+----------+----------------------+----------------------+--------------------+
| Trial name                                           | status   | loc               |   iter |   total time (s) |          ts |   reward |   episode_reward_max |   episode_reward_min |   episode_len_mean |
|------------------------------------------------------+----------+-------------------+--------+------------------+-------------+----------+----------------------+----------------------+--------------------|
| MAPPOTrainer_rware_v2_rware-small-4ag-v2_f1650_00000 | RUNNING  | 172.24.0.2:837006 |    426 |          1222.67 | 8.51659e+06 |     0.13 |                    2 |                    0 |                500 |
+------------------------------------------------------+----------+-------------------+--------+------------------+-------------+----------+----------------------+----------------------+--------------------+


== Status ==
Current time: 2026-05-22 20:50:26 (running for 00:20:52.91)
Memory usage on this node: 62.4/251.6 GiB
Using FIFO scheduling algorithm.
Resources requested: 7.0/8 CPUs, 1.0/1 GPUs, 0.0/17.88 GiB heap, 0.0/8.94 GiB objects (0.0/1.0 accelerator_type:G)
Result logdir: /workspace/MARLlib/runs/rware_mappo_gru_small_20m_tensorboard/mappo_gru_rware-small-4ag-v2
Number of trials: 1/1 (1 RUNNING)
+------------------------------------------------------+----------+-------------------+--------+------------------+-------------+----------+----------------------+----------------------+--------------------+
| Trial name                                           | status   | loc               |   iter |   total time (s) |          ts |   reward |   episode_reward_max |   episode_reward_min |   episode_len_mean |
|------------------------------------------------------+----------+-------------------+--------+------------------+-------------+----------+----------------------+----------------------+--------------------|
| MAPPOTrainer_rware_v2_rware-small-4ag-v2_f1650_00000 | RUNNING  | 172.24.0.2:837006 |    428 |          1227.96 | 8.55658e+06 |     0.15 |                    3 |                    0 |                500 |
+------------------------------------------------------+----------+-------------------+--------+------------------+-------------+----------+----------------------+----------------------+--------------------+


== Status ==
Current time: 2026-05-22 20:50:31 (running for 00:20:58.38)
Memory usage on this node: 62.4/251.6 GiB
Using FIFO scheduling algorithm.
Resources requested: 7.0/8 CPUs, 1.0/1 GPUs, 0.0/17.88 GiB heap, 0.0/8.94 GiB objects (0.0/1.0 accelerator_type:G)
Result logdir: /workspace/MARLlib/runs/rware_mappo_gru_small_20m_tensorboard/mappo_gru_rware-small-4ag-v2
Number of trials: 1/1 (1 RUNNING)
+------------------------------------------------------+----------+-------------------+--------+------------------+-------------+----------+----------------------+----------------------+--------------------+
| Trial name                                           | status   | loc               |   iter |   total time (s) |          ts |   reward |   episode_reward_max |   episode_reward_min |   episode_len_mean |
|------------------------------------------------------+----------+-------------------+--------+------------------+-------------+----------+----------------------+----------------------+--------------------|
| MAPPOTrainer_rware_v2_rware-small-4ag-v2_f1650_00000 | RUNNING  | 172.24.0.2:837006 |    430 |          1233.38 | 8.59656e+06 |     0.13 |                    3 |                    0 |                500 |
+------------------------------------------------------+----------+-------------------+--------+------------------+-------------+----------+----------------------+----------------------+--------------------+


== Status ==
Current time: 2026-05-22 20:50:37 (running for 00:21:03.59)
Memory usage on this node: 62.4/251.6 GiB
Using FIFO scheduling algorithm.
Resources requested: 7.0/8 CPUs, 1.0/1 GPUs, 0.0/17.88 GiB heap, 0.0/8.94 GiB objects (0.0/1.0 accelerator_type:G)
Result logdir: /workspace/MARLlib/runs/rware_mappo_gru_small_20m_tensorboard/mappo_gru_rware-small-4ag-v2
Number of trials: 1/1 (1 RUNNING)
+------------------------------------------------------+----------+-------------------+--------+------------------+-------------+----------+----------------------+----------------------+--------------------+
| Trial name                                           | status   | loc               |   iter |   total time (s) |          ts |   reward |   episode_reward_max |   episode_reward_min |   episode_len_mean |
|------------------------------------------------------+----------+-------------------+--------+------------------+-------------+----------+----------------------+----------------------+--------------------|
| MAPPOTrainer_rware_v2_rware-small-4ag-v2_f1650_00000 | RUNNING  | 172.24.0.2:837006 |    432 |          1238.55 | 8.63654e+06 |     0.12 |                    3 |                    0 |                500 |
+------------------------------------------------------+----------+-------------------+--------+------------------+-------------+----------+----------------------+----------------------+--------------------+


== Status ==
Current time: 2026-05-22 20:50:42 (running for 00:21:08.92)
Memory usage on this node: 62.4/251.6 GiB
Using FIFO scheduling algorithm.
Resources requested: 7.0/8 CPUs, 1.0/1 GPUs, 0.0/17.88 GiB heap, 0.0/8.94 GiB objects (0.0/1.0 accelerator_type:G)
Result logdir: /workspace/MARLlib/runs/rware_mappo_gru_small_20m_tensorboard/mappo_gru_rware-small-4ag-v2
Number of trials: 1/1 (1 RUNNING)
+------------------------------------------------------+----------+-------------------+--------+------------------+-------------+----------+----------------------+----------------------+--------------------+
| Trial name                                           | status   | loc               |   iter |   total time (s) |          ts |   reward |   episode_reward_max |   episode_reward_min |   episode_len_mean |
|------------------------------------------------------+----------+-------------------+--------+------------------+-------------+----------+----------------------+----------------------+--------------------|
| MAPPOTrainer_rware_v2_rware-small-4ag-v2_f1650_00000 | RUNNING  | 172.24.0.2:837006 |    434 |          1243.82 | 8.67653e+06 |     0.12 |                    3 |                    0 |                500 |
+------------------------------------------------------+----------+-------------------+--------+------------------+-------------+----------+----------------------+----------------------+--------------------+


== Status ==
Current time: 2026-05-22 20:50:47 (running for 00:21:14.21)
Memory usage on this node: 62.4/251.6 GiB
Using FIFO scheduling algorithm.
Resources requested: 7.0/8 CPUs, 1.0/1 GPUs, 0.0/17.88 GiB heap, 0.0/8.94 GiB objects (0.0/1.0 accelerator_type:G)
Result logdir: /workspace/MARLlib/runs/rware_mappo_gru_small_20m_tensorboard/mappo_gru_rware-small-4ag-v2
Number of trials: 1/1 (1 RUNNING)
+------------------------------------------------------+----------+-------------------+--------+------------------+-------------+----------+----------------------+----------------------+--------------------+
| Trial name                                           | status   | loc               |   iter |   total time (s) |          ts |   reward |   episode_reward_max |   episode_reward_min |   episode_len_mean |
|------------------------------------------------------+----------+-------------------+--------+------------------+-------------+----------+----------------------+----------------------+--------------------|
| MAPPOTrainer_rware_v2_rware-small-4ag-v2_f1650_00000 | RUNNING  | 172.24.0.2:837006 |    436 |          1249.04 | 8.71651e+06 |     0.13 |                    3 |                    0 |                500 |
+------------------------------------------------------+----------+-------------------+--------+------------------+-------------+----------+----------------------+----------------------+--------------------+


== Status ==
Current time: 2026-05-22 20:50:52 (running for 00:21:19.37)
Memory usage on this node: 62.4/251.6 GiB
Using FIFO scheduling algorithm.
Resources requested: 7.0/8 CPUs, 1.0/1 GPUs, 0.0/17.88 GiB heap, 0.0/8.94 GiB objects (0.0/1.0 accelerator_type:G)
Result logdir: /workspace/MARLlib/runs/rware_mappo_gru_small_20m_tensorboard/mappo_gru_rware-small-4ag-v2
Number of trials: 1/1 (1 RUNNING)
+------------------------------------------------------+----------+-------------------+--------+------------------+------------+----------+----------------------+----------------------+--------------------+
| Trial name                                           | status   | loc               |   iter |   total time (s) |         ts |   reward |   episode_reward_max |   episode_reward_min |   episode_len_mean |
|------------------------------------------------------+----------+-------------------+--------+------------------+------------+----------+----------------------+----------------------+--------------------|
| MAPPOTrainer_rware_v2_rware-small-4ag-v2_f1650_00000 | RUNNING  | 172.24.0.2:837006 |    438 |          1254.14 | 8.7565e+06 |      0.1 |                    1 |                    0 |                500 |
+------------------------------------------------------+----------+-------------------+--------+------------------+------------+----------+----------------------+----------------------+--------------------+


== Status ==
Current time: 2026-05-22 20:50:58 (running for 00:21:24.81)
Memory usage on this node: 62.4/251.6 GiB
Using FIFO scheduling algorithm.
Resources requested: 7.0/8 CPUs, 1.0/1 GPUs, 0.0/17.88 GiB heap, 0.0/8.94 GiB objects (0.0/1.0 accelerator_type:G)
Result logdir: /workspace/MARLlib/runs/rware_mappo_gru_small_20m_tensorboard/mappo_gru_rware-small-4ag-v2
Number of trials: 1/1 (1 RUNNING)
+------------------------------------------------------+----------+-------------------+--------+------------------+-------------+----------+----------------------+----------------------+--------------------+
| Trial name                                           | status   | loc               |   iter |   total time (s) |          ts |   reward |   episode_reward_max |   episode_reward_min |   episode_len_mean |
|------------------------------------------------------+----------+-------------------+--------+------------------+-------------+----------+----------------------+----------------------+--------------------|
| MAPPOTrainer_rware_v2_rware-small-4ag-v2_f1650_00000 | RUNNING  | 172.24.0.2:837006 |    440 |          1259.52 | 8.79648e+06 |     0.11 |                    1 |                    0 |                500 |
+------------------------------------------------------+----------+-------------------+--------+------------------+-------------+----------+----------------------+----------------------+--------------------+


== Status ==
Current time: 2026-05-22 20:51:03 (running for 00:21:30.16)
Memory usage on this node: 62.4/251.6 GiB
Using FIFO scheduling algorithm.
Resources requested: 7.0/8 CPUs, 1.0/1 GPUs, 0.0/17.88 GiB heap, 0.0/8.94 GiB objects (0.0/1.0 accelerator_type:G)
Result logdir: /workspace/MARLlib/runs/rware_mappo_gru_small_20m_tensorboard/mappo_gru_rware-small-4ag-v2
Number of trials: 1/1 (1 RUNNING)
+------------------------------------------------------+----------+-------------------+--------+------------------+-------------+----------+----------------------+----------------------+--------------------+
| Trial name                                           | status   | loc               |   iter |   total time (s) |          ts |   reward |   episode_reward_max |   episode_reward_min |   episode_len_mean |
|------------------------------------------------------+----------+-------------------+--------+------------------+-------------+----------+----------------------+----------------------+--------------------|
| MAPPOTrainer_rware_v2_rware-small-4ag-v2_f1650_00000 | RUNNING  | 172.24.0.2:837006 |    442 |          1264.82 | 8.83646e+06 |     0.14 |                    1 |                    0 |                500 |
+------------------------------------------------------+----------+-------------------+--------+------------------+-------------+----------+----------------------+----------------------+--------------------+


== Status ==
Current time: 2026-05-22 20:51:09 (running for 00:21:35.59)
Memory usage on this node: 62.4/251.6 GiB
Using FIFO scheduling algorithm.
Resources requested: 7.0/8 CPUs, 1.0/1 GPUs, 0.0/17.88 GiB heap, 0.0/8.94 GiB objects (0.0/1.0 accelerator_type:G)
Result logdir: /workspace/MARLlib/runs/rware_mappo_gru_small_20m_tensorboard/mappo_gru_rware-small-4ag-v2
Number of trials: 1/1 (1 RUNNING)
+------------------------------------------------------+----------+-------------------+--------+------------------+-------------+----------+----------------------+----------------------+--------------------+
| Trial name                                           | status   | loc               |   iter |   total time (s) |          ts |   reward |   episode_reward_max |   episode_reward_min |   episode_len_mean |
|------------------------------------------------------+----------+-------------------+--------+------------------+-------------+----------+----------------------+----------------------+--------------------|
| MAPPOTrainer_rware_v2_rware-small-4ag-v2_f1650_00000 | RUNNING  | 172.24.0.2:837006 |    444 |          1270.18 | 8.87645e+06 |     0.15 |                    1 |                    0 |                500 |
+------------------------------------------------------+----------+-------------------+--------+------------------+-------------+----------+----------------------+----------------------+--------------------+


== Status ==
Current time: 2026-05-22 20:51:14 (running for 00:21:40.84)
Memory usage on this node: 62.4/251.6 GiB
Using FIFO scheduling algorithm.
Resources requested: 7.0/8 CPUs, 1.0/1 GPUs, 0.0/17.88 GiB heap, 0.0/8.94 GiB objects (0.0/1.0 accelerator_type:G)
Result logdir: /workspace/MARLlib/runs/rware_mappo_gru_small_20m_tensorboard/mappo_gru_rware-small-4ag-v2
Number of trials: 1/1 (1 RUNNING)
+------------------------------------------------------+----------+-------------------+--------+------------------+-------------+----------+----------------------+----------------------+--------------------+
| Trial name                                           | status   | loc               |   iter |   total time (s) |          ts |   reward |   episode_reward_max |   episode_reward_min |   episode_len_mean |
|------------------------------------------------------+----------+-------------------+--------+------------------+-------------+----------+----------------------+----------------------+--------------------|
| MAPPOTrainer_rware_v2_rware-small-4ag-v2_f1650_00000 | RUNNING  | 172.24.0.2:837006 |    446 |          1275.37 | 8.91643e+06 |     0.14 |                    1 |                    0 |                500 |
+------------------------------------------------------+----------+-------------------+--------+------------------+-------------+----------+----------------------+----------------------+--------------------+


== Status ==
Current time: 2026-05-22 20:51:19 (running for 00:21:46.23)
Memory usage on this node: 62.4/251.6 GiB
Using FIFO scheduling algorithm.
Resources requested: 7.0/8 CPUs, 1.0/1 GPUs, 0.0/17.88 GiB heap, 0.0/8.94 GiB objects (0.0/1.0 accelerator_type:G)
Result logdir: /workspace/MARLlib/runs/rware_mappo_gru_small_20m_tensorboard/mappo_gru_rware-small-4ag-v2
Number of trials: 1/1 (1 RUNNING)
+------------------------------------------------------+----------+-------------------+--------+------------------+-------------+----------+----------------------+----------------------+--------------------+
| Trial name                                           | status   | loc               |   iter |   total time (s) |          ts |   reward |   episode_reward_max |   episode_reward_min |   episode_len_mean |
|------------------------------------------------------+----------+-------------------+--------+------------------+-------------+----------+----------------------+----------------------+--------------------|
| MAPPOTrainer_rware_v2_rware-small-4ag-v2_f1650_00000 | RUNNING  | 172.24.0.2:837006 |    448 |           1280.7 | 8.95642e+06 |     0.15 |                    1 |                    0 |                500 |
+------------------------------------------------------+----------+-------------------+--------+------------------+-------------+----------+----------------------+----------------------+--------------------+


== Status ==
Current time: 2026-05-22 20:51:25 (running for 00:21:51.94)
Memory usage on this node: 62.4/251.6 GiB
Using FIFO scheduling algorithm.
Resources requested: 7.0/8 CPUs, 1.0/1 GPUs, 0.0/17.88 GiB heap, 0.0/8.94 GiB objects (0.0/1.0 accelerator_type:G)
Result logdir: /workspace/MARLlib/runs/rware_mappo_gru_small_20m_tensorboard/mappo_gru_rware-small-4ag-v2
Number of trials: 1/1 (1 RUNNING)
+------------------------------------------------------+----------+-------------------+--------+------------------+-------------+----------+----------------------+----------------------+--------------------+
| Trial name                                           | status   | loc               |   iter |   total time (s) |          ts |   reward |   episode_reward_max |   episode_reward_min |   episode_len_mean |
|------------------------------------------------------+----------+-------------------+--------+------------------+-------------+----------+----------------------+----------------------+--------------------|
| MAPPOTrainer_rware_v2_rware-small-4ag-v2_f1650_00000 | RUNNING  | 172.24.0.2:837006 |    449 |          1283.37 | 8.97641e+06 |     0.15 |                    1 |                    0 |                500 |
+------------------------------------------------------+----------+-------------------+--------+------------------+-------------+----------+----------------------+----------------------+--------------------+


== Status ==
Current time: 2026-05-22 20:51:30 (running for 00:21:56.94)
Memory usage on this node: 62.4/251.6 GiB
Using FIFO scheduling algorithm.
Resources requested: 7.0/8 CPUs, 1.0/1 GPUs, 0.0/17.88 GiB heap, 0.0/8.94 GiB objects (0.0/1.0 accelerator_type:G)
Result logdir: /workspace/MARLlib/runs/rware_mappo_gru_small_20m_tensorboard/mappo_gru_rware-small-4ag-v2
Number of trials: 1/1 (1 RUNNING)
+------------------------------------------------------+----------+-------------------+--------+------------------+-------------+----------+----------------------+----------------------+--------------------+
| Trial name                                           | status   | loc               |   iter |   total time (s) |          ts |   reward |   episode_reward_max |   episode_reward_min |   episode_len_mean |
|------------------------------------------------------+----------+-------------------+--------+------------------+-------------+----------+----------------------+----------------------+--------------------|
| MAPPOTrainer_rware_v2_rware-small-4ag-v2_f1650_00000 | RUNNING  | 172.24.0.2:837006 |    449 |          1283.37 | 8.97641e+06 |     0.15 |                    1 |                    0 |                500 |
+------------------------------------------------------+----------+-------------------+--------+------------------+-------------+----------+----------------------+----------------------+--------------------+


== Status ==
Current time: 2026-05-22 20:51:35 (running for 00:22:01.95)
Memory usage on this node: 62.4/251.6 GiB
Using FIFO scheduling algorithm.
Resources requested: 7.0/8 CPUs, 1.0/1 GPUs, 0.0/17.88 GiB heap, 0.0/8.94 GiB objects (0.0/1.0 accelerator_type:G)
Result logdir: /workspace/MARLlib/runs/rware_mappo_gru_small_20m_tensorboard/mappo_gru_rware-small-4ag-v2
Number of trials: 1/1 (1 RUNNING)
+------------------------------------------------------+----------+-------------------+--------+------------------+-------------+----------+----------------------+----------------------+--------------------+
| Trial name                                           | status   | loc               |   iter |   total time (s) |          ts |   reward |   episode_reward_max |   episode_reward_min |   episode_len_mean |
|------------------------------------------------------+----------+-------------------+--------+------------------+-------------+----------+----------------------+----------------------+--------------------|
| MAPPOTrainer_rware_v2_rware-small-4ag-v2_f1650_00000 | RUNNING  | 172.24.0.2:837006 |    449 |          1283.37 | 8.97641e+06 |     0.15 |                    1 |                    0 |                500 |
+------------------------------------------------------+----------+-------------------+--------+------------------+-------------+----------+----------------------+----------------------+--------------------+


== Status ==
Current time: 2026-05-22 20:51:40 (running for 00:22:07.45)
Memory usage on this node: 62.5/251.6 GiB
Using FIFO scheduling algorithm.
Resources requested: 7.0/8 CPUs, 1.0/1 GPUs, 0.0/17.88 GiB heap, 0.0/8.94 GiB objects (0.0/1.0 accelerator_type:G)
Result logdir: /workspace/MARLlib/runs/rware_mappo_gru_small_20m_tensorboard/mappo_gru_rware-small-4ag-v2
Number of trials: 1/1 (1 RUNNING)
+------------------------------------------------------+----------+-------------------+--------+------------------+-------------+----------+----------------------+----------------------+--------------------+
| Trial name                                           | status   | loc               |   iter |   total time (s) |          ts |   reward |   episode_reward_max |   episode_reward_min |   episode_len_mean |
|------------------------------------------------------+----------+-------------------+--------+------------------+-------------+----------+----------------------+----------------------+--------------------|
| MAPPOTrainer_rware_v2_rware-small-4ag-v2_f1650_00000 | RUNNING  | 172.24.0.2:837006 |    451 |          1301.83 | 9.01639e+06 |     0.15 |                    1 |                    0 |                500 |
+------------------------------------------------------+----------+-------------------+--------+------------------+-------------+----------+----------------------+----------------------+--------------------+


== Status ==
Current time: 2026-05-22 20:51:46 (running for 00:22:12.77)
Memory usage on this node: 62.5/251.6 GiB
Using FIFO scheduling algorithm.
Resources requested: 7.0/8 CPUs, 1.0/1 GPUs, 0.0/17.88 GiB heap, 0.0/8.94 GiB objects (0.0/1.0 accelerator_type:G)
Result logdir: /workspace/MARLlib/runs/rware_mappo_gru_small_20m_tensorboard/mappo_gru_rware-small-4ag-v2
Number of trials: 1/1 (1 RUNNING)
+------------------------------------------------------+----------+-------------------+--------+------------------+-------------+----------+----------------------+----------------------+--------------------+
| Trial name                                           | status   | loc               |   iter |   total time (s) |          ts |   reward |   episode_reward_max |   episode_reward_min |   episode_len_mean |
|------------------------------------------------------+----------+-------------------+--------+------------------+-------------+----------+----------------------+----------------------+--------------------|
| MAPPOTrainer_rware_v2_rware-small-4ag-v2_f1650_00000 | RUNNING  | 172.24.0.2:837006 |    453 |           1307.1 | 9.05638e+06 |     0.17 |                    2 |                    0 |                500 |
+------------------------------------------------------+----------+-------------------+--------+------------------+-------------+----------+----------------------+----------------------+--------------------+


== Status ==
Current time: 2026-05-22 20:51:51 (running for 00:22:18.32)
Memory usage on this node: 62.5/251.6 GiB
Using FIFO scheduling algorithm.
Resources requested: 7.0/8 CPUs, 1.0/1 GPUs, 0.0/17.88 GiB heap, 0.0/8.94 GiB objects (0.0/1.0 accelerator_type:G)
Result logdir: /workspace/MARLlib/runs/rware_mappo_gru_small_20m_tensorboard/mappo_gru_rware-small-4ag-v2
Number of trials: 1/1 (1 RUNNING)
+------------------------------------------------------+----------+-------------------+--------+------------------+-------------+----------+----------------------+----------------------+--------------------+
| Trial name                                           | status   | loc               |   iter |   total time (s) |          ts |   reward |   episode_reward_max |   episode_reward_min |   episode_len_mean |
|------------------------------------------------------+----------+-------------------+--------+------------------+-------------+----------+----------------------+----------------------+--------------------|
| MAPPOTrainer_rware_v2_rware-small-4ag-v2_f1650_00000 | RUNNING  | 172.24.0.2:837006 |    455 |          1312.61 | 9.09636e+06 |     0.19 |                    2 |                    0 |                500 |
+------------------------------------------------------+----------+-------------------+--------+------------------+-------------+----------+----------------------+----------------------+--------------------+


== Status ==
Current time: 2026-05-22 20:51:57 (running for 00:22:23.78)
Memory usage on this node: 62.5/251.6 GiB
Using FIFO scheduling algorithm.
Resources requested: 7.0/8 CPUs, 1.0/1 GPUs, 0.0/17.88 GiB heap, 0.0/8.94 GiB objects (0.0/1.0 accelerator_type:G)
Result logdir: /workspace/MARLlib/runs/rware_mappo_gru_small_20m_tensorboard/mappo_gru_rware-small-4ag-v2
Number of trials: 1/1 (1 RUNNING)
+------------------------------------------------------+----------+-------------------+--------+------------------+-------------+----------+----------------------+----------------------+--------------------+
| Trial name                                           | status   | loc               |   iter |   total time (s) |          ts |   reward |   episode_reward_max |   episode_reward_min |   episode_len_mean |
|------------------------------------------------------+----------+-------------------+--------+------------------+-------------+----------+----------------------+----------------------+--------------------|
| MAPPOTrainer_rware_v2_rware-small-4ag-v2_f1650_00000 | RUNNING  | 172.24.0.2:837006 |    457 |             1318 | 9.13634e+06 |     0.21 |                    2 |                    0 |                500 |
+------------------------------------------------------+----------+-------------------+--------+------------------+-------------+----------+----------------------+----------------------+--------------------+


== Status ==
Current time: 2026-05-22 20:52:02 (running for 00:22:29.12)
Memory usage on this node: 62.5/251.6 GiB
Using FIFO scheduling algorithm.
Resources requested: 7.0/8 CPUs, 1.0/1 GPUs, 0.0/17.88 GiB heap, 0.0/8.94 GiB objects (0.0/1.0 accelerator_type:G)
Result logdir: /workspace/MARLlib/runs/rware_mappo_gru_small_20m_tensorboard/mappo_gru_rware-small-4ag-v2
Number of trials: 1/1 (1 RUNNING)
+------------------------------------------------------+----------+-------------------+--------+------------------+-------------+----------+----------------------+----------------------+--------------------+
| Trial name                                           | status   | loc               |   iter |   total time (s) |          ts |   reward |   episode_reward_max |   episode_reward_min |   episode_len_mean |
|------------------------------------------------------+----------+-------------------+--------+------------------+-------------+----------+----------------------+----------------------+--------------------|
| MAPPOTrainer_rware_v2_rware-small-4ag-v2_f1650_00000 | RUNNING  | 172.24.0.2:837006 |    459 |           1323.3 | 9.17633e+06 |     0.21 |                    2 |                    0 |                500 |
+------------------------------------------------------+----------+-------------------+--------+------------------+-------------+----------+----------------------+----------------------+--------------------+


== Status ==
Current time: 2026-05-22 20:52:07 (running for 00:22:34.47)
Memory usage on this node: 62.5/251.6 GiB
Using FIFO scheduling algorithm.
Resources requested: 7.0/8 CPUs, 1.0/1 GPUs, 0.0/17.88 GiB heap, 0.0/8.94 GiB objects (0.0/1.0 accelerator_type:G)
Result logdir: /workspace/MARLlib/runs/rware_mappo_gru_small_20m_tensorboard/mappo_gru_rware-small-4ag-v2
Number of trials: 1/1 (1 RUNNING)
+------------------------------------------------------+----------+-------------------+--------+------------------+-------------+----------+----------------------+----------------------+--------------------+
| Trial name                                           | status   | loc               |   iter |   total time (s) |          ts |   reward |   episode_reward_max |   episode_reward_min |   episode_len_mean |
|------------------------------------------------------+----------+-------------------+--------+------------------+-------------+----------+----------------------+----------------------+--------------------|
| MAPPOTrainer_rware_v2_rware-small-4ag-v2_f1650_00000 | RUNNING  | 172.24.0.2:837006 |    461 |          1328.61 | 9.21631e+06 |     0.18 |                    1 |                    0 |                500 |
+------------------------------------------------------+----------+-------------------+--------+------------------+-------------+----------+----------------------+----------------------+--------------------+


== Status ==
Current time: 2026-05-22 20:52:13 (running for 00:22:39.73)
Memory usage on this node: 62.5/251.6 GiB
Using FIFO scheduling algorithm.
Resources requested: 7.0/8 CPUs, 1.0/1 GPUs, 0.0/17.88 GiB heap, 0.0/8.94 GiB objects (0.0/1.0 accelerator_type:G)
Result logdir: /workspace/MARLlib/runs/rware_mappo_gru_small_20m_tensorboard/mappo_gru_rware-small-4ag-v2
Number of trials: 1/1 (1 RUNNING)
+------------------------------------------------------+----------+-------------------+--------+------------------+------------+----------+----------------------+----------------------+--------------------+
| Trial name                                           | status   | loc               |   iter |   total time (s) |         ts |   reward |   episode_reward_max |   episode_reward_min |   episode_len_mean |
|------------------------------------------------------+----------+-------------------+--------+------------------+------------+----------+----------------------+----------------------+--------------------|
| MAPPOTrainer_rware_v2_rware-small-4ag-v2_f1650_00000 | RUNNING  | 172.24.0.2:837006 |    463 |          1333.82 | 9.2563e+06 |     0.18 |                    1 |                    0 |                500 |
+------------------------------------------------------+----------+-------------------+--------+------------------+------------+----------+----------------------+----------------------+--------------------+


== Status ==
Current time: 2026-05-22 20:52:18 (running for 00:22:45.25)
Memory usage on this node: 62.5/251.6 GiB
Using FIFO scheduling algorithm.
Resources requested: 7.0/8 CPUs, 1.0/1 GPUs, 0.0/17.88 GiB heap, 0.0/8.94 GiB objects (0.0/1.0 accelerator_type:G)
Result logdir: /workspace/MARLlib/runs/rware_mappo_gru_small_20m_tensorboard/mappo_gru_rware-small-4ag-v2
Number of trials: 1/1 (1 RUNNING)
+------------------------------------------------------+----------+-------------------+--------+------------------+-------------+----------+----------------------+----------------------+--------------------+
| Trial name                                           | status   | loc               |   iter |   total time (s) |          ts |   reward |   episode_reward_max |   episode_reward_min |   episode_len_mean |
|------------------------------------------------------+----------+-------------------+--------+------------------+-------------+----------+----------------------+----------------------+--------------------|
| MAPPOTrainer_rware_v2_rware-small-4ag-v2_f1650_00000 | RUNNING  | 172.24.0.2:837006 |    465 |          1339.29 | 9.29628e+06 |     0.17 |                    1 |                    0 |                500 |
+------------------------------------------------------+----------+-------------------+--------+------------------+-------------+----------+----------------------+----------------------+--------------------+


== Status ==
Current time: 2026-05-22 20:52:23 (running for 00:22:50.47)
Memory usage on this node: 62.5/251.6 GiB
Using FIFO scheduling algorithm.
Resources requested: 7.0/8 CPUs, 1.0/1 GPUs, 0.0/17.88 GiB heap, 0.0/8.94 GiB objects (0.0/1.0 accelerator_type:G)
Result logdir: /workspace/MARLlib/runs/rware_mappo_gru_small_20m_tensorboard/mappo_gru_rware-small-4ag-v2
Number of trials: 1/1 (1 RUNNING)
+------------------------------------------------------+----------+-------------------+--------+------------------+-------------+----------+----------------------+----------------------+--------------------+
| Trial name                                           | status   | loc               |   iter |   total time (s) |          ts |   reward |   episode_reward_max |   episode_reward_min |   episode_len_mean |
|------------------------------------------------------+----------+-------------------+--------+------------------+-------------+----------+----------------------+----------------------+--------------------|
| MAPPOTrainer_rware_v2_rware-small-4ag-v2_f1650_00000 | RUNNING  | 172.24.0.2:837006 |    467 |          1344.46 | 9.33626e+06 |     0.14 |                    1 |                    0 |                500 |
+------------------------------------------------------+----------+-------------------+--------+------------------+-------------+----------+----------------------+----------------------+--------------------+


== Status ==
Current time: 2026-05-22 20:52:29 (running for 00:22:55.79)
Memory usage on this node: 62.5/251.6 GiB
Using FIFO scheduling algorithm.
Resources requested: 7.0/8 CPUs, 1.0/1 GPUs, 0.0/17.88 GiB heap, 0.0/8.94 GiB objects (0.0/1.0 accelerator_type:G)
Result logdir: /workspace/MARLlib/runs/rware_mappo_gru_small_20m_tensorboard/mappo_gru_rware-small-4ag-v2
Number of trials: 1/1 (1 RUNNING)
+------------------------------------------------------+----------+-------------------+--------+------------------+-------------+----------+----------------------+----------------------+--------------------+
| Trial name                                           | status   | loc               |   iter |   total time (s) |          ts |   reward |   episode_reward_max |   episode_reward_min |   episode_len_mean |
|------------------------------------------------------+----------+-------------------+--------+------------------+-------------+----------+----------------------+----------------------+--------------------|
| MAPPOTrainer_rware_v2_rware-small-4ag-v2_f1650_00000 | RUNNING  | 172.24.0.2:837006 |    469 |          1349.72 | 9.37625e+06 |     0.13 |                    1 |                    0 |                500 |
+------------------------------------------------------+----------+-------------------+--------+------------------+-------------+----------+----------------------+----------------------+--------------------+


== Status ==
Current time: 2026-05-22 20:52:34 (running for 00:23:01.20)
Memory usage on this node: 62.5/251.6 GiB
Using FIFO scheduling algorithm.
Resources requested: 7.0/8 CPUs, 1.0/1 GPUs, 0.0/17.88 GiB heap, 0.0/8.94 GiB objects (0.0/1.0 accelerator_type:G)
Result logdir: /workspace/MARLlib/runs/rware_mappo_gru_small_20m_tensorboard/mappo_gru_rware-small-4ag-v2
Number of trials: 1/1 (1 RUNNING)
+------------------------------------------------------+----------+-------------------+--------+------------------+-------------+----------+----------------------+----------------------+--------------------+
| Trial name                                           | status   | loc               |   iter |   total time (s) |          ts |   reward |   episode_reward_max |   episode_reward_min |   episode_len_mean |
|------------------------------------------------------+----------+-------------------+--------+------------------+-------------+----------+----------------------+----------------------+--------------------|
| MAPPOTrainer_rware_v2_rware-small-4ag-v2_f1650_00000 | RUNNING  | 172.24.0.2:837006 |    471 |          1355.08 | 9.41623e+06 |     0.12 |                    1 |                    0 |                500 |
+------------------------------------------------------+----------+-------------------+--------+------------------+-------------+----------+----------------------+----------------------+--------------------+


== Status ==
Current time: 2026-05-22 20:52:39 (running for 00:23:06.41)
Memory usage on this node: 62.5/251.6 GiB
Using FIFO scheduling algorithm.
Resources requested: 7.0/8 CPUs, 1.0/1 GPUs, 0.0/17.88 GiB heap, 0.0/8.94 GiB objects (0.0/1.0 accelerator_type:G)
Result logdir: /workspace/MARLlib/runs/rware_mappo_gru_small_20m_tensorboard/mappo_gru_rware-small-4ag-v2
Number of trials: 1/1 (1 RUNNING)
+------------------------------------------------------+----------+-------------------+--------+------------------+-------------+----------+----------------------+----------------------+--------------------+
| Trial name                                           | status   | loc               |   iter |   total time (s) |          ts |   reward |   episode_reward_max |   episode_reward_min |   episode_len_mean |
|------------------------------------------------------+----------+-------------------+--------+------------------+-------------+----------+----------------------+----------------------+--------------------|
| MAPPOTrainer_rware_v2_rware-small-4ag-v2_f1650_00000 | RUNNING  | 172.24.0.2:837006 |    473 |          1360.22 | 9.45622e+06 |     0.11 |                    1 |                    0 |                500 |
+------------------------------------------------------+----------+-------------------+--------+------------------+-------------+----------+----------------------+----------------------+--------------------+


== Status ==
Current time: 2026-05-22 20:52:45 (running for 00:23:11.74)
Memory usage on this node: 62.6/251.6 GiB
Using FIFO scheduling algorithm.
Resources requested: 7.0/8 CPUs, 1.0/1 GPUs, 0.0/17.88 GiB heap, 0.0/8.94 GiB objects (0.0/1.0 accelerator_type:G)
Result logdir: /workspace/MARLlib/runs/rware_mappo_gru_small_20m_tensorboard/mappo_gru_rware-small-4ag-v2
Number of trials: 1/1 (1 RUNNING)
+------------------------------------------------------+----------+-------------------+--------+------------------+------------+----------+----------------------+----------------------+--------------------+
| Trial name                                           | status   | loc               |   iter |   total time (s) |         ts |   reward |   episode_reward_max |   episode_reward_min |   episode_len_mean |
|------------------------------------------------------+----------+-------------------+--------+------------------+------------+----------+----------------------+----------------------+--------------------|
| MAPPOTrainer_rware_v2_rware-small-4ag-v2_f1650_00000 | RUNNING  | 172.24.0.2:837006 |    475 |          1365.51 | 9.4962e+06 |     0.09 |                    1 |                    0 |                500 |
+------------------------------------------------------+----------+-------------------+--------+------------------+------------+----------+----------------------+----------------------+--------------------+


== Status ==
Current time: 2026-05-22 20:52:50 (running for 00:23:17.11)
Memory usage on this node: 62.6/251.6 GiB
Using FIFO scheduling algorithm.
Resources requested: 7.0/8 CPUs, 1.0/1 GPUs, 0.0/17.88 GiB heap, 0.0/8.94 GiB objects (0.0/1.0 accelerator_type:G)
Result logdir: /workspace/MARLlib/runs/rware_mappo_gru_small_20m_tensorboard/mappo_gru_rware-small-4ag-v2
Number of trials: 1/1 (1 RUNNING)
+------------------------------------------------------+----------+-------------------+--------+------------------+-------------+----------+----------------------+----------------------+--------------------+
| Trial name                                           | status   | loc               |   iter |   total time (s) |          ts |   reward |   episode_reward_max |   episode_reward_min |   episode_len_mean |
|------------------------------------------------------+----------+-------------------+--------+------------------+-------------+----------+----------------------+----------------------+--------------------|
| MAPPOTrainer_rware_v2_rware-small-4ag-v2_f1650_00000 | RUNNING  | 172.24.0.2:837006 |    477 |          1370.83 | 9.53618e+06 |      0.1 |                    1 |                    0 |                500 |
+------------------------------------------------------+----------+-------------------+--------+------------------+-------------+----------+----------------------+----------------------+--------------------+


== Status ==
Current time: 2026-05-22 20:52:55 (running for 00:23:22.43)
Memory usage on this node: 62.6/251.6 GiB
Using FIFO scheduling algorithm.
Resources requested: 7.0/8 CPUs, 1.0/1 GPUs, 0.0/17.88 GiB heap, 0.0/8.94 GiB objects (0.0/1.0 accelerator_type:G)
Result logdir: /workspace/MARLlib/runs/rware_mappo_gru_small_20m_tensorboard/mappo_gru_rware-small-4ag-v2
Number of trials: 1/1 (1 RUNNING)
+------------------------------------------------------+----------+-------------------+--------+------------------+-------------+----------+----------------------+----------------------+--------------------+
| Trial name                                           | status   | loc               |   iter |   total time (s) |          ts |   reward |   episode_reward_max |   episode_reward_min |   episode_len_mean |
|------------------------------------------------------+----------+-------------------+--------+------------------+-------------+----------+----------------------+----------------------+--------------------|
| MAPPOTrainer_rware_v2_rware-small-4ag-v2_f1650_00000 | RUNNING  | 172.24.0.2:837006 |    479 |          1376.09 | 9.57617e+06 |     0.08 |                    1 |                    0 |                500 |
+------------------------------------------------------+----------+-------------------+--------+------------------+-------------+----------+----------------------+----------------------+--------------------+


== Status ==
Current time: 2026-05-22 20:53:01 (running for 00:23:27.68)
Memory usage on this node: 62.6/251.6 GiB
Using FIFO scheduling algorithm.
Resources requested: 7.0/8 CPUs, 1.0/1 GPUs, 0.0/17.88 GiB heap, 0.0/8.94 GiB objects (0.0/1.0 accelerator_type:G)
Result logdir: /workspace/MARLlib/runs/rware_mappo_gru_small_20m_tensorboard/mappo_gru_rware-small-4ag-v2
Number of trials: 1/1 (1 RUNNING)
+------------------------------------------------------+----------+-------------------+--------+------------------+-------------+----------+----------------------+----------------------+--------------------+
| Trial name                                           | status   | loc               |   iter |   total time (s) |          ts |   reward |   episode_reward_max |   episode_reward_min |   episode_len_mean |
|------------------------------------------------------+----------+-------------------+--------+------------------+-------------+----------+----------------------+----------------------+--------------------|
| MAPPOTrainer_rware_v2_rware-small-4ag-v2_f1650_00000 | RUNNING  | 172.24.0.2:837006 |    481 |          1381.29 | 9.61615e+06 |     0.08 |                    1 |                    0 |                500 |
+------------------------------------------------------+----------+-------------------+--------+------------------+-------------+----------+----------------------+----------------------+--------------------+


== Status ==
Current time: 2026-05-22 20:53:06 (running for 00:23:33.00)
Memory usage on this node: 62.5/251.6 GiB
Using FIFO scheduling algorithm.
Resources requested: 7.0/8 CPUs, 1.0/1 GPUs, 0.0/17.88 GiB heap, 0.0/8.94 GiB objects (0.0/1.0 accelerator_type:G)
Result logdir: /workspace/MARLlib/runs/rware_mappo_gru_small_20m_tensorboard/mappo_gru_rware-small-4ag-v2
Number of trials: 1/1 (1 RUNNING)
+------------------------------------------------------+----------+-------------------+--------+------------------+-------------+----------+----------------------+----------------------+--------------------+
| Trial name                                           | status   | loc               |   iter |   total time (s) |          ts |   reward |   episode_reward_max |   episode_reward_min |   episode_len_mean |
|------------------------------------------------------+----------+-------------------+--------+------------------+-------------+----------+----------------------+----------------------+--------------------|
| MAPPOTrainer_rware_v2_rware-small-4ag-v2_f1650_00000 | RUNNING  | 172.24.0.2:837006 |    483 |          1386.56 | 9.65614e+06 |      0.1 |                    1 |                    0 |                500 |
+------------------------------------------------------+----------+-------------------+--------+------------------+-------------+----------+----------------------+----------------------+--------------------+


== Status ==
Current time: 2026-05-22 20:53:11 (running for 00:23:38.19)
Memory usage on this node: 62.6/251.6 GiB
Using FIFO scheduling algorithm.
Resources requested: 7.0/8 CPUs, 1.0/1 GPUs, 0.0/17.88 GiB heap, 0.0/8.94 GiB objects (0.0/1.0 accelerator_type:G)
Result logdir: /workspace/MARLlib/runs/rware_mappo_gru_small_20m_tensorboard/mappo_gru_rware-small-4ag-v2
Number of trials: 1/1 (1 RUNNING)
+------------------------------------------------------+----------+-------------------+--------+------------------+-------------+----------+----------------------+----------------------+--------------------+
| Trial name                                           | status   | loc               |   iter |   total time (s) |          ts |   reward |   episode_reward_max |   episode_reward_min |   episode_len_mean |
|------------------------------------------------------+----------+-------------------+--------+------------------+-------------+----------+----------------------+----------------------+--------------------|
| MAPPOTrainer_rware_v2_rware-small-4ag-v2_f1650_00000 | RUNNING  | 172.24.0.2:837006 |    485 |          1391.72 | 9.69612e+06 |     0.11 |                    1 |                    0 |                500 |
+------------------------------------------------------+----------+-------------------+--------+------------------+-------------+----------+----------------------+----------------------+--------------------+


== Status ==
Current time: 2026-05-22 20:53:16 (running for 00:23:43.47)
Memory usage on this node: 62.6/251.6 GiB
Using FIFO scheduling algorithm.
Resources requested: 7.0/8 CPUs, 1.0/1 GPUs, 0.0/17.88 GiB heap, 0.0/8.94 GiB objects (0.0/1.0 accelerator_type:G)
Result logdir: /workspace/MARLlib/runs/rware_mappo_gru_small_20m_tensorboard/mappo_gru_rware-small-4ag-v2
Number of trials: 1/1 (1 RUNNING)
+------------------------------------------------------+----------+-------------------+--------+------------------+------------+----------+----------------------+----------------------+--------------------+
| Trial name                                           | status   | loc               |   iter |   total time (s) |         ts |   reward |   episode_reward_max |   episode_reward_min |   episode_len_mean |
|------------------------------------------------------+----------+-------------------+--------+------------------+------------+----------+----------------------+----------------------+--------------------|
| MAPPOTrainer_rware_v2_rware-small-4ag-v2_f1650_00000 | RUNNING  | 172.24.0.2:837006 |    487 |          1396.95 | 9.7361e+06 |     0.11 |                    1 |                    0 |                500 |
+------------------------------------------------------+----------+-------------------+--------+------------------+------------+----------+----------------------+----------------------+--------------------+


== Status ==
Current time: 2026-05-22 20:53:22 (running for 00:23:48.92)
Memory usage on this node: 62.6/251.6 GiB
Using FIFO scheduling algorithm.
Resources requested: 7.0/8 CPUs, 1.0/1 GPUs, 0.0/17.88 GiB heap, 0.0/8.94 GiB objects (0.0/1.0 accelerator_type:G)
Result logdir: /workspace/MARLlib/runs/rware_mappo_gru_small_20m_tensorboard/mappo_gru_rware-small-4ag-v2
Number of trials: 1/1 (1 RUNNING)
+------------------------------------------------------+----------+-------------------+--------+------------------+-------------+----------+----------------------+----------------------+--------------------+
| Trial name                                           | status   | loc               |   iter |   total time (s) |          ts |   reward |   episode_reward_max |   episode_reward_min |   episode_len_mean |
|------------------------------------------------------+----------+-------------------+--------+------------------+-------------+----------+----------------------+----------------------+--------------------|
| MAPPOTrainer_rware_v2_rware-small-4ag-v2_f1650_00000 | RUNNING  | 172.24.0.2:837006 |    489 |          1402.34 | 9.77609e+06 |     0.14 |                    1 |                    0 |                500 |
+------------------------------------------------------+----------+-------------------+--------+------------------+-------------+----------+----------------------+----------------------+--------------------+


== Status ==
Current time: 2026-05-22 20:53:27 (running for 00:23:54.31)
Memory usage on this node: 62.6/251.6 GiB
Using FIFO scheduling algorithm.
Resources requested: 7.0/8 CPUs, 1.0/1 GPUs, 0.0/17.88 GiB heap, 0.0/8.94 GiB objects (0.0/1.0 accelerator_type:G)
Result logdir: /workspace/MARLlib/runs/rware_mappo_gru_small_20m_tensorboard/mappo_gru_rware-small-4ag-v2
Number of trials: 1/1 (1 RUNNING)
+------------------------------------------------------+----------+-------------------+--------+------------------+-------------+----------+----------------------+----------------------+--------------------+
| Trial name                                           | status   | loc               |   iter |   total time (s) |          ts |   reward |   episode_reward_max |   episode_reward_min |   episode_len_mean |
|------------------------------------------------------+----------+-------------------+--------+------------------+-------------+----------+----------------------+----------------------+--------------------|
| MAPPOTrainer_rware_v2_rware-small-4ag-v2_f1650_00000 | RUNNING  | 172.24.0.2:837006 |    491 |          1407.66 | 9.81607e+06 |     0.13 |                    1 |                    0 |                500 |
+------------------------------------------------------+----------+-------------------+--------+------------------+-------------+----------+----------------------+----------------------+--------------------+


== Status ==
Current time: 2026-05-22 20:53:33 (running for 00:23:59.55)
Memory usage on this node: 62.6/251.6 GiB
Using FIFO scheduling algorithm.
Resources requested: 7.0/8 CPUs, 1.0/1 GPUs, 0.0/17.88 GiB heap, 0.0/8.94 GiB objects (0.0/1.0 accelerator_type:G)
Result logdir: /workspace/MARLlib/runs/rware_mappo_gru_small_20m_tensorboard/mappo_gru_rware-small-4ag-v2
Number of trials: 1/1 (1 RUNNING)
+------------------------------------------------------+----------+-------------------+--------+------------------+-------------+----------+----------------------+----------------------+--------------------+
| Trial name                                           | status   | loc               |   iter |   total time (s) |          ts |   reward |   episode_reward_max |   episode_reward_min |   episode_len_mean |
|------------------------------------------------------+----------+-------------------+--------+------------------+-------------+----------+----------------------+----------------------+--------------------|
| MAPPOTrainer_rware_v2_rware-small-4ag-v2_f1650_00000 | RUNNING  | 172.24.0.2:837006 |    493 |          1412.85 | 9.85606e+06 |     0.11 |                    1 |                    0 |                500 |
+------------------------------------------------------+----------+-------------------+--------+------------------+-------------+----------+----------------------+----------------------+--------------------+


== Status ==
Current time: 2026-05-22 20:53:38 (running for 00:24:04.85)
Memory usage on this node: 62.6/251.6 GiB
Using FIFO scheduling algorithm.
Resources requested: 7.0/8 CPUs, 1.0/1 GPUs, 0.0/17.88 GiB heap, 0.0/8.94 GiB objects (0.0/1.0 accelerator_type:G)
Result logdir: /workspace/MARLlib/runs/rware_mappo_gru_small_20m_tensorboard/mappo_gru_rware-small-4ag-v2
Number of trials: 1/1 (1 RUNNING)
+------------------------------------------------------+----------+-------------------+--------+------------------+-------------+----------+----------------------+----------------------+--------------------+
| Trial name                                           | status   | loc               |   iter |   total time (s) |          ts |   reward |   episode_reward_max |   episode_reward_min |   episode_len_mean |
|------------------------------------------------------+----------+-------------------+--------+------------------+-------------+----------+----------------------+----------------------+--------------------|
| MAPPOTrainer_rware_v2_rware-small-4ag-v2_f1650_00000 | RUNNING  | 172.24.0.2:837006 |    495 |          1418.08 | 9.89604e+06 |     0.11 |                    1 |                    0 |                500 |
+------------------------------------------------------+----------+-------------------+--------+------------------+-------------+----------+----------------------+----------------------+--------------------+


== Status ==
Current time: 2026-05-22 20:53:43 (running for 00:24:10.11)
Memory usage on this node: 62.6/251.6 GiB
Using FIFO scheduling algorithm.
Resources requested: 7.0/8 CPUs, 1.0/1 GPUs, 0.0/17.88 GiB heap, 0.0/8.94 GiB objects (0.0/1.0 accelerator_type:G)
Result logdir: /workspace/MARLlib/runs/rware_mappo_gru_small_20m_tensorboard/mappo_gru_rware-small-4ag-v2
Number of trials: 1/1 (1 RUNNING)
+------------------------------------------------------+----------+-------------------+--------+------------------+-------------+----------+----------------------+----------------------+--------------------+
| Trial name                                           | status   | loc               |   iter |   total time (s) |          ts |   reward |   episode_reward_max |   episode_reward_min |   episode_len_mean |
|------------------------------------------------------+----------+-------------------+--------+------------------+-------------+----------+----------------------+----------------------+--------------------|
| MAPPOTrainer_rware_v2_rware-small-4ag-v2_f1650_00000 | RUNNING  | 172.24.0.2:837006 |    497 |          1423.29 | 9.93602e+06 |     0.14 |                    1 |                    0 |                500 |
+------------------------------------------------------+----------+-------------------+--------+------------------+-------------+----------+----------------------+----------------------+--------------------+


== Status ==
Current time: 2026-05-22 20:53:48 (running for 00:24:15.40)
Memory usage on this node: 62.6/251.6 GiB
Using FIFO scheduling algorithm.
Resources requested: 7.0/8 CPUs, 1.0/1 GPUs, 0.0/17.88 GiB heap, 0.0/8.94 GiB objects (0.0/1.0 accelerator_type:G)
Result logdir: /workspace/MARLlib/runs/rware_mappo_gru_small_20m_tensorboard/mappo_gru_rware-small-4ag-v2
Number of trials: 1/1 (1 RUNNING)
+------------------------------------------------------+----------+-------------------+--------+------------------+-------------+----------+----------------------+----------------------+--------------------+
| Trial name                                           | status   | loc               |   iter |   total time (s) |          ts |   reward |   episode_reward_max |   episode_reward_min |   episode_len_mean |
|------------------------------------------------------+----------+-------------------+--------+------------------+-------------+----------+----------------------+----------------------+--------------------|
| MAPPOTrainer_rware_v2_rware-small-4ag-v2_f1650_00000 | RUNNING  | 172.24.0.2:837006 |    499 |          1428.54 | 9.97601e+06 |     0.15 |                    1 |                    0 |                500 |
+------------------------------------------------------+----------+-------------------+--------+------------------+-------------+----------+----------------------+----------------------+--------------------+


== Status ==
Current time: 2026-05-22 20:53:53 (running for 00:24:20.41)
Memory usage on this node: 62.5/251.6 GiB
Using FIFO scheduling algorithm.
Resources requested: 7.0/8 CPUs, 1.0/1 GPUs, 0.0/17.88 GiB heap, 0.0/8.94 GiB objects (0.0/1.0 accelerator_type:G)
Result logdir: /workspace/MARLlib/runs/rware_mappo_gru_small_20m_tensorboard/mappo_gru_rware-small-4ag-v2
Number of trials: 1/1 (1 RUNNING)
+------------------------------------------------------+----------+-------------------+--------+------------------+-------------+----------+----------------------+----------------------+--------------------+
| Trial name                                           | status   | loc               |   iter |   total time (s) |          ts |   reward |   episode_reward_max |   episode_reward_min |   episode_len_mean |
|------------------------------------------------------+----------+-------------------+--------+------------------+-------------+----------+----------------------+----------------------+--------------------|
| MAPPOTrainer_rware_v2_rware-small-4ag-v2_f1650_00000 | RUNNING  | 172.24.0.2:837006 |    499 |          1428.54 | 9.97601e+06 |     0.15 |                    1 |                    0 |                500 |
+------------------------------------------------------+----------+-------------------+--------+------------------+-------------+----------+----------------------+----------------------+--------------------+


== Status ==
Current time: 2026-05-22 20:53:58 (running for 00:24:25.42)
Memory usage on this node: 62.5/251.6 GiB
Using FIFO scheduling algorithm.
Resources requested: 7.0/8 CPUs, 1.0/1 GPUs, 0.0/17.88 GiB heap, 0.0/8.94 GiB objects (0.0/1.0 accelerator_type:G)
Result logdir: /workspace/MARLlib/runs/rware_mappo_gru_small_20m_tensorboard/mappo_gru_rware-small-4ag-v2
Number of trials: 1/1 (1 RUNNING)
+------------------------------------------------------+----------+-------------------+--------+------------------+-------------+----------+----------------------+----------------------+--------------------+
| Trial name                                           | status   | loc               |   iter |   total time (s) |          ts |   reward |   episode_reward_max |   episode_reward_min |   episode_len_mean |
|------------------------------------------------------+----------+-------------------+--------+------------------+-------------+----------+----------------------+----------------------+--------------------|
| MAPPOTrainer_rware_v2_rware-small-4ag-v2_f1650_00000 | RUNNING  | 172.24.0.2:837006 |    499 |          1428.54 | 9.97601e+06 |     0.15 |                    1 |                    0 |                500 |
+------------------------------------------------------+----------+-------------------+--------+------------------+-------------+----------+----------------------+----------------------+--------------------+


== Status ==
Current time: 2026-05-22 20:54:04 (running for 00:24:31.15)
Memory usage on this node: 62.7/251.6 GiB
Using FIFO scheduling algorithm.
Resources requested: 7.0/8 CPUs, 1.0/1 GPUs, 0.0/17.88 GiB heap, 0.0/8.94 GiB objects (0.0/1.0 accelerator_type:G)
Result logdir: /workspace/MARLlib/runs/rware_mappo_gru_small_20m_tensorboard/mappo_gru_rware-small-4ag-v2
Number of trials: 1/1 (1 RUNNING)
+------------------------------------------------------+----------+-------------------+--------+------------------+-----------+----------+----------------------+----------------------+--------------------+
| Trial name                                           | status   | loc               |   iter |   total time (s) |        ts |   reward |   episode_reward_max |   episode_reward_min |   episode_len_mean |
|------------------------------------------------------+----------+-------------------+--------+------------------+-----------+----------+----------------------+----------------------+--------------------|
| MAPPOTrainer_rware_v2_rware-small-4ag-v2_f1650_00000 | RUNNING  | 172.24.0.2:837006 |    500 |          1444.24 | 9.996e+06 |     0.18 |                    2 |                    0 |                500 |
+------------------------------------------------------+----------+-------------------+--------+------------------+-----------+----------+----------------------+----------------------+--------------------+


== Status ==
Current time: 2026-05-22 20:54:09 (running for 00:24:36.30)
Memory usage on this node: 62.5/251.6 GiB
Using FIFO scheduling algorithm.
Resources requested: 7.0/8 CPUs, 1.0/1 GPUs, 0.0/17.88 GiB heap, 0.0/8.94 GiB objects (0.0/1.0 accelerator_type:G)
Result logdir: /workspace/MARLlib/runs/rware_mappo_gru_small_20m_tensorboard/mappo_gru_rware-small-4ag-v2
Number of trials: 1/1 (1 RUNNING)
+------------------------------------------------------+----------+-------------------+--------+------------------+------------+----------+----------------------+----------------------+--------------------+
| Trial name                                           | status   | loc               |   iter |   total time (s) |         ts |   reward |   episode_reward_max |   episode_reward_min |   episode_len_mean |
|------------------------------------------------------+----------+-------------------+--------+------------------+------------+----------+----------------------+----------------------+--------------------|
| MAPPOTrainer_rware_v2_rware-small-4ag-v2_f1650_00000 | RUNNING  | 172.24.0.2:837006 |    502 |          1449.34 | 1.0036e+07 |     0.21 |                    2 |                    0 |                500 |
+------------------------------------------------------+----------+-------------------+--------+------------------+------------+----------+----------------------+----------------------+--------------------+


== Status ==
Current time: 2026-05-22 20:54:15 (running for 00:24:41.59)
Memory usage on this node: 62.5/251.6 GiB
Using FIFO scheduling algorithm.
Resources requested: 7.0/8 CPUs, 1.0/1 GPUs, 0.0/17.88 GiB heap, 0.0/8.94 GiB objects (0.0/1.0 accelerator_type:G)
Result logdir: /workspace/MARLlib/runs/rware_mappo_gru_small_20m_tensorboard/mappo_gru_rware-small-4ag-v2
Number of trials: 1/1 (1 RUNNING)
+------------------------------------------------------+----------+-------------------+--------+------------------+------------+----------+----------------------+----------------------+--------------------+
| Trial name                                           | status   | loc               |   iter |   total time (s) |         ts |   reward |   episode_reward_max |   episode_reward_min |   episode_len_mean |
|------------------------------------------------------+----------+-------------------+--------+------------------+------------+----------+----------------------+----------------------+--------------------|
| MAPPOTrainer_rware_v2_rware-small-4ag-v2_f1650_00000 | RUNNING  | 172.24.0.2:837006 |    504 |          1454.57 | 1.0076e+07 |     0.19 |                    2 |                    0 |                500 |
+------------------------------------------------------+----------+-------------------+--------+------------------+------------+----------+----------------------+----------------------+--------------------+


== Status ==
Current time: 2026-05-22 20:54:20 (running for 00:24:46.88)
Memory usage on this node: 62.5/251.6 GiB
Using FIFO scheduling algorithm.
Resources requested: 7.0/8 CPUs, 1.0/1 GPUs, 0.0/17.88 GiB heap, 0.0/8.94 GiB objects (0.0/1.0 accelerator_type:G)
Result logdir: /workspace/MARLlib/runs/rware_mappo_gru_small_20m_tensorboard/mappo_gru_rware-small-4ag-v2
Number of trials: 1/1 (1 RUNNING)
+------------------------------------------------------+----------+-------------------+--------+------------------+------------+----------+----------------------+----------------------+--------------------+
| Trial name                                           | status   | loc               |   iter |   total time (s) |         ts |   reward |   episode_reward_max |   episode_reward_min |   episode_len_mean |
|------------------------------------------------------+----------+-------------------+--------+------------------+------------+----------+----------------------+----------------------+--------------------|
| MAPPOTrainer_rware_v2_rware-small-4ag-v2_f1650_00000 | RUNNING  | 172.24.0.2:837006 |    506 |           1459.8 | 1.0116e+07 |      0.2 |                    2 |                    0 |                500 |
+------------------------------------------------------+----------+-------------------+--------+------------------+------------+----------+----------------------+----------------------+--------------------+


== Status ==
Current time: 2026-05-22 20:54:25 (running for 00:24:52.20)
Memory usage on this node: 62.5/251.6 GiB
Using FIFO scheduling algorithm.
Resources requested: 7.0/8 CPUs, 1.0/1 GPUs, 0.0/17.88 GiB heap, 0.0/8.94 GiB objects (0.0/1.0 accelerator_type:G)
Result logdir: /workspace/MARLlib/runs/rware_mappo_gru_small_20m_tensorboard/mappo_gru_rware-small-4ag-v2
Number of trials: 1/1 (1 RUNNING)
+------------------------------------------------------+----------+-------------------+--------+------------------+-------------+----------+----------------------+----------------------+--------------------+
| Trial name                                           | status   | loc               |   iter |   total time (s) |          ts |   reward |   episode_reward_max |   episode_reward_min |   episode_len_mean |
|------------------------------------------------------+----------+-------------------+--------+------------------+-------------+----------+----------------------+----------------------+--------------------|
| MAPPOTrainer_rware_v2_rware-small-4ag-v2_f1650_00000 | RUNNING  | 172.24.0.2:837006 |    508 |          1465.06 | 1.01559e+07 |     0.17 |                    2 |                    0 |                500 |
+------------------------------------------------------+----------+-------------------+--------+------------------+-------------+----------+----------------------+----------------------+--------------------+


== Status ==
Current time: 2026-05-22 20:54:31 (running for 00:24:57.80)
Memory usage on this node: 62.8/251.6 GiB
Using FIFO scheduling algorithm.
Resources requested: 7.0/8 CPUs, 1.0/1 GPUs, 0.0/17.88 GiB heap, 0.0/8.94 GiB objects (0.0/1.0 accelerator_type:G)
Result logdir: /workspace/MARLlib/runs/rware_mappo_gru_small_20m_tensorboard/mappo_gru_rware-small-4ag-v2
Number of trials: 1/1 (1 RUNNING)
+------------------------------------------------------+----------+-------------------+--------+------------------+-------------+----------+----------------------+----------------------+--------------------+
| Trial name                                           | status   | loc               |   iter |   total time (s) |          ts |   reward |   episode_reward_max |   episode_reward_min |   episode_len_mean |
|------------------------------------------------------+----------+-------------------+--------+------------------+-------------+----------+----------------------+----------------------+--------------------|
| MAPPOTrainer_rware_v2_rware-small-4ag-v2_f1650_00000 | RUNNING  | 172.24.0.2:837006 |    510 |           1470.6 | 1.01959e+07 |     0.14 |                    2 |                    0 |                500 |
+------------------------------------------------------+----------+-------------------+--------+------------------+-------------+----------+----------------------+----------------------+--------------------+


== Status ==
Current time: 2026-05-22 20:54:36 (running for 00:25:03.22)
Memory usage on this node: 62.5/251.6 GiB
Using FIFO scheduling algorithm.
Resources requested: 7.0/8 CPUs, 1.0/1 GPUs, 0.0/17.88 GiB heap, 0.0/8.94 GiB objects (0.0/1.0 accelerator_type:G)
Result logdir: /workspace/MARLlib/runs/rware_mappo_gru_small_20m_tensorboard/mappo_gru_rware-small-4ag-v2
Number of trials: 1/1 (1 RUNNING)
+------------------------------------------------------+----------+-------------------+--------+------------------+-------------+----------+----------------------+----------------------+--------------------+
| Trial name                                           | status   | loc               |   iter |   total time (s) |          ts |   reward |   episode_reward_max |   episode_reward_min |   episode_len_mean |
|------------------------------------------------------+----------+-------------------+--------+------------------+-------------+----------+----------------------+----------------------+--------------------|
| MAPPOTrainer_rware_v2_rware-small-4ag-v2_f1650_00000 | RUNNING  | 172.24.0.2:837006 |    512 |          1475.97 | 1.02359e+07 |     0.17 |                    2 |                    0 |                500 |
+------------------------------------------------------+----------+-------------------+--------+------------------+-------------+----------+----------------------+----------------------+--------------------+


== Status ==
Current time: 2026-05-22 20:54:41 (running for 00:25:08.50)
Memory usage on this node: 62.5/251.6 GiB
Using FIFO scheduling algorithm.
Resources requested: 7.0/8 CPUs, 1.0/1 GPUs, 0.0/17.88 GiB heap, 0.0/8.94 GiB objects (0.0/1.0 accelerator_type:G)
Result logdir: /workspace/MARLlib/runs/rware_mappo_gru_small_20m_tensorboard/mappo_gru_rware-small-4ag-v2
Number of trials: 1/1 (1 RUNNING)
+------------------------------------------------------+----------+-------------------+--------+------------------+-------------+----------+----------------------+----------------------+--------------------+
| Trial name                                           | status   | loc               |   iter |   total time (s) |          ts |   reward |   episode_reward_max |   episode_reward_min |   episode_len_mean |
|------------------------------------------------------+----------+-------------------+--------+------------------+-------------+----------+----------------------+----------------------+--------------------|
| MAPPOTrainer_rware_v2_rware-small-4ag-v2_f1650_00000 | RUNNING  | 172.24.0.2:837006 |    514 |          1481.18 | 1.02759e+07 |     0.18 |                    2 |                    0 |                500 |
+------------------------------------------------------+----------+-------------------+--------+------------------+-------------+----------+----------------------+----------------------+--------------------+


== Status ==
Current time: 2026-05-22 20:54:47 (running for 00:25:13.89)
Memory usage on this node: 62.5/251.6 GiB
Using FIFO scheduling algorithm.
Resources requested: 7.0/8 CPUs, 1.0/1 GPUs, 0.0/17.88 GiB heap, 0.0/8.94 GiB objects (0.0/1.0 accelerator_type:G)
Result logdir: /workspace/MARLlib/runs/rware_mappo_gru_small_20m_tensorboard/mappo_gru_rware-small-4ag-v2
Number of trials: 1/1 (1 RUNNING)
+------------------------------------------------------+----------+-------------------+--------+------------------+-------------+----------+----------------------+----------------------+--------------------+
| Trial name                                           | status   | loc               |   iter |   total time (s) |          ts |   reward |   episode_reward_max |   episode_reward_min |   episode_len_mean |
|------------------------------------------------------+----------+-------------------+--------+------------------+-------------+----------+----------------------+----------------------+--------------------|
| MAPPOTrainer_rware_v2_rware-small-4ag-v2_f1650_00000 | RUNNING  | 172.24.0.2:837006 |    516 |          1486.53 | 1.03159e+07 |     0.18 |                    2 |                    0 |                500 |
+------------------------------------------------------+----------+-------------------+--------+------------------+-------------+----------+----------------------+----------------------+--------------------+


== Status ==
Current time: 2026-05-22 20:54:52 (running for 00:25:19.13)
Memory usage on this node: 62.5/251.6 GiB
Using FIFO scheduling algorithm.
Resources requested: 7.0/8 CPUs, 1.0/1 GPUs, 0.0/17.88 GiB heap, 0.0/8.94 GiB objects (0.0/1.0 accelerator_type:G)
Result logdir: /workspace/MARLlib/runs/rware_mappo_gru_small_20m_tensorboard/mappo_gru_rware-small-4ag-v2
Number of trials: 1/1 (1 RUNNING)
+------------------------------------------------------+----------+-------------------+--------+------------------+-------------+----------+----------------------+----------------------+--------------------+
| Trial name                                           | status   | loc               |   iter |   total time (s) |          ts |   reward |   episode_reward_max |   episode_reward_min |   episode_len_mean |
|------------------------------------------------------+----------+-------------------+--------+------------------+-------------+----------+----------------------+----------------------+--------------------|
| MAPPOTrainer_rware_v2_rware-small-4ag-v2_f1650_00000 | RUNNING  | 172.24.0.2:837006 |    518 |          1491.72 | 1.03559e+07 |     0.22 |                    2 |                    0 |                500 |
+------------------------------------------------------+----------+-------------------+--------+------------------+-------------+----------+----------------------+----------------------+--------------------+


== Status ==
Current time: 2026-05-22 20:54:57 (running for 00:25:24.53)
Memory usage on this node: 62.5/251.6 GiB
Using FIFO scheduling algorithm.
Resources requested: 7.0/8 CPUs, 1.0/1 GPUs, 0.0/17.88 GiB heap, 0.0/8.94 GiB objects (0.0/1.0 accelerator_type:G)
Result logdir: /workspace/MARLlib/runs/rware_mappo_gru_small_20m_tensorboard/mappo_gru_rware-small-4ag-v2
Number of trials: 1/1 (1 RUNNING)
+------------------------------------------------------+----------+-------------------+--------+------------------+-------------+----------+----------------------+----------------------+--------------------+
| Trial name                                           | status   | loc               |   iter |   total time (s) |          ts |   reward |   episode_reward_max |   episode_reward_min |   episode_len_mean |
|------------------------------------------------------+----------+-------------------+--------+------------------+-------------+----------+----------------------+----------------------+--------------------|
| MAPPOTrainer_rware_v2_rware-small-4ag-v2_f1650_00000 | RUNNING  | 172.24.0.2:837006 |    520 |          1497.06 | 1.03958e+07 |     0.21 |                    2 |                    0 |                500 |
+------------------------------------------------------+----------+-------------------+--------+------------------+-------------+----------+----------------------+----------------------+--------------------+


== Status ==
Current time: 2026-05-22 20:55:03 (running for 00:25:30.04)
Memory usage on this node: 62.5/251.6 GiB
Using FIFO scheduling algorithm.
Resources requested: 7.0/8 CPUs, 1.0/1 GPUs, 0.0/17.88 GiB heap, 0.0/8.94 GiB objects (0.0/1.0 accelerator_type:G)
Result logdir: /workspace/MARLlib/runs/rware_mappo_gru_small_20m_tensorboard/mappo_gru_rware-small-4ag-v2
Number of trials: 1/1 (1 RUNNING)
+------------------------------------------------------+----------+-------------------+--------+------------------+-------------+----------+----------------------+----------------------+--------------------+
| Trial name                                           | status   | loc               |   iter |   total time (s) |          ts |   reward |   episode_reward_max |   episode_reward_min |   episode_len_mean |
|------------------------------------------------------+----------+-------------------+--------+------------------+-------------+----------+----------------------+----------------------+--------------------|
| MAPPOTrainer_rware_v2_rware-small-4ag-v2_f1650_00000 | RUNNING  | 172.24.0.2:837006 |    522 |          1502.52 | 1.04358e+07 |     0.21 |                    2 |                    0 |                500 |
+------------------------------------------------------+----------+-------------------+--------+------------------+-------------+----------+----------------------+----------------------+--------------------+


== Status ==
Current time: 2026-05-22 20:55:09 (running for 00:25:35.63)
Memory usage on this node: 62.5/251.6 GiB
Using FIFO scheduling algorithm.
Resources requested: 7.0/8 CPUs, 1.0/1 GPUs, 0.0/17.88 GiB heap, 0.0/8.94 GiB objects (0.0/1.0 accelerator_type:G)
Result logdir: /workspace/MARLlib/runs/rware_mappo_gru_small_20m_tensorboard/mappo_gru_rware-small-4ag-v2
Number of trials: 1/1 (1 RUNNING)
+------------------------------------------------------+----------+-------------------+--------+------------------+-------------+----------+----------------------+----------------------+--------------------+
| Trial name                                           | status   | loc               |   iter |   total time (s) |          ts |   reward |   episode_reward_max |   episode_reward_min |   episode_len_mean |
|------------------------------------------------------+----------+-------------------+--------+------------------+-------------+----------+----------------------+----------------------+--------------------|
| MAPPOTrainer_rware_v2_rware-small-4ag-v2_f1650_00000 | RUNNING  | 172.24.0.2:837006 |    524 |          1508.07 | 1.04758e+07 |      0.2 |                    2 |                    0 |                500 |
+------------------------------------------------------+----------+-------------------+--------+------------------+-------------+----------+----------------------+----------------------+--------------------+


== Status ==
Current time: 2026-05-22 20:55:14 (running for 00:25:40.91)
Memory usage on this node: 62.5/251.6 GiB
Using FIFO scheduling algorithm.
Resources requested: 7.0/8 CPUs, 1.0/1 GPUs, 0.0/17.88 GiB heap, 0.0/8.94 GiB objects (0.0/1.0 accelerator_type:G)
Result logdir: /workspace/MARLlib/runs/rware_mappo_gru_small_20m_tensorboard/mappo_gru_rware-small-4ag-v2
Number of trials: 1/1 (1 RUNNING)
+------------------------------------------------------+----------+-------------------+--------+------------------+-------------+----------+----------------------+----------------------+--------------------+
| Trial name                                           | status   | loc               |   iter |   total time (s) |          ts |   reward |   episode_reward_max |   episode_reward_min |   episode_len_mean |
|------------------------------------------------------+----------+-------------------+--------+------------------+-------------+----------+----------------------+----------------------+--------------------|
| MAPPOTrainer_rware_v2_rware-small-4ag-v2_f1650_00000 | RUNNING  | 172.24.0.2:837006 |    526 |          1513.28 | 1.05158e+07 |     0.21 |                    2 |                    0 |                500 |
+------------------------------------------------------+----------+-------------------+--------+------------------+-------------+----------+----------------------+----------------------+--------------------+


== Status ==
Current time: 2026-05-22 20:55:19 (running for 00:25:46.42)
Memory usage on this node: 62.6/251.6 GiB
Using FIFO scheduling algorithm.
Resources requested: 7.0/8 CPUs, 1.0/1 GPUs, 0.0/17.88 GiB heap, 0.0/8.94 GiB objects (0.0/1.0 accelerator_type:G)
Result logdir: /workspace/MARLlib/runs/rware_mappo_gru_small_20m_tensorboard/mappo_gru_rware-small-4ag-v2
Number of trials: 1/1 (1 RUNNING)
+------------------------------------------------------+----------+-------------------+--------+------------------+-------------+----------+----------------------+----------------------+--------------------+
| Trial name                                           | status   | loc               |   iter |   total time (s) |          ts |   reward |   episode_reward_max |   episode_reward_min |   episode_len_mean |
|------------------------------------------------------+----------+-------------------+--------+------------------+-------------+----------+----------------------+----------------------+--------------------|
| MAPPOTrainer_rware_v2_rware-small-4ag-v2_f1650_00000 | RUNNING  | 172.24.0.2:837006 |    528 |          1518.73 | 1.05558e+07 |     0.21 |                    2 |                    0 |                500 |
+------------------------------------------------------+----------+-------------------+--------+------------------+-------------+----------+----------------------+----------------------+--------------------+


== Status ==
Current time: 2026-05-22 20:55:25 (running for 00:25:51.90)
Memory usage on this node: 62.5/251.6 GiB
Using FIFO scheduling algorithm.
Resources requested: 7.0/8 CPUs, 1.0/1 GPUs, 0.0/17.88 GiB heap, 0.0/8.94 GiB objects (0.0/1.0 accelerator_type:G)
Result logdir: /workspace/MARLlib/runs/rware_mappo_gru_small_20m_tensorboard/mappo_gru_rware-small-4ag-v2
Number of trials: 1/1 (1 RUNNING)
+------------------------------------------------------+----------+-------------------+--------+------------------+-------------+----------+----------------------+----------------------+--------------------+
| Trial name                                           | status   | loc               |   iter |   total time (s) |          ts |   reward |   episode_reward_max |   episode_reward_min |   episode_len_mean |
|------------------------------------------------------+----------+-------------------+--------+------------------+-------------+----------+----------------------+----------------------+--------------------|
| MAPPOTrainer_rware_v2_rware-small-4ag-v2_f1650_00000 | RUNNING  | 172.24.0.2:837006 |    530 |          1524.16 | 1.05958e+07 |      0.2 |                    1 |                    0 |                500 |
+------------------------------------------------------+----------+-------------------+--------+------------------+-------------+----------+----------------------+----------------------+--------------------+


== Status ==
Current time: 2026-05-22 20:55:30 (running for 00:25:57.38)
Memory usage on this node: 62.5/251.6 GiB
Using FIFO scheduling algorithm.
Resources requested: 7.0/8 CPUs, 1.0/1 GPUs, 0.0/17.88 GiB heap, 0.0/8.94 GiB objects (0.0/1.0 accelerator_type:G)
Result logdir: /workspace/MARLlib/runs/rware_mappo_gru_small_20m_tensorboard/mappo_gru_rware-small-4ag-v2
Number of trials: 1/1 (1 RUNNING)
+------------------------------------------------------+----------+-------------------+--------+------------------+-------------+----------+----------------------+----------------------+--------------------+
| Trial name                                           | status   | loc               |   iter |   total time (s) |          ts |   reward |   episode_reward_max |   episode_reward_min |   episode_len_mean |
|------------------------------------------------------+----------+-------------------+--------+------------------+-------------+----------+----------------------+----------------------+--------------------|
| MAPPOTrainer_rware_v2_rware-small-4ag-v2_f1650_00000 | RUNNING  | 172.24.0.2:837006 |    532 |          1529.59 | 1.06357e+07 |      0.2 |                    1 |                    0 |                500 |
+------------------------------------------------------+----------+-------------------+--------+------------------+-------------+----------+----------------------+----------------------+--------------------+


== Status ==
Current time: 2026-05-22 20:55:36 (running for 00:26:02.77)
Memory usage on this node: 62.5/251.6 GiB
Using FIFO scheduling algorithm.
Resources requested: 7.0/8 CPUs, 1.0/1 GPUs, 0.0/17.88 GiB heap, 0.0/8.94 GiB objects (0.0/1.0 accelerator_type:G)
Result logdir: /workspace/MARLlib/runs/rware_mappo_gru_small_20m_tensorboard/mappo_gru_rware-small-4ag-v2
Number of trials: 1/1 (1 RUNNING)
+------------------------------------------------------+----------+-------------------+--------+------------------+-------------+----------+----------------------+----------------------+--------------------+
| Trial name                                           | status   | loc               |   iter |   total time (s) |          ts |   reward |   episode_reward_max |   episode_reward_min |   episode_len_mean |
|------------------------------------------------------+----------+-------------------+--------+------------------+-------------+----------+----------------------+----------------------+--------------------|
| MAPPOTrainer_rware_v2_rware-small-4ag-v2_f1650_00000 | RUNNING  | 172.24.0.2:837006 |    534 |          1534.92 | 1.06757e+07 |      0.2 |                    1 |                    0 |                500 |
+------------------------------------------------------+----------+-------------------+--------+------------------+-------------+----------+----------------------+----------------------+--------------------+


== Status ==
Current time: 2026-05-22 20:55:41 (running for 00:26:08.04)
Memory usage on this node: 62.5/251.6 GiB
Using FIFO scheduling algorithm.
Resources requested: 7.0/8 CPUs, 1.0/1 GPUs, 0.0/17.88 GiB heap, 0.0/8.94 GiB objects (0.0/1.0 accelerator_type:G)
Result logdir: /workspace/MARLlib/runs/rware_mappo_gru_small_20m_tensorboard/mappo_gru_rware-small-4ag-v2
Number of trials: 1/1 (1 RUNNING)
+------------------------------------------------------+----------+-------------------+--------+------------------+-------------+----------+----------------------+----------------------+--------------------+
| Trial name                                           | status   | loc               |   iter |   total time (s) |          ts |   reward |   episode_reward_max |   episode_reward_min |   episode_len_mean |
|------------------------------------------------------+----------+-------------------+--------+------------------+-------------+----------+----------------------+----------------------+--------------------|
| MAPPOTrainer_rware_v2_rware-small-4ag-v2_f1650_00000 | RUNNING  | 172.24.0.2:837006 |    536 |          1540.14 | 1.07157e+07 |     0.19 |                    1 |                    0 |                500 |
+------------------------------------------------------+----------+-------------------+--------+------------------+-------------+----------+----------------------+----------------------+--------------------+


== Status ==
Current time: 2026-05-22 20:55:46 (running for 00:26:13.19)
Memory usage on this node: 62.6/251.6 GiB
Using FIFO scheduling algorithm.
Resources requested: 7.0/8 CPUs, 1.0/1 GPUs, 0.0/17.88 GiB heap, 0.0/8.94 GiB objects (0.0/1.0 accelerator_type:G)
Result logdir: /workspace/MARLlib/runs/rware_mappo_gru_small_20m_tensorboard/mappo_gru_rware-small-4ag-v2
Number of trials: 1/1 (1 RUNNING)
+------------------------------------------------------+----------+-------------------+--------+------------------+-------------+----------+----------------------+----------------------+--------------------+
| Trial name                                           | status   | loc               |   iter |   total time (s) |          ts |   reward |   episode_reward_max |   episode_reward_min |   episode_len_mean |
|------------------------------------------------------+----------+-------------------+--------+------------------+-------------+----------+----------------------+----------------------+--------------------|
| MAPPOTrainer_rware_v2_rware-small-4ag-v2_f1650_00000 | RUNNING  | 172.24.0.2:837006 |    538 |          1545.23 | 1.07557e+07 |     0.19 |                    1 |                    0 |                500 |
+------------------------------------------------------+----------+-------------------+--------+------------------+-------------+----------+----------------------+----------------------+--------------------+


== Status ==
Current time: 2026-05-22 20:55:51 (running for 00:26:18.48)
Memory usage on this node: 62.6/251.6 GiB
Using FIFO scheduling algorithm.
Resources requested: 7.0/8 CPUs, 1.0/1 GPUs, 0.0/17.88 GiB heap, 0.0/8.94 GiB objects (0.0/1.0 accelerator_type:G)
Result logdir: /workspace/MARLlib/runs/rware_mappo_gru_small_20m_tensorboard/mappo_gru_rware-small-4ag-v2
Number of trials: 1/1 (1 RUNNING)
+------------------------------------------------------+----------+-------------------+--------+------------------+-------------+----------+----------------------+----------------------+--------------------+
| Trial name                                           | status   | loc               |   iter |   total time (s) |          ts |   reward |   episode_reward_max |   episode_reward_min |   episode_len_mean |
|------------------------------------------------------+----------+-------------------+--------+------------------+-------------+----------+----------------------+----------------------+--------------------|
| MAPPOTrainer_rware_v2_rware-small-4ag-v2_f1650_00000 | RUNNING  | 172.24.0.2:837006 |    540 |          1550.47 | 1.07957e+07 |     0.16 |                    1 |                    0 |                500 |
+------------------------------------------------------+----------+-------------------+--------+------------------+-------------+----------+----------------------+----------------------+--------------------+


== Status ==
Current time: 2026-05-22 20:55:57 (running for 00:26:23.75)
Memory usage on this node: 62.5/251.6 GiB
Using FIFO scheduling algorithm.
Resources requested: 7.0/8 CPUs, 1.0/1 GPUs, 0.0/17.88 GiB heap, 0.0/8.94 GiB objects (0.0/1.0 accelerator_type:G)
Result logdir: /workspace/MARLlib/runs/rware_mappo_gru_small_20m_tensorboard/mappo_gru_rware-small-4ag-v2
Number of trials: 1/1 (1 RUNNING)
+------------------------------------------------------+----------+-------------------+--------+------------------+-------------+----------+----------------------+----------------------+--------------------+
| Trial name                                           | status   | loc               |   iter |   total time (s) |          ts |   reward |   episode_reward_max |   episode_reward_min |   episode_len_mean |
|------------------------------------------------------+----------+-------------------+--------+------------------+-------------+----------+----------------------+----------------------+--------------------|
| MAPPOTrainer_rware_v2_rware-small-4ag-v2_f1650_00000 | RUNNING  | 172.24.0.2:837006 |    542 |          1555.68 | 1.08357e+07 |     0.19 |                    2 |                    0 |                500 |
+------------------------------------------------------+----------+-------------------+--------+------------------+-------------+----------+----------------------+----------------------+--------------------+


== Status ==
Current time: 2026-05-22 20:56:02 (running for 00:26:28.92)
Memory usage on this node: 62.5/251.6 GiB
Using FIFO scheduling algorithm.
Resources requested: 7.0/8 CPUs, 1.0/1 GPUs, 0.0/17.88 GiB heap, 0.0/8.94 GiB objects (0.0/1.0 accelerator_type:G)
Result logdir: /workspace/MARLlib/runs/rware_mappo_gru_small_20m_tensorboard/mappo_gru_rware-small-4ag-v2
Number of trials: 1/1 (1 RUNNING)
+------------------------------------------------------+----------+-------------------+--------+------------------+-------------+----------+----------------------+----------------------+--------------------+
| Trial name                                           | status   | loc               |   iter |   total time (s) |          ts |   reward |   episode_reward_max |   episode_reward_min |   episode_len_mean |
|------------------------------------------------------+----------+-------------------+--------+------------------+-------------+----------+----------------------+----------------------+--------------------|
| MAPPOTrainer_rware_v2_rware-small-4ag-v2_f1650_00000 | RUNNING  | 172.24.0.2:837006 |    544 |          1560.78 | 1.08756e+07 |     0.22 |                    3 |                    0 |                500 |
+------------------------------------------------------+----------+-------------------+--------+------------------+-------------+----------+----------------------+----------------------+--------------------+


== Status ==
Current time: 2026-05-22 20:56:07 (running for 00:26:34.15)
Memory usage on this node: 62.5/251.6 GiB
Using FIFO scheduling algorithm.
Resources requested: 7.0/8 CPUs, 1.0/1 GPUs, 0.0/17.88 GiB heap, 0.0/8.94 GiB objects (0.0/1.0 accelerator_type:G)
Result logdir: /workspace/MARLlib/runs/rware_mappo_gru_small_20m_tensorboard/mappo_gru_rware-small-4ag-v2
Number of trials: 1/1 (1 RUNNING)
+------------------------------------------------------+----------+-------------------+--------+------------------+-------------+----------+----------------------+----------------------+--------------------+
| Trial name                                           | status   | loc               |   iter |   total time (s) |          ts |   reward |   episode_reward_max |   episode_reward_min |   episode_len_mean |
|------------------------------------------------------+----------+-------------------+--------+------------------+-------------+----------+----------------------+----------------------+--------------------|
| MAPPOTrainer_rware_v2_rware-small-4ag-v2_f1650_00000 | RUNNING  | 172.24.0.2:837006 |    546 |          1565.96 | 1.09156e+07 |     0.25 |                    3 |                    0 |                500 |
+------------------------------------------------------+----------+-------------------+--------+------------------+-------------+----------+----------------------+----------------------+--------------------+


== Status ==
Current time: 2026-05-22 20:56:12 (running for 00:26:39.48)
Memory usage on this node: 62.5/251.6 GiB
Using FIFO scheduling algorithm.
Resources requested: 7.0/8 CPUs, 1.0/1 GPUs, 0.0/17.88 GiB heap, 0.0/8.94 GiB objects (0.0/1.0 accelerator_type:G)
Result logdir: /workspace/MARLlib/runs/rware_mappo_gru_small_20m_tensorboard/mappo_gru_rware-small-4ag-v2
Number of trials: 1/1 (1 RUNNING)
+------------------------------------------------------+----------+-------------------+--------+------------------+-------------+----------+----------------------+----------------------+--------------------+
| Trial name                                           | status   | loc               |   iter |   total time (s) |          ts |   reward |   episode_reward_max |   episode_reward_min |   episode_len_mean |
|------------------------------------------------------+----------+-------------------+--------+------------------+-------------+----------+----------------------+----------------------+--------------------|
| MAPPOTrainer_rware_v2_rware-small-4ag-v2_f1650_00000 | RUNNING  | 172.24.0.2:837006 |    548 |          1571.22 | 1.09556e+07 |     0.26 |                    3 |                    0 |                500 |
+------------------------------------------------------+----------+-------------------+--------+------------------+-------------+----------+----------------------+----------------------+--------------------+


== Status ==
Current time: 2026-05-22 20:56:18 (running for 00:26:45.10)
Memory usage on this node: 62.5/251.6 GiB
Using FIFO scheduling algorithm.
Resources requested: 7.0/8 CPUs, 1.0/1 GPUs, 0.0/17.88 GiB heap, 0.0/8.94 GiB objects (0.0/1.0 accelerator_type:G)
Result logdir: /workspace/MARLlib/runs/rware_mappo_gru_small_20m_tensorboard/mappo_gru_rware-small-4ag-v2
Number of trials: 1/1 (1 RUNNING)
+------------------------------------------------------+----------+-------------------+--------+------------------+-------------+----------+----------------------+----------------------+--------------------+
| Trial name                                           | status   | loc               |   iter |   total time (s) |          ts |   reward |   episode_reward_max |   episode_reward_min |   episode_len_mean |
|------------------------------------------------------+----------+-------------------+--------+------------------+-------------+----------+----------------------+----------------------+--------------------|
| MAPPOTrainer_rware_v2_rware-small-4ag-v2_f1650_00000 | RUNNING  | 172.24.0.2:837006 |    549 |          1573.81 | 1.09756e+07 |     0.28 |                    3 |                    0 |                500 |
+------------------------------------------------------+----------+-------------------+--------+------------------+-------------+----------+----------------------+----------------------+--------------------+


== Status ==
Current time: 2026-05-22 20:56:23 (running for 00:26:50.11)
Memory usage on this node: 62.6/251.6 GiB
Using FIFO scheduling algorithm.
Resources requested: 7.0/8 CPUs, 1.0/1 GPUs, 0.0/17.88 GiB heap, 0.0/8.94 GiB objects (0.0/1.0 accelerator_type:G)
Result logdir: /workspace/MARLlib/runs/rware_mappo_gru_small_20m_tensorboard/mappo_gru_rware-small-4ag-v2
Number of trials: 1/1 (1 RUNNING)
+------------------------------------------------------+----------+-------------------+--------+------------------+-------------+----------+----------------------+----------------------+--------------------+
| Trial name                                           | status   | loc               |   iter |   total time (s) |          ts |   reward |   episode_reward_max |   episode_reward_min |   episode_len_mean |
|------------------------------------------------------+----------+-------------------+--------+------------------+-------------+----------+----------------------+----------------------+--------------------|
| MAPPOTrainer_rware_v2_rware-small-4ag-v2_f1650_00000 | RUNNING  | 172.24.0.2:837006 |    549 |          1573.81 | 1.09756e+07 |     0.28 |                    3 |                    0 |                500 |
+------------------------------------------------------+----------+-------------------+--------+------------------+-------------+----------+----------------------+----------------------+--------------------+


== Status ==
Current time: 2026-05-22 20:56:28 (running for 00:26:55.11)
Memory usage on this node: 62.6/251.6 GiB
Using FIFO scheduling algorithm.
Resources requested: 7.0/8 CPUs, 1.0/1 GPUs, 0.0/17.88 GiB heap, 0.0/8.94 GiB objects (0.0/1.0 accelerator_type:G)
Result logdir: /workspace/MARLlib/runs/rware_mappo_gru_small_20m_tensorboard/mappo_gru_rware-small-4ag-v2
Number of trials: 1/1 (1 RUNNING)
+------------------------------------------------------+----------+-------------------+--------+------------------+-------------+----------+----------------------+----------------------+--------------------+
| Trial name                                           | status   | loc               |   iter |   total time (s) |          ts |   reward |   episode_reward_max |   episode_reward_min |   episode_len_mean |
|------------------------------------------------------+----------+-------------------+--------+------------------+-------------+----------+----------------------+----------------------+--------------------|
| MAPPOTrainer_rware_v2_rware-small-4ag-v2_f1650_00000 | RUNNING  | 172.24.0.2:837006 |    549 |          1573.81 | 1.09756e+07 |     0.28 |                    3 |                    0 |                500 |
+------------------------------------------------------+----------+-------------------+--------+------------------+-------------+----------+----------------------+----------------------+--------------------+


== Status ==
Current time: 2026-05-22 20:56:33 (running for 00:27:00.28)
Memory usage on this node: 62.6/251.6 GiB
Using FIFO scheduling algorithm.
Resources requested: 7.0/8 CPUs, 1.0/1 GPUs, 0.0/17.88 GiB heap, 0.0/8.94 GiB objects (0.0/1.0 accelerator_type:G)
Result logdir: /workspace/MARLlib/runs/rware_mappo_gru_small_20m_tensorboard/mappo_gru_rware-small-4ag-v2
Number of trials: 1/1 (1 RUNNING)
+------------------------------------------------------+----------+-------------------+--------+------------------+-------------+----------+----------------------+----------------------+--------------------+
| Trial name                                           | status   | loc               |   iter |   total time (s) |          ts |   reward |   episode_reward_max |   episode_reward_min |   episode_len_mean |
|------------------------------------------------------+----------+-------------------+--------+------------------+-------------+----------+----------------------+----------------------+--------------------|
| MAPPOTrainer_rware_v2_rware-small-4ag-v2_f1650_00000 | RUNNING  | 172.24.0.2:837006 |    551 |          1591.94 | 1.10156e+07 |     0.27 |                    3 |                    0 |                500 |
+------------------------------------------------------+----------+-------------------+--------+------------------+-------------+----------+----------------------+----------------------+--------------------+


== Status ==
Current time: 2026-05-22 20:56:38 (running for 00:27:05.48)
Memory usage on this node: 62.6/251.6 GiB
Using FIFO scheduling algorithm.
Resources requested: 7.0/8 CPUs, 1.0/1 GPUs, 0.0/17.88 GiB heap, 0.0/8.94 GiB objects (0.0/1.0 accelerator_type:G)
Result logdir: /workspace/MARLlib/runs/rware_mappo_gru_small_20m_tensorboard/mappo_gru_rware-small-4ag-v2
Number of trials: 1/1 (1 RUNNING)
+------------------------------------------------------+----------+-------------------+--------+------------------+-------------+----------+----------------------+----------------------+--------------------+
| Trial name                                           | status   | loc               |   iter |   total time (s) |          ts |   reward |   episode_reward_max |   episode_reward_min |   episode_len_mean |
|------------------------------------------------------+----------+-------------------+--------+------------------+-------------+----------+----------------------+----------------------+--------------------|
| MAPPOTrainer_rware_v2_rware-small-4ag-v2_f1650_00000 | RUNNING  | 172.24.0.2:837006 |    553 |          1597.09 | 1.10556e+07 |      0.2 |                    2 |                    0 |                500 |
+------------------------------------------------------+----------+-------------------+--------+------------------+-------------+----------+----------------------+----------------------+--------------------+


== Status ==
Current time: 2026-05-22 20:56:44 (running for 00:27:10.82)
Memory usage on this node: 62.6/251.6 GiB
Using FIFO scheduling algorithm.
Resources requested: 7.0/8 CPUs, 1.0/1 GPUs, 0.0/17.88 GiB heap, 0.0/8.94 GiB objects (0.0/1.0 accelerator_type:G)
Result logdir: /workspace/MARLlib/runs/rware_mappo_gru_small_20m_tensorboard/mappo_gru_rware-small-4ag-v2
Number of trials: 1/1 (1 RUNNING)
+------------------------------------------------------+----------+-------------------+--------+------------------+-------------+----------+----------------------+----------------------+--------------------+
| Trial name                                           | status   | loc               |   iter |   total time (s) |          ts |   reward |   episode_reward_max |   episode_reward_min |   episode_len_mean |
|------------------------------------------------------+----------+-------------------+--------+------------------+-------------+----------+----------------------+----------------------+--------------------|
| MAPPOTrainer_rware_v2_rware-small-4ag-v2_f1650_00000 | RUNNING  | 172.24.0.2:837006 |    555 |          1602.39 | 1.10956e+07 |     0.21 |                    2 |                    0 |                500 |
+------------------------------------------------------+----------+-------------------+--------+------------------+-------------+----------+----------------------+----------------------+--------------------+


== Status ==
Current time: 2026-05-22 20:56:49 (running for 00:27:16.22)
Memory usage on this node: 62.6/251.6 GiB
Using FIFO scheduling algorithm.
Resources requested: 7.0/8 CPUs, 1.0/1 GPUs, 0.0/17.88 GiB heap, 0.0/8.94 GiB objects (0.0/1.0 accelerator_type:G)
Result logdir: /workspace/MARLlib/runs/rware_mappo_gru_small_20m_tensorboard/mappo_gru_rware-small-4ag-v2
Number of trials: 1/1 (1 RUNNING)
+------------------------------------------------------+----------+-------------------+--------+------------------+-------------+----------+----------------------+----------------------+--------------------+
| Trial name                                           | status   | loc               |   iter |   total time (s) |          ts |   reward |   episode_reward_max |   episode_reward_min |   episode_len_mean |
|------------------------------------------------------+----------+-------------------+--------+------------------+-------------+----------+----------------------+----------------------+--------------------|
| MAPPOTrainer_rware_v2_rware-small-4ag-v2_f1650_00000 | RUNNING  | 172.24.0.2:837006 |    557 |          1607.73 | 1.11355e+07 |     0.24 |                    2 |                    0 |                500 |
+------------------------------------------------------+----------+-------------------+--------+------------------+-------------+----------+----------------------+----------------------+--------------------+


== Status ==
Current time: 2026-05-22 20:56:54 (running for 00:27:21.51)
Memory usage on this node: 62.6/251.6 GiB
Using FIFO scheduling algorithm.
Resources requested: 7.0/8 CPUs, 1.0/1 GPUs, 0.0/17.88 GiB heap, 0.0/8.94 GiB objects (0.0/1.0 accelerator_type:G)
Result logdir: /workspace/MARLlib/runs/rware_mappo_gru_small_20m_tensorboard/mappo_gru_rware-small-4ag-v2
Number of trials: 1/1 (1 RUNNING)
+------------------------------------------------------+----------+-------------------+--------+------------------+-------------+----------+----------------------+----------------------+--------------------+
| Trial name                                           | status   | loc               |   iter |   total time (s) |          ts |   reward |   episode_reward_max |   episode_reward_min |   episode_len_mean |
|------------------------------------------------------+----------+-------------------+--------+------------------+-------------+----------+----------------------+----------------------+--------------------|
| MAPPOTrainer_rware_v2_rware-small-4ag-v2_f1650_00000 | RUNNING  | 172.24.0.2:837006 |    559 |          1612.97 | 1.11755e+07 |     0.24 |                    2 |                    0 |                500 |
+------------------------------------------------------+----------+-------------------+--------+------------------+-------------+----------+----------------------+----------------------+--------------------+


== Status ==
Current time: 2026-05-22 20:57:00 (running for 00:27:26.78)
Memory usage on this node: 62.6/251.6 GiB
Using FIFO scheduling algorithm.
Resources requested: 7.0/8 CPUs, 1.0/1 GPUs, 0.0/17.88 GiB heap, 0.0/8.94 GiB objects (0.0/1.0 accelerator_type:G)
Result logdir: /workspace/MARLlib/runs/rware_mappo_gru_small_20m_tensorboard/mappo_gru_rware-small-4ag-v2
Number of trials: 1/1 (1 RUNNING)
+------------------------------------------------------+----------+-------------------+--------+------------------+-------------+----------+----------------------+----------------------+--------------------+
| Trial name                                           | status   | loc               |   iter |   total time (s) |          ts |   reward |   episode_reward_max |   episode_reward_min |   episode_len_mean |
|------------------------------------------------------+----------+-------------------+--------+------------------+-------------+----------+----------------------+----------------------+--------------------|
| MAPPOTrainer_rware_v2_rware-small-4ag-v2_f1650_00000 | RUNNING  | 172.24.0.2:837006 |    561 |          1618.18 | 1.12155e+07 |     0.19 |                    2 |                    0 |                500 |
+------------------------------------------------------+----------+-------------------+--------+------------------+-------------+----------+----------------------+----------------------+--------------------+


== Status ==
Current time: 2026-05-22 20:57:05 (running for 00:27:32.14)
Memory usage on this node: 62.6/251.6 GiB
Using FIFO scheduling algorithm.
Resources requested: 7.0/8 CPUs, 1.0/1 GPUs, 0.0/17.88 GiB heap, 0.0/8.94 GiB objects (0.0/1.0 accelerator_type:G)
Result logdir: /workspace/MARLlib/runs/rware_mappo_gru_small_20m_tensorboard/mappo_gru_rware-small-4ag-v2
Number of trials: 1/1 (1 RUNNING)
+------------------------------------------------------+----------+-------------------+--------+------------------+-------------+----------+----------------------+----------------------+--------------------+
| Trial name                                           | status   | loc               |   iter |   total time (s) |          ts |   reward |   episode_reward_max |   episode_reward_min |   episode_len_mean |
|------------------------------------------------------+----------+-------------------+--------+------------------+-------------+----------+----------------------+----------------------+--------------------|
| MAPPOTrainer_rware_v2_rware-small-4ag-v2_f1650_00000 | RUNNING  | 172.24.0.2:837006 |    563 |          1623.47 | 1.12555e+07 |     0.22 |                    2 |                    0 |                500 |
+------------------------------------------------------+----------+-------------------+--------+------------------+-------------+----------+----------------------+----------------------+--------------------+


== Status ==
Current time: 2026-05-22 20:57:10 (running for 00:27:37.44)
Memory usage on this node: 62.6/251.6 GiB
Using FIFO scheduling algorithm.
Resources requested: 7.0/8 CPUs, 1.0/1 GPUs, 0.0/17.88 GiB heap, 0.0/8.94 GiB objects (0.0/1.0 accelerator_type:G)
Result logdir: /workspace/MARLlib/runs/rware_mappo_gru_small_20m_tensorboard/mappo_gru_rware-small-4ag-v2
Number of trials: 1/1 (1 RUNNING)
+------------------------------------------------------+----------+-------------------+--------+------------------+-------------+----------+----------------------+----------------------+--------------------+
| Trial name                                           | status   | loc               |   iter |   total time (s) |          ts |   reward |   episode_reward_max |   episode_reward_min |   episode_len_mean |
|------------------------------------------------------+----------+-------------------+--------+------------------+-------------+----------+----------------------+----------------------+--------------------|
| MAPPOTrainer_rware_v2_rware-small-4ag-v2_f1650_00000 | RUNNING  | 172.24.0.2:837006 |    565 |          1628.71 | 1.12955e+07 |     0.22 |                    2 |                    0 |                500 |
+------------------------------------------------------+----------+-------------------+--------+------------------+-------------+----------+----------------------+----------------------+--------------------+


== Status ==
Current time: 2026-05-22 20:57:16 (running for 00:27:42.63)
Memory usage on this node: 62.6/251.6 GiB
Using FIFO scheduling algorithm.
Resources requested: 7.0/8 CPUs, 1.0/1 GPUs, 0.0/17.88 GiB heap, 0.0/8.94 GiB objects (0.0/1.0 accelerator_type:G)
Result logdir: /workspace/MARLlib/runs/rware_mappo_gru_small_20m_tensorboard/mappo_gru_rware-small-4ag-v2
Number of trials: 1/1 (1 RUNNING)
+------------------------------------------------------+----------+-------------------+--------+------------------+-------------+----------+----------------------+----------------------+--------------------+
| Trial name                                           | status   | loc               |   iter |   total time (s) |          ts |   reward |   episode_reward_max |   episode_reward_min |   episode_len_mean |
|------------------------------------------------------+----------+-------------------+--------+------------------+-------------+----------+----------------------+----------------------+--------------------|
| MAPPOTrainer_rware_v2_rware-small-4ag-v2_f1650_00000 | RUNNING  | 172.24.0.2:837006 |    567 |          1633.83 | 1.13355e+07 |     0.16 |                    2 |                    0 |                500 |
+------------------------------------------------------+----------+-------------------+--------+------------------+-------------+----------+----------------------+----------------------+--------------------+


== Status ==
Current time: 2026-05-22 20:57:21 (running for 00:27:48.14)
Memory usage on this node: 62.7/251.6 GiB
Using FIFO scheduling algorithm.
Resources requested: 7.0/8 CPUs, 1.0/1 GPUs, 0.0/17.88 GiB heap, 0.0/8.94 GiB objects (0.0/1.0 accelerator_type:G)
Result logdir: /workspace/MARLlib/runs/rware_mappo_gru_small_20m_tensorboard/mappo_gru_rware-small-4ag-v2
Number of trials: 1/1 (1 RUNNING)
+------------------------------------------------------+----------+-------------------+--------+------------------+-------------+----------+----------------------+----------------------+--------------------+
| Trial name                                           | status   | loc               |   iter |   total time (s) |          ts |   reward |   episode_reward_max |   episode_reward_min |   episode_len_mean |
|------------------------------------------------------+----------+-------------------+--------+------------------+-------------+----------+----------------------+----------------------+--------------------|
| MAPPOTrainer_rware_v2_rware-small-4ag-v2_f1650_00000 | RUNNING  | 172.24.0.2:837006 |    569 |          1639.28 | 1.13754e+07 |     0.15 |                    2 |                    0 |                500 |
+------------------------------------------------------+----------+-------------------+--------+------------------+-------------+----------+----------------------+----------------------+--------------------+


== Status ==
Current time: 2026-05-22 20:57:27 (running for 00:27:53.59)
Memory usage on this node: 62.7/251.6 GiB
Using FIFO scheduling algorithm.
Resources requested: 7.0/8 CPUs, 1.0/1 GPUs, 0.0/17.88 GiB heap, 0.0/8.94 GiB objects (0.0/1.0 accelerator_type:G)
Result logdir: /workspace/MARLlib/runs/rware_mappo_gru_small_20m_tensorboard/mappo_gru_rware-small-4ag-v2
Number of trials: 1/1 (1 RUNNING)
+------------------------------------------------------+----------+-------------------+--------+------------------+-------------+----------+----------------------+----------------------+--------------------+
| Trial name                                           | status   | loc               |   iter |   total time (s) |          ts |   reward |   episode_reward_max |   episode_reward_min |   episode_len_mean |
|------------------------------------------------------+----------+-------------------+--------+------------------+-------------+----------+----------------------+----------------------+--------------------|
| MAPPOTrainer_rware_v2_rware-small-4ag-v2_f1650_00000 | RUNNING  | 172.24.0.2:837006 |    571 |          1644.68 | 1.14154e+07 |     0.12 |                    1 |                    0 |                500 |
+------------------------------------------------------+----------+-------------------+--------+------------------+-------------+----------+----------------------+----------------------+--------------------+


== Status ==
Current time: 2026-05-22 20:57:32 (running for 00:27:58.84)
Memory usage on this node: 62.7/251.6 GiB
Using FIFO scheduling algorithm.
Resources requested: 7.0/8 CPUs, 1.0/1 GPUs, 0.0/17.88 GiB heap, 0.0/8.94 GiB objects (0.0/1.0 accelerator_type:G)
Result logdir: /workspace/MARLlib/runs/rware_mappo_gru_small_20m_tensorboard/mappo_gru_rware-small-4ag-v2
Number of trials: 1/1 (1 RUNNING)
+------------------------------------------------------+----------+-------------------+--------+------------------+-------------+----------+----------------------+----------------------+--------------------+
| Trial name                                           | status   | loc               |   iter |   total time (s) |          ts |   reward |   episode_reward_max |   episode_reward_min |   episode_len_mean |
|------------------------------------------------------+----------+-------------------+--------+------------------+-------------+----------+----------------------+----------------------+--------------------|
| MAPPOTrainer_rware_v2_rware-small-4ag-v2_f1650_00000 | RUNNING  | 172.24.0.2:837006 |    573 |          1649.88 | 1.14554e+07 |     0.11 |                    2 |                    0 |                500 |
+------------------------------------------------------+----------+-------------------+--------+------------------+-------------+----------+----------------------+----------------------+--------------------+


== Status ==
Current time: 2026-05-22 20:57:37 (running for 00:28:04.11)
Memory usage on this node: 62.7/251.6 GiB
Using FIFO scheduling algorithm.
Resources requested: 7.0/8 CPUs, 1.0/1 GPUs, 0.0/17.88 GiB heap, 0.0/8.94 GiB objects (0.0/1.0 accelerator_type:G)
Result logdir: /workspace/MARLlib/runs/rware_mappo_gru_small_20m_tensorboard/mappo_gru_rware-small-4ag-v2
Number of trials: 1/1 (1 RUNNING)
+------------------------------------------------------+----------+-------------------+--------+------------------+-------------+----------+----------------------+----------------------+--------------------+
| Trial name                                           | status   | loc               |   iter |   total time (s) |          ts |   reward |   episode_reward_max |   episode_reward_min |   episode_len_mean |
|------------------------------------------------------+----------+-------------------+--------+------------------+-------------+----------+----------------------+----------------------+--------------------|
| MAPPOTrainer_rware_v2_rware-small-4ag-v2_f1650_00000 | RUNNING  | 172.24.0.2:837006 |    575 |          1655.09 | 1.14954e+07 |     0.12 |                    2 |                    0 |                500 |
+------------------------------------------------------+----------+-------------------+--------+------------------+-------------+----------+----------------------+----------------------+--------------------+


== Status ==
Current time: 2026-05-22 20:57:42 (running for 00:28:09.48)
Memory usage on this node: 62.7/251.6 GiB
Using FIFO scheduling algorithm.
Resources requested: 7.0/8 CPUs, 1.0/1 GPUs, 0.0/17.88 GiB heap, 0.0/8.94 GiB objects (0.0/1.0 accelerator_type:G)
Result logdir: /workspace/MARLlib/runs/rware_mappo_gru_small_20m_tensorboard/mappo_gru_rware-small-4ag-v2
Number of trials: 1/1 (1 RUNNING)
+------------------------------------------------------+----------+-------------------+--------+------------------+-------------+----------+----------------------+----------------------+--------------------+
| Trial name                                           | status   | loc               |   iter |   total time (s) |          ts |   reward |   episode_reward_max |   episode_reward_min |   episode_len_mean |
|------------------------------------------------------+----------+-------------------+--------+------------------+-------------+----------+----------------------+----------------------+--------------------|
| MAPPOTrainer_rware_v2_rware-small-4ag-v2_f1650_00000 | RUNNING  | 172.24.0.2:837006 |    577 |           1660.4 | 1.15354e+07 |     0.15 |                    2 |                    0 |                500 |
+------------------------------------------------------+----------+-------------------+--------+------------------+-------------+----------+----------------------+----------------------+--------------------+


== Status ==
Current time: 2026-05-22 20:57:48 (running for 00:28:14.78)
Memory usage on this node: 62.6/251.6 GiB
Using FIFO scheduling algorithm.
Resources requested: 7.0/8 CPUs, 1.0/1 GPUs, 0.0/17.88 GiB heap, 0.0/8.94 GiB objects (0.0/1.0 accelerator_type:G)
Result logdir: /workspace/MARLlib/runs/rware_mappo_gru_small_20m_tensorboard/mappo_gru_rware-small-4ag-v2
Number of trials: 1/1 (1 RUNNING)
+------------------------------------------------------+----------+-------------------+--------+------------------+-------------+----------+----------------------+----------------------+--------------------+
| Trial name                                           | status   | loc               |   iter |   total time (s) |          ts |   reward |   episode_reward_max |   episode_reward_min |   episode_len_mean |
|------------------------------------------------------+----------+-------------------+--------+------------------+-------------+----------+----------------------+----------------------+--------------------|
| MAPPOTrainer_rware_v2_rware-small-4ag-v2_f1650_00000 | RUNNING  | 172.24.0.2:837006 |    579 |          1665.63 | 1.15754e+07 |     0.18 |                    2 |                    0 |                500 |
+------------------------------------------------------+----------+-------------------+--------+------------------+-------------+----------+----------------------+----------------------+--------------------+


== Status ==
Current time: 2026-05-22 20:57:53 (running for 00:28:20.22)
Memory usage on this node: 62.6/251.6 GiB
Using FIFO scheduling algorithm.
Resources requested: 7.0/8 CPUs, 1.0/1 GPUs, 0.0/17.88 GiB heap, 0.0/8.94 GiB objects (0.0/1.0 accelerator_type:G)
Result logdir: /workspace/MARLlib/runs/rware_mappo_gru_small_20m_tensorboard/mappo_gru_rware-small-4ag-v2
Number of trials: 1/1 (1 RUNNING)
+------------------------------------------------------+----------+-------------------+--------+------------------+-------------+----------+----------------------+----------------------+--------------------+
| Trial name                                           | status   | loc               |   iter |   total time (s) |          ts |   reward |   episode_reward_max |   episode_reward_min |   episode_len_mean |
|------------------------------------------------------+----------+-------------------+--------+------------------+-------------+----------+----------------------+----------------------+--------------------|
| MAPPOTrainer_rware_v2_rware-small-4ag-v2_f1650_00000 | RUNNING  | 172.24.0.2:837006 |    581 |          1671.01 | 1.16154e+07 |      0.2 |                    2 |                    0 |                500 |
+------------------------------------------------------+----------+-------------------+--------+------------------+-------------+----------+----------------------+----------------------+--------------------+


== Status ==
Current time: 2026-05-22 20:57:58 (running for 00:28:25.47)
Memory usage on this node: 62.6/251.6 GiB
Using FIFO scheduling algorithm.
Resources requested: 7.0/8 CPUs, 1.0/1 GPUs, 0.0/17.88 GiB heap, 0.0/8.94 GiB objects (0.0/1.0 accelerator_type:G)
Result logdir: /workspace/MARLlib/runs/rware_mappo_gru_small_20m_tensorboard/mappo_gru_rware-small-4ag-v2
Number of trials: 1/1 (1 RUNNING)
+------------------------------------------------------+----------+-------------------+--------+------------------+-------------+----------+----------------------+----------------------+--------------------+
| Trial name                                           | status   | loc               |   iter |   total time (s) |          ts |   reward |   episode_reward_max |   episode_reward_min |   episode_len_mean |
|------------------------------------------------------+----------+-------------------+--------+------------------+-------------+----------+----------------------+----------------------+--------------------|
| MAPPOTrainer_rware_v2_rware-small-4ag-v2_f1650_00000 | RUNNING  | 172.24.0.2:837006 |    583 |          1676.22 | 1.16553e+07 |     0.23 |                    2 |                    0 |                500 |
+------------------------------------------------------+----------+-------------------+--------+------------------+-------------+----------+----------------------+----------------------+--------------------+


== Status ==
Current time: 2026-05-22 20:58:04 (running for 00:28:30.75)
Memory usage on this node: 62.6/251.6 GiB
Using FIFO scheduling algorithm.
Resources requested: 7.0/8 CPUs, 1.0/1 GPUs, 0.0/17.88 GiB heap, 0.0/8.94 GiB objects (0.0/1.0 accelerator_type:G)
Result logdir: /workspace/MARLlib/runs/rware_mappo_gru_small_20m_tensorboard/mappo_gru_rware-small-4ag-v2
Number of trials: 1/1 (1 RUNNING)
+------------------------------------------------------+----------+-------------------+--------+------------------+-------------+----------+----------------------+----------------------+--------------------+
| Trial name                                           | status   | loc               |   iter |   total time (s) |          ts |   reward |   episode_reward_max |   episode_reward_min |   episode_len_mean |
|------------------------------------------------------+----------+-------------------+--------+------------------+-------------+----------+----------------------+----------------------+--------------------|
| MAPPOTrainer_rware_v2_rware-small-4ag-v2_f1650_00000 | RUNNING  | 172.24.0.2:837006 |    585 |          1681.45 | 1.16953e+07 |     0.24 |                    2 |                    0 |                500 |
+------------------------------------------------------+----------+-------------------+--------+------------------+-------------+----------+----------------------+----------------------+--------------------+


== Status ==
Current time: 2026-05-22 20:58:09 (running for 00:28:36.14)
Memory usage on this node: 62.5/251.6 GiB
Using FIFO scheduling algorithm.
Resources requested: 7.0/8 CPUs, 1.0/1 GPUs, 0.0/17.88 GiB heap, 0.0/8.94 GiB objects (0.0/1.0 accelerator_type:G)
Result logdir: /workspace/MARLlib/runs/rware_mappo_gru_small_20m_tensorboard/mappo_gru_rware-small-4ag-v2
Number of trials: 1/1 (1 RUNNING)
+------------------------------------------------------+----------+-------------------+--------+------------------+-------------+----------+----------------------+----------------------+--------------------+
| Trial name                                           | status   | loc               |   iter |   total time (s) |          ts |   reward |   episode_reward_max |   episode_reward_min |   episode_len_mean |
|------------------------------------------------------+----------+-------------------+--------+------------------+-------------+----------+----------------------+----------------------+--------------------|
| MAPPOTrainer_rware_v2_rware-small-4ag-v2_f1650_00000 | RUNNING  | 172.24.0.2:837006 |    587 |          1686.77 | 1.17353e+07 |     0.25 |                    2 |                    0 |                500 |
+------------------------------------------------------+----------+-------------------+--------+------------------+-------------+----------+----------------------+----------------------+--------------------+


== Status ==
Current time: 2026-05-22 20:58:14 (running for 00:28:41.40)
Memory usage on this node: 62.6/251.6 GiB
Using FIFO scheduling algorithm.
Resources requested: 7.0/8 CPUs, 1.0/1 GPUs, 0.0/17.88 GiB heap, 0.0/8.94 GiB objects (0.0/1.0 accelerator_type:G)
Result logdir: /workspace/MARLlib/runs/rware_mappo_gru_small_20m_tensorboard/mappo_gru_rware-small-4ag-v2
Number of trials: 1/1 (1 RUNNING)
+------------------------------------------------------+----------+-------------------+--------+------------------+-------------+----------+----------------------+----------------------+--------------------+
| Trial name                                           | status   | loc               |   iter |   total time (s) |          ts |   reward |   episode_reward_max |   episode_reward_min |   episode_len_mean |
|------------------------------------------------------+----------+-------------------+--------+------------------+-------------+----------+----------------------+----------------------+--------------------|
| MAPPOTrainer_rware_v2_rware-small-4ag-v2_f1650_00000 | RUNNING  | 172.24.0.2:837006 |    589 |          1691.98 | 1.17753e+07 |     0.29 |                    3 |                    0 |                500 |
+------------------------------------------------------+----------+-------------------+--------+------------------+-------------+----------+----------------------+----------------------+--------------------+


== Status ==
Current time: 2026-05-22 20:58:20 (running for 00:28:46.86)
Memory usage on this node: 62.6/251.6 GiB
Using FIFO scheduling algorithm.
Resources requested: 7.0/8 CPUs, 1.0/1 GPUs, 0.0/17.88 GiB heap, 0.0/8.94 GiB objects (0.0/1.0 accelerator_type:G)
Result logdir: /workspace/MARLlib/runs/rware_mappo_gru_small_20m_tensorboard/mappo_gru_rware-small-4ag-v2
Number of trials: 1/1 (1 RUNNING)
+------------------------------------------------------+----------+-------------------+--------+------------------+-------------+----------+----------------------+----------------------+--------------------+
| Trial name                                           | status   | loc               |   iter |   total time (s) |          ts |   reward |   episode_reward_max |   episode_reward_min |   episode_len_mean |
|------------------------------------------------------+----------+-------------------+--------+------------------+-------------+----------+----------------------+----------------------+--------------------|
| MAPPOTrainer_rware_v2_rware-small-4ag-v2_f1650_00000 | RUNNING  | 172.24.0.2:837006 |    591 |          1697.38 | 1.18153e+07 |      0.3 |                    3 |                    0 |                500 |
+------------------------------------------------------+----------+-------------------+--------+------------------+-------------+----------+----------------------+----------------------+--------------------+


== Status ==
Current time: 2026-05-22 20:58:25 (running for 00:28:52.24)
Memory usage on this node: 62.5/251.6 GiB
Using FIFO scheduling algorithm.
Resources requested: 7.0/8 CPUs, 1.0/1 GPUs, 0.0/17.88 GiB heap, 0.0/8.94 GiB objects (0.0/1.0 accelerator_type:G)
Result logdir: /workspace/MARLlib/runs/rware_mappo_gru_small_20m_tensorboard/mappo_gru_rware-small-4ag-v2
Number of trials: 1/1 (1 RUNNING)
+------------------------------------------------------+----------+-------------------+--------+------------------+-------------+----------+----------------------+----------------------+--------------------+
| Trial name                                           | status   | loc               |   iter |   total time (s) |          ts |   reward |   episode_reward_max |   episode_reward_min |   episode_len_mean |
|------------------------------------------------------+----------+-------------------+--------+------------------+-------------+----------+----------------------+----------------------+--------------------|
| MAPPOTrainer_rware_v2_rware-small-4ag-v2_f1650_00000 | RUNNING  | 172.24.0.2:837006 |    593 |          1702.69 | 1.18553e+07 |     0.27 |                    3 |                    0 |                500 |
+------------------------------------------------------+----------+-------------------+--------+------------------+-------------+----------+----------------------+----------------------+--------------------+


== Status ==
Current time: 2026-05-22 20:58:30 (running for 00:28:57.53)
Memory usage on this node: 62.5/251.6 GiB
Using FIFO scheduling algorithm.
Resources requested: 7.0/8 CPUs, 1.0/1 GPUs, 0.0/17.88 GiB heap, 0.0/8.94 GiB objects (0.0/1.0 accelerator_type:G)
Result logdir: /workspace/MARLlib/runs/rware_mappo_gru_small_20m_tensorboard/mappo_gru_rware-small-4ag-v2
Number of trials: 1/1 (1 RUNNING)
+------------------------------------------------------+----------+-------------------+--------+------------------+-------------+----------+----------------------+----------------------+--------------------+
| Trial name                                           | status   | loc               |   iter |   total time (s) |          ts |   reward |   episode_reward_max |   episode_reward_min |   episode_len_mean |
|------------------------------------------------------+----------+-------------------+--------+------------------+-------------+----------+----------------------+----------------------+--------------------|
| MAPPOTrainer_rware_v2_rware-small-4ag-v2_f1650_00000 | RUNNING  | 172.24.0.2:837006 |    595 |          1707.92 | 1.18952e+07 |     0.28 |                    3 |                    0 |                500 |
+------------------------------------------------------+----------+-------------------+--------+------------------+-------------+----------+----------------------+----------------------+--------------------+


== Status ==
Current time: 2026-05-22 20:58:36 (running for 00:29:02.80)
Memory usage on this node: 62.5/251.6 GiB
Using FIFO scheduling algorithm.
Resources requested: 7.0/8 CPUs, 1.0/1 GPUs, 0.0/17.88 GiB heap, 0.0/8.94 GiB objects (0.0/1.0 accelerator_type:G)
Result logdir: /workspace/MARLlib/runs/rware_mappo_gru_small_20m_tensorboard/mappo_gru_rware-small-4ag-v2
Number of trials: 1/1 (1 RUNNING)
+------------------------------------------------------+----------+-------------------+--------+------------------+-------------+----------+----------------------+----------------------+--------------------+
| Trial name                                           | status   | loc               |   iter |   total time (s) |          ts |   reward |   episode_reward_max |   episode_reward_min |   episode_len_mean |
|------------------------------------------------------+----------+-------------------+--------+------------------+-------------+----------+----------------------+----------------------+--------------------|
| MAPPOTrainer_rware_v2_rware-small-4ag-v2_f1650_00000 | RUNNING  | 172.24.0.2:837006 |    597 |          1713.13 | 1.19352e+07 |     0.29 |                    3 |                    0 |                500 |
+------------------------------------------------------+----------+-------------------+--------+------------------+-------------+----------+----------------------+----------------------+--------------------+


== Status ==
Current time: 2026-05-22 20:58:41 (running for 00:29:08.05)
Memory usage on this node: 62.5/251.6 GiB
Using FIFO scheduling algorithm.
Resources requested: 7.0/8 CPUs, 1.0/1 GPUs, 0.0/17.88 GiB heap, 0.0/8.94 GiB objects (0.0/1.0 accelerator_type:G)
Result logdir: /workspace/MARLlib/runs/rware_mappo_gru_small_20m_tensorboard/mappo_gru_rware-small-4ag-v2
Number of trials: 1/1 (1 RUNNING)
+------------------------------------------------------+----------+-------------------+--------+------------------+-------------+----------+----------------------+----------------------+--------------------+
| Trial name                                           | status   | loc               |   iter |   total time (s) |          ts |   reward |   episode_reward_max |   episode_reward_min |   episode_len_mean |
|------------------------------------------------------+----------+-------------------+--------+------------------+-------------+----------+----------------------+----------------------+--------------------|
| MAPPOTrainer_rware_v2_rware-small-4ag-v2_f1650_00000 | RUNNING  | 172.24.0.2:837006 |    599 |          1718.35 | 1.19752e+07 |     0.28 |                    3 |                    0 |                500 |
+------------------------------------------------------+----------+-------------------+--------+------------------+-------------+----------+----------------------+----------------------+--------------------+


== Status ==
Current time: 2026-05-22 20:58:46 (running for 00:29:13.05)
Memory usage on this node: 62.5/251.6 GiB
Using FIFO scheduling algorithm.
Resources requested: 7.0/8 CPUs, 1.0/1 GPUs, 0.0/17.88 GiB heap, 0.0/8.94 GiB objects (0.0/1.0 accelerator_type:G)
Result logdir: /workspace/MARLlib/runs/rware_mappo_gru_small_20m_tensorboard/mappo_gru_rware-small-4ag-v2
Number of trials: 1/1 (1 RUNNING)
+------------------------------------------------------+----------+-------------------+--------+------------------+-------------+----------+----------------------+----------------------+--------------------+
| Trial name                                           | status   | loc               |   iter |   total time (s) |          ts |   reward |   episode_reward_max |   episode_reward_min |   episode_len_mean |
|------------------------------------------------------+----------+-------------------+--------+------------------+-------------+----------+----------------------+----------------------+--------------------|
| MAPPOTrainer_rware_v2_rware-small-4ag-v2_f1650_00000 | RUNNING  | 172.24.0.2:837006 |    599 |          1718.35 | 1.19752e+07 |     0.28 |                    3 |                    0 |                500 |
+------------------------------------------------------+----------+-------------------+--------+------------------+-------------+----------+----------------------+----------------------+--------------------+


== Status ==
Current time: 2026-05-22 20:58:51 (running for 00:29:18.06)
Memory usage on this node: 62.5/251.6 GiB
Using FIFO scheduling algorithm.
Resources requested: 7.0/8 CPUs, 1.0/1 GPUs, 0.0/17.88 GiB heap, 0.0/8.94 GiB objects (0.0/1.0 accelerator_type:G)
Result logdir: /workspace/MARLlib/runs/rware_mappo_gru_small_20m_tensorboard/mappo_gru_rware-small-4ag-v2
Number of trials: 1/1 (1 RUNNING)
+------------------------------------------------------+----------+-------------------+--------+------------------+-------------+----------+----------------------+----------------------+--------------------+
| Trial name                                           | status   | loc               |   iter |   total time (s) |          ts |   reward |   episode_reward_max |   episode_reward_min |   episode_len_mean |
|------------------------------------------------------+----------+-------------------+--------+------------------+-------------+----------+----------------------+----------------------+--------------------|
| MAPPOTrainer_rware_v2_rware-small-4ag-v2_f1650_00000 | RUNNING  | 172.24.0.2:837006 |    599 |          1718.35 | 1.19752e+07 |     0.28 |                    3 |                    0 |                500 |
+------------------------------------------------------+----------+-------------------+--------+------------------+-------------+----------+----------------------+----------------------+--------------------+


== Status ==
Current time: 2026-05-22 20:58:56 (running for 00:29:23.52)
Memory usage on this node: 62.5/251.6 GiB
Using FIFO scheduling algorithm.
Resources requested: 7.0/8 CPUs, 1.0/1 GPUs, 0.0/17.88 GiB heap, 0.0/8.94 GiB objects (0.0/1.0 accelerator_type:G)
Result logdir: /workspace/MARLlib/runs/rware_mappo_gru_small_20m_tensorboard/mappo_gru_rware-small-4ag-v2
Number of trials: 1/1 (1 RUNNING)
+------------------------------------------------------+----------+-------------------+--------+------------------+-------------+----------+----------------------+----------------------+--------------------+
| Trial name                                           | status   | loc               |   iter |   total time (s) |          ts |   reward |   episode_reward_max |   episode_reward_min |   episode_len_mean |
|------------------------------------------------------+----------+-------------------+--------+------------------+-------------+----------+----------------------+----------------------+--------------------|
| MAPPOTrainer_rware_v2_rware-small-4ag-v2_f1650_00000 | RUNNING  | 172.24.0.2:837006 |    600 |          1733.76 | 1.19952e+07 |     0.24 |                    2 |                    0 |                500 |
+------------------------------------------------------+----------+-------------------+--------+------------------+-------------+----------+----------------------+----------------------+--------------------+


== Status ==
Current time: 2026-05-22 20:59:02 (running for 00:29:28.74)
Memory usage on this node: 62.4/251.6 GiB
Using FIFO scheduling algorithm.
Resources requested: 7.0/8 CPUs, 1.0/1 GPUs, 0.0/17.88 GiB heap, 0.0/8.94 GiB objects (0.0/1.0 accelerator_type:G)
Result logdir: /workspace/MARLlib/runs/rware_mappo_gru_small_20m_tensorboard/mappo_gru_rware-small-4ag-v2
Number of trials: 1/1 (1 RUNNING)
+------------------------------------------------------+----------+-------------------+--------+------------------+-------------+----------+----------------------+----------------------+--------------------+
| Trial name                                           | status   | loc               |   iter |   total time (s) |          ts |   reward |   episode_reward_max |   episode_reward_min |   episode_len_mean |
|------------------------------------------------------+----------+-------------------+--------+------------------+-------------+----------+----------------------+----------------------+--------------------|
| MAPPOTrainer_rware_v2_rware-small-4ag-v2_f1650_00000 | RUNNING  | 172.24.0.2:837006 |    602 |          1738.95 | 1.20352e+07 |     0.22 |                    2 |                    0 |                500 |
+------------------------------------------------------+----------+-------------------+--------+------------------+-------------+----------+----------------------+----------------------+--------------------+


== Status ==
Current time: 2026-05-22 20:59:07 (running for 00:29:33.89)
Memory usage on this node: 62.5/251.6 GiB
Using FIFO scheduling algorithm.
Resources requested: 7.0/8 CPUs, 1.0/1 GPUs, 0.0/17.88 GiB heap, 0.0/8.94 GiB objects (0.0/1.0 accelerator_type:G)
Result logdir: /workspace/MARLlib/runs/rware_mappo_gru_small_20m_tensorboard/mappo_gru_rware-small-4ag-v2
Number of trials: 1/1 (1 RUNNING)
+------------------------------------------------------+----------+-------------------+--------+------------------+-------------+----------+----------------------+----------------------+--------------------+
| Trial name                                           | status   | loc               |   iter |   total time (s) |          ts |   reward |   episode_reward_max |   episode_reward_min |   episode_len_mean |
|------------------------------------------------------+----------+-------------------+--------+------------------+-------------+----------+----------------------+----------------------+--------------------|
| MAPPOTrainer_rware_v2_rware-small-4ag-v2_f1650_00000 | RUNNING  | 172.24.0.2:837006 |    604 |          1744.05 | 1.20752e+07 |     0.24 |                    2 |                    0 |                500 |
+------------------------------------------------------+----------+-------------------+--------+------------------+-------------+----------+----------------------+----------------------+--------------------+


== Status ==
Current time: 2026-05-22 20:59:12 (running for 00:29:39.09)
Memory usage on this node: 62.5/251.6 GiB
Using FIFO scheduling algorithm.
Resources requested: 7.0/8 CPUs, 1.0/1 GPUs, 0.0/17.88 GiB heap, 0.0/8.94 GiB objects (0.0/1.0 accelerator_type:G)
Result logdir: /workspace/MARLlib/runs/rware_mappo_gru_small_20m_tensorboard/mappo_gru_rware-small-4ag-v2
Number of trials: 1/1 (1 RUNNING)
+------------------------------------------------------+----------+-------------------+--------+------------------+-------------+----------+----------------------+----------------------+--------------------+
| Trial name                                           | status   | loc               |   iter |   total time (s) |          ts |   reward |   episode_reward_max |   episode_reward_min |   episode_len_mean |
|------------------------------------------------------+----------+-------------------+--------+------------------+-------------+----------+----------------------+----------------------+--------------------|
| MAPPOTrainer_rware_v2_rware-small-4ag-v2_f1650_00000 | RUNNING  | 172.24.0.2:837006 |    606 |          1749.21 | 1.21152e+07 |     0.25 |                    2 |                    0 |                500 |
+------------------------------------------------------+----------+-------------------+--------+------------------+-------------+----------+----------------------+----------------------+--------------------+


== Status ==
Current time: 2026-05-22 20:59:17 (running for 00:29:44.40)
Memory usage on this node: 62.5/251.6 GiB
Using FIFO scheduling algorithm.
Resources requested: 7.0/8 CPUs, 1.0/1 GPUs, 0.0/17.88 GiB heap, 0.0/8.94 GiB objects (0.0/1.0 accelerator_type:G)
Result logdir: /workspace/MARLlib/runs/rware_mappo_gru_small_20m_tensorboard/mappo_gru_rware-small-4ag-v2
Number of trials: 1/1 (1 RUNNING)
+------------------------------------------------------+----------+-------------------+--------+------------------+-------------+----------+----------------------+----------------------+--------------------+
| Trial name                                           | status   | loc               |   iter |   total time (s) |          ts |   reward |   episode_reward_max |   episode_reward_min |   episode_len_mean |
|------------------------------------------------------+----------+-------------------+--------+------------------+-------------+----------+----------------------+----------------------+--------------------|
| MAPPOTrainer_rware_v2_rware-small-4ag-v2_f1650_00000 | RUNNING  | 172.24.0.2:837006 |    608 |          1754.47 | 1.21551e+07 |     0.23 |                    2 |                    0 |                500 |
+------------------------------------------------------+----------+-------------------+--------+------------------+-------------+----------+----------------------+----------------------+--------------------+


== Status ==
Current time: 2026-05-22 20:59:23 (running for 00:29:49.58)
Memory usage on this node: 62.5/251.6 GiB
Using FIFO scheduling algorithm.
Resources requested: 7.0/8 CPUs, 1.0/1 GPUs, 0.0/17.88 GiB heap, 0.0/8.94 GiB objects (0.0/1.0 accelerator_type:G)
Result logdir: /workspace/MARLlib/runs/rware_mappo_gru_small_20m_tensorboard/mappo_gru_rware-small-4ag-v2
Number of trials: 1/1 (1 RUNNING)
+------------------------------------------------------+----------+-------------------+--------+------------------+-------------+----------+----------------------+----------------------+--------------------+
| Trial name                                           | status   | loc               |   iter |   total time (s) |          ts |   reward |   episode_reward_max |   episode_reward_min |   episode_len_mean |
|------------------------------------------------------+----------+-------------------+--------+------------------+-------------+----------+----------------------+----------------------+--------------------|
| MAPPOTrainer_rware_v2_rware-small-4ag-v2_f1650_00000 | RUNNING  | 172.24.0.2:837006 |    610 |          1759.59 | 1.21951e+07 |     0.25 |                    2 |                    0 |                500 |
+------------------------------------------------------+----------+-------------------+--------+------------------+-------------+----------+----------------------+----------------------+--------------------+


== Status ==
Current time: 2026-05-22 20:59:28 (running for 00:29:54.94)
Memory usage on this node: 62.5/251.6 GiB
Using FIFO scheduling algorithm.
Resources requested: 7.0/8 CPUs, 1.0/1 GPUs, 0.0/17.88 GiB heap, 0.0/8.94 GiB objects (0.0/1.0 accelerator_type:G)
Result logdir: /workspace/MARLlib/runs/rware_mappo_gru_small_20m_tensorboard/mappo_gru_rware-small-4ag-v2
Number of trials: 1/1 (1 RUNNING)
+------------------------------------------------------+----------+-------------------+--------+------------------+-------------+----------+----------------------+----------------------+--------------------+
| Trial name                                           | status   | loc               |   iter |   total time (s) |          ts |   reward |   episode_reward_max |   episode_reward_min |   episode_len_mean |
|------------------------------------------------------+----------+-------------------+--------+------------------+-------------+----------+----------------------+----------------------+--------------------|
| MAPPOTrainer_rware_v2_rware-small-4ag-v2_f1650_00000 | RUNNING  | 172.24.0.2:837006 |    612 |          1764.89 | 1.22351e+07 |      0.3 |                    2 |                    0 |                500 |
+------------------------------------------------------+----------+-------------------+--------+------------------+-------------+----------+----------------------+----------------------+--------------------+


== Status ==
Current time: 2026-05-22 20:59:33 (running for 00:30:00.11)
Memory usage on this node: 62.4/251.6 GiB
Using FIFO scheduling algorithm.
Resources requested: 7.0/8 CPUs, 1.0/1 GPUs, 0.0/17.88 GiB heap, 0.0/8.94 GiB objects (0.0/1.0 accelerator_type:G)
Result logdir: /workspace/MARLlib/runs/rware_mappo_gru_small_20m_tensorboard/mappo_gru_rware-small-4ag-v2
Number of trials: 1/1 (1 RUNNING)
+------------------------------------------------------+----------+-------------------+--------+------------------+-------------+----------+----------------------+----------------------+--------------------+
| Trial name                                           | status   | loc               |   iter |   total time (s) |          ts |   reward |   episode_reward_max |   episode_reward_min |   episode_len_mean |
|------------------------------------------------------+----------+-------------------+--------+------------------+-------------+----------+----------------------+----------------------+--------------------|
| MAPPOTrainer_rware_v2_rware-small-4ag-v2_f1650_00000 | RUNNING  | 172.24.0.2:837006 |    614 |          1769.99 | 1.22751e+07 |     0.28 |                    2 |                    0 |                500 |
+------------------------------------------------------+----------+-------------------+--------+------------------+-------------+----------+----------------------+----------------------+--------------------+


== Status ==
Current time: 2026-05-22 20:59:38 (running for 00:30:05.33)
Memory usage on this node: 63.0/251.6 GiB
Using FIFO scheduling algorithm.
Resources requested: 7.0/8 CPUs, 1.0/1 GPUs, 0.0/17.88 GiB heap, 0.0/8.94 GiB objects (0.0/1.0 accelerator_type:G)
Result logdir: /workspace/MARLlib/runs/rware_mappo_gru_small_20m_tensorboard/mappo_gru_rware-small-4ag-v2
Number of trials: 1/1 (1 RUNNING)
+------------------------------------------------------+----------+-------------------+--------+------------------+-------------+----------+----------------------+----------------------+--------------------+
| Trial name                                           | status   | loc               |   iter |   total time (s) |          ts |   reward |   episode_reward_max |   episode_reward_min |   episode_len_mean |
|------------------------------------------------------+----------+-------------------+--------+------------------+-------------+----------+----------------------+----------------------+--------------------|
| MAPPOTrainer_rware_v2_rware-small-4ag-v2_f1650_00000 | RUNNING  | 172.24.0.2:837006 |    616 |          1775.16 | 1.23151e+07 |     0.28 |                    2 |                    0 |                500 |
+------------------------------------------------------+----------+-------------------+--------+------------------+-------------+----------+----------------------+----------------------+--------------------+


== Status ==
Current time: 2026-05-22 20:59:44 (running for 00:30:10.69)
Memory usage on this node: 62.4/251.6 GiB
Using FIFO scheduling algorithm.
Resources requested: 7.0/8 CPUs, 1.0/1 GPUs, 0.0/17.88 GiB heap, 0.0/8.94 GiB objects (0.0/1.0 accelerator_type:G)
Result logdir: /workspace/MARLlib/runs/rware_mappo_gru_small_20m_tensorboard/mappo_gru_rware-small-4ag-v2
Number of trials: 1/1 (1 RUNNING)
+------------------------------------------------------+----------+-------------------+--------+------------------+-------------+----------+----------------------+----------------------+--------------------+
| Trial name                                           | status   | loc               |   iter |   total time (s) |          ts |   reward |   episode_reward_max |   episode_reward_min |   episode_len_mean |
|------------------------------------------------------+----------+-------------------+--------+------------------+-------------+----------+----------------------+----------------------+--------------------|
| MAPPOTrainer_rware_v2_rware-small-4ag-v2_f1650_00000 | RUNNING  | 172.24.0.2:837006 |    618 |          1780.46 | 1.23551e+07 |     0.32 |                    2 |                    0 |                500 |
+------------------------------------------------------+----------+-------------------+--------+------------------+-------------+----------+----------------------+----------------------+--------------------+


== Status ==
Current time: 2026-05-22 20:59:49 (running for 00:30:15.98)
Memory usage on this node: 62.5/251.6 GiB
Using FIFO scheduling algorithm.
Resources requested: 7.0/8 CPUs, 1.0/1 GPUs, 0.0/17.88 GiB heap, 0.0/8.94 GiB objects (0.0/1.0 accelerator_type:G)
Result logdir: /workspace/MARLlib/runs/rware_mappo_gru_small_20m_tensorboard/mappo_gru_rware-small-4ag-v2
Number of trials: 1/1 (1 RUNNING)
+------------------------------------------------------+----------+-------------------+--------+------------------+------------+----------+----------------------+----------------------+--------------------+
| Trial name                                           | status   | loc               |   iter |   total time (s) |         ts |   reward |   episode_reward_max |   episode_reward_min |   episode_len_mean |
|------------------------------------------------------+----------+-------------------+--------+------------------+------------+----------+----------------------+----------------------+--------------------|
| MAPPOTrainer_rware_v2_rware-small-4ag-v2_f1650_00000 | RUNNING  | 172.24.0.2:837006 |    620 |          1785.69 | 1.2395e+07 |     0.35 |                    2 |                    0 |                500 |
+------------------------------------------------------+----------+-------------------+--------+------------------+------------+----------+----------------------+----------------------+--------------------+


== Status ==
Current time: 2026-05-22 20:59:54 (running for 00:30:21.15)
Memory usage on this node: 62.5/251.6 GiB
Using FIFO scheduling algorithm.
Resources requested: 7.0/8 CPUs, 1.0/1 GPUs, 0.0/17.88 GiB heap, 0.0/8.94 GiB objects (0.0/1.0 accelerator_type:G)
Result logdir: /workspace/MARLlib/runs/rware_mappo_gru_small_20m_tensorboard/mappo_gru_rware-small-4ag-v2
Number of trials: 1/1 (1 RUNNING)
+------------------------------------------------------+----------+-------------------+--------+------------------+------------+----------+----------------------+----------------------+--------------------+
| Trial name                                           | status   | loc               |   iter |   total time (s) |         ts |   reward |   episode_reward_max |   episode_reward_min |   episode_len_mean |
|------------------------------------------------------+----------+-------------------+--------+------------------+------------+----------+----------------------+----------------------+--------------------|
| MAPPOTrainer_rware_v2_rware-small-4ag-v2_f1650_00000 | RUNNING  | 172.24.0.2:837006 |    622 |          1790.81 | 1.2435e+07 |     0.38 |                    2 |                    0 |                500 |
+------------------------------------------------------+----------+-------------------+--------+------------------+------------+----------+----------------------+----------------------+--------------------+


== Status ==
Current time: 2026-05-22 20:59:59 (running for 00:30:26.42)
Memory usage on this node: 62.5/251.6 GiB
Using FIFO scheduling algorithm.
Resources requested: 7.0/8 CPUs, 1.0/1 GPUs, 0.0/17.88 GiB heap, 0.0/8.94 GiB objects (0.0/1.0 accelerator_type:G)
Result logdir: /workspace/MARLlib/runs/rware_mappo_gru_small_20m_tensorboard/mappo_gru_rware-small-4ag-v2
Number of trials: 1/1 (1 RUNNING)
+------------------------------------------------------+----------+-------------------+--------+------------------+------------+----------+----------------------+----------------------+--------------------+
| Trial name                                           | status   | loc               |   iter |   total time (s) |         ts |   reward |   episode_reward_max |   episode_reward_min |   episode_len_mean |
|------------------------------------------------------+----------+-------------------+--------+------------------+------------+----------+----------------------+----------------------+--------------------|
| MAPPOTrainer_rware_v2_rware-small-4ag-v2_f1650_00000 | RUNNING  | 172.24.0.2:837006 |    624 |          1796.03 | 1.2475e+07 |     0.42 |                    2 |                    0 |                500 |
+------------------------------------------------------+----------+-------------------+--------+------------------+------------+----------+----------------------+----------------------+--------------------+


== Status ==
Current time: 2026-05-22 21:00:05 (running for 00:30:31.70)
Memory usage on this node: 62.5/251.6 GiB
Using FIFO scheduling algorithm.
Resources requested: 7.0/8 CPUs, 1.0/1 GPUs, 0.0/17.88 GiB heap, 0.0/8.94 GiB objects (0.0/1.0 accelerator_type:G)
Result logdir: /workspace/MARLlib/runs/rware_mappo_gru_small_20m_tensorboard/mappo_gru_rware-small-4ag-v2
Number of trials: 1/1 (1 RUNNING)
+------------------------------------------------------+----------+-------------------+--------+------------------+------------+----------+----------------------+----------------------+--------------------+
| Trial name                                           | status   | loc               |   iter |   total time (s) |         ts |   reward |   episode_reward_max |   episode_reward_min |   episode_len_mean |
|------------------------------------------------------+----------+-------------------+--------+------------------+------------+----------+----------------------+----------------------+--------------------|
| MAPPOTrainer_rware_v2_rware-small-4ag-v2_f1650_00000 | RUNNING  | 172.24.0.2:837006 |    626 |          1801.24 | 1.2515e+07 |     0.48 |                    3 |                    0 |                500 |
+------------------------------------------------------+----------+-------------------+--------+------------------+------------+----------+----------------------+----------------------+--------------------+


== Status ==
Current time: 2026-05-22 21:00:10 (running for 00:30:37.08)
Memory usage on this node: 62.7/251.6 GiB
Using FIFO scheduling algorithm.
Resources requested: 7.0/8 CPUs, 1.0/1 GPUs, 0.0/17.88 GiB heap, 0.0/8.94 GiB objects (0.0/1.0 accelerator_type:G)
Result logdir: /workspace/MARLlib/runs/rware_mappo_gru_small_20m_tensorboard/mappo_gru_rware-small-4ag-v2
Number of trials: 1/1 (1 RUNNING)
+------------------------------------------------------+----------+-------------------+--------+------------------+------------+----------+----------------------+----------------------+--------------------+
| Trial name                                           | status   | loc               |   iter |   total time (s) |         ts |   reward |   episode_reward_max |   episode_reward_min |   episode_len_mean |
|------------------------------------------------------+----------+-------------------+--------+------------------+------------+----------+----------------------+----------------------+--------------------|
| MAPPOTrainer_rware_v2_rware-small-4ag-v2_f1650_00000 | RUNNING  | 172.24.0.2:837006 |    628 |          1806.58 | 1.2555e+07 |     0.45 |                    3 |                    0 |                500 |
+------------------------------------------------------+----------+-------------------+--------+------------------+------------+----------+----------------------+----------------------+--------------------+


== Status ==
Current time: 2026-05-22 21:00:15 (running for 00:30:42.33)
Memory usage on this node: 62.5/251.6 GiB
Using FIFO scheduling algorithm.
Resources requested: 7.0/8 CPUs, 1.0/1 GPUs, 0.0/17.88 GiB heap, 0.0/8.94 GiB objects (0.0/1.0 accelerator_type:G)
Result logdir: /workspace/MARLlib/runs/rware_mappo_gru_small_20m_tensorboard/mappo_gru_rware-small-4ag-v2
Number of trials: 1/1 (1 RUNNING)
+------------------------------------------------------+----------+-------------------+--------+------------------+------------+----------+----------------------+----------------------+--------------------+
| Trial name                                           | status   | loc               |   iter |   total time (s) |         ts |   reward |   episode_reward_max |   episode_reward_min |   episode_len_mean |
|------------------------------------------------------+----------+-------------------+--------+------------------+------------+----------+----------------------+----------------------+--------------------|
| MAPPOTrainer_rware_v2_rware-small-4ag-v2_f1650_00000 | RUNNING  | 172.24.0.2:837006 |    630 |          1811.78 | 1.2595e+07 |     0.41 |                    3 |                    0 |                500 |
+------------------------------------------------------+----------+-------------------+--------+------------------+------------+----------+----------------------+----------------------+--------------------+


== Status ==
Current time: 2026-05-22 21:00:20 (running for 00:30:47.43)
Memory usage on this node: 62.5/251.6 GiB
Using FIFO scheduling algorithm.
Resources requested: 7.0/8 CPUs, 1.0/1 GPUs, 0.0/17.88 GiB heap, 0.0/8.94 GiB objects (0.0/1.0 accelerator_type:G)
Result logdir: /workspace/MARLlib/runs/rware_mappo_gru_small_20m_tensorboard/mappo_gru_rware-small-4ag-v2
Number of trials: 1/1 (1 RUNNING)
+------------------------------------------------------+----------+-------------------+--------+------------------+-------------+----------+----------------------+----------------------+--------------------+
| Trial name                                           | status   | loc               |   iter |   total time (s) |          ts |   reward |   episode_reward_max |   episode_reward_min |   episode_len_mean |
|------------------------------------------------------+----------+-------------------+--------+------------------+-------------+----------+----------------------+----------------------+--------------------|
| MAPPOTrainer_rware_v2_rware-small-4ag-v2_f1650_00000 | RUNNING  | 172.24.0.2:837006 |    632 |          1816.82 | 1.26349e+07 |      0.4 |                    3 |                    0 |                500 |
+------------------------------------------------------+----------+-------------------+--------+------------------+-------------+----------+----------------------+----------------------+--------------------+


== Status ==
Current time: 2026-05-22 21:00:26 (running for 00:30:52.63)
Memory usage on this node: 62.7/251.6 GiB
Using FIFO scheduling algorithm.
Resources requested: 7.0/8 CPUs, 1.0/1 GPUs, 0.0/17.88 GiB heap, 0.0/8.94 GiB objects (0.0/1.0 accelerator_type:G)
Result logdir: /workspace/MARLlib/runs/rware_mappo_gru_small_20m_tensorboard/mappo_gru_rware-small-4ag-v2
Number of trials: 1/1 (1 RUNNING)
+------------------------------------------------------+----------+-------------------+--------+------------------+-------------+----------+----------------------+----------------------+--------------------+
| Trial name                                           | status   | loc               |   iter |   total time (s) |          ts |   reward |   episode_reward_max |   episode_reward_min |   episode_len_mean |
|------------------------------------------------------+----------+-------------------+--------+------------------+-------------+----------+----------------------+----------------------+--------------------|
| MAPPOTrainer_rware_v2_rware-small-4ag-v2_f1650_00000 | RUNNING  | 172.24.0.2:837006 |    634 |          1821.95 | 1.26749e+07 |     0.35 |                    3 |                    0 |                500 |
+------------------------------------------------------+----------+-------------------+--------+------------------+-------------+----------+----------------------+----------------------+--------------------+


== Status ==
Current time: 2026-05-22 21:00:31 (running for 00:30:57.92)
Memory usage on this node: 62.5/251.6 GiB
Using FIFO scheduling algorithm.
Resources requested: 7.0/8 CPUs, 1.0/1 GPUs, 0.0/17.88 GiB heap, 0.0/8.94 GiB objects (0.0/1.0 accelerator_type:G)
Result logdir: /workspace/MARLlib/runs/rware_mappo_gru_small_20m_tensorboard/mappo_gru_rware-small-4ag-v2
Number of trials: 1/1 (1 RUNNING)
+------------------------------------------------------+----------+-------------------+--------+------------------+-------------+----------+----------------------+----------------------+--------------------+
| Trial name                                           | status   | loc               |   iter |   total time (s) |          ts |   reward |   episode_reward_max |   episode_reward_min |   episode_len_mean |
|------------------------------------------------------+----------+-------------------+--------+------------------+-------------+----------+----------------------+----------------------+--------------------|
| MAPPOTrainer_rware_v2_rware-small-4ag-v2_f1650_00000 | RUNNING  | 172.24.0.2:837006 |    636 |          1827.18 | 1.27149e+07 |     0.32 |                    2 |                    0 |                500 |
+------------------------------------------------------+----------+-------------------+--------+------------------+-------------+----------+----------------------+----------------------+--------------------+


== Status ==
Current time: 2026-05-22 21:00:36 (running for 00:31:03.07)
Memory usage on this node: 62.5/251.6 GiB
Using FIFO scheduling algorithm.
Resources requested: 7.0/8 CPUs, 1.0/1 GPUs, 0.0/17.88 GiB heap, 0.0/8.94 GiB objects (0.0/1.0 accelerator_type:G)
Result logdir: /workspace/MARLlib/runs/rware_mappo_gru_small_20m_tensorboard/mappo_gru_rware-small-4ag-v2
Number of trials: 1/1 (1 RUNNING)
+------------------------------------------------------+----------+-------------------+--------+------------------+-------------+----------+----------------------+----------------------+--------------------+
| Trial name                                           | status   | loc               |   iter |   total time (s) |          ts |   reward |   episode_reward_max |   episode_reward_min |   episode_len_mean |
|------------------------------------------------------+----------+-------------------+--------+------------------+-------------+----------+----------------------+----------------------+--------------------|
| MAPPOTrainer_rware_v2_rware-small-4ag-v2_f1650_00000 | RUNNING  | 172.24.0.2:837006 |    638 |          1832.27 | 1.27549e+07 |     0.38 |                    2 |                    0 |                500 |
+------------------------------------------------------+----------+-------------------+--------+------------------+-------------+----------+----------------------+----------------------+--------------------+


== Status ==
Current time: 2026-05-22 21:00:41 (running for 00:31:08.29)
Memory usage on this node: 62.5/251.6 GiB
Using FIFO scheduling algorithm.
Resources requested: 7.0/8 CPUs, 1.0/1 GPUs, 0.0/17.88 GiB heap, 0.0/8.94 GiB objects (0.0/1.0 accelerator_type:G)
Result logdir: /workspace/MARLlib/runs/rware_mappo_gru_small_20m_tensorboard/mappo_gru_rware-small-4ag-v2
Number of trials: 1/1 (1 RUNNING)
+------------------------------------------------------+----------+-------------------+--------+------------------+-------------+----------+----------------------+----------------------+--------------------+
| Trial name                                           | status   | loc               |   iter |   total time (s) |          ts |   reward |   episode_reward_max |   episode_reward_min |   episode_len_mean |
|------------------------------------------------------+----------+-------------------+--------+------------------+-------------+----------+----------------------+----------------------+--------------------|
| MAPPOTrainer_rware_v2_rware-small-4ag-v2_f1650_00000 | RUNNING  | 172.24.0.2:837006 |    640 |          1837.43 | 1.27949e+07 |     0.45 |                    2 |                    0 |                500 |
+------------------------------------------------------+----------+-------------------+--------+------------------+-------------+----------+----------------------+----------------------+--------------------+


== Status ==
Current time: 2026-05-22 21:00:46 (running for 00:31:13.53)
Memory usage on this node: 62.5/251.6 GiB
Using FIFO scheduling algorithm.
Resources requested: 7.0/8 CPUs, 1.0/1 GPUs, 0.0/17.88 GiB heap, 0.0/8.94 GiB objects (0.0/1.0 accelerator_type:G)
Result logdir: /workspace/MARLlib/runs/rware_mappo_gru_small_20m_tensorboard/mappo_gru_rware-small-4ag-v2
Number of trials: 1/1 (1 RUNNING)
+------------------------------------------------------+----------+-------------------+--------+------------------+-------------+----------+----------------------+----------------------+--------------------+
| Trial name                                           | status   | loc               |   iter |   total time (s) |          ts |   reward |   episode_reward_max |   episode_reward_min |   episode_len_mean |
|------------------------------------------------------+----------+-------------------+--------+------------------+-------------+----------+----------------------+----------------------+--------------------|
| MAPPOTrainer_rware_v2_rware-small-4ag-v2_f1650_00000 | RUNNING  | 172.24.0.2:837006 |    642 |          1842.61 | 1.28349e+07 |     0.42 |                    2 |                    0 |                500 |
+------------------------------------------------------+----------+-------------------+--------+------------------+-------------+----------+----------------------+----------------------+--------------------+


== Status ==
Current time: 2026-05-22 21:00:52 (running for 00:31:18.55)
Memory usage on this node: 62.4/251.6 GiB
Using FIFO scheduling algorithm.
Resources requested: 7.0/8 CPUs, 1.0/1 GPUs, 0.0/17.88 GiB heap, 0.0/8.94 GiB objects (0.0/1.0 accelerator_type:G)
Result logdir: /workspace/MARLlib/runs/rware_mappo_gru_small_20m_tensorboard/mappo_gru_rware-small-4ag-v2
Number of trials: 1/1 (1 RUNNING)
+------------------------------------------------------+----------+-------------------+--------+------------------+-------------+----------+----------------------+----------------------+--------------------+
| Trial name                                           | status   | loc               |   iter |   total time (s) |          ts |   reward |   episode_reward_max |   episode_reward_min |   episode_len_mean |
|------------------------------------------------------+----------+-------------------+--------+------------------+-------------+----------+----------------------+----------------------+--------------------|
| MAPPOTrainer_rware_v2_rware-small-4ag-v2_f1650_00000 | RUNNING  | 172.24.0.2:837006 |    644 |          1847.57 | 1.28748e+07 |     0.43 |                    2 |                    0 |                500 |
+------------------------------------------------------+----------+-------------------+--------+------------------+-------------+----------+----------------------+----------------------+--------------------+


== Status ==
Current time: 2026-05-22 21:00:57 (running for 00:31:23.73)
Memory usage on this node: 62.5/251.6 GiB
Using FIFO scheduling algorithm.
Resources requested: 7.0/8 CPUs, 1.0/1 GPUs, 0.0/17.88 GiB heap, 0.0/8.94 GiB objects (0.0/1.0 accelerator_type:G)
Result logdir: /workspace/MARLlib/runs/rware_mappo_gru_small_20m_tensorboard/mappo_gru_rware-small-4ag-v2
Number of trials: 1/1 (1 RUNNING)
+------------------------------------------------------+----------+-------------------+--------+------------------+-------------+----------+----------------------+----------------------+--------------------+
| Trial name                                           | status   | loc               |   iter |   total time (s) |          ts |   reward |   episode_reward_max |   episode_reward_min |   episode_len_mean |
|------------------------------------------------------+----------+-------------------+--------+------------------+-------------+----------+----------------------+----------------------+--------------------|
| MAPPOTrainer_rware_v2_rware-small-4ag-v2_f1650_00000 | RUNNING  | 172.24.0.2:837006 |    646 |          1852.68 | 1.29148e+07 |      0.4 |                    2 |                    0 |                500 |
+------------------------------------------------------+----------+-------------------+--------+------------------+-------------+----------+----------------------+----------------------+--------------------+


== Status ==
Current time: 2026-05-22 21:01:02 (running for 00:31:28.91)
Memory usage on this node: 62.5/251.6 GiB
Using FIFO scheduling algorithm.
Resources requested: 7.0/8 CPUs, 1.0/1 GPUs, 0.0/17.88 GiB heap, 0.0/8.94 GiB objects (0.0/1.0 accelerator_type:G)
Result logdir: /workspace/MARLlib/runs/rware_mappo_gru_small_20m_tensorboard/mappo_gru_rware-small-4ag-v2
Number of trials: 1/1 (1 RUNNING)
+------------------------------------------------------+----------+-------------------+--------+------------------+-------------+----------+----------------------+----------------------+--------------------+
| Trial name                                           | status   | loc               |   iter |   total time (s) |          ts |   reward |   episode_reward_max |   episode_reward_min |   episode_len_mean |
|------------------------------------------------------+----------+-------------------+--------+------------------+-------------+----------+----------------------+----------------------+--------------------|
| MAPPOTrainer_rware_v2_rware-small-4ag-v2_f1650_00000 | RUNNING  | 172.24.0.2:837006 |    648 |           1857.8 | 1.29548e+07 |     0.37 |                    3 |                    0 |                500 |
+------------------------------------------------------+----------+-------------------+--------+------------------+-------------+----------+----------------------+----------------------+--------------------+


== Status ==
Current time: 2026-05-22 21:01:07 (running for 00:31:34.45)
Memory usage on this node: 62.5/251.6 GiB
Using FIFO scheduling algorithm.
Resources requested: 7.0/8 CPUs, 1.0/1 GPUs, 0.0/17.88 GiB heap, 0.0/8.94 GiB objects (0.0/1.0 accelerator_type:G)
Result logdir: /workspace/MARLlib/runs/rware_mappo_gru_small_20m_tensorboard/mappo_gru_rware-small-4ag-v2
Number of trials: 1/1 (1 RUNNING)
+------------------------------------------------------+----------+-------------------+--------+------------------+-------------+----------+----------------------+----------------------+--------------------+
| Trial name                                           | status   | loc               |   iter |   total time (s) |          ts |   reward |   episode_reward_max |   episode_reward_min |   episode_len_mean |
|------------------------------------------------------+----------+-------------------+--------+------------------+-------------+----------+----------------------+----------------------+--------------------|
| MAPPOTrainer_rware_v2_rware-small-4ag-v2_f1650_00000 | RUNNING  | 172.24.0.2:837006 |    649 |          1860.31 | 1.29748e+07 |     0.37 |                    3 |                    0 |                500 |
+------------------------------------------------------+----------+-------------------+--------+------------------+-------------+----------+----------------------+----------------------+--------------------+


== Status ==
Current time: 2026-05-22 21:01:12 (running for 00:31:39.45)
Memory usage on this node: 62.5/251.6 GiB
Using FIFO scheduling algorithm.
Resources requested: 7.0/8 CPUs, 1.0/1 GPUs, 0.0/17.88 GiB heap, 0.0/8.94 GiB objects (0.0/1.0 accelerator_type:G)
Result logdir: /workspace/MARLlib/runs/rware_mappo_gru_small_20m_tensorboard/mappo_gru_rware-small-4ag-v2
Number of trials: 1/1 (1 RUNNING)
+------------------------------------------------------+----------+-------------------+--------+------------------+-------------+----------+----------------------+----------------------+--------------------+
| Trial name                                           | status   | loc               |   iter |   total time (s) |          ts |   reward |   episode_reward_max |   episode_reward_min |   episode_len_mean |
|------------------------------------------------------+----------+-------------------+--------+------------------+-------------+----------+----------------------+----------------------+--------------------|
| MAPPOTrainer_rware_v2_rware-small-4ag-v2_f1650_00000 | RUNNING  | 172.24.0.2:837006 |    649 |          1860.31 | 1.29748e+07 |     0.37 |                    3 |                    0 |                500 |
+------------------------------------------------------+----------+-------------------+--------+------------------+-------------+----------+----------------------+----------------------+--------------------+


== Status ==
Current time: 2026-05-22 21:01:17 (running for 00:31:44.46)
Memory usage on this node: 62.5/251.6 GiB
Using FIFO scheduling algorithm.
Resources requested: 7.0/8 CPUs, 1.0/1 GPUs, 0.0/17.88 GiB heap, 0.0/8.94 GiB objects (0.0/1.0 accelerator_type:G)
Result logdir: /workspace/MARLlib/runs/rware_mappo_gru_small_20m_tensorboard/mappo_gru_rware-small-4ag-v2
Number of trials: 1/1 (1 RUNNING)
+------------------------------------------------------+----------+-------------------+--------+------------------+-------------+----------+----------------------+----------------------+--------------------+
| Trial name                                           | status   | loc               |   iter |   total time (s) |          ts |   reward |   episode_reward_max |   episode_reward_min |   episode_len_mean |
|------------------------------------------------------+----------+-------------------+--------+------------------+-------------+----------+----------------------+----------------------+--------------------|
| MAPPOTrainer_rware_v2_rware-small-4ag-v2_f1650_00000 | RUNNING  | 172.24.0.2:837006 |    649 |          1860.31 | 1.29748e+07 |     0.37 |                    3 |                    0 |                500 |
+------------------------------------------------------+----------+-------------------+--------+------------------+-------------+----------+----------------------+----------------------+--------------------+


== Status ==
Current time: 2026-05-22 21:01:23 (running for 00:31:50.12)
Memory usage on this node: 62.6/251.6 GiB
Using FIFO scheduling algorithm.
Resources requested: 7.0/8 CPUs, 1.0/1 GPUs, 0.0/17.88 GiB heap, 0.0/8.94 GiB objects (0.0/1.0 accelerator_type:G)
Result logdir: /workspace/MARLlib/runs/rware_mappo_gru_small_20m_tensorboard/mappo_gru_rware-small-4ag-v2
Number of trials: 1/1 (1 RUNNING)
+------------------------------------------------------+----------+-------------------+--------+------------------+-------------+----------+----------------------+----------------------+--------------------+
| Trial name                                           | status   | loc               |   iter |   total time (s) |          ts |   reward |   episode_reward_max |   episode_reward_min |   episode_len_mean |
|------------------------------------------------------+----------+-------------------+--------+------------------+-------------+----------+----------------------+----------------------+--------------------|
| MAPPOTrainer_rware_v2_rware-small-4ag-v2_f1650_00000 | RUNNING  | 172.24.0.2:837006 |    651 |          1877.91 | 1.30148e+07 |      0.4 |                    3 |                    0 |                500 |
+------------------------------------------------------+----------+-------------------+--------+------------------+-------------+----------+----------------------+----------------------+--------------------+


== Status ==
Current time: 2026-05-22 21:01:28 (running for 00:31:55.42)
Memory usage on this node: 62.6/251.6 GiB
Using FIFO scheduling algorithm.
Resources requested: 7.0/8 CPUs, 1.0/1 GPUs, 0.0/17.88 GiB heap, 0.0/8.94 GiB objects (0.0/1.0 accelerator_type:G)
Result logdir: /workspace/MARLlib/runs/rware_mappo_gru_small_20m_tensorboard/mappo_gru_rware-small-4ag-v2
Number of trials: 1/1 (1 RUNNING)
+------------------------------------------------------+----------+-------------------+--------+------------------+-------------+----------+----------------------+----------------------+--------------------+
| Trial name                                           | status   | loc               |   iter |   total time (s) |          ts |   reward |   episode_reward_max |   episode_reward_min |   episode_len_mean |
|------------------------------------------------------+----------+-------------------+--------+------------------+-------------+----------+----------------------+----------------------+--------------------|
| MAPPOTrainer_rware_v2_rware-small-4ag-v2_f1650_00000 | RUNNING  | 172.24.0.2:837006 |    653 |          1883.15 | 1.30548e+07 |     0.39 |                    3 |                    0 |                500 |
+------------------------------------------------------+----------+-------------------+--------+------------------+-------------+----------+----------------------+----------------------+--------------------+


== Status ==
Current time: 2026-05-22 21:01:34 (running for 00:32:00.71)
Memory usage on this node: 62.6/251.6 GiB
Using FIFO scheduling algorithm.
Resources requested: 7.0/8 CPUs, 1.0/1 GPUs, 0.0/17.88 GiB heap, 0.0/8.94 GiB objects (0.0/1.0 accelerator_type:G)
Result logdir: /workspace/MARLlib/runs/rware_mappo_gru_small_20m_tensorboard/mappo_gru_rware-small-4ag-v2
Number of trials: 1/1 (1 RUNNING)
+------------------------------------------------------+----------+-------------------+--------+------------------+-------------+----------+----------------------+----------------------+--------------------+
| Trial name                                           | status   | loc               |   iter |   total time (s) |          ts |   reward |   episode_reward_max |   episode_reward_min |   episode_len_mean |
|------------------------------------------------------+----------+-------------------+--------+------------------+-------------+----------+----------------------+----------------------+--------------------|
| MAPPOTrainer_rware_v2_rware-small-4ag-v2_f1650_00000 | RUNNING  | 172.24.0.2:837006 |    655 |          1888.38 | 1.30948e+07 |     0.37 |                    3 |                    0 |                500 |
+------------------------------------------------------+----------+-------------------+--------+------------------+-------------+----------+----------------------+----------------------+--------------------+


== Status ==
Current time: 2026-05-22 21:01:39 (running for 00:32:05.88)
Memory usage on this node: 62.6/251.6 GiB
Using FIFO scheduling algorithm.
Resources requested: 7.0/8 CPUs, 1.0/1 GPUs, 0.0/17.88 GiB heap, 0.0/8.94 GiB objects (0.0/1.0 accelerator_type:G)
Result logdir: /workspace/MARLlib/runs/rware_mappo_gru_small_20m_tensorboard/mappo_gru_rware-small-4ag-v2
Number of trials: 1/1 (1 RUNNING)
+------------------------------------------------------+----------+-------------------+--------+------------------+-------------+----------+----------------------+----------------------+--------------------+
| Trial name                                           | status   | loc               |   iter |   total time (s) |          ts |   reward |   episode_reward_max |   episode_reward_min |   episode_len_mean |
|------------------------------------------------------+----------+-------------------+--------+------------------+-------------+----------+----------------------+----------------------+--------------------|
| MAPPOTrainer_rware_v2_rware-small-4ag-v2_f1650_00000 | RUNNING  | 172.24.0.2:837006 |    657 |          1893.49 | 1.31347e+07 |     0.46 |                    3 |                    0 |                500 |
+------------------------------------------------------+----------+-------------------+--------+------------------+-------------+----------+----------------------+----------------------+--------------------+


== Status ==
Current time: 2026-05-22 21:01:44 (running for 00:32:11.07)
Memory usage on this node: 62.6/251.6 GiB
Using FIFO scheduling algorithm.
Resources requested: 7.0/8 CPUs, 1.0/1 GPUs, 0.0/17.88 GiB heap, 0.0/8.94 GiB objects (0.0/1.0 accelerator_type:G)
Result logdir: /workspace/MARLlib/runs/rware_mappo_gru_small_20m_tensorboard/mappo_gru_rware-small-4ag-v2
Number of trials: 1/1 (1 RUNNING)
+------------------------------------------------------+----------+-------------------+--------+------------------+-------------+----------+----------------------+----------------------+--------------------+
| Trial name                                           | status   | loc               |   iter |   total time (s) |          ts |   reward |   episode_reward_max |   episode_reward_min |   episode_len_mean |
|------------------------------------------------------+----------+-------------------+--------+------------------+-------------+----------+----------------------+----------------------+--------------------|
| MAPPOTrainer_rware_v2_rware-small-4ag-v2_f1650_00000 | RUNNING  | 172.24.0.2:837006 |    659 |          1898.62 | 1.31747e+07 |     0.42 |                    2 |                    0 |                500 |
+------------------------------------------------------+----------+-------------------+--------+------------------+-------------+----------+----------------------+----------------------+--------------------+


== Status ==
Current time: 2026-05-22 21:01:49 (running for 00:32:16.21)
Memory usage on this node: 62.6/251.6 GiB
Using FIFO scheduling algorithm.
Resources requested: 7.0/8 CPUs, 1.0/1 GPUs, 0.0/17.88 GiB heap, 0.0/8.94 GiB objects (0.0/1.0 accelerator_type:G)
Result logdir: /workspace/MARLlib/runs/rware_mappo_gru_small_20m_tensorboard/mappo_gru_rware-small-4ag-v2
Number of trials: 1/1 (1 RUNNING)
+------------------------------------------------------+----------+-------------------+--------+------------------+-------------+----------+----------------------+----------------------+--------------------+
| Trial name                                           | status   | loc               |   iter |   total time (s) |          ts |   reward |   episode_reward_max |   episode_reward_min |   episode_len_mean |
|------------------------------------------------------+----------+-------------------+--------+------------------+-------------+----------+----------------------+----------------------+--------------------|
| MAPPOTrainer_rware_v2_rware-small-4ag-v2_f1650_00000 | RUNNING  | 172.24.0.2:837006 |    661 |           1903.7 | 1.32147e+07 |      0.4 |                    2 |                    0 |                500 |
+------------------------------------------------------+----------+-------------------+--------+------------------+-------------+----------+----------------------+----------------------+--------------------+


== Status ==
Current time: 2026-05-22 21:01:54 (running for 00:32:21.47)
Memory usage on this node: 62.6/251.6 GiB
Using FIFO scheduling algorithm.
Resources requested: 7.0/8 CPUs, 1.0/1 GPUs, 0.0/17.88 GiB heap, 0.0/8.94 GiB objects (0.0/1.0 accelerator_type:G)
Result logdir: /workspace/MARLlib/runs/rware_mappo_gru_small_20m_tensorboard/mappo_gru_rware-small-4ag-v2
Number of trials: 1/1 (1 RUNNING)
+------------------------------------------------------+----------+-------------------+--------+------------------+-------------+----------+----------------------+----------------------+--------------------+
| Trial name                                           | status   | loc               |   iter |   total time (s) |          ts |   reward |   episode_reward_max |   episode_reward_min |   episode_len_mean |
|------------------------------------------------------+----------+-------------------+--------+------------------+-------------+----------+----------------------+----------------------+--------------------|
| MAPPOTrainer_rware_v2_rware-small-4ag-v2_f1650_00000 | RUNNING  | 172.24.0.2:837006 |    663 |           1908.9 | 1.32547e+07 |      0.4 |                    2 |                    0 |                500 |
+------------------------------------------------------+----------+-------------------+--------+------------------+-------------+----------+----------------------+----------------------+--------------------+


== Status ==
Current time: 2026-05-22 21:02:00 (running for 00:32:26.73)
Memory usage on this node: 62.6/251.6 GiB
Using FIFO scheduling algorithm.
Resources requested: 7.0/8 CPUs, 1.0/1 GPUs, 0.0/17.88 GiB heap, 0.0/8.94 GiB objects (0.0/1.0 accelerator_type:G)
Result logdir: /workspace/MARLlib/runs/rware_mappo_gru_small_20m_tensorboard/mappo_gru_rware-small-4ag-v2
Number of trials: 1/1 (1 RUNNING)
+------------------------------------------------------+----------+-------------------+--------+------------------+-------------+----------+----------------------+----------------------+--------------------+
| Trial name                                           | status   | loc               |   iter |   total time (s) |          ts |   reward |   episode_reward_max |   episode_reward_min |   episode_len_mean |
|------------------------------------------------------+----------+-------------------+--------+------------------+-------------+----------+----------------------+----------------------+--------------------|
| MAPPOTrainer_rware_v2_rware-small-4ag-v2_f1650_00000 | RUNNING  | 172.24.0.2:837006 |    665 |          1914.09 | 1.32947e+07 |     0.45 |                    2 |                    0 |                500 |
+------------------------------------------------------+----------+-------------------+--------+------------------+-------------+----------+----------------------+----------------------+--------------------+


== Status ==
Current time: 2026-05-22 21:02:05 (running for 00:32:31.79)
Memory usage on this node: 62.6/251.6 GiB
Using FIFO scheduling algorithm.
Resources requested: 7.0/8 CPUs, 1.0/1 GPUs, 0.0/17.88 GiB heap, 0.0/8.94 GiB objects (0.0/1.0 accelerator_type:G)
Result logdir: /workspace/MARLlib/runs/rware_mappo_gru_small_20m_tensorboard/mappo_gru_rware-small-4ag-v2
Number of trials: 1/1 (1 RUNNING)
+------------------------------------------------------+----------+-------------------+--------+------------------+-------------+----------+----------------------+----------------------+--------------------+
| Trial name                                           | status   | loc               |   iter |   total time (s) |          ts |   reward |   episode_reward_max |   episode_reward_min |   episode_len_mean |
|------------------------------------------------------+----------+-------------------+--------+------------------+-------------+----------+----------------------+----------------------+--------------------|
| MAPPOTrainer_rware_v2_rware-small-4ag-v2_f1650_00000 | RUNNING  | 172.24.0.2:837006 |    667 |          1919.09 | 1.33347e+07 |     0.45 |                    2 |                    0 |                500 |
+------------------------------------------------------+----------+-------------------+--------+------------------+-------------+----------+----------------------+----------------------+--------------------+


== Status ==
Current time: 2026-05-22 21:02:10 (running for 00:32:36.94)
Memory usage on this node: 62.6/251.6 GiB
Using FIFO scheduling algorithm.
Resources requested: 7.0/8 CPUs, 1.0/1 GPUs, 0.0/17.88 GiB heap, 0.0/8.94 GiB objects (0.0/1.0 accelerator_type:G)
Result logdir: /workspace/MARLlib/runs/rware_mappo_gru_small_20m_tensorboard/mappo_gru_rware-small-4ag-v2
Number of trials: 1/1 (1 RUNNING)
+------------------------------------------------------+----------+-------------------+--------+------------------+-------------+----------+----------------------+----------------------+--------------------+
| Trial name                                           | status   | loc               |   iter |   total time (s) |          ts |   reward |   episode_reward_max |   episode_reward_min |   episode_len_mean |
|------------------------------------------------------+----------+-------------------+--------+------------------+-------------+----------+----------------------+----------------------+--------------------|
| MAPPOTrainer_rware_v2_rware-small-4ag-v2_f1650_00000 | RUNNING  | 172.24.0.2:837006 |    669 |          1924.19 | 1.33746e+07 |     0.41 |                    2 |                    0 |                500 |
+------------------------------------------------------+----------+-------------------+--------+------------------+-------------+----------+----------------------+----------------------+--------------------+


== Status ==
Current time: 2026-05-22 21:02:15 (running for 00:32:42.06)
Memory usage on this node: 62.6/251.6 GiB
Using FIFO scheduling algorithm.
Resources requested: 7.0/8 CPUs, 1.0/1 GPUs, 0.0/17.88 GiB heap, 0.0/8.94 GiB objects (0.0/1.0 accelerator_type:G)
Result logdir: /workspace/MARLlib/runs/rware_mappo_gru_small_20m_tensorboard/mappo_gru_rware-small-4ag-v2
Number of trials: 1/1 (1 RUNNING)
+------------------------------------------------------+----------+-------------------+--------+------------------+-------------+----------+----------------------+----------------------+--------------------+
| Trial name                                           | status   | loc               |   iter |   total time (s) |          ts |   reward |   episode_reward_max |   episode_reward_min |   episode_len_mean |
|------------------------------------------------------+----------+-------------------+--------+------------------+-------------+----------+----------------------+----------------------+--------------------|
| MAPPOTrainer_rware_v2_rware-small-4ag-v2_f1650_00000 | RUNNING  | 172.24.0.2:837006 |    671 |          1929.25 | 1.34146e+07 |     0.39 |                    2 |                    0 |                500 |
+------------------------------------------------------+----------+-------------------+--------+------------------+-------------+----------+----------------------+----------------------+--------------------+


== Status ==
Current time: 2026-05-22 21:02:20 (running for 00:32:47.15)
Memory usage on this node: 62.6/251.6 GiB
Using FIFO scheduling algorithm.
Resources requested: 7.0/8 CPUs, 1.0/1 GPUs, 0.0/17.88 GiB heap, 0.0/8.94 GiB objects (0.0/1.0 accelerator_type:G)
Result logdir: /workspace/MARLlib/runs/rware_mappo_gru_small_20m_tensorboard/mappo_gru_rware-small-4ag-v2
Number of trials: 1/1 (1 RUNNING)
+------------------------------------------------------+----------+-------------------+--------+------------------+-------------+----------+----------------------+----------------------+--------------------+
| Trial name                                           | status   | loc               |   iter |   total time (s) |          ts |   reward |   episode_reward_max |   episode_reward_min |   episode_len_mean |
|------------------------------------------------------+----------+-------------------+--------+------------------+-------------+----------+----------------------+----------------------+--------------------|
| MAPPOTrainer_rware_v2_rware-small-4ag-v2_f1650_00000 | RUNNING  | 172.24.0.2:837006 |    673 |          1934.28 | 1.34546e+07 |     0.35 |                    2 |                    0 |                500 |
+------------------------------------------------------+----------+-------------------+--------+------------------+-------------+----------+----------------------+----------------------+--------------------+


== Status ==
Current time: 2026-05-22 21:02:25 (running for 00:32:52.40)
Memory usage on this node: 62.9/251.6 GiB
Using FIFO scheduling algorithm.
Resources requested: 7.0/8 CPUs, 1.0/1 GPUs, 0.0/17.88 GiB heap, 0.0/8.94 GiB objects (0.0/1.0 accelerator_type:G)
Result logdir: /workspace/MARLlib/runs/rware_mappo_gru_small_20m_tensorboard/mappo_gru_rware-small-4ag-v2
Number of trials: 1/1 (1 RUNNING)
+------------------------------------------------------+----------+-------------------+--------+------------------+-------------+----------+----------------------+----------------------+--------------------+
| Trial name                                           | status   | loc               |   iter |   total time (s) |          ts |   reward |   episode_reward_max |   episode_reward_min |   episode_len_mean |
|------------------------------------------------------+----------+-------------------+--------+------------------+-------------+----------+----------------------+----------------------+--------------------|
| MAPPOTrainer_rware_v2_rware-small-4ag-v2_f1650_00000 | RUNNING  | 172.24.0.2:837006 |    675 |          1939.48 | 1.34946e+07 |     0.35 |                    2 |                    0 |                500 |
+------------------------------------------------------+----------+-------------------+--------+------------------+-------------+----------+----------------------+----------------------+--------------------+


== Status ==
Current time: 2026-05-22 21:02:31 (running for 00:32:57.70)
Memory usage on this node: 62.6/251.6 GiB
Using FIFO scheduling algorithm.
Resources requested: 7.0/8 CPUs, 1.0/1 GPUs, 0.0/17.88 GiB heap, 0.0/8.94 GiB objects (0.0/1.0 accelerator_type:G)
Result logdir: /workspace/MARLlib/runs/rware_mappo_gru_small_20m_tensorboard/mappo_gru_rware-small-4ag-v2
Number of trials: 1/1 (1 RUNNING)
+------------------------------------------------------+----------+-------------------+--------+------------------+-------------+----------+----------------------+----------------------+--------------------+
| Trial name                                           | status   | loc               |   iter |   total time (s) |          ts |   reward |   episode_reward_max |   episode_reward_min |   episode_len_mean |
|------------------------------------------------------+----------+-------------------+--------+------------------+-------------+----------+----------------------+----------------------+--------------------|
| MAPPOTrainer_rware_v2_rware-small-4ag-v2_f1650_00000 | RUNNING  | 172.24.0.2:837006 |    677 |          1944.73 | 1.35346e+07 |     0.32 |                    2 |                    0 |                500 |
+------------------------------------------------------+----------+-------------------+--------+------------------+-------------+----------+----------------------+----------------------+--------------------+


== Status ==
Current time: 2026-05-22 21:02:36 (running for 00:33:02.86)
Memory usage on this node: 62.6/251.6 GiB
Using FIFO scheduling algorithm.
Resources requested: 7.0/8 CPUs, 1.0/1 GPUs, 0.0/17.88 GiB heap, 0.0/8.94 GiB objects (0.0/1.0 accelerator_type:G)
Result logdir: /workspace/MARLlib/runs/rware_mappo_gru_small_20m_tensorboard/mappo_gru_rware-small-4ag-v2
Number of trials: 1/1 (1 RUNNING)
+------------------------------------------------------+----------+-------------------+--------+------------------+-------------+----------+----------------------+----------------------+--------------------+
| Trial name                                           | status   | loc               |   iter |   total time (s) |          ts |   reward |   episode_reward_max |   episode_reward_min |   episode_len_mean |
|------------------------------------------------------+----------+-------------------+--------+------------------+-------------+----------+----------------------+----------------------+--------------------|
| MAPPOTrainer_rware_v2_rware-small-4ag-v2_f1650_00000 | RUNNING  | 172.24.0.2:837006 |    679 |          1949.83 | 1.35746e+07 |     0.29 |                    2 |                    0 |                500 |
+------------------------------------------------------+----------+-------------------+--------+------------------+-------------+----------+----------------------+----------------------+--------------------+


== Status ==
Current time: 2026-05-22 21:02:41 (running for 00:33:08.28)
Memory usage on this node: 62.6/251.6 GiB
Using FIFO scheduling algorithm.
Resources requested: 7.0/8 CPUs, 1.0/1 GPUs, 0.0/17.88 GiB heap, 0.0/8.94 GiB objects (0.0/1.0 accelerator_type:G)
Result logdir: /workspace/MARLlib/runs/rware_mappo_gru_small_20m_tensorboard/mappo_gru_rware-small-4ag-v2
Number of trials: 1/1 (1 RUNNING)
+------------------------------------------------------+----------+-------------------+--------+------------------+-------------+----------+----------------------+----------------------+--------------------+
| Trial name                                           | status   | loc               |   iter |   total time (s) |          ts |   reward |   episode_reward_max |   episode_reward_min |   episode_len_mean |
|------------------------------------------------------+----------+-------------------+--------+------------------+-------------+----------+----------------------+----------------------+--------------------|
| MAPPOTrainer_rware_v2_rware-small-4ag-v2_f1650_00000 | RUNNING  | 172.24.0.2:837006 |    681 |          1955.21 | 1.36146e+07 |     0.37 |                    2 |                    0 |                500 |
+------------------------------------------------------+----------+-------------------+--------+------------------+-------------+----------+----------------------+----------------------+--------------------+


== Status ==
Current time: 2026-05-22 21:02:46 (running for 00:33:13.43)
Memory usage on this node: 62.6/251.6 GiB
Using FIFO scheduling algorithm.
Resources requested: 7.0/8 CPUs, 1.0/1 GPUs, 0.0/17.88 GiB heap, 0.0/8.94 GiB objects (0.0/1.0 accelerator_type:G)
Result logdir: /workspace/MARLlib/runs/rware_mappo_gru_small_20m_tensorboard/mappo_gru_rware-small-4ag-v2
Number of trials: 1/1 (1 RUNNING)
+------------------------------------------------------+----------+-------------------+--------+------------------+-------------+----------+----------------------+----------------------+--------------------+
| Trial name                                           | status   | loc               |   iter |   total time (s) |          ts |   reward |   episode_reward_max |   episode_reward_min |   episode_len_mean |
|------------------------------------------------------+----------+-------------------+--------+------------------+-------------+----------+----------------------+----------------------+--------------------|
| MAPPOTrainer_rware_v2_rware-small-4ag-v2_f1650_00000 | RUNNING  | 172.24.0.2:837006 |    683 |          1960.31 | 1.36545e+07 |      0.4 |                    2 |                    0 |                500 |
+------------------------------------------------------+----------+-------------------+--------+------------------+-------------+----------+----------------------+----------------------+--------------------+


== Status ==
Current time: 2026-05-22 21:02:51 (running for 00:33:18.52)
Memory usage on this node: 62.6/251.6 GiB
Using FIFO scheduling algorithm.
Resources requested: 7.0/8 CPUs, 1.0/1 GPUs, 0.0/17.88 GiB heap, 0.0/8.94 GiB objects (0.0/1.0 accelerator_type:G)
Result logdir: /workspace/MARLlib/runs/rware_mappo_gru_small_20m_tensorboard/mappo_gru_rware-small-4ag-v2
Number of trials: 1/1 (1 RUNNING)
+------------------------------------------------------+----------+-------------------+--------+------------------+-------------+----------+----------------------+----------------------+--------------------+
| Trial name                                           | status   | loc               |   iter |   total time (s) |          ts |   reward |   episode_reward_max |   episode_reward_min |   episode_len_mean |
|------------------------------------------------------+----------+-------------------+--------+------------------+-------------+----------+----------------------+----------------------+--------------------|
| MAPPOTrainer_rware_v2_rware-small-4ag-v2_f1650_00000 | RUNNING  | 172.24.0.2:837006 |    685 |          1965.35 | 1.36945e+07 |     0.37 |                    2 |                    0 |                500 |
+------------------------------------------------------+----------+-------------------+--------+------------------+-------------+----------+----------------------+----------------------+--------------------+


== Status ==
Current time: 2026-05-22 21:02:57 (running for 00:33:23.79)
Memory usage on this node: 62.6/251.6 GiB
Using FIFO scheduling algorithm.
Resources requested: 7.0/8 CPUs, 1.0/1 GPUs, 0.0/17.88 GiB heap, 0.0/8.94 GiB objects (0.0/1.0 accelerator_type:G)
Result logdir: /workspace/MARLlib/runs/rware_mappo_gru_small_20m_tensorboard/mappo_gru_rware-small-4ag-v2
Number of trials: 1/1 (1 RUNNING)
+------------------------------------------------------+----------+-------------------+--------+------------------+-------------+----------+----------------------+----------------------+--------------------+
| Trial name                                           | status   | loc               |   iter |   total time (s) |          ts |   reward |   episode_reward_max |   episode_reward_min |   episode_len_mean |
|------------------------------------------------------+----------+-------------------+--------+------------------+-------------+----------+----------------------+----------------------+--------------------|
| MAPPOTrainer_rware_v2_rware-small-4ag-v2_f1650_00000 | RUNNING  | 172.24.0.2:837006 |    687 |          1970.56 | 1.37345e+07 |     0.46 |                    3 |                    0 |                500 |
+------------------------------------------------------+----------+-------------------+--------+------------------+-------------+----------+----------------------+----------------------+--------------------+


== Status ==
Current time: 2026-05-22 21:03:02 (running for 00:33:29.19)
Memory usage on this node: 62.6/251.6 GiB
Using FIFO scheduling algorithm.
Resources requested: 7.0/8 CPUs, 1.0/1 GPUs, 0.0/17.88 GiB heap, 0.0/8.94 GiB objects (0.0/1.0 accelerator_type:G)
Result logdir: /workspace/MARLlib/runs/rware_mappo_gru_small_20m_tensorboard/mappo_gru_rware-small-4ag-v2
Number of trials: 1/1 (1 RUNNING)
+------------------------------------------------------+----------+-------------------+--------+------------------+-------------+----------+----------------------+----------------------+--------------------+
| Trial name                                           | status   | loc               |   iter |   total time (s) |          ts |   reward |   episode_reward_max |   episode_reward_min |   episode_len_mean |
|------------------------------------------------------+----------+-------------------+--------+------------------+-------------+----------+----------------------+----------------------+--------------------|
| MAPPOTrainer_rware_v2_rware-small-4ag-v2_f1650_00000 | RUNNING  | 172.24.0.2:837006 |    689 |           1975.9 | 1.37745e+07 |     0.56 |                    3 |                    0 |                500 |
+------------------------------------------------------+----------+-------------------+--------+------------------+-------------+----------+----------------------+----------------------+--------------------+


== Status ==
Current time: 2026-05-22 21:03:07 (running for 00:33:34.45)
Memory usage on this node: 62.6/251.6 GiB
Using FIFO scheduling algorithm.
Resources requested: 7.0/8 CPUs, 1.0/1 GPUs, 0.0/17.88 GiB heap, 0.0/8.94 GiB objects (0.0/1.0 accelerator_type:G)
Result logdir: /workspace/MARLlib/runs/rware_mappo_gru_small_20m_tensorboard/mappo_gru_rware-small-4ag-v2
Number of trials: 1/1 (1 RUNNING)
+------------------------------------------------------+----------+-------------------+--------+------------------+-------------+----------+----------------------+----------------------+--------------------+
| Trial name                                           | status   | loc               |   iter |   total time (s) |          ts |   reward |   episode_reward_max |   episode_reward_min |   episode_len_mean |
|------------------------------------------------------+----------+-------------------+--------+------------------+-------------+----------+----------------------+----------------------+--------------------|
| MAPPOTrainer_rware_v2_rware-small-4ag-v2_f1650_00000 | RUNNING  | 172.24.0.2:837006 |    691 |           1981.1 | 1.38145e+07 |     0.52 |                    3 |                    0 |                500 |
+------------------------------------------------------+----------+-------------------+--------+------------------+-------------+----------+----------------------+----------------------+--------------------+


== Status ==
Current time: 2026-05-22 21:03:13 (running for 00:33:39.70)
Memory usage on this node: 62.6/251.6 GiB
Using FIFO scheduling algorithm.
Resources requested: 7.0/8 CPUs, 1.0/1 GPUs, 0.0/17.88 GiB heap, 0.0/8.94 GiB objects (0.0/1.0 accelerator_type:G)
Result logdir: /workspace/MARLlib/runs/rware_mappo_gru_small_20m_tensorboard/mappo_gru_rware-small-4ag-v2
Number of trials: 1/1 (1 RUNNING)
+------------------------------------------------------+----------+-------------------+--------+------------------+-------------+----------+----------------------+----------------------+--------------------+
| Trial name                                           | status   | loc               |   iter |   total time (s) |          ts |   reward |   episode_reward_max |   episode_reward_min |   episode_len_mean |
|------------------------------------------------------+----------+-------------------+--------+------------------+-------------+----------+----------------------+----------------------+--------------------|
| MAPPOTrainer_rware_v2_rware-small-4ag-v2_f1650_00000 | RUNNING  | 172.24.0.2:837006 |    693 |          1986.29 | 1.38545e+07 |     0.49 |                    3 |                    0 |                500 |
+------------------------------------------------------+----------+-------------------+--------+------------------+-------------+----------+----------------------+----------------------+--------------------+


== Status ==
Current time: 2026-05-22 21:03:18 (running for 00:33:45.16)
Memory usage on this node: 62.6/251.6 GiB
Using FIFO scheduling algorithm.
Resources requested: 7.0/8 CPUs, 1.0/1 GPUs, 0.0/17.88 GiB heap, 0.0/8.94 GiB objects (0.0/1.0 accelerator_type:G)
Result logdir: /workspace/MARLlib/runs/rware_mappo_gru_small_20m_tensorboard/mappo_gru_rware-small-4ag-v2
Number of trials: 1/1 (1 RUNNING)
+------------------------------------------------------+----------+-------------------+--------+------------------+-------------+----------+----------------------+----------------------+--------------------+
| Trial name                                           | status   | loc               |   iter |   total time (s) |          ts |   reward |   episode_reward_max |   episode_reward_min |   episode_len_mean |
|------------------------------------------------------+----------+-------------------+--------+------------------+-------------+----------+----------------------+----------------------+--------------------|
| MAPPOTrainer_rware_v2_rware-small-4ag-v2_f1650_00000 | RUNNING  | 172.24.0.2:837006 |    695 |           1991.7 | 1.38944e+07 |     0.53 |                    3 |                    0 |                500 |
+------------------------------------------------------+----------+-------------------+--------+------------------+-------------+----------+----------------------+----------------------+--------------------+


== Status ==
Current time: 2026-05-22 21:03:23 (running for 00:33:50.38)
Memory usage on this node: 62.6/251.6 GiB
Using FIFO scheduling algorithm.
Resources requested: 7.0/8 CPUs, 1.0/1 GPUs, 0.0/17.88 GiB heap, 0.0/8.94 GiB objects (0.0/1.0 accelerator_type:G)
Result logdir: /workspace/MARLlib/runs/rware_mappo_gru_small_20m_tensorboard/mappo_gru_rware-small-4ag-v2
Number of trials: 1/1 (1 RUNNING)
+------------------------------------------------------+----------+-------------------+--------+------------------+-------------+----------+----------------------+----------------------+--------------------+
| Trial name                                           | status   | loc               |   iter |   total time (s) |          ts |   reward |   episode_reward_max |   episode_reward_min |   episode_len_mean |
|------------------------------------------------------+----------+-------------------+--------+------------------+-------------+----------+----------------------+----------------------+--------------------|
| MAPPOTrainer_rware_v2_rware-small-4ag-v2_f1650_00000 | RUNNING  | 172.24.0.2:837006 |    697 |          1996.87 | 1.39344e+07 |     0.48 |                    4 |                    0 |                500 |
+------------------------------------------------------+----------+-------------------+--------+------------------+-------------+----------+----------------------+----------------------+--------------------+


== Status ==
Current time: 2026-05-22 21:03:28 (running for 00:33:55.47)
Memory usage on this node: 62.6/251.6 GiB
Using FIFO scheduling algorithm.
Resources requested: 7.0/8 CPUs, 1.0/1 GPUs, 0.0/17.88 GiB heap, 0.0/8.94 GiB objects (0.0/1.0 accelerator_type:G)
Result logdir: /workspace/MARLlib/runs/rware_mappo_gru_small_20m_tensorboard/mappo_gru_rware-small-4ag-v2
Number of trials: 1/1 (1 RUNNING)
+------------------------------------------------------+----------+-------------------+--------+------------------+-------------+----------+----------------------+----------------------+--------------------+
| Trial name                                           | status   | loc               |   iter |   total time (s) |          ts |   reward |   episode_reward_max |   episode_reward_min |   episode_len_mean |
|------------------------------------------------------+----------+-------------------+--------+------------------+-------------+----------+----------------------+----------------------+--------------------|
| MAPPOTrainer_rware_v2_rware-small-4ag-v2_f1650_00000 | RUNNING  | 172.24.0.2:837006 |    699 |           2001.9 | 1.39744e+07 |     0.49 |                    4 |                    0 |                500 |
+------------------------------------------------------+----------+-------------------+--------+------------------+-------------+----------+----------------------+----------------------+--------------------+


== Status ==
Current time: 2026-05-22 21:03:33 (running for 00:34:00.48)
Memory usage on this node: 62.5/251.6 GiB
Using FIFO scheduling algorithm.
Resources requested: 7.0/8 CPUs, 1.0/1 GPUs, 0.0/17.88 GiB heap, 0.0/8.94 GiB objects (0.0/1.0 accelerator_type:G)
Result logdir: /workspace/MARLlib/runs/rware_mappo_gru_small_20m_tensorboard/mappo_gru_rware-small-4ag-v2
Number of trials: 1/1 (1 RUNNING)
+------------------------------------------------------+----------+-------------------+--------+------------------+-------------+----------+----------------------+----------------------+--------------------+
| Trial name                                           | status   | loc               |   iter |   total time (s) |          ts |   reward |   episode_reward_max |   episode_reward_min |   episode_len_mean |
|------------------------------------------------------+----------+-------------------+--------+------------------+-------------+----------+----------------------+----------------------+--------------------|
| MAPPOTrainer_rware_v2_rware-small-4ag-v2_f1650_00000 | RUNNING  | 172.24.0.2:837006 |    699 |           2001.9 | 1.39744e+07 |     0.49 |                    4 |                    0 |                500 |
+------------------------------------------------------+----------+-------------------+--------+------------------+-------------+----------+----------------------+----------------------+--------------------+


== Status ==
Current time: 2026-05-22 21:03:38 (running for 00:34:05.49)
Memory usage on this node: 62.5/251.6 GiB
Using FIFO scheduling algorithm.
Resources requested: 7.0/8 CPUs, 1.0/1 GPUs, 0.0/17.88 GiB heap, 0.0/8.94 GiB objects (0.0/1.0 accelerator_type:G)
Result logdir: /workspace/MARLlib/runs/rware_mappo_gru_small_20m_tensorboard/mappo_gru_rware-small-4ag-v2
Number of trials: 1/1 (1 RUNNING)
+------------------------------------------------------+----------+-------------------+--------+------------------+-------------+----------+----------------------+----------------------+--------------------+
| Trial name                                           | status   | loc               |   iter |   total time (s) |          ts |   reward |   episode_reward_max |   episode_reward_min |   episode_len_mean |
|------------------------------------------------------+----------+-------------------+--------+------------------+-------------+----------+----------------------+----------------------+--------------------|
| MAPPOTrainer_rware_v2_rware-small-4ag-v2_f1650_00000 | RUNNING  | 172.24.0.2:837006 |    699 |           2001.9 | 1.39744e+07 |     0.49 |                    4 |                    0 |                500 |
+------------------------------------------------------+----------+-------------------+--------+------------------+-------------+----------+----------------------+----------------------+--------------------+


== Status ==
Current time: 2026-05-22 21:03:44 (running for 00:34:10.80)
Memory usage on this node: 62.6/251.6 GiB
Using FIFO scheduling algorithm.
Resources requested: 7.0/8 CPUs, 1.0/1 GPUs, 0.0/17.88 GiB heap, 0.0/8.94 GiB objects (0.0/1.0 accelerator_type:G)
Result logdir: /workspace/MARLlib/runs/rware_mappo_gru_small_20m_tensorboard/mappo_gru_rware-small-4ag-v2
Number of trials: 1/1 (1 RUNNING)
+------------------------------------------------------+----------+-------------------+--------+------------------+-------------+----------+----------------------+----------------------+--------------------+
| Trial name                                           | status   | loc               |   iter |   total time (s) |          ts |   reward |   episode_reward_max |   episode_reward_min |   episode_len_mean |
|------------------------------------------------------+----------+-------------------+--------+------------------+-------------+----------+----------------------+----------------------+--------------------|
| MAPPOTrainer_rware_v2_rware-small-4ag-v2_f1650_00000 | RUNNING  | 172.24.0.2:837006 |    700 |          2017.18 | 1.39944e+07 |     0.52 |                    4 |                    0 |                500 |
+------------------------------------------------------+----------+-------------------+--------+------------------+-------------+----------+----------------------+----------------------+--------------------+


== Status ==
Current time: 2026-05-22 21:03:49 (running for 00:34:15.90)
Memory usage on this node: 62.5/251.6 GiB
Using FIFO scheduling algorithm.
Resources requested: 7.0/8 CPUs, 1.0/1 GPUs, 0.0/17.88 GiB heap, 0.0/8.94 GiB objects (0.0/1.0 accelerator_type:G)
Result logdir: /workspace/MARLlib/runs/rware_mappo_gru_small_20m_tensorboard/mappo_gru_rware-small-4ag-v2
Number of trials: 1/1 (1 RUNNING)
+------------------------------------------------------+----------+-------------------+--------+------------------+-------------+----------+----------------------+----------------------+--------------------+
| Trial name                                           | status   | loc               |   iter |   total time (s) |          ts |   reward |   episode_reward_max |   episode_reward_min |   episode_len_mean |
|------------------------------------------------------+----------+-------------------+--------+------------------+-------------+----------+----------------------+----------------------+--------------------|
| MAPPOTrainer_rware_v2_rware-small-4ag-v2_f1650_00000 | RUNNING  | 172.24.0.2:837006 |    702 |          2022.24 | 1.40344e+07 |     0.63 |                    4 |                    0 |                500 |
+------------------------------------------------------+----------+-------------------+--------+------------------+-------------+----------+----------------------+----------------------+--------------------+


== Status ==
Current time: 2026-05-22 21:03:54 (running for 00:34:21.00)
Memory usage on this node: 62.5/251.6 GiB
Using FIFO scheduling algorithm.
Resources requested: 7.0/8 CPUs, 1.0/1 GPUs, 0.0/17.88 GiB heap, 0.0/8.94 GiB objects (0.0/1.0 accelerator_type:G)
Result logdir: /workspace/MARLlib/runs/rware_mappo_gru_small_20m_tensorboard/mappo_gru_rware-small-4ag-v2
Number of trials: 1/1 (1 RUNNING)
+------------------------------------------------------+----------+-------------------+--------+------------------+-------------+----------+----------------------+----------------------+--------------------+
| Trial name                                           | status   | loc               |   iter |   total time (s) |          ts |   reward |   episode_reward_max |   episode_reward_min |   episode_len_mean |
|------------------------------------------------------+----------+-------------------+--------+------------------+-------------+----------+----------------------+----------------------+--------------------|
| MAPPOTrainer_rware_v2_rware-small-4ag-v2_f1650_00000 | RUNNING  | 172.24.0.2:837006 |    704 |          2027.28 | 1.40744e+07 |     0.68 |                    4 |                    0 |                500 |
+------------------------------------------------------+----------+-------------------+--------+------------------+-------------+----------+----------------------+----------------------+--------------------+


== Status ==
Current time: 2026-05-22 21:03:59 (running for 00:34:26.25)
Memory usage on this node: 62.5/251.6 GiB
Using FIFO scheduling algorithm.
Resources requested: 7.0/8 CPUs, 1.0/1 GPUs, 0.0/17.88 GiB heap, 0.0/8.94 GiB objects (0.0/1.0 accelerator_type:G)
Result logdir: /workspace/MARLlib/runs/rware_mappo_gru_small_20m_tensorboard/mappo_gru_rware-small-4ag-v2
Number of trials: 1/1 (1 RUNNING)
+------------------------------------------------------+----------+-------------------+--------+------------------+-------------+----------+----------------------+----------------------+--------------------+
| Trial name                                           | status   | loc               |   iter |   total time (s) |          ts |   reward |   episode_reward_max |   episode_reward_min |   episode_len_mean |
|------------------------------------------------------+----------+-------------------+--------+------------------+-------------+----------+----------------------+----------------------+--------------------|
| MAPPOTrainer_rware_v2_rware-small-4ag-v2_f1650_00000 | RUNNING  | 172.24.0.2:837006 |    706 |          2032.47 | 1.41144e+07 |     0.79 |                    4 |                    0 |                500 |
+------------------------------------------------------+----------+-------------------+--------+------------------+-------------+----------+----------------------+----------------------+--------------------+


== Status ==
Current time: 2026-05-22 21:04:04 (running for 00:34:31.42)
Memory usage on this node: 62.5/251.6 GiB
Using FIFO scheduling algorithm.
Resources requested: 7.0/8 CPUs, 1.0/1 GPUs, 0.0/17.88 GiB heap, 0.0/8.94 GiB objects (0.0/1.0 accelerator_type:G)
Result logdir: /workspace/MARLlib/runs/rware_mappo_gru_small_20m_tensorboard/mappo_gru_rware-small-4ag-v2
Number of trials: 1/1 (1 RUNNING)
+------------------------------------------------------+----------+-------------------+--------+------------------+-------------+----------+----------------------+----------------------+--------------------+
| Trial name                                           | status   | loc               |   iter |   total time (s) |          ts |   reward |   episode_reward_max |   episode_reward_min |   episode_len_mean |
|------------------------------------------------------+----------+-------------------+--------+------------------+-------------+----------+----------------------+----------------------+--------------------|
| MAPPOTrainer_rware_v2_rware-small-4ag-v2_f1650_00000 | RUNNING  | 172.24.0.2:837006 |    708 |          2037.58 | 1.41543e+07 |      0.7 |                    3 |                    0 |                500 |
+------------------------------------------------------+----------+-------------------+--------+------------------+-------------+----------+----------------------+----------------------+--------------------+


== Status ==
Current time: 2026-05-22 21:04:09 (running for 00:34:36.53)
Memory usage on this node: 62.5/251.6 GiB
Using FIFO scheduling algorithm.
Resources requested: 7.0/8 CPUs, 1.0/1 GPUs, 0.0/17.88 GiB heap, 0.0/8.94 GiB objects (0.0/1.0 accelerator_type:G)
Result logdir: /workspace/MARLlib/runs/rware_mappo_gru_small_20m_tensorboard/mappo_gru_rware-small-4ag-v2
Number of trials: 1/1 (1 RUNNING)
+------------------------------------------------------+----------+-------------------+--------+------------------+-------------+----------+----------------------+----------------------+--------------------+
| Trial name                                           | status   | loc               |   iter |   total time (s) |          ts |   reward |   episode_reward_max |   episode_reward_min |   episode_len_mean |
|------------------------------------------------------+----------+-------------------+--------+------------------+-------------+----------+----------------------+----------------------+--------------------|
| MAPPOTrainer_rware_v2_rware-small-4ag-v2_f1650_00000 | RUNNING  | 172.24.0.2:837006 |    710 |          2042.63 | 1.41943e+07 |      0.7 |                    3 |                    0 |                500 |
+------------------------------------------------------+----------+-------------------+--------+------------------+-------------+----------+----------------------+----------------------+--------------------+


== Status ==
Current time: 2026-05-22 21:04:15 (running for 00:34:41.68)
Memory usage on this node: 62.6/251.6 GiB
Using FIFO scheduling algorithm.
Resources requested: 7.0/8 CPUs, 1.0/1 GPUs, 0.0/17.88 GiB heap, 0.0/8.94 GiB objects (0.0/1.0 accelerator_type:G)
Result logdir: /workspace/MARLlib/runs/rware_mappo_gru_small_20m_tensorboard/mappo_gru_rware-small-4ag-v2
Number of trials: 1/1 (1 RUNNING)
+------------------------------------------------------+----------+-------------------+--------+------------------+-------------+----------+----------------------+----------------------+--------------------+
| Trial name                                           | status   | loc               |   iter |   total time (s) |          ts |   reward |   episode_reward_max |   episode_reward_min |   episode_len_mean |
|------------------------------------------------------+----------+-------------------+--------+------------------+-------------+----------+----------------------+----------------------+--------------------|
| MAPPOTrainer_rware_v2_rware-small-4ag-v2_f1650_00000 | RUNNING  | 172.24.0.2:837006 |    712 |          2047.72 | 1.42343e+07 |      0.7 |                    3 |                    0 |                500 |
+------------------------------------------------------+----------+-------------------+--------+------------------+-------------+----------+----------------------+----------------------+--------------------+


== Status ==
Current time: 2026-05-22 21:04:20 (running for 00:34:46.77)
Memory usage on this node: 62.5/251.6 GiB
Using FIFO scheduling algorithm.
Resources requested: 7.0/8 CPUs, 1.0/1 GPUs, 0.0/17.88 GiB heap, 0.0/8.94 GiB objects (0.0/1.0 accelerator_type:G)
Result logdir: /workspace/MARLlib/runs/rware_mappo_gru_small_20m_tensorboard/mappo_gru_rware-small-4ag-v2
Number of trials: 1/1 (1 RUNNING)
+------------------------------------------------------+----------+-------------------+--------+------------------+-------------+----------+----------------------+----------------------+--------------------+
| Trial name                                           | status   | loc               |   iter |   total time (s) |          ts |   reward |   episode_reward_max |   episode_reward_min |   episode_len_mean |
|------------------------------------------------------+----------+-------------------+--------+------------------+-------------+----------+----------------------+----------------------+--------------------|
| MAPPOTrainer_rware_v2_rware-small-4ag-v2_f1650_00000 | RUNNING  | 172.24.0.2:837006 |    714 |          2052.75 | 1.42743e+07 |     0.63 |                    3 |                    0 |                500 |
+------------------------------------------------------+----------+-------------------+--------+------------------+-------------+----------+----------------------+----------------------+--------------------+


== Status ==
Current time: 2026-05-22 21:04:25 (running for 00:34:51.94)
Memory usage on this node: 62.5/251.6 GiB
Using FIFO scheduling algorithm.
Resources requested: 7.0/8 CPUs, 1.0/1 GPUs, 0.0/17.88 GiB heap, 0.0/8.94 GiB objects (0.0/1.0 accelerator_type:G)
Result logdir: /workspace/MARLlib/runs/rware_mappo_gru_small_20m_tensorboard/mappo_gru_rware-small-4ag-v2
Number of trials: 1/1 (1 RUNNING)
+------------------------------------------------------+----------+-------------------+--------+------------------+-------------+----------+----------------------+----------------------+--------------------+
| Trial name                                           | status   | loc               |   iter |   total time (s) |          ts |   reward |   episode_reward_max |   episode_reward_min |   episode_len_mean |
|------------------------------------------------------+----------+-------------------+--------+------------------+-------------+----------+----------------------+----------------------+--------------------|
| MAPPOTrainer_rware_v2_rware-small-4ag-v2_f1650_00000 | RUNNING  | 172.24.0.2:837006 |    716 |          2057.86 | 1.43143e+07 |     0.58 |                    3 |                    0 |                500 |
+------------------------------------------------------+----------+-------------------+--------+------------------+-------------+----------+----------------------+----------------------+--------------------+


== Status ==
Current time: 2026-05-22 21:04:30 (running for 00:34:57.19)
Memory usage on this node: 62.5/251.6 GiB
Using FIFO scheduling algorithm.
Resources requested: 7.0/8 CPUs, 1.0/1 GPUs, 0.0/17.88 GiB heap, 0.0/8.94 GiB objects (0.0/1.0 accelerator_type:G)
Result logdir: /workspace/MARLlib/runs/rware_mappo_gru_small_20m_tensorboard/mappo_gru_rware-small-4ag-v2
Number of trials: 1/1 (1 RUNNING)
+------------------------------------------------------+----------+-------------------+--------+------------------+-------------+----------+----------------------+----------------------+--------------------+
| Trial name                                           | status   | loc               |   iter |   total time (s) |          ts |   reward |   episode_reward_max |   episode_reward_min |   episode_len_mean |
|------------------------------------------------------+----------+-------------------+--------+------------------+-------------+----------+----------------------+----------------------+--------------------|
| MAPPOTrainer_rware_v2_rware-small-4ag-v2_f1650_00000 | RUNNING  | 172.24.0.2:837006 |    718 |          2063.06 | 1.43543e+07 |     0.55 |                    3 |                    0 |                500 |
+------------------------------------------------------+----------+-------------------+--------+------------------+-------------+----------+----------------------+----------------------+--------------------+


== Status ==
Current time: 2026-05-22 21:04:35 (running for 00:35:02.35)
Memory usage on this node: 62.5/251.6 GiB
Using FIFO scheduling algorithm.
Resources requested: 7.0/8 CPUs, 1.0/1 GPUs, 0.0/17.88 GiB heap, 0.0/8.94 GiB objects (0.0/1.0 accelerator_type:G)
Result logdir: /workspace/MARLlib/runs/rware_mappo_gru_small_20m_tensorboard/mappo_gru_rware-small-4ag-v2
Number of trials: 1/1 (1 RUNNING)
+------------------------------------------------------+----------+-------------------+--------+------------------+-------------+----------+----------------------+----------------------+--------------------+
| Trial name                                           | status   | loc               |   iter |   total time (s) |          ts |   reward |   episode_reward_max |   episode_reward_min |   episode_len_mean |
|------------------------------------------------------+----------+-------------------+--------+------------------+-------------+----------+----------------------+----------------------+--------------------|
| MAPPOTrainer_rware_v2_rware-small-4ag-v2_f1650_00000 | RUNNING  | 172.24.0.2:837006 |    720 |          2068.15 | 1.43942e+07 |     0.57 |                    3 |                    0 |                500 |
+------------------------------------------------------+----------+-------------------+--------+------------------+-------------+----------+----------------------+----------------------+--------------------+


== Status ==
Current time: 2026-05-22 21:04:41 (running for 00:35:07.60)
Memory usage on this node: 62.5/251.6 GiB
Using FIFO scheduling algorithm.
Resources requested: 7.0/8 CPUs, 1.0/1 GPUs, 0.0/17.88 GiB heap, 0.0/8.94 GiB objects (0.0/1.0 accelerator_type:G)
Result logdir: /workspace/MARLlib/runs/rware_mappo_gru_small_20m_tensorboard/mappo_gru_rware-small-4ag-v2
Number of trials: 1/1 (1 RUNNING)
+------------------------------------------------------+----------+-------------------+--------+------------------+-------------+----------+----------------------+----------------------+--------------------+
| Trial name                                           | status   | loc               |   iter |   total time (s) |          ts |   reward |   episode_reward_max |   episode_reward_min |   episode_len_mean |
|------------------------------------------------------+----------+-------------------+--------+------------------+-------------+----------+----------------------+----------------------+--------------------|
| MAPPOTrainer_rware_v2_rware-small-4ag-v2_f1650_00000 | RUNNING  | 172.24.0.2:837006 |    722 |          2073.35 | 1.44342e+07 |     0.48 |                    2 |                    0 |                500 |
+------------------------------------------------------+----------+-------------------+--------+------------------+-------------+----------+----------------------+----------------------+--------------------+


== Status ==
Current time: 2026-05-22 21:04:46 (running for 00:35:12.90)
Memory usage on this node: 62.6/251.6 GiB
Using FIFO scheduling algorithm.
Resources requested: 7.0/8 CPUs, 1.0/1 GPUs, 0.0/17.88 GiB heap, 0.0/8.94 GiB objects (0.0/1.0 accelerator_type:G)
Result logdir: /workspace/MARLlib/runs/rware_mappo_gru_small_20m_tensorboard/mappo_gru_rware-small-4ag-v2
Number of trials: 1/1 (1 RUNNING)
+------------------------------------------------------+----------+-------------------+--------+------------------+-------------+----------+----------------------+----------------------+--------------------+
| Trial name                                           | status   | loc               |   iter |   total time (s) |          ts |   reward |   episode_reward_max |   episode_reward_min |   episode_len_mean |
|------------------------------------------------------+----------+-------------------+--------+------------------+-------------+----------+----------------------+----------------------+--------------------|
| MAPPOTrainer_rware_v2_rware-small-4ag-v2_f1650_00000 | RUNNING  | 172.24.0.2:837006 |    724 |           2078.6 | 1.44742e+07 |     0.53 |                    2 |                    0 |                500 |
+------------------------------------------------------+----------+-------------------+--------+------------------+-------------+----------+----------------------+----------------------+--------------------+


== Status ==
Current time: 2026-05-22 21:04:51 (running for 00:35:17.97)
Memory usage on this node: 62.5/251.6 GiB
Using FIFO scheduling algorithm.
Resources requested: 7.0/8 CPUs, 1.0/1 GPUs, 0.0/17.88 GiB heap, 0.0/8.94 GiB objects (0.0/1.0 accelerator_type:G)
Result logdir: /workspace/MARLlib/runs/rware_mappo_gru_small_20m_tensorboard/mappo_gru_rware-small-4ag-v2
Number of trials: 1/1 (1 RUNNING)
+------------------------------------------------------+----------+-------------------+--------+------------------+-------------+----------+----------------------+----------------------+--------------------+
| Trial name                                           | status   | loc               |   iter |   total time (s) |          ts |   reward |   episode_reward_max |   episode_reward_min |   episode_len_mean |
|------------------------------------------------------+----------+-------------------+--------+------------------+-------------+----------+----------------------+----------------------+--------------------|
| MAPPOTrainer_rware_v2_rware-small-4ag-v2_f1650_00000 | RUNNING  | 172.24.0.2:837006 |    726 |           2083.6 | 1.45142e+07 |     0.55 |                    2 |                    0 |                500 |
+------------------------------------------------------+----------+-------------------+--------+------------------+-------------+----------+----------------------+----------------------+--------------------+


== Status ==
Current time: 2026-05-22 21:04:56 (running for 00:35:23.15)
Memory usage on this node: 62.5/251.6 GiB
Using FIFO scheduling algorithm.
Resources requested: 7.0/8 CPUs, 1.0/1 GPUs, 0.0/17.88 GiB heap, 0.0/8.94 GiB objects (0.0/1.0 accelerator_type:G)
Result logdir: /workspace/MARLlib/runs/rware_mappo_gru_small_20m_tensorboard/mappo_gru_rware-small-4ag-v2
Number of trials: 1/1 (1 RUNNING)
+------------------------------------------------------+----------+-------------------+--------+------------------+-------------+----------+----------------------+----------------------+--------------------+
| Trial name                                           | status   | loc               |   iter |   total time (s) |          ts |   reward |   episode_reward_max |   episode_reward_min |   episode_len_mean |
|------------------------------------------------------+----------+-------------------+--------+------------------+-------------+----------+----------------------+----------------------+--------------------|
| MAPPOTrainer_rware_v2_rware-small-4ag-v2_f1650_00000 | RUNNING  | 172.24.0.2:837006 |    728 |          2088.73 | 1.45542e+07 |     0.59 |                    2 |                    0 |                500 |
+------------------------------------------------------+----------+-------------------+--------+------------------+-------------+----------+----------------------+----------------------+--------------------+


== Status ==
Current time: 2026-05-22 21:05:01 (running for 00:35:28.34)
Memory usage on this node: 62.6/251.6 GiB
Using FIFO scheduling algorithm.
Resources requested: 7.0/8 CPUs, 1.0/1 GPUs, 0.0/17.88 GiB heap, 0.0/8.94 GiB objects (0.0/1.0 accelerator_type:G)
Result logdir: /workspace/MARLlib/runs/rware_mappo_gru_small_20m_tensorboard/mappo_gru_rware-small-4ag-v2
Number of trials: 1/1 (1 RUNNING)
+------------------------------------------------------+----------+-------------------+--------+------------------+-------------+----------+----------------------+----------------------+--------------------+
| Trial name                                           | status   | loc               |   iter |   total time (s) |          ts |   reward |   episode_reward_max |   episode_reward_min |   episode_len_mean |
|------------------------------------------------------+----------+-------------------+--------+------------------+-------------+----------+----------------------+----------------------+--------------------|
| MAPPOTrainer_rware_v2_rware-small-4ag-v2_f1650_00000 | RUNNING  | 172.24.0.2:837006 |    730 |          2093.88 | 1.45942e+07 |     0.64 |                    2 |                    0 |                500 |
+------------------------------------------------------+----------+-------------------+--------+------------------+-------------+----------+----------------------+----------------------+--------------------+


== Status ==
Current time: 2026-05-22 21:05:06 (running for 00:35:33.52)
Memory usage on this node: 62.5/251.6 GiB
Using FIFO scheduling algorithm.
Resources requested: 7.0/8 CPUs, 1.0/1 GPUs, 0.0/17.88 GiB heap, 0.0/8.94 GiB objects (0.0/1.0 accelerator_type:G)
Result logdir: /workspace/MARLlib/runs/rware_mappo_gru_small_20m_tensorboard/mappo_gru_rware-small-4ag-v2
Number of trials: 1/1 (1 RUNNING)
+------------------------------------------------------+----------+-------------------+--------+------------------+-------------+----------+----------------------+----------------------+--------------------+
| Trial name                                           | status   | loc               |   iter |   total time (s) |          ts |   reward |   episode_reward_max |   episode_reward_min |   episode_len_mean |
|------------------------------------------------------+----------+-------------------+--------+------------------+-------------+----------+----------------------+----------------------+--------------------|
| MAPPOTrainer_rware_v2_rware-small-4ag-v2_f1650_00000 | RUNNING  | 172.24.0.2:837006 |    732 |          2099.01 | 1.46341e+07 |     0.68 |                    3 |                    0 |                500 |
+------------------------------------------------------+----------+-------------------+--------+------------------+-------------+----------+----------------------+----------------------+--------------------+


== Status ==
Current time: 2026-05-22 21:05:12 (running for 00:35:38.62)
Memory usage on this node: 62.5/251.6 GiB
Using FIFO scheduling algorithm.
Resources requested: 7.0/8 CPUs, 1.0/1 GPUs, 0.0/17.88 GiB heap, 0.0/8.94 GiB objects (0.0/1.0 accelerator_type:G)
Result logdir: /workspace/MARLlib/runs/rware_mappo_gru_small_20m_tensorboard/mappo_gru_rware-small-4ag-v2
Number of trials: 1/1 (1 RUNNING)
+------------------------------------------------------+----------+-------------------+--------+------------------+-------------+----------+----------------------+----------------------+--------------------+
| Trial name                                           | status   | loc               |   iter |   total time (s) |          ts |   reward |   episode_reward_max |   episode_reward_min |   episode_len_mean |
|------------------------------------------------------+----------+-------------------+--------+------------------+-------------+----------+----------------------+----------------------+--------------------|
| MAPPOTrainer_rware_v2_rware-small-4ag-v2_f1650_00000 | RUNNING  | 172.24.0.2:837006 |    734 |          2104.05 | 1.46741e+07 |     0.64 |                    3 |                    0 |                500 |
+------------------------------------------------------+----------+-------------------+--------+------------------+-------------+----------+----------------------+----------------------+--------------------+


== Status ==
Current time: 2026-05-22 21:05:17 (running for 00:35:43.96)
Memory usage on this node: 62.5/251.6 GiB
Using FIFO scheduling algorithm.
Resources requested: 7.0/8 CPUs, 1.0/1 GPUs, 0.0/17.88 GiB heap, 0.0/8.94 GiB objects (0.0/1.0 accelerator_type:G)
Result logdir: /workspace/MARLlib/runs/rware_mappo_gru_small_20m_tensorboard/mappo_gru_rware-small-4ag-v2
Number of trials: 1/1 (1 RUNNING)
+------------------------------------------------------+----------+-------------------+--------+------------------+-------------+----------+----------------------+----------------------+--------------------+
| Trial name                                           | status   | loc               |   iter |   total time (s) |          ts |   reward |   episode_reward_max |   episode_reward_min |   episode_len_mean |
|------------------------------------------------------+----------+-------------------+--------+------------------+-------------+----------+----------------------+----------------------+--------------------|
| MAPPOTrainer_rware_v2_rware-small-4ag-v2_f1650_00000 | RUNNING  | 172.24.0.2:837006 |    736 |          2109.33 | 1.47141e+07 |     0.61 |                    3 |                    0 |                500 |
+------------------------------------------------------+----------+-------------------+--------+------------------+-------------+----------+----------------------+----------------------+--------------------+


== Status ==
Current time: 2026-05-22 21:05:22 (running for 00:35:49.31)
Memory usage on this node: 62.5/251.6 GiB
Using FIFO scheduling algorithm.
Resources requested: 7.0/8 CPUs, 1.0/1 GPUs, 0.0/17.88 GiB heap, 0.0/8.94 GiB objects (0.0/1.0 accelerator_type:G)
Result logdir: /workspace/MARLlib/runs/rware_mappo_gru_small_20m_tensorboard/mappo_gru_rware-small-4ag-v2
Number of trials: 1/1 (1 RUNNING)
+------------------------------------------------------+----------+-------------------+--------+------------------+-------------+----------+----------------------+----------------------+--------------------+
| Trial name                                           | status   | loc               |   iter |   total time (s) |          ts |   reward |   episode_reward_max |   episode_reward_min |   episode_len_mean |
|------------------------------------------------------+----------+-------------------+--------+------------------+-------------+----------+----------------------+----------------------+--------------------|
| MAPPOTrainer_rware_v2_rware-small-4ag-v2_f1650_00000 | RUNNING  | 172.24.0.2:837006 |    738 |          2114.62 | 1.47541e+07 |      0.6 |                    3 |                    0 |                500 |
+------------------------------------------------------+----------+-------------------+--------+------------------+-------------+----------+----------------------+----------------------+--------------------+


== Status ==
Current time: 2026-05-22 21:05:28 (running for 00:35:54.77)
Memory usage on this node: 62.6/251.6 GiB
Using FIFO scheduling algorithm.
Resources requested: 7.0/8 CPUs, 1.0/1 GPUs, 0.0/17.88 GiB heap, 0.0/8.94 GiB objects (0.0/1.0 accelerator_type:G)
Result logdir: /workspace/MARLlib/runs/rware_mappo_gru_small_20m_tensorboard/mappo_gru_rware-small-4ag-v2
Number of trials: 1/1 (1 RUNNING)
+------------------------------------------------------+----------+-------------------+--------+------------------+-------------+----------+----------------------+----------------------+--------------------+
| Trial name                                           | status   | loc               |   iter |   total time (s) |          ts |   reward |   episode_reward_max |   episode_reward_min |   episode_len_mean |
|------------------------------------------------------+----------+-------------------+--------+------------------+-------------+----------+----------------------+----------------------+--------------------|
| MAPPOTrainer_rware_v2_rware-small-4ag-v2_f1650_00000 | RUNNING  | 172.24.0.2:837006 |    740 |          2120.02 | 1.47941e+07 |     0.56 |                    3 |                    0 |                500 |
+------------------------------------------------------+----------+-------------------+--------+------------------+-------------+----------+----------------------+----------------------+--------------------+


== Status ==
Current time: 2026-05-22 21:05:33 (running for 00:35:59.95)
Memory usage on this node: 62.6/251.6 GiB
Using FIFO scheduling algorithm.
Resources requested: 7.0/8 CPUs, 1.0/1 GPUs, 0.0/17.88 GiB heap, 0.0/8.94 GiB objects (0.0/1.0 accelerator_type:G)
Result logdir: /workspace/MARLlib/runs/rware_mappo_gru_small_20m_tensorboard/mappo_gru_rware-small-4ag-v2
Number of trials: 1/1 (1 RUNNING)
+------------------------------------------------------+----------+-------------------+--------+------------------+-------------+----------+----------------------+----------------------+--------------------+
| Trial name                                           | status   | loc               |   iter |   total time (s) |          ts |   reward |   episode_reward_max |   episode_reward_min |   episode_len_mean |
|------------------------------------------------------+----------+-------------------+--------+------------------+-------------+----------+----------------------+----------------------+--------------------|
| MAPPOTrainer_rware_v2_rware-small-4ag-v2_f1650_00000 | RUNNING  | 172.24.0.2:837006 |    742 |          2125.15 | 1.48341e+07 |     0.55 |                    2 |                    0 |                500 |
+------------------------------------------------------+----------+-------------------+--------+------------------+-------------+----------+----------------------+----------------------+--------------------+


== Status ==
Current time: 2026-05-22 21:05:38 (running for 00:36:05.18)
Memory usage on this node: 62.5/251.6 GiB
Using FIFO scheduling algorithm.
Resources requested: 7.0/8 CPUs, 1.0/1 GPUs, 0.0/17.88 GiB heap, 0.0/8.94 GiB objects (0.0/1.0 accelerator_type:G)
Result logdir: /workspace/MARLlib/runs/rware_mappo_gru_small_20m_tensorboard/mappo_gru_rware-small-4ag-v2
Number of trials: 1/1 (1 RUNNING)
+------------------------------------------------------+----------+-------------------+--------+------------------+------------+----------+----------------------+----------------------+--------------------+
| Trial name                                           | status   | loc               |   iter |   total time (s) |         ts |   reward |   episode_reward_max |   episode_reward_min |   episode_len_mean |
|------------------------------------------------------+----------+-------------------+--------+------------------+------------+----------+----------------------+----------------------+--------------------|
| MAPPOTrainer_rware_v2_rware-small-4ag-v2_f1650_00000 | RUNNING  | 172.24.0.2:837006 |    744 |          2130.32 | 1.4874e+07 |     0.59 |                    2 |                    0 |                500 |
+------------------------------------------------------+----------+-------------------+--------+------------------+------------+----------+----------------------+----------------------+--------------------+


== Status ==
Current time: 2026-05-22 21:05:43 (running for 00:36:10.45)
Memory usage on this node: 62.5/251.6 GiB
Using FIFO scheduling algorithm.
Resources requested: 7.0/8 CPUs, 1.0/1 GPUs, 0.0/17.88 GiB heap, 0.0/8.94 GiB objects (0.0/1.0 accelerator_type:G)
Result logdir: /workspace/MARLlib/runs/rware_mappo_gru_small_20m_tensorboard/mappo_gru_rware-small-4ag-v2
Number of trials: 1/1 (1 RUNNING)
+------------------------------------------------------+----------+-------------------+--------+------------------+------------+----------+----------------------+----------------------+--------------------+
| Trial name                                           | status   | loc               |   iter |   total time (s) |         ts |   reward |   episode_reward_max |   episode_reward_min |   episode_len_mean |
|------------------------------------------------------+----------+-------------------+--------+------------------+------------+----------+----------------------+----------------------+--------------------|
| MAPPOTrainer_rware_v2_rware-small-4ag-v2_f1650_00000 | RUNNING  | 172.24.0.2:837006 |    746 |          2135.54 | 1.4914e+07 |     0.59 |                    2 |                    0 |                500 |
+------------------------------------------------------+----------+-------------------+--------+------------------+------------+----------+----------------------+----------------------+--------------------+


== Status ==
Current time: 2026-05-22 21:05:49 (running for 00:36:15.65)
Memory usage on this node: 62.6/251.6 GiB
Using FIFO scheduling algorithm.
Resources requested: 7.0/8 CPUs, 1.0/1 GPUs, 0.0/17.88 GiB heap, 0.0/8.94 GiB objects (0.0/1.0 accelerator_type:G)
Result logdir: /workspace/MARLlib/runs/rware_mappo_gru_small_20m_tensorboard/mappo_gru_rware-small-4ag-v2
Number of trials: 1/1 (1 RUNNING)
+------------------------------------------------------+----------+-------------------+--------+------------------+------------+----------+----------------------+----------------------+--------------------+
| Trial name                                           | status   | loc               |   iter |   total time (s) |         ts |   reward |   episode_reward_max |   episode_reward_min |   episode_len_mean |
|------------------------------------------------------+----------+-------------------+--------+------------------+------------+----------+----------------------+----------------------+--------------------|
| MAPPOTrainer_rware_v2_rware-small-4ag-v2_f1650_00000 | RUNNING  | 172.24.0.2:837006 |    748 |          2140.69 | 1.4954e+07 |     0.64 |                    2 |                    0 |                500 |
+------------------------------------------------------+----------+-------------------+--------+------------------+------------+----------+----------------------+----------------------+--------------------+


== Status ==
Current time: 2026-05-22 21:05:54 (running for 00:36:21.19)
Memory usage on this node: 62.6/251.6 GiB
Using FIFO scheduling algorithm.
Resources requested: 7.0/8 CPUs, 1.0/1 GPUs, 0.0/17.88 GiB heap, 0.0/8.94 GiB objects (0.0/1.0 accelerator_type:G)
Result logdir: /workspace/MARLlib/runs/rware_mappo_gru_small_20m_tensorboard/mappo_gru_rware-small-4ag-v2
Number of trials: 1/1 (1 RUNNING)
+------------------------------------------------------+----------+-------------------+--------+------------------+------------+----------+----------------------+----------------------+--------------------+
| Trial name                                           | status   | loc               |   iter |   total time (s) |         ts |   reward |   episode_reward_max |   episode_reward_min |   episode_len_mean |
|------------------------------------------------------+----------+-------------------+--------+------------------+------------+----------+----------------------+----------------------+--------------------|
| MAPPOTrainer_rware_v2_rware-small-4ag-v2_f1650_00000 | RUNNING  | 172.24.0.2:837006 |    749 |          2143.21 | 1.4974e+07 |     0.67 |                    2 |                    0 |                500 |
+------------------------------------------------------+----------+-------------------+--------+------------------+------------+----------+----------------------+----------------------+--------------------+


== Status ==
Current time: 2026-05-22 21:05:59 (running for 00:36:26.20)
Memory usage on this node: 62.5/251.6 GiB
Using FIFO scheduling algorithm.
Resources requested: 7.0/8 CPUs, 1.0/1 GPUs, 0.0/17.88 GiB heap, 0.0/8.94 GiB objects (0.0/1.0 accelerator_type:G)
Result logdir: /workspace/MARLlib/runs/rware_mappo_gru_small_20m_tensorboard/mappo_gru_rware-small-4ag-v2
Number of trials: 1/1 (1 RUNNING)
+------------------------------------------------------+----------+-------------------+--------+------------------+------------+----------+----------------------+----------------------+--------------------+
| Trial name                                           | status   | loc               |   iter |   total time (s) |         ts |   reward |   episode_reward_max |   episode_reward_min |   episode_len_mean |
|------------------------------------------------------+----------+-------------------+--------+------------------+------------+----------+----------------------+----------------------+--------------------|
| MAPPOTrainer_rware_v2_rware-small-4ag-v2_f1650_00000 | RUNNING  | 172.24.0.2:837006 |    749 |          2143.21 | 1.4974e+07 |     0.67 |                    2 |                    0 |                500 |
+------------------------------------------------------+----------+-------------------+--------+------------------+------------+----------+----------------------+----------------------+--------------------+


== Status ==
Current time: 2026-05-22 21:06:04 (running for 00:36:31.20)
Memory usage on this node: 62.5/251.6 GiB
Using FIFO scheduling algorithm.
Resources requested: 7.0/8 CPUs, 1.0/1 GPUs, 0.0/17.88 GiB heap, 0.0/8.94 GiB objects (0.0/1.0 accelerator_type:G)
Result logdir: /workspace/MARLlib/runs/rware_mappo_gru_small_20m_tensorboard/mappo_gru_rware-small-4ag-v2
Number of trials: 1/1 (1 RUNNING)
+------------------------------------------------------+----------+-------------------+--------+------------------+------------+----------+----------------------+----------------------+--------------------+
| Trial name                                           | status   | loc               |   iter |   total time (s) |         ts |   reward |   episode_reward_max |   episode_reward_min |   episode_len_mean |
|------------------------------------------------------+----------+-------------------+--------+------------------+------------+----------+----------------------+----------------------+--------------------|
| MAPPOTrainer_rware_v2_rware-small-4ag-v2_f1650_00000 | RUNNING  | 172.24.0.2:837006 |    749 |          2143.21 | 1.4974e+07 |     0.67 |                    2 |                    0 |                500 |
+------------------------------------------------------+----------+-------------------+--------+------------------+------------+----------+----------------------+----------------------+--------------------+


== Status ==
Current time: 2026-05-22 21:06:09 (running for 00:36:36.46)
Memory usage on this node: 62.6/251.6 GiB
Using FIFO scheduling algorithm.
Resources requested: 7.0/8 CPUs, 1.0/1 GPUs, 0.0/17.88 GiB heap, 0.0/8.94 GiB objects (0.0/1.0 accelerator_type:G)
Result logdir: /workspace/MARLlib/runs/rware_mappo_gru_small_20m_tensorboard/mappo_gru_rware-small-4ag-v2
Number of trials: 1/1 (1 RUNNING)
+------------------------------------------------------+----------+-------------------+--------+------------------+------------+----------+----------------------+----------------------+--------------------+
| Trial name                                           | status   | loc               |   iter |   total time (s) |         ts |   reward |   episode_reward_max |   episode_reward_min |   episode_len_mean |
|------------------------------------------------------+----------+-------------------+--------+------------------+------------+----------+----------------------+----------------------+--------------------|
| MAPPOTrainer_rware_v2_rware-small-4ag-v2_f1650_00000 | RUNNING  | 172.24.0.2:837006 |    751 |          2161.42 | 1.5014e+07 |     0.76 |                    3 |                    0 |                500 |
+------------------------------------------------------+----------+-------------------+--------+------------------+------------+----------+----------------------+----------------------+--------------------+


== Status ==
Current time: 2026-05-22 21:06:15 (running for 00:36:41.67)
Memory usage on this node: 62.6/251.6 GiB
Using FIFO scheduling algorithm.
Resources requested: 7.0/8 CPUs, 1.0/1 GPUs, 0.0/17.88 GiB heap, 0.0/8.94 GiB objects (0.0/1.0 accelerator_type:G)
Result logdir: /workspace/MARLlib/runs/rware_mappo_gru_small_20m_tensorboard/mappo_gru_rware-small-4ag-v2
Number of trials: 1/1 (1 RUNNING)
+------------------------------------------------------+----------+-------------------+--------+------------------+------------+----------+----------------------+----------------------+--------------------+
| Trial name                                           | status   | loc               |   iter |   total time (s) |         ts |   reward |   episode_reward_max |   episode_reward_min |   episode_len_mean |
|------------------------------------------------------+----------+-------------------+--------+------------------+------------+----------+----------------------+----------------------+--------------------|
| MAPPOTrainer_rware_v2_rware-small-4ag-v2_f1650_00000 | RUNNING  | 172.24.0.2:837006 |    753 |          2166.57 | 1.5054e+07 |     0.83 |                    3 |                    0 |                500 |
+------------------------------------------------------+----------+-------------------+--------+------------------+------------+----------+----------------------+----------------------+--------------------+


== Status ==
Current time: 2026-05-22 21:06:20 (running for 00:36:46.85)
Memory usage on this node: 62.6/251.6 GiB
Using FIFO scheduling algorithm.
Resources requested: 7.0/8 CPUs, 1.0/1 GPUs, 0.0/17.88 GiB heap, 0.0/8.94 GiB objects (0.0/1.0 accelerator_type:G)
Result logdir: /workspace/MARLlib/runs/rware_mappo_gru_small_20m_tensorboard/mappo_gru_rware-small-4ag-v2
Number of trials: 1/1 (1 RUNNING)
+------------------------------------------------------+----------+-------------------+--------+------------------+------------+----------+----------------------+----------------------+--------------------+
| Trial name                                           | status   | loc               |   iter |   total time (s) |         ts |   reward |   episode_reward_max |   episode_reward_min |   episode_len_mean |
|------------------------------------------------------+----------+-------------------+--------+------------------+------------+----------+----------------------+----------------------+--------------------|
| MAPPOTrainer_rware_v2_rware-small-4ag-v2_f1650_00000 | RUNNING  | 172.24.0.2:837006 |    755 |          2171.68 | 1.5094e+07 |      0.9 |                    3 |                    0 |                500 |
+------------------------------------------------------+----------+-------------------+--------+------------------+------------+----------+----------------------+----------------------+--------------------+


== Status ==
Current time: 2026-05-22 21:06:25 (running for 00:36:52.25)
Memory usage on this node: 62.6/251.6 GiB
Using FIFO scheduling algorithm.
Resources requested: 7.0/8 CPUs, 1.0/1 GPUs, 0.0/17.88 GiB heap, 0.0/8.94 GiB objects (0.0/1.0 accelerator_type:G)
Result logdir: /workspace/MARLlib/runs/rware_mappo_gru_small_20m_tensorboard/mappo_gru_rware-small-4ag-v2
Number of trials: 1/1 (1 RUNNING)
+------------------------------------------------------+----------+-------------------+--------+------------------+-------------+----------+----------------------+----------------------+--------------------+
| Trial name                                           | status   | loc               |   iter |   total time (s) |          ts |   reward |   episode_reward_max |   episode_reward_min |   episode_len_mean |
|------------------------------------------------------+----------+-------------------+--------+------------------+-------------+----------+----------------------+----------------------+--------------------|
| MAPPOTrainer_rware_v2_rware-small-4ag-v2_f1650_00000 | RUNNING  | 172.24.0.2:837006 |    757 |          2177.04 | 1.51339e+07 |     0.99 |                    3 |                    0 |                500 |
+------------------------------------------------------+----------+-------------------+--------+------------------+-------------+----------+----------------------+----------------------+--------------------+


== Status ==
Current time: 2026-05-22 21:06:31 (running for 00:36:57.57)
Memory usage on this node: 62.6/251.6 GiB
Using FIFO scheduling algorithm.
Resources requested: 7.0/8 CPUs, 1.0/1 GPUs, 0.0/17.88 GiB heap, 0.0/8.94 GiB objects (0.0/1.0 accelerator_type:G)
Result logdir: /workspace/MARLlib/runs/rware_mappo_gru_small_20m_tensorboard/mappo_gru_rware-small-4ag-v2
Number of trials: 1/1 (1 RUNNING)
+------------------------------------------------------+----------+-------------------+--------+------------------+-------------+----------+----------------------+----------------------+--------------------+
| Trial name                                           | status   | loc               |   iter |   total time (s) |          ts |   reward |   episode_reward_max |   episode_reward_min |   episode_len_mean |
|------------------------------------------------------+----------+-------------------+--------+------------------+-------------+----------+----------------------+----------------------+--------------------|
| MAPPOTrainer_rware_v2_rware-small-4ag-v2_f1650_00000 | RUNNING  | 172.24.0.2:837006 |    759 |          2182.31 | 1.51739e+07 |     1.01 |                    3 |                    0 |                500 |
+------------------------------------------------------+----------+-------------------+--------+------------------+-------------+----------+----------------------+----------------------+--------------------+


== Status ==
Current time: 2026-05-22 21:06:36 (running for 00:37:02.79)
Memory usage on this node: 62.5/251.6 GiB
Using FIFO scheduling algorithm.
Resources requested: 7.0/8 CPUs, 1.0/1 GPUs, 0.0/17.88 GiB heap, 0.0/8.94 GiB objects (0.0/1.0 accelerator_type:G)
Result logdir: /workspace/MARLlib/runs/rware_mappo_gru_small_20m_tensorboard/mappo_gru_rware-small-4ag-v2
Number of trials: 1/1 (1 RUNNING)
+------------------------------------------------------+----------+-------------------+--------+------------------+-------------+----------+----------------------+----------------------+--------------------+
| Trial name                                           | status   | loc               |   iter |   total time (s) |          ts |   reward |   episode_reward_max |   episode_reward_min |   episode_len_mean |
|------------------------------------------------------+----------+-------------------+--------+------------------+-------------+----------+----------------------+----------------------+--------------------|
| MAPPOTrainer_rware_v2_rware-small-4ag-v2_f1650_00000 | RUNNING  | 172.24.0.2:837006 |    761 |          2187.47 | 1.52139e+07 |     1.04 |                    3 |                    0 |                500 |
+------------------------------------------------------+----------+-------------------+--------+------------------+-------------+----------+----------------------+----------------------+--------------------+


== Status ==
Current time: 2026-05-22 21:06:41 (running for 00:37:08.12)
Memory usage on this node: 62.8/251.6 GiB
Using FIFO scheduling algorithm.
Resources requested: 7.0/8 CPUs, 1.0/1 GPUs, 0.0/17.88 GiB heap, 0.0/8.94 GiB objects (0.0/1.0 accelerator_type:G)
Result logdir: /workspace/MARLlib/runs/rware_mappo_gru_small_20m_tensorboard/mappo_gru_rware-small-4ag-v2
Number of trials: 1/1 (1 RUNNING)
+------------------------------------------------------+----------+-------------------+--------+------------------+-------------+----------+----------------------+----------------------+--------------------+
| Trial name                                           | status   | loc               |   iter |   total time (s) |          ts |   reward |   episode_reward_max |   episode_reward_min |   episode_len_mean |
|------------------------------------------------------+----------+-------------------+--------+------------------+-------------+----------+----------------------+----------------------+--------------------|
| MAPPOTrainer_rware_v2_rware-small-4ag-v2_f1650_00000 | RUNNING  | 172.24.0.2:837006 |    763 |          2192.75 | 1.52539e+07 |     0.97 |                    3 |                    0 |                500 |
+------------------------------------------------------+----------+-------------------+--------+------------------+-------------+----------+----------------------+----------------------+--------------------+


== Status ==
Current time: 2026-05-22 21:06:46 (running for 00:37:13.48)
Memory usage on this node: 62.6/251.6 GiB
Using FIFO scheduling algorithm.
Resources requested: 7.0/8 CPUs, 1.0/1 GPUs, 0.0/17.88 GiB heap, 0.0/8.94 GiB objects (0.0/1.0 accelerator_type:G)
Result logdir: /workspace/MARLlib/runs/rware_mappo_gru_small_20m_tensorboard/mappo_gru_rware-small-4ag-v2
Number of trials: 1/1 (1 RUNNING)
+------------------------------------------------------+----------+-------------------+--------+------------------+-------------+----------+----------------------+----------------------+--------------------+
| Trial name                                           | status   | loc               |   iter |   total time (s) |          ts |   reward |   episode_reward_max |   episode_reward_min |   episode_len_mean |
|------------------------------------------------------+----------+-------------------+--------+------------------+-------------+----------+----------------------+----------------------+--------------------|
| MAPPOTrainer_rware_v2_rware-small-4ag-v2_f1650_00000 | RUNNING  | 172.24.0.2:837006 |    765 |          2198.08 | 1.52939e+07 |     0.92 |                    3 |                    0 |                500 |
+------------------------------------------------------+----------+-------------------+--------+------------------+-------------+----------+----------------------+----------------------+--------------------+


== Status ==
Current time: 2026-05-22 21:06:51 (running for 00:37:18.52)
Memory usage on this node: 62.5/251.6 GiB
Using FIFO scheduling algorithm.
Resources requested: 7.0/8 CPUs, 1.0/1 GPUs, 0.0/17.88 GiB heap, 0.0/8.94 GiB objects (0.0/1.0 accelerator_type:G)
Result logdir: /workspace/MARLlib/runs/rware_mappo_gru_small_20m_tensorboard/mappo_gru_rware-small-4ag-v2
Number of trials: 1/1 (1 RUNNING)
+------------------------------------------------------+----------+-------------------+--------+------------------+-------------+----------+----------------------+----------------------+--------------------+
| Trial name                                           | status   | loc               |   iter |   total time (s) |          ts |   reward |   episode_reward_max |   episode_reward_min |   episode_len_mean |
|------------------------------------------------------+----------+-------------------+--------+------------------+-------------+----------+----------------------+----------------------+--------------------|
| MAPPOTrainer_rware_v2_rware-small-4ag-v2_f1650_00000 | RUNNING  | 172.24.0.2:837006 |    767 |          2203.05 | 1.53339e+07 |     0.91 |                    3 |                    0 |                500 |
+------------------------------------------------------+----------+-------------------+--------+------------------+-------------+----------+----------------------+----------------------+--------------------+


== Status ==
Current time: 2026-05-22 21:06:57 (running for 00:37:23.80)
Memory usage on this node: 62.6/251.6 GiB
Using FIFO scheduling algorithm.
Resources requested: 7.0/8 CPUs, 1.0/1 GPUs, 0.0/17.88 GiB heap, 0.0/8.94 GiB objects (0.0/1.0 accelerator_type:G)
Result logdir: /workspace/MARLlib/runs/rware_mappo_gru_small_20m_tensorboard/mappo_gru_rware-small-4ag-v2
Number of trials: 1/1 (1 RUNNING)
+------------------------------------------------------+----------+-------------------+--------+------------------+-------------+----------+----------------------+----------------------+--------------------+
| Trial name                                           | status   | loc               |   iter |   total time (s) |          ts |   reward |   episode_reward_max |   episode_reward_min |   episode_len_mean |
|------------------------------------------------------+----------+-------------------+--------+------------------+-------------+----------+----------------------+----------------------+--------------------|
| MAPPOTrainer_rware_v2_rware-small-4ag-v2_f1650_00000 | RUNNING  | 172.24.0.2:837006 |    769 |          2208.29 | 1.53738e+07 |     0.92 |                    3 |                    0 |                500 |
+------------------------------------------------------+----------+-------------------+--------+------------------+-------------+----------+----------------------+----------------------+--------------------+


== Status ==
Current time: 2026-05-22 21:07:02 (running for 00:37:29.07)
Memory usage on this node: 62.5/251.6 GiB
Using FIFO scheduling algorithm.
Resources requested: 7.0/8 CPUs, 1.0/1 GPUs, 0.0/17.88 GiB heap, 0.0/8.94 GiB objects (0.0/1.0 accelerator_type:G)
Result logdir: /workspace/MARLlib/runs/rware_mappo_gru_small_20m_tensorboard/mappo_gru_rware-small-4ag-v2
Number of trials: 1/1 (1 RUNNING)
+------------------------------------------------------+----------+-------------------+--------+------------------+-------------+----------+----------------------+----------------------+--------------------+
| Trial name                                           | status   | loc               |   iter |   total time (s) |          ts |   reward |   episode_reward_max |   episode_reward_min |   episode_len_mean |
|------------------------------------------------------+----------+-------------------+--------+------------------+-------------+----------+----------------------+----------------------+--------------------|
| MAPPOTrainer_rware_v2_rware-small-4ag-v2_f1650_00000 | RUNNING  | 172.24.0.2:837006 |    771 |          2213.49 | 1.54138e+07 |     0.94 |                    4 |                    0 |                500 |
+------------------------------------------------------+----------+-------------------+--------+------------------+-------------+----------+----------------------+----------------------+--------------------+


== Status ==
Current time: 2026-05-22 21:07:07 (running for 00:37:34.19)
Memory usage on this node: 62.5/251.6 GiB
Using FIFO scheduling algorithm.
Resources requested: 7.0/8 CPUs, 1.0/1 GPUs, 0.0/17.88 GiB heap, 0.0/8.94 GiB objects (0.0/1.0 accelerator_type:G)
Result logdir: /workspace/MARLlib/runs/rware_mappo_gru_small_20m_tensorboard/mappo_gru_rware-small-4ag-v2
Number of trials: 1/1 (1 RUNNING)
+------------------------------------------------------+----------+-------------------+--------+------------------+-------------+----------+----------------------+----------------------+--------------------+
| Trial name                                           | status   | loc               |   iter |   total time (s) |          ts |   reward |   episode_reward_max |   episode_reward_min |   episode_len_mean |
|------------------------------------------------------+----------+-------------------+--------+------------------+-------------+----------+----------------------+----------------------+--------------------|
| MAPPOTrainer_rware_v2_rware-small-4ag-v2_f1650_00000 | RUNNING  | 172.24.0.2:837006 |    773 |          2218.56 | 1.54538e+07 |     0.95 |                    4 |                    0 |                500 |
+------------------------------------------------------+----------+-------------------+--------+------------------+-------------+----------+----------------------+----------------------+--------------------+


== Status ==
Current time: 2026-05-22 21:07:12 (running for 00:37:39.44)
Memory usage on this node: 62.5/251.6 GiB
Using FIFO scheduling algorithm.
Resources requested: 7.0/8 CPUs, 1.0/1 GPUs, 0.0/17.88 GiB heap, 0.0/8.94 GiB objects (0.0/1.0 accelerator_type:G)
Result logdir: /workspace/MARLlib/runs/rware_mappo_gru_small_20m_tensorboard/mappo_gru_rware-small-4ag-v2
Number of trials: 1/1 (1 RUNNING)
+------------------------------------------------------+----------+-------------------+--------+------------------+-------------+----------+----------------------+----------------------+--------------------+
| Trial name                                           | status   | loc               |   iter |   total time (s) |          ts |   reward |   episode_reward_max |   episode_reward_min |   episode_len_mean |
|------------------------------------------------------+----------+-------------------+--------+------------------+-------------+----------+----------------------+----------------------+--------------------|
| MAPPOTrainer_rware_v2_rware-small-4ag-v2_f1650_00000 | RUNNING  | 172.24.0.2:837006 |    775 |          2223.76 | 1.54938e+07 |     0.88 |                    4 |                    0 |                500 |
+------------------------------------------------------+----------+-------------------+--------+------------------+-------------+----------+----------------------+----------------------+--------------------+


== Status ==
Current time: 2026-05-22 21:07:18 (running for 00:37:44.72)
Memory usage on this node: 62.5/251.6 GiB
Using FIFO scheduling algorithm.
Resources requested: 7.0/8 CPUs, 1.0/1 GPUs, 0.0/17.88 GiB heap, 0.0/8.94 GiB objects (0.0/1.0 accelerator_type:G)
Result logdir: /workspace/MARLlib/runs/rware_mappo_gru_small_20m_tensorboard/mappo_gru_rware-small-4ag-v2
Number of trials: 1/1 (1 RUNNING)
+------------------------------------------------------+----------+-------------------+--------+------------------+-------------+----------+----------------------+----------------------+--------------------+
| Trial name                                           | status   | loc               |   iter |   total time (s) |          ts |   reward |   episode_reward_max |   episode_reward_min |   episode_len_mean |
|------------------------------------------------------+----------+-------------------+--------+------------------+-------------+----------+----------------------+----------------------+--------------------|
| MAPPOTrainer_rware_v2_rware-small-4ag-v2_f1650_00000 | RUNNING  | 172.24.0.2:837006 |    777 |             2229 | 1.55338e+07 |     0.91 |                    4 |                    0 |                500 |
+------------------------------------------------------+----------+-------------------+--------+------------------+-------------+----------+----------------------+----------------------+--------------------+


== Status ==
Current time: 2026-05-22 21:07:23 (running for 00:37:50.15)
Memory usage on this node: 62.5/251.6 GiB
Using FIFO scheduling algorithm.
Resources requested: 7.0/8 CPUs, 1.0/1 GPUs, 0.0/17.88 GiB heap, 0.0/8.94 GiB objects (0.0/1.0 accelerator_type:G)
Result logdir: /workspace/MARLlib/runs/rware_mappo_gru_small_20m_tensorboard/mappo_gru_rware-small-4ag-v2
Number of trials: 1/1 (1 RUNNING)
+------------------------------------------------------+----------+-------------------+--------+------------------+-------------+----------+----------------------+----------------------+--------------------+
| Trial name                                           | status   | loc               |   iter |   total time (s) |          ts |   reward |   episode_reward_max |   episode_reward_min |   episode_len_mean |
|------------------------------------------------------+----------+-------------------+--------+------------------+-------------+----------+----------------------+----------------------+--------------------|
| MAPPOTrainer_rware_v2_rware-small-4ag-v2_f1650_00000 | RUNNING  | 172.24.0.2:837006 |    779 |          2234.36 | 1.55738e+07 |      0.9 |                    4 |                    0 |                500 |
+------------------------------------------------------+----------+-------------------+--------+------------------+-------------+----------+----------------------+----------------------+--------------------+


== Status ==
Current time: 2026-05-22 21:07:28 (running for 00:37:55.29)
Memory usage on this node: 62.5/251.6 GiB
Using FIFO scheduling algorithm.
Resources requested: 7.0/8 CPUs, 1.0/1 GPUs, 0.0/17.88 GiB heap, 0.0/8.94 GiB objects (0.0/1.0 accelerator_type:G)
Result logdir: /workspace/MARLlib/runs/rware_mappo_gru_small_20m_tensorboard/mappo_gru_rware-small-4ag-v2
Number of trials: 1/1 (1 RUNNING)
+------------------------------------------------------+----------+-------------------+--------+------------------+-------------+----------+----------------------+----------------------+--------------------+
| Trial name                                           | status   | loc               |   iter |   total time (s) |          ts |   reward |   episode_reward_max |   episode_reward_min |   episode_len_mean |
|------------------------------------------------------+----------+-------------------+--------+------------------+-------------+----------+----------------------+----------------------+--------------------|
| MAPPOTrainer_rware_v2_rware-small-4ag-v2_f1650_00000 | RUNNING  | 172.24.0.2:837006 |    781 |          2239.45 | 1.56138e+07 |     0.84 |                    4 |                    0 |                500 |
+------------------------------------------------------+----------+-------------------+--------+------------------+-------------+----------+----------------------+----------------------+--------------------+


== Status ==
Current time: 2026-05-22 21:07:33 (running for 00:38:00.47)
Memory usage on this node: 62.5/251.6 GiB
Using FIFO scheduling algorithm.
Resources requested: 7.0/8 CPUs, 1.0/1 GPUs, 0.0/17.88 GiB heap, 0.0/8.94 GiB objects (0.0/1.0 accelerator_type:G)
Result logdir: /workspace/MARLlib/runs/rware_mappo_gru_small_20m_tensorboard/mappo_gru_rware-small-4ag-v2
Number of trials: 1/1 (1 RUNNING)
+------------------------------------------------------+----------+-------------------+--------+------------------+-------------+----------+----------------------+----------------------+--------------------+
| Trial name                                           | status   | loc               |   iter |   total time (s) |          ts |   reward |   episode_reward_max |   episode_reward_min |   episode_len_mean |
|------------------------------------------------------+----------+-------------------+--------+------------------+-------------+----------+----------------------+----------------------+--------------------|
| MAPPOTrainer_rware_v2_rware-small-4ag-v2_f1650_00000 | RUNNING  | 172.24.0.2:837006 |    783 |          2244.57 | 1.56537e+07 |     0.86 |                    4 |                    0 |                500 |
+------------------------------------------------------+----------+-------------------+--------+------------------+-------------+----------+----------------------+----------------------+--------------------+


== Status ==
Current time: 2026-05-22 21:07:39 (running for 00:38:05.60)
Memory usage on this node: 62.5/251.6 GiB
Using FIFO scheduling algorithm.
Resources requested: 7.0/8 CPUs, 1.0/1 GPUs, 0.0/17.88 GiB heap, 0.0/8.94 GiB objects (0.0/1.0 accelerator_type:G)
Result logdir: /workspace/MARLlib/runs/rware_mappo_gru_small_20m_tensorboard/mappo_gru_rware-small-4ag-v2
Number of trials: 1/1 (1 RUNNING)
+------------------------------------------------------+----------+-------------------+--------+------------------+-------------+----------+----------------------+----------------------+--------------------+
| Trial name                                           | status   | loc               |   iter |   total time (s) |          ts |   reward |   episode_reward_max |   episode_reward_min |   episode_len_mean |
|------------------------------------------------------+----------+-------------------+--------+------------------+-------------+----------+----------------------+----------------------+--------------------|
| MAPPOTrainer_rware_v2_rware-small-4ag-v2_f1650_00000 | RUNNING  | 172.24.0.2:837006 |    785 |          2249.63 | 1.56937e+07 |     0.95 |                    4 |                    0 |                500 |
+------------------------------------------------------+----------+-------------------+--------+------------------+-------------+----------+----------------------+----------------------+--------------------+


== Status ==
Current time: 2026-05-22 21:07:44 (running for 00:38:10.83)
Memory usage on this node: 62.5/251.6 GiB
Using FIFO scheduling algorithm.
Resources requested: 7.0/8 CPUs, 1.0/1 GPUs, 0.0/17.88 GiB heap, 0.0/8.94 GiB objects (0.0/1.0 accelerator_type:G)
Result logdir: /workspace/MARLlib/runs/rware_mappo_gru_small_20m_tensorboard/mappo_gru_rware-small-4ag-v2
Number of trials: 1/1 (1 RUNNING)
+------------------------------------------------------+----------+-------------------+--------+------------------+-------------+----------+----------------------+----------------------+--------------------+
| Trial name                                           | status   | loc               |   iter |   total time (s) |          ts |   reward |   episode_reward_max |   episode_reward_min |   episode_len_mean |
|------------------------------------------------------+----------+-------------------+--------+------------------+-------------+----------+----------------------+----------------------+--------------------|
| MAPPOTrainer_rware_v2_rware-small-4ag-v2_f1650_00000 | RUNNING  | 172.24.0.2:837006 |    787 |           2254.8 | 1.57337e+07 |     0.89 |                    3 |                    0 |                500 |
+------------------------------------------------------+----------+-------------------+--------+------------------+-------------+----------+----------------------+----------------------+--------------------+


== Status ==
Current time: 2026-05-22 21:07:49 (running for 00:38:16.14)
Memory usage on this node: 62.5/251.6 GiB
Using FIFO scheduling algorithm.
Resources requested: 7.0/8 CPUs, 1.0/1 GPUs, 0.0/17.88 GiB heap, 0.0/8.94 GiB objects (0.0/1.0 accelerator_type:G)
Result logdir: /workspace/MARLlib/runs/rware_mappo_gru_small_20m_tensorboard/mappo_gru_rware-small-4ag-v2
Number of trials: 1/1 (1 RUNNING)
+------------------------------------------------------+----------+-------------------+--------+------------------+-------------+----------+----------------------+----------------------+--------------------+
| Trial name                                           | status   | loc               |   iter |   total time (s) |          ts |   reward |   episode_reward_max |   episode_reward_min |   episode_len_mean |
|------------------------------------------------------+----------+-------------------+--------+------------------+-------------+----------+----------------------+----------------------+--------------------|
| MAPPOTrainer_rware_v2_rware-small-4ag-v2_f1650_00000 | RUNNING  | 172.24.0.2:837006 |    789 |          2260.05 | 1.57737e+07 |     0.85 |                    3 |                    0 |                500 |
+------------------------------------------------------+----------+-------------------+--------+------------------+-------------+----------+----------------------+----------------------+--------------------+


== Status ==
Current time: 2026-05-22 21:07:54 (running for 00:38:21.50)
Memory usage on this node: 62.5/251.6 GiB
Using FIFO scheduling algorithm.
Resources requested: 7.0/8 CPUs, 1.0/1 GPUs, 0.0/17.88 GiB heap, 0.0/8.94 GiB objects (0.0/1.0 accelerator_type:G)
Result logdir: /workspace/MARLlib/runs/rware_mappo_gru_small_20m_tensorboard/mappo_gru_rware-small-4ag-v2
Number of trials: 1/1 (1 RUNNING)
+------------------------------------------------------+----------+-------------------+--------+------------------+-------------+----------+----------------------+----------------------+--------------------+
| Trial name                                           | status   | loc               |   iter |   total time (s) |          ts |   reward |   episode_reward_max |   episode_reward_min |   episode_len_mean |
|------------------------------------------------------+----------+-------------------+--------+------------------+-------------+----------+----------------------+----------------------+--------------------|
| MAPPOTrainer_rware_v2_rware-small-4ag-v2_f1650_00000 | RUNNING  | 172.24.0.2:837006 |    791 |          2265.36 | 1.58137e+07 |     0.94 |                    4 |                    0 |                500 |
+------------------------------------------------------+----------+-------------------+--------+------------------+-------------+----------+----------------------+----------------------+--------------------+


== Status ==
Current time: 2026-05-22 21:08:00 (running for 00:38:26.67)
Memory usage on this node: 62.5/251.6 GiB
Using FIFO scheduling algorithm.
Resources requested: 7.0/8 CPUs, 1.0/1 GPUs, 0.0/17.88 GiB heap, 0.0/8.94 GiB objects (0.0/1.0 accelerator_type:G)
Result logdir: /workspace/MARLlib/runs/rware_mappo_gru_small_20m_tensorboard/mappo_gru_rware-small-4ag-v2
Number of trials: 1/1 (1 RUNNING)
+------------------------------------------------------+----------+-------------------+--------+------------------+-------------+----------+----------------------+----------------------+--------------------+
| Trial name                                           | status   | loc               |   iter |   total time (s) |          ts |   reward |   episode_reward_max |   episode_reward_min |   episode_len_mean |
|------------------------------------------------------+----------+-------------------+--------+------------------+-------------+----------+----------------------+----------------------+--------------------|
| MAPPOTrainer_rware_v2_rware-small-4ag-v2_f1650_00000 | RUNNING  | 172.24.0.2:837006 |    793 |          2270.47 | 1.58537e+07 |     0.84 |                    4 |                    0 |                500 |
+------------------------------------------------------+----------+-------------------+--------+------------------+-------------+----------+----------------------+----------------------+--------------------+


== Status ==
Current time: 2026-05-22 21:08:05 (running for 00:38:31.88)
Memory usage on this node: 62.5/251.6 GiB
Using FIFO scheduling algorithm.
Resources requested: 7.0/8 CPUs, 1.0/1 GPUs, 0.0/17.88 GiB heap, 0.0/8.94 GiB objects (0.0/1.0 accelerator_type:G)
Result logdir: /workspace/MARLlib/runs/rware_mappo_gru_small_20m_tensorboard/mappo_gru_rware-small-4ag-v2
Number of trials: 1/1 (1 RUNNING)
+------------------------------------------------------+----------+-------------------+--------+------------------+-------------+----------+----------------------+----------------------+--------------------+
| Trial name                                           | status   | loc               |   iter |   total time (s) |          ts |   reward |   episode_reward_max |   episode_reward_min |   episode_len_mean |
|------------------------------------------------------+----------+-------------------+--------+------------------+-------------+----------+----------------------+----------------------+--------------------|
| MAPPOTrainer_rware_v2_rware-small-4ag-v2_f1650_00000 | RUNNING  | 172.24.0.2:837006 |    795 |          2275.63 | 1.58936e+07 |     0.77 |                    4 |                    0 |                500 |
+------------------------------------------------------+----------+-------------------+--------+------------------+-------------+----------+----------------------+----------------------+--------------------+


== Status ==
Current time: 2026-05-22 21:08:10 (running for 00:38:37.24)
Memory usage on this node: 62.5/251.6 GiB
Using FIFO scheduling algorithm.
Resources requested: 7.0/8 CPUs, 1.0/1 GPUs, 0.0/17.88 GiB heap, 0.0/8.94 GiB objects (0.0/1.0 accelerator_type:G)
Result logdir: /workspace/MARLlib/runs/rware_mappo_gru_small_20m_tensorboard/mappo_gru_rware-small-4ag-v2
Number of trials: 1/1 (1 RUNNING)
+------------------------------------------------------+----------+-------------------+--------+------------------+-------------+----------+----------------------+----------------------+--------------------+
| Trial name                                           | status   | loc               |   iter |   total time (s) |          ts |   reward |   episode_reward_max |   episode_reward_min |   episode_len_mean |
|------------------------------------------------------+----------+-------------------+--------+------------------+-------------+----------+----------------------+----------------------+--------------------|
| MAPPOTrainer_rware_v2_rware-small-4ag-v2_f1650_00000 | RUNNING  | 172.24.0.2:837006 |    797 |          2280.94 | 1.59336e+07 |     0.77 |                    4 |                    0 |                500 |
+------------------------------------------------------+----------+-------------------+--------+------------------+-------------+----------+----------------------+----------------------+--------------------+


== Status ==
Current time: 2026-05-22 21:08:15 (running for 00:38:42.49)
Memory usage on this node: 62.5/251.6 GiB
Using FIFO scheduling algorithm.
Resources requested: 7.0/8 CPUs, 1.0/1 GPUs, 0.0/17.88 GiB heap, 0.0/8.94 GiB objects (0.0/1.0 accelerator_type:G)
Result logdir: /workspace/MARLlib/runs/rware_mappo_gru_small_20m_tensorboard/mappo_gru_rware-small-4ag-v2
Number of trials: 1/1 (1 RUNNING)
+------------------------------------------------------+----------+-------------------+--------+------------------+-------------+----------+----------------------+----------------------+--------------------+
| Trial name                                           | status   | loc               |   iter |   total time (s) |          ts |   reward |   episode_reward_max |   episode_reward_min |   episode_len_mean |
|------------------------------------------------------+----------+-------------------+--------+------------------+-------------+----------+----------------------+----------------------+--------------------|
| MAPPOTrainer_rware_v2_rware-small-4ag-v2_f1650_00000 | RUNNING  | 172.24.0.2:837006 |    799 |          2286.14 | 1.59736e+07 |     0.86 |                    4 |                    0 |                500 |
+------------------------------------------------------+----------+-------------------+--------+------------------+-------------+----------+----------------------+----------------------+--------------------+


== Status ==
Current time: 2026-05-22 21:08:20 (running for 00:38:47.49)
Memory usage on this node: 62.5/251.6 GiB
Using FIFO scheduling algorithm.
Resources requested: 7.0/8 CPUs, 1.0/1 GPUs, 0.0/17.88 GiB heap, 0.0/8.94 GiB objects (0.0/1.0 accelerator_type:G)
Result logdir: /workspace/MARLlib/runs/rware_mappo_gru_small_20m_tensorboard/mappo_gru_rware-small-4ag-v2
Number of trials: 1/1 (1 RUNNING)
+------------------------------------------------------+----------+-------------------+--------+------------------+-------------+----------+----------------------+----------------------+--------------------+
| Trial name                                           | status   | loc               |   iter |   total time (s) |          ts |   reward |   episode_reward_max |   episode_reward_min |   episode_len_mean |
|------------------------------------------------------+----------+-------------------+--------+------------------+-------------+----------+----------------------+----------------------+--------------------|
| MAPPOTrainer_rware_v2_rware-small-4ag-v2_f1650_00000 | RUNNING  | 172.24.0.2:837006 |    799 |          2286.14 | 1.59736e+07 |     0.86 |                    4 |                    0 |                500 |
+------------------------------------------------------+----------+-------------------+--------+------------------+-------------+----------+----------------------+----------------------+--------------------+


== Status ==
Current time: 2026-05-22 21:08:25 (running for 00:38:52.50)
Memory usage on this node: 62.5/251.6 GiB
Using FIFO scheduling algorithm.
Resources requested: 7.0/8 CPUs, 1.0/1 GPUs, 0.0/17.88 GiB heap, 0.0/8.94 GiB objects (0.0/1.0 accelerator_type:G)
Result logdir: /workspace/MARLlib/runs/rware_mappo_gru_small_20m_tensorboard/mappo_gru_rware-small-4ag-v2
Number of trials: 1/1 (1 RUNNING)
+------------------------------------------------------+----------+-------------------+--------+------------------+-------------+----------+----------------------+----------------------+--------------------+
| Trial name                                           | status   | loc               |   iter |   total time (s) |          ts |   reward |   episode_reward_max |   episode_reward_min |   episode_len_mean |
|------------------------------------------------------+----------+-------------------+--------+------------------+-------------+----------+----------------------+----------------------+--------------------|
| MAPPOTrainer_rware_v2_rware-small-4ag-v2_f1650_00000 | RUNNING  | 172.24.0.2:837006 |    799 |          2286.14 | 1.59736e+07 |     0.86 |                    4 |                    0 |                500 |
+------------------------------------------------------+----------+-------------------+--------+------------------+-------------+----------+----------------------+----------------------+--------------------+


== Status ==
Current time: 2026-05-22 21:08:31 (running for 00:38:57.75)
Memory usage on this node: 62.5/251.6 GiB
Using FIFO scheduling algorithm.
Resources requested: 7.0/8 CPUs, 1.0/1 GPUs, 0.0/17.88 GiB heap, 0.0/8.94 GiB objects (0.0/1.0 accelerator_type:G)
Result logdir: /workspace/MARLlib/runs/rware_mappo_gru_small_20m_tensorboard/mappo_gru_rware-small-4ag-v2
Number of trials: 1/1 (1 RUNNING)
+------------------------------------------------------+----------+-------------------+--------+------------------+-------------+----------+----------------------+----------------------+--------------------+
| Trial name                                           | status   | loc               |   iter |   total time (s) |          ts |   reward |   episode_reward_max |   episode_reward_min |   episode_len_mean |
|------------------------------------------------------+----------+-------------------+--------+------------------+-------------+----------+----------------------+----------------------+--------------------|
| MAPPOTrainer_rware_v2_rware-small-4ag-v2_f1650_00000 | RUNNING  | 172.24.0.2:837006 |    800 |          2301.35 | 1.59936e+07 |     0.89 |                    4 |                    0 |                500 |
+------------------------------------------------------+----------+-------------------+--------+------------------+-------------+----------+----------------------+----------------------+--------------------+


== Status ==
Current time: 2026-05-22 21:08:36 (running for 00:39:02.98)
Memory usage on this node: 62.5/251.6 GiB
Using FIFO scheduling algorithm.
Resources requested: 7.0/8 CPUs, 1.0/1 GPUs, 0.0/17.88 GiB heap, 0.0/8.94 GiB objects (0.0/1.0 accelerator_type:G)
Result logdir: /workspace/MARLlib/runs/rware_mappo_gru_small_20m_tensorboard/mappo_gru_rware-small-4ag-v2
Number of trials: 1/1 (1 RUNNING)
+------------------------------------------------------+----------+-------------------+--------+------------------+-------------+----------+----------------------+----------------------+--------------------+
| Trial name                                           | status   | loc               |   iter |   total time (s) |          ts |   reward |   episode_reward_max |   episode_reward_min |   episode_len_mean |
|------------------------------------------------------+----------+-------------------+--------+------------------+-------------+----------+----------------------+----------------------+--------------------|
| MAPPOTrainer_rware_v2_rware-small-4ag-v2_f1650_00000 | RUNNING  | 172.24.0.2:837006 |    802 |          2306.54 | 1.60336e+07 |     0.89 |                    3 |                    0 |                500 |
+------------------------------------------------------+----------+-------------------+--------+------------------+-------------+----------+----------------------+----------------------+--------------------+


== Status ==
Current time: 2026-05-22 21:08:41 (running for 00:39:08.16)
Memory usage on this node: 62.5/251.6 GiB
Using FIFO scheduling algorithm.
Resources requested: 7.0/8 CPUs, 1.0/1 GPUs, 0.0/17.88 GiB heap, 0.0/8.94 GiB objects (0.0/1.0 accelerator_type:G)
Result logdir: /workspace/MARLlib/runs/rware_mappo_gru_small_20m_tensorboard/mappo_gru_rware-small-4ag-v2
Number of trials: 1/1 (1 RUNNING)
+------------------------------------------------------+----------+-------------------+--------+------------------+-------------+----------+----------------------+----------------------+--------------------+
| Trial name                                           | status   | loc               |   iter |   total time (s) |          ts |   reward |   episode_reward_max |   episode_reward_min |   episode_len_mean |
|------------------------------------------------------+----------+-------------------+--------+------------------+-------------+----------+----------------------+----------------------+--------------------|
| MAPPOTrainer_rware_v2_rware-small-4ag-v2_f1650_00000 | RUNNING  | 172.24.0.2:837006 |    804 |          2311.68 | 1.60736e+07 |     0.94 |                    3 |                    0 |                500 |
+------------------------------------------------------+----------+-------------------+--------+------------------+-------------+----------+----------------------+----------------------+--------------------+


== Status ==
Current time: 2026-05-22 21:08:46 (running for 00:39:13.36)
Memory usage on this node: 62.5/251.6 GiB
Using FIFO scheduling algorithm.
Resources requested: 7.0/8 CPUs, 1.0/1 GPUs, 0.0/17.88 GiB heap, 0.0/8.94 GiB objects (0.0/1.0 accelerator_type:G)
Result logdir: /workspace/MARLlib/runs/rware_mappo_gru_small_20m_tensorboard/mappo_gru_rware-small-4ag-v2
Number of trials: 1/1 (1 RUNNING)
+------------------------------------------------------+----------+-------------------+--------+------------------+-------------+----------+----------------------+----------------------+--------------------+
| Trial name                                           | status   | loc               |   iter |   total time (s) |          ts |   reward |   episode_reward_max |   episode_reward_min |   episode_len_mean |
|------------------------------------------------------+----------+-------------------+--------+------------------+-------------+----------+----------------------+----------------------+--------------------|
| MAPPOTrainer_rware_v2_rware-small-4ag-v2_f1650_00000 | RUNNING  | 172.24.0.2:837006 |    806 |          2316.83 | 1.61136e+07 |     1.03 |                    3 |                    0 |                500 |
+------------------------------------------------------+----------+-------------------+--------+------------------+-------------+----------+----------------------+----------------------+--------------------+


== Status ==
Current time: 2026-05-22 21:08:52 (running for 00:39:18.55)
Memory usage on this node: 62.5/251.6 GiB
Using FIFO scheduling algorithm.
Resources requested: 7.0/8 CPUs, 1.0/1 GPUs, 0.0/17.88 GiB heap, 0.0/8.94 GiB objects (0.0/1.0 accelerator_type:G)
Result logdir: /workspace/MARLlib/runs/rware_mappo_gru_small_20m_tensorboard/mappo_gru_rware-small-4ag-v2
Number of trials: 1/1 (1 RUNNING)
+------------------------------------------------------+----------+-------------------+--------+------------------+-------------+----------+----------------------+----------------------+--------------------+
| Trial name                                           | status   | loc               |   iter |   total time (s) |          ts |   reward |   episode_reward_max |   episode_reward_min |   episode_len_mean |
|------------------------------------------------------+----------+-------------------+--------+------------------+-------------+----------+----------------------+----------------------+--------------------|
| MAPPOTrainer_rware_v2_rware-small-4ag-v2_f1650_00000 | RUNNING  | 172.24.0.2:837006 |    808 |          2321.97 | 1.61535e+07 |     1.05 |                    3 |                    0 |                500 |
+------------------------------------------------------+----------+-------------------+--------+------------------+-------------+----------+----------------------+----------------------+--------------------+


== Status ==
Current time: 2026-05-22 21:08:57 (running for 00:39:23.79)
Memory usage on this node: 62.5/251.6 GiB
Using FIFO scheduling algorithm.
Resources requested: 7.0/8 CPUs, 1.0/1 GPUs, 0.0/17.88 GiB heap, 0.0/8.94 GiB objects (0.0/1.0 accelerator_type:G)
Result logdir: /workspace/MARLlib/runs/rware_mappo_gru_small_20m_tensorboard/mappo_gru_rware-small-4ag-v2
Number of trials: 1/1 (1 RUNNING)
+------------------------------------------------------+----------+-------------------+--------+------------------+-------------+----------+----------------------+----------------------+--------------------+
| Trial name                                           | status   | loc               |   iter |   total time (s) |          ts |   reward |   episode_reward_max |   episode_reward_min |   episode_len_mean |
|------------------------------------------------------+----------+-------------------+--------+------------------+-------------+----------+----------------------+----------------------+--------------------|
| MAPPOTrainer_rware_v2_rware-small-4ag-v2_f1650_00000 | RUNNING  | 172.24.0.2:837006 |    810 |          2327.16 | 1.61935e+07 |     1.09 |                    3 |                    0 |                500 |
+------------------------------------------------------+----------+-------------------+--------+------------------+-------------+----------+----------------------+----------------------+--------------------+


== Status ==
Current time: 2026-05-22 21:09:02 (running for 00:39:29.06)
Memory usage on this node: 62.5/251.6 GiB
Using FIFO scheduling algorithm.
Resources requested: 7.0/8 CPUs, 1.0/1 GPUs, 0.0/17.88 GiB heap, 0.0/8.94 GiB objects (0.0/1.0 accelerator_type:G)
Result logdir: /workspace/MARLlib/runs/rware_mappo_gru_small_20m_tensorboard/mappo_gru_rware-small-4ag-v2
Number of trials: 1/1 (1 RUNNING)
+------------------------------------------------------+----------+-------------------+--------+------------------+-------------+----------+----------------------+----------------------+--------------------+
| Trial name                                           | status   | loc               |   iter |   total time (s) |          ts |   reward |   episode_reward_max |   episode_reward_min |   episode_len_mean |
|------------------------------------------------------+----------+-------------------+--------+------------------+-------------+----------+----------------------+----------------------+--------------------|
| MAPPOTrainer_rware_v2_rware-small-4ag-v2_f1650_00000 | RUNNING  | 172.24.0.2:837006 |    812 |          2332.37 | 1.62335e+07 |     1.17 |                    3 |                    0 |                500 |
+------------------------------------------------------+----------+-------------------+--------+------------------+-------------+----------+----------------------+----------------------+--------------------+


== Status ==
Current time: 2026-05-22 21:09:07 (running for 00:39:34.26)
Memory usage on this node: 62.5/251.6 GiB
Using FIFO scheduling algorithm.
Resources requested: 7.0/8 CPUs, 1.0/1 GPUs, 0.0/17.88 GiB heap, 0.0/8.94 GiB objects (0.0/1.0 accelerator_type:G)
Result logdir: /workspace/MARLlib/runs/rware_mappo_gru_small_20m_tensorboard/mappo_gru_rware-small-4ag-v2
Number of trials: 1/1 (1 RUNNING)
+------------------------------------------------------+----------+-------------------+--------+------------------+-------------+----------+----------------------+----------------------+--------------------+
| Trial name                                           | status   | loc               |   iter |   total time (s) |          ts |   reward |   episode_reward_max |   episode_reward_min |   episode_len_mean |
|------------------------------------------------------+----------+-------------------+--------+------------------+-------------+----------+----------------------+----------------------+--------------------|
| MAPPOTrainer_rware_v2_rware-small-4ag-v2_f1650_00000 | RUNNING  | 172.24.0.2:837006 |    814 |          2337.51 | 1.62735e+07 |     1.23 |                    4 |                    0 |                500 |
+------------------------------------------------------+----------+-------------------+--------+------------------+-------------+----------+----------------------+----------------------+--------------------+


== Status ==
Current time: 2026-05-22 21:09:12 (running for 00:39:39.43)
Memory usage on this node: 62.5/251.6 GiB
Using FIFO scheduling algorithm.
Resources requested: 7.0/8 CPUs, 1.0/1 GPUs, 0.0/17.88 GiB heap, 0.0/8.94 GiB objects (0.0/1.0 accelerator_type:G)
Result logdir: /workspace/MARLlib/runs/rware_mappo_gru_small_20m_tensorboard/mappo_gru_rware-small-4ag-v2
Number of trials: 1/1 (1 RUNNING)
+------------------------------------------------------+----------+-------------------+--------+------------------+-------------+----------+----------------------+----------------------+--------------------+
| Trial name                                           | status   | loc               |   iter |   total time (s) |          ts |   reward |   episode_reward_max |   episode_reward_min |   episode_len_mean |
|------------------------------------------------------+----------+-------------------+--------+------------------+-------------+----------+----------------------+----------------------+--------------------|
| MAPPOTrainer_rware_v2_rware-small-4ag-v2_f1650_00000 | RUNNING  | 172.24.0.2:837006 |    816 |          2342.63 | 1.63135e+07 |      1.2 |                    4 |                    0 |                500 |
+------------------------------------------------------+----------+-------------------+--------+------------------+-------------+----------+----------------------+----------------------+--------------------+


== Status ==
Current time: 2026-05-22 21:09:18 (running for 00:39:44.84)
Memory usage on this node: 62.5/251.6 GiB
Using FIFO scheduling algorithm.
Resources requested: 7.0/8 CPUs, 1.0/1 GPUs, 0.0/17.88 GiB heap, 0.0/8.94 GiB objects (0.0/1.0 accelerator_type:G)
Result logdir: /workspace/MARLlib/runs/rware_mappo_gru_small_20m_tensorboard/mappo_gru_rware-small-4ag-v2
Number of trials: 1/1 (1 RUNNING)
+------------------------------------------------------+----------+-------------------+--------+------------------+-------------+----------+----------------------+----------------------+--------------------+
| Trial name                                           | status   | loc               |   iter |   total time (s) |          ts |   reward |   episode_reward_max |   episode_reward_min |   episode_len_mean |
|------------------------------------------------------+----------+-------------------+--------+------------------+-------------+----------+----------------------+----------------------+--------------------|
| MAPPOTrainer_rware_v2_rware-small-4ag-v2_f1650_00000 | RUNNING  | 172.24.0.2:837006 |    818 |          2347.97 | 1.63535e+07 |     1.21 |                    4 |                    0 |                500 |
+------------------------------------------------------+----------+-------------------+--------+------------------+-------------+----------+----------------------+----------------------+--------------------+


== Status ==
Current time: 2026-05-22 21:09:23 (running for 00:39:50.04)
Memory usage on this node: 62.5/251.6 GiB
Using FIFO scheduling algorithm.
Resources requested: 7.0/8 CPUs, 1.0/1 GPUs, 0.0/17.88 GiB heap, 0.0/8.94 GiB objects (0.0/1.0 accelerator_type:G)
Result logdir: /workspace/MARLlib/runs/rware_mappo_gru_small_20m_tensorboard/mappo_gru_rware-small-4ag-v2
Number of trials: 1/1 (1 RUNNING)
+------------------------------------------------------+----------+-------------------+--------+------------------+-------------+----------+----------------------+----------------------+--------------------+
| Trial name                                           | status   | loc               |   iter |   total time (s) |          ts |   reward |   episode_reward_max |   episode_reward_min |   episode_len_mean |
|------------------------------------------------------+----------+-------------------+--------+------------------+-------------+----------+----------------------+----------------------+--------------------|
| MAPPOTrainer_rware_v2_rware-small-4ag-v2_f1650_00000 | RUNNING  | 172.24.0.2:837006 |    820 |          2353.11 | 1.63934e+07 |     1.18 |                    4 |                    0 |                500 |
+------------------------------------------------------+----------+-------------------+--------+------------------+-------------+----------+----------------------+----------------------+--------------------+


== Status ==
Current time: 2026-05-22 21:09:28 (running for 00:39:55.34)
Memory usage on this node: 62.5/251.6 GiB
Using FIFO scheduling algorithm.
Resources requested: 7.0/8 CPUs, 1.0/1 GPUs, 0.0/17.88 GiB heap, 0.0/8.94 GiB objects (0.0/1.0 accelerator_type:G)
Result logdir: /workspace/MARLlib/runs/rware_mappo_gru_small_20m_tensorboard/mappo_gru_rware-small-4ag-v2
Number of trials: 1/1 (1 RUNNING)
+------------------------------------------------------+----------+-------------------+--------+------------------+-------------+----------+----------------------+----------------------+--------------------+
| Trial name                                           | status   | loc               |   iter |   total time (s) |          ts |   reward |   episode_reward_max |   episode_reward_min |   episode_len_mean |
|------------------------------------------------------+----------+-------------------+--------+------------------+-------------+----------+----------------------+----------------------+--------------------|
| MAPPOTrainer_rware_v2_rware-small-4ag-v2_f1650_00000 | RUNNING  | 172.24.0.2:837006 |    822 |          2358.35 | 1.64334e+07 |     1.09 |                    4 |                    0 |                500 |
+------------------------------------------------------+----------+-------------------+--------+------------------+-------------+----------+----------------------+----------------------+--------------------+


== Status ==
Current time: 2026-05-22 21:09:34 (running for 00:40:00.58)
Memory usage on this node: 62.5/251.6 GiB
Using FIFO scheduling algorithm.
Resources requested: 7.0/8 CPUs, 1.0/1 GPUs, 0.0/17.88 GiB heap, 0.0/8.94 GiB objects (0.0/1.0 accelerator_type:G)
Result logdir: /workspace/MARLlib/runs/rware_mappo_gru_small_20m_tensorboard/mappo_gru_rware-small-4ag-v2
Number of trials: 1/1 (1 RUNNING)
+------------------------------------------------------+----------+-------------------+--------+------------------+-------------+----------+----------------------+----------------------+--------------------+
| Trial name                                           | status   | loc               |   iter |   total time (s) |          ts |   reward |   episode_reward_max |   episode_reward_min |   episode_len_mean |
|------------------------------------------------------+----------+-------------------+--------+------------------+-------------+----------+----------------------+----------------------+--------------------|
| MAPPOTrainer_rware_v2_rware-small-4ag-v2_f1650_00000 | RUNNING  | 172.24.0.2:837006 |    824 |          2363.53 | 1.64734e+07 |     1.03 |                    3 |                    0 |                500 |
+------------------------------------------------------+----------+-------------------+--------+------------------+-------------+----------+----------------------+----------------------+--------------------+


== Status ==
Current time: 2026-05-22 21:09:39 (running for 00:40:05.87)
Memory usage on this node: 62.5/251.6 GiB
Using FIFO scheduling algorithm.
Resources requested: 7.0/8 CPUs, 1.0/1 GPUs, 0.0/17.88 GiB heap, 0.0/8.94 GiB objects (0.0/1.0 accelerator_type:G)
Result logdir: /workspace/MARLlib/runs/rware_mappo_gru_small_20m_tensorboard/mappo_gru_rware-small-4ag-v2
Number of trials: 1/1 (1 RUNNING)
+------------------------------------------------------+----------+-------------------+--------+------------------+-------------+----------+----------------------+----------------------+--------------------+
| Trial name                                           | status   | loc               |   iter |   total time (s) |          ts |   reward |   episode_reward_max |   episode_reward_min |   episode_len_mean |
|------------------------------------------------------+----------+-------------------+--------+------------------+-------------+----------+----------------------+----------------------+--------------------|
| MAPPOTrainer_rware_v2_rware-small-4ag-v2_f1650_00000 | RUNNING  | 172.24.0.2:837006 |    826 |          2368.76 | 1.65134e+07 |        1 |                    3 |                    0 |                500 |
+------------------------------------------------------+----------+-------------------+--------+------------------+-------------+----------+----------------------+----------------------+--------------------+


== Status ==
Current time: 2026-05-22 21:09:44 (running for 00:40:11.16)
Memory usage on this node: 62.5/251.6 GiB
Using FIFO scheduling algorithm.
Resources requested: 7.0/8 CPUs, 1.0/1 GPUs, 0.0/17.88 GiB heap, 0.0/8.94 GiB objects (0.0/1.0 accelerator_type:G)
Result logdir: /workspace/MARLlib/runs/rware_mappo_gru_small_20m_tensorboard/mappo_gru_rware-small-4ag-v2
Number of trials: 1/1 (1 RUNNING)
+------------------------------------------------------+----------+-------------------+--------+------------------+-------------+----------+----------------------+----------------------+--------------------+
| Trial name                                           | status   | loc               |   iter |   total time (s) |          ts |   reward |   episode_reward_max |   episode_reward_min |   episode_len_mean |
|------------------------------------------------------+----------+-------------------+--------+------------------+-------------+----------+----------------------+----------------------+--------------------|
| MAPPOTrainer_rware_v2_rware-small-4ag-v2_f1650_00000 | RUNNING  | 172.24.0.2:837006 |    828 |          2373.98 | 1.65534e+07 |     0.98 |                    3 |                    0 |                500 |
+------------------------------------------------------+----------+-------------------+--------+------------------+-------------+----------+----------------------+----------------------+--------------------+


== Status ==
Current time: 2026-05-22 21:09:49 (running for 00:40:16.33)
Memory usage on this node: 62.5/251.6 GiB
Using FIFO scheduling algorithm.
Resources requested: 7.0/8 CPUs, 1.0/1 GPUs, 0.0/17.88 GiB heap, 0.0/8.94 GiB objects (0.0/1.0 accelerator_type:G)
Result logdir: /workspace/MARLlib/runs/rware_mappo_gru_small_20m_tensorboard/mappo_gru_rware-small-4ag-v2
Number of trials: 1/1 (1 RUNNING)
+------------------------------------------------------+----------+-------------------+--------+------------------+-------------+----------+----------------------+----------------------+--------------------+
| Trial name                                           | status   | loc               |   iter |   total time (s) |          ts |   reward |   episode_reward_max |   episode_reward_min |   episode_len_mean |
|------------------------------------------------------+----------+-------------------+--------+------------------+-------------+----------+----------------------+----------------------+--------------------|
| MAPPOTrainer_rware_v2_rware-small-4ag-v2_f1650_00000 | RUNNING  | 172.24.0.2:837006 |    830 |          2379.09 | 1.65934e+07 |     0.96 |                    4 |                    0 |                500 |
+------------------------------------------------------+----------+-------------------+--------+------------------+-------------+----------+----------------------+----------------------+--------------------+


== Status ==
Current time: 2026-05-22 21:09:55 (running for 00:40:21.71)
Memory usage on this node: 62.5/251.6 GiB
Using FIFO scheduling algorithm.
Resources requested: 7.0/8 CPUs, 1.0/1 GPUs, 0.0/17.88 GiB heap, 0.0/8.94 GiB objects (0.0/1.0 accelerator_type:G)
Result logdir: /workspace/MARLlib/runs/rware_mappo_gru_small_20m_tensorboard/mappo_gru_rware-small-4ag-v2
Number of trials: 1/1 (1 RUNNING)
+------------------------------------------------------+----------+-------------------+--------+------------------+-------------+----------+----------------------+----------------------+--------------------+
| Trial name                                           | status   | loc               |   iter |   total time (s) |          ts |   reward |   episode_reward_max |   episode_reward_min |   episode_len_mean |
|------------------------------------------------------+----------+-------------------+--------+------------------+-------------+----------+----------------------+----------------------+--------------------|
| MAPPOTrainer_rware_v2_rware-small-4ag-v2_f1650_00000 | RUNNING  | 172.24.0.2:837006 |    832 |          2384.41 | 1.66333e+07 |     1.01 |                    4 |                    0 |                500 |
+------------------------------------------------------+----------+-------------------+--------+------------------+-------------+----------+----------------------+----------------------+--------------------+


== Status ==
Current time: 2026-05-22 21:10:00 (running for 00:40:26.97)
Memory usage on this node: 62.5/251.6 GiB
Using FIFO scheduling algorithm.
Resources requested: 7.0/8 CPUs, 1.0/1 GPUs, 0.0/17.88 GiB heap, 0.0/8.94 GiB objects (0.0/1.0 accelerator_type:G)
Result logdir: /workspace/MARLlib/runs/rware_mappo_gru_small_20m_tensorboard/mappo_gru_rware-small-4ag-v2
Number of trials: 1/1 (1 RUNNING)
+------------------------------------------------------+----------+-------------------+--------+------------------+-------------+----------+----------------------+----------------------+--------------------+
| Trial name                                           | status   | loc               |   iter |   total time (s) |          ts |   reward |   episode_reward_max |   episode_reward_min |   episode_len_mean |
|------------------------------------------------------+----------+-------------------+--------+------------------+-------------+----------+----------------------+----------------------+--------------------|
| MAPPOTrainer_rware_v2_rware-small-4ag-v2_f1650_00000 | RUNNING  | 172.24.0.2:837006 |    834 |          2389.62 | 1.66733e+07 |        1 |                    4 |                    0 |                500 |
+------------------------------------------------------+----------+-------------------+--------+------------------+-------------+----------+----------------------+----------------------+--------------------+


== Status ==
Current time: 2026-05-22 21:10:05 (running for 00:40:32.16)
Memory usage on this node: 62.4/251.6 GiB
Using FIFO scheduling algorithm.
Resources requested: 7.0/8 CPUs, 1.0/1 GPUs, 0.0/17.88 GiB heap, 0.0/8.94 GiB objects (0.0/1.0 accelerator_type:G)
Result logdir: /workspace/MARLlib/runs/rware_mappo_gru_small_20m_tensorboard/mappo_gru_rware-small-4ag-v2
Number of trials: 1/1 (1 RUNNING)
+------------------------------------------------------+----------+-------------------+--------+------------------+-------------+----------+----------------------+----------------------+--------------------+
| Trial name                                           | status   | loc               |   iter |   total time (s) |          ts |   reward |   episode_reward_max |   episode_reward_min |   episode_len_mean |
|------------------------------------------------------+----------+-------------------+--------+------------------+-------------+----------+----------------------+----------------------+--------------------|
| MAPPOTrainer_rware_v2_rware-small-4ag-v2_f1650_00000 | RUNNING  | 172.24.0.2:837006 |    836 |          2394.76 | 1.67133e+07 |     1.11 |                    4 |                    0 |                500 |
+------------------------------------------------------+----------+-------------------+--------+------------------+-------------+----------+----------------------+----------------------+--------------------+


== Status ==
Current time: 2026-05-22 21:10:10 (running for 00:40:37.35)
Memory usage on this node: 62.5/251.6 GiB
Using FIFO scheduling algorithm.
Resources requested: 7.0/8 CPUs, 1.0/1 GPUs, 0.0/17.88 GiB heap, 0.0/8.94 GiB objects (0.0/1.0 accelerator_type:G)
Result logdir: /workspace/MARLlib/runs/rware_mappo_gru_small_20m_tensorboard/mappo_gru_rware-small-4ag-v2
Number of trials: 1/1 (1 RUNNING)
+------------------------------------------------------+----------+-------------------+--------+------------------+-------------+----------+----------------------+----------------------+--------------------+
| Trial name                                           | status   | loc               |   iter |   total time (s) |          ts |   reward |   episode_reward_max |   episode_reward_min |   episode_len_mean |
|------------------------------------------------------+----------+-------------------+--------+------------------+-------------+----------+----------------------+----------------------+--------------------|
| MAPPOTrainer_rware_v2_rware-small-4ag-v2_f1650_00000 | RUNNING  | 172.24.0.2:837006 |    838 |           2399.9 | 1.67533e+07 |     1.23 |                    4 |                    0 |                500 |
+------------------------------------------------------+----------+-------------------+--------+------------------+-------------+----------+----------------------+----------------------+--------------------+


== Status ==
Current time: 2026-05-22 21:10:15 (running for 00:40:42.48)
Memory usage on this node: 62.5/251.6 GiB
Using FIFO scheduling algorithm.
Resources requested: 7.0/8 CPUs, 1.0/1 GPUs, 0.0/17.88 GiB heap, 0.0/8.94 GiB objects (0.0/1.0 accelerator_type:G)
Result logdir: /workspace/MARLlib/runs/rware_mappo_gru_small_20m_tensorboard/mappo_gru_rware-small-4ag-v2
Number of trials: 1/1 (1 RUNNING)
+------------------------------------------------------+----------+-------------------+--------+------------------+-------------+----------+----------------------+----------------------+--------------------+
| Trial name                                           | status   | loc               |   iter |   total time (s) |          ts |   reward |   episode_reward_max |   episode_reward_min |   episode_len_mean |
|------------------------------------------------------+----------+-------------------+--------+------------------+-------------+----------+----------------------+----------------------+--------------------|
| MAPPOTrainer_rware_v2_rware-small-4ag-v2_f1650_00000 | RUNNING  | 172.24.0.2:837006 |    840 |          2404.98 | 1.67933e+07 |     1.28 |                    4 |                    0 |                500 |
+------------------------------------------------------+----------+-------------------+--------+------------------+-------------+----------+----------------------+----------------------+--------------------+


== Status ==
Current time: 2026-05-22 21:10:21 (running for 00:40:47.74)
Memory usage on this node: 62.4/251.6 GiB
Using FIFO scheduling algorithm.
Resources requested: 7.0/8 CPUs, 1.0/1 GPUs, 0.0/17.88 GiB heap, 0.0/8.94 GiB objects (0.0/1.0 accelerator_type:G)
Result logdir: /workspace/MARLlib/runs/rware_mappo_gru_small_20m_tensorboard/mappo_gru_rware-small-4ag-v2
Number of trials: 1/1 (1 RUNNING)
+------------------------------------------------------+----------+-------------------+--------+------------------+-------------+----------+----------------------+----------------------+--------------------+
| Trial name                                           | status   | loc               |   iter |   total time (s) |          ts |   reward |   episode_reward_max |   episode_reward_min |   episode_len_mean |
|------------------------------------------------------+----------+-------------------+--------+------------------+-------------+----------+----------------------+----------------------+--------------------|
| MAPPOTrainer_rware_v2_rware-small-4ag-v2_f1650_00000 | RUNNING  | 172.24.0.2:837006 |    842 |          2410.17 | 1.68333e+07 |     1.33 |                    4 |                    0 |                500 |
+------------------------------------------------------+----------+-------------------+--------+------------------+-------------+----------+----------------------+----------------------+--------------------+


== Status ==
Current time: 2026-05-22 21:10:26 (running for 00:40:52.98)
Memory usage on this node: 62.5/251.6 GiB
Using FIFO scheduling algorithm.
Resources requested: 7.0/8 CPUs, 1.0/1 GPUs, 0.0/17.88 GiB heap, 0.0/8.94 GiB objects (0.0/1.0 accelerator_type:G)
Result logdir: /workspace/MARLlib/runs/rware_mappo_gru_small_20m_tensorboard/mappo_gru_rware-small-4ag-v2
Number of trials: 1/1 (1 RUNNING)
+------------------------------------------------------+----------+-------------------+--------+------------------+-------------+----------+----------------------+----------------------+--------------------+
| Trial name                                           | status   | loc               |   iter |   total time (s) |          ts |   reward |   episode_reward_max |   episode_reward_min |   episode_len_mean |
|------------------------------------------------------+----------+-------------------+--------+------------------+-------------+----------+----------------------+----------------------+--------------------|
| MAPPOTrainer_rware_v2_rware-small-4ag-v2_f1650_00000 | RUNNING  | 172.24.0.2:837006 |    844 |          2415.35 | 1.68732e+07 |     1.42 |                    4 |                    0 |                500 |
+------------------------------------------------------+----------+-------------------+--------+------------------+-------------+----------+----------------------+----------------------+--------------------+


== Status ==
Current time: 2026-05-22 21:10:31 (running for 00:40:58.21)
Memory usage on this node: 62.5/251.6 GiB
Using FIFO scheduling algorithm.
Resources requested: 7.0/8 CPUs, 1.0/1 GPUs, 0.0/17.88 GiB heap, 0.0/8.94 GiB objects (0.0/1.0 accelerator_type:G)
Result logdir: /workspace/MARLlib/runs/rware_mappo_gru_small_20m_tensorboard/mappo_gru_rware-small-4ag-v2
Number of trials: 1/1 (1 RUNNING)
+------------------------------------------------------+----------+-------------------+--------+------------------+-------------+----------+----------------------+----------------------+--------------------+
| Trial name                                           | status   | loc               |   iter |   total time (s) |          ts |   reward |   episode_reward_max |   episode_reward_min |   episode_len_mean |
|------------------------------------------------------+----------+-------------------+--------+------------------+-------------+----------+----------------------+----------------------+--------------------|
| MAPPOTrainer_rware_v2_rware-small-4ag-v2_f1650_00000 | RUNNING  | 172.24.0.2:837006 |    846 |          2420.52 | 1.69132e+07 |     1.38 |                    4 |                    0 |                500 |
+------------------------------------------------------+----------+-------------------+--------+------------------+-------------+----------+----------------------+----------------------+--------------------+


== Status ==
Current time: 2026-05-22 21:10:36 (running for 00:41:03.46)
Memory usage on this node: 62.5/251.6 GiB
Using FIFO scheduling algorithm.
Resources requested: 7.0/8 CPUs, 1.0/1 GPUs, 0.0/17.88 GiB heap, 0.0/8.94 GiB objects (0.0/1.0 accelerator_type:G)
Result logdir: /workspace/MARLlib/runs/rware_mappo_gru_small_20m_tensorboard/mappo_gru_rware-small-4ag-v2
Number of trials: 1/1 (1 RUNNING)
+------------------------------------------------------+----------+-------------------+--------+------------------+-------------+----------+----------------------+----------------------+--------------------+
| Trial name                                           | status   | loc               |   iter |   total time (s) |          ts |   reward |   episode_reward_max |   episode_reward_min |   episode_len_mean |
|------------------------------------------------------+----------+-------------------+--------+------------------+-------------+----------+----------------------+----------------------+--------------------|
| MAPPOTrainer_rware_v2_rware-small-4ag-v2_f1650_00000 | RUNNING  | 172.24.0.2:837006 |    848 |          2425.71 | 1.69532e+07 |     1.35 |                    4 |                    0 |                500 |
+------------------------------------------------------+----------+-------------------+--------+------------------+-------------+----------+----------------------+----------------------+--------------------+


== Status ==
Current time: 2026-05-22 21:10:42 (running for 00:41:09.13)
Memory usage on this node: 62.5/251.6 GiB
Using FIFO scheduling algorithm.
Resources requested: 7.0/8 CPUs, 1.0/1 GPUs, 0.0/17.88 GiB heap, 0.0/8.94 GiB objects (0.0/1.0 accelerator_type:G)
Result logdir: /workspace/MARLlib/runs/rware_mappo_gru_small_20m_tensorboard/mappo_gru_rware-small-4ag-v2
Number of trials: 1/1 (1 RUNNING)
+------------------------------------------------------+----------+-------------------+--------+------------------+-------------+----------+----------------------+----------------------+--------------------+
| Trial name                                           | status   | loc               |   iter |   total time (s) |          ts |   reward |   episode_reward_max |   episode_reward_min |   episode_len_mean |
|------------------------------------------------------+----------+-------------------+--------+------------------+-------------+----------+----------------------+----------------------+--------------------|
| MAPPOTrainer_rware_v2_rware-small-4ag-v2_f1650_00000 | RUNNING  | 172.24.0.2:837006 |    849 |          2428.34 | 1.69732e+07 |     1.43 |                    6 |                    0 |                500 |
+------------------------------------------------------+----------+-------------------+--------+------------------+-------------+----------+----------------------+----------------------+--------------------+


== Status ==
Current time: 2026-05-22 21:10:47 (running for 00:41:14.13)
Memory usage on this node: 62.5/251.6 GiB
Using FIFO scheduling algorithm.
Resources requested: 7.0/8 CPUs, 1.0/1 GPUs, 0.0/17.88 GiB heap, 0.0/8.94 GiB objects (0.0/1.0 accelerator_type:G)
Result logdir: /workspace/MARLlib/runs/rware_mappo_gru_small_20m_tensorboard/mappo_gru_rware-small-4ag-v2
Number of trials: 1/1 (1 RUNNING)
+------------------------------------------------------+----------+-------------------+--------+------------------+-------------+----------+----------------------+----------------------+--------------------+
| Trial name                                           | status   | loc               |   iter |   total time (s) |          ts |   reward |   episode_reward_max |   episode_reward_min |   episode_len_mean |
|------------------------------------------------------+----------+-------------------+--------+------------------+-------------+----------+----------------------+----------------------+--------------------|
| MAPPOTrainer_rware_v2_rware-small-4ag-v2_f1650_00000 | RUNNING  | 172.24.0.2:837006 |    849 |          2428.34 | 1.69732e+07 |     1.43 |                    6 |                    0 |                500 |
+------------------------------------------------------+----------+-------------------+--------+------------------+-------------+----------+----------------------+----------------------+--------------------+


== Status ==
Current time: 2026-05-22 21:10:52 (running for 00:41:19.14)
Memory usage on this node: 62.5/251.6 GiB
Using FIFO scheduling algorithm.
Resources requested: 7.0/8 CPUs, 1.0/1 GPUs, 0.0/17.88 GiB heap, 0.0/8.94 GiB objects (0.0/1.0 accelerator_type:G)
Result logdir: /workspace/MARLlib/runs/rware_mappo_gru_small_20m_tensorboard/mappo_gru_rware-small-4ag-v2
Number of trials: 1/1 (1 RUNNING)
+------------------------------------------------------+----------+-------------------+--------+------------------+-------------+----------+----------------------+----------------------+--------------------+
| Trial name                                           | status   | loc               |   iter |   total time (s) |          ts |   reward |   episode_reward_max |   episode_reward_min |   episode_len_mean |
|------------------------------------------------------+----------+-------------------+--------+------------------+-------------+----------+----------------------+----------------------+--------------------|
| MAPPOTrainer_rware_v2_rware-small-4ag-v2_f1650_00000 | RUNNING  | 172.24.0.2:837006 |    849 |          2428.34 | 1.69732e+07 |     1.43 |                    6 |                    0 |                500 |
+------------------------------------------------------+----------+-------------------+--------+------------------+-------------+----------+----------------------+----------------------+--------------------+


== Status ==
Current time: 2026-05-22 21:10:57 (running for 00:41:24.51)
Memory usage on this node: 62.5/251.6 GiB
Using FIFO scheduling algorithm.
Resources requested: 7.0/8 CPUs, 1.0/1 GPUs, 0.0/17.88 GiB heap, 0.0/8.94 GiB objects (0.0/1.0 accelerator_type:G)
Result logdir: /workspace/MARLlib/runs/rware_mappo_gru_small_20m_tensorboard/mappo_gru_rware-small-4ag-v2
Number of trials: 1/1 (1 RUNNING)
+------------------------------------------------------+----------+-------------------+--------+------------------+-------------+----------+----------------------+----------------------+--------------------+
| Trial name                                           | status   | loc               |   iter |   total time (s) |          ts |   reward |   episode_reward_max |   episode_reward_min |   episode_len_mean |
|------------------------------------------------------+----------+-------------------+--------+------------------+-------------+----------+----------------------+----------------------+--------------------|
| MAPPOTrainer_rware_v2_rware-small-4ag-v2_f1650_00000 | RUNNING  | 172.24.0.2:837006 |    852 |          2448.63 | 1.70332e+07 |     1.33 |                    6 |                    0 |                500 |
+------------------------------------------------------+----------+-------------------+--------+------------------+-------------+----------+----------------------+----------------------+--------------------+


== Status ==
Current time: 2026-05-22 21:11:03 (running for 00:41:29.75)
Memory usage on this node: 62.5/251.6 GiB
Using FIFO scheduling algorithm.
Resources requested: 7.0/8 CPUs, 1.0/1 GPUs, 0.0/17.88 GiB heap, 0.0/8.94 GiB objects (0.0/1.0 accelerator_type:G)
Result logdir: /workspace/MARLlib/runs/rware_mappo_gru_small_20m_tensorboard/mappo_gru_rware-small-4ag-v2
Number of trials: 1/1 (1 RUNNING)
+------------------------------------------------------+----------+-------------------+--------+------------------+-------------+----------+----------------------+----------------------+--------------------+
| Trial name                                           | status   | loc               |   iter |   total time (s) |          ts |   reward |   episode_reward_max |   episode_reward_min |   episode_len_mean |
|------------------------------------------------------+----------+-------------------+--------+------------------+-------------+----------+----------------------+----------------------+--------------------|
| MAPPOTrainer_rware_v2_rware-small-4ag-v2_f1650_00000 | RUNNING  | 172.24.0.2:837006 |    854 |          2453.81 | 1.70732e+07 |     1.28 |                    6 |                    0 |                500 |
+------------------------------------------------------+----------+-------------------+--------+------------------+-------------+----------+----------------------+----------------------+--------------------+


== Status ==
Current time: 2026-05-22 21:11:08 (running for 00:41:34.95)
Memory usage on this node: 62.5/251.6 GiB
Using FIFO scheduling algorithm.
Resources requested: 7.0/8 CPUs, 1.0/1 GPUs, 0.0/17.88 GiB heap, 0.0/8.94 GiB objects (0.0/1.0 accelerator_type:G)
Result logdir: /workspace/MARLlib/runs/rware_mappo_gru_small_20m_tensorboard/mappo_gru_rware-small-4ag-v2
Number of trials: 1/1 (1 RUNNING)
+------------------------------------------------------+----------+-------------------+--------+------------------+-------------+----------+----------------------+----------------------+--------------------+
| Trial name                                           | status   | loc               |   iter |   total time (s) |          ts |   reward |   episode_reward_max |   episode_reward_min |   episode_len_mean |
|------------------------------------------------------+----------+-------------------+--------+------------------+-------------+----------+----------------------+----------------------+--------------------|
| MAPPOTrainer_rware_v2_rware-small-4ag-v2_f1650_00000 | RUNNING  | 172.24.0.2:837006 |    856 |          2458.96 | 1.71132e+07 |     1.39 |                    6 |                    0 |                500 |
+------------------------------------------------------+----------+-------------------+--------+------------------+-------------+----------+----------------------+----------------------+--------------------+


== Status ==
Current time: 2026-05-22 21:11:13 (running for 00:41:40.25)
Memory usage on this node: 62.5/251.6 GiB
Using FIFO scheduling algorithm.
Resources requested: 7.0/8 CPUs, 1.0/1 GPUs, 0.0/17.88 GiB heap, 0.0/8.94 GiB objects (0.0/1.0 accelerator_type:G)
Result logdir: /workspace/MARLlib/runs/rware_mappo_gru_small_20m_tensorboard/mappo_gru_rware-small-4ag-v2
Number of trials: 1/1 (1 RUNNING)
+------------------------------------------------------+----------+-------------------+--------+------------------+-------------+----------+----------------------+----------------------+--------------------+
| Trial name                                           | status   | loc               |   iter |   total time (s) |          ts |   reward |   episode_reward_max |   episode_reward_min |   episode_len_mean |
|------------------------------------------------------+----------+-------------------+--------+------------------+-------------+----------+----------------------+----------------------+--------------------|
| MAPPOTrainer_rware_v2_rware-small-4ag-v2_f1650_00000 | RUNNING  | 172.24.0.2:837006 |    858 |           2464.2 | 1.71531e+07 |      1.4 |                    4 |                    0 |                500 |
+------------------------------------------------------+----------+-------------------+--------+------------------+-------------+----------+----------------------+----------------------+--------------------+


== Status ==
Current time: 2026-05-22 21:11:18 (running for 00:41:45.46)
Memory usage on this node: 62.5/251.6 GiB
Using FIFO scheduling algorithm.
Resources requested: 7.0/8 CPUs, 1.0/1 GPUs, 0.0/17.88 GiB heap, 0.0/8.94 GiB objects (0.0/1.0 accelerator_type:G)
Result logdir: /workspace/MARLlib/runs/rware_mappo_gru_small_20m_tensorboard/mappo_gru_rware-small-4ag-v2
Number of trials: 1/1 (1 RUNNING)
+------------------------------------------------------+----------+-------------------+--------+------------------+-------------+----------+----------------------+----------------------+--------------------+
| Trial name                                           | status   | loc               |   iter |   total time (s) |          ts |   reward |   episode_reward_max |   episode_reward_min |   episode_len_mean |
|------------------------------------------------------+----------+-------------------+--------+------------------+-------------+----------+----------------------+----------------------+--------------------|
| MAPPOTrainer_rware_v2_rware-small-4ag-v2_f1650_00000 | RUNNING  | 172.24.0.2:837006 |    860 |          2469.36 | 1.71931e+07 |     1.43 |                    4 |                    0 |                500 |
+------------------------------------------------------+----------+-------------------+--------+------------------+-------------+----------+----------------------+----------------------+--------------------+


== Status ==
Current time: 2026-05-22 21:11:24 (running for 00:41:50.77)
Memory usage on this node: 62.5/251.6 GiB
Using FIFO scheduling algorithm.
Resources requested: 7.0/8 CPUs, 1.0/1 GPUs, 0.0/17.88 GiB heap, 0.0/8.94 GiB objects (0.0/1.0 accelerator_type:G)
Result logdir: /workspace/MARLlib/runs/rware_mappo_gru_small_20m_tensorboard/mappo_gru_rware-small-4ag-v2
Number of trials: 1/1 (1 RUNNING)
+------------------------------------------------------+----------+-------------------+--------+------------------+-------------+----------+----------------------+----------------------+--------------------+
| Trial name                                           | status   | loc               |   iter |   total time (s) |          ts |   reward |   episode_reward_max |   episode_reward_min |   episode_len_mean |
|------------------------------------------------------+----------+-------------------+--------+------------------+-------------+----------+----------------------+----------------------+--------------------|
| MAPPOTrainer_rware_v2_rware-small-4ag-v2_f1650_00000 | RUNNING  | 172.24.0.2:837006 |    862 |          2474.61 | 1.72331e+07 |     1.67 |                    4 |                    0 |                500 |
+------------------------------------------------------+----------+-------------------+--------+------------------+-------------+----------+----------------------+----------------------+--------------------+


== Status ==
Current time: 2026-05-22 21:11:29 (running for 00:41:55.94)
Memory usage on this node: 62.5/251.6 GiB
Using FIFO scheduling algorithm.
Resources requested: 7.0/8 CPUs, 1.0/1 GPUs, 0.0/17.88 GiB heap, 0.0/8.94 GiB objects (0.0/1.0 accelerator_type:G)
Result logdir: /workspace/MARLlib/runs/rware_mappo_gru_small_20m_tensorboard/mappo_gru_rware-small-4ag-v2
Number of trials: 1/1 (1 RUNNING)
+------------------------------------------------------+----------+-------------------+--------+------------------+-------------+----------+----------------------+----------------------+--------------------+
| Trial name                                           | status   | loc               |   iter |   total time (s) |          ts |   reward |   episode_reward_max |   episode_reward_min |   episode_len_mean |
|------------------------------------------------------+----------+-------------------+--------+------------------+-------------+----------+----------------------+----------------------+--------------------|
| MAPPOTrainer_rware_v2_rware-small-4ag-v2_f1650_00000 | RUNNING  | 172.24.0.2:837006 |    864 |          2479.73 | 1.72731e+07 |     1.76 |                    4 |                    0 |                500 |
+------------------------------------------------------+----------+-------------------+--------+------------------+-------------+----------+----------------------+----------------------+--------------------+


== Status ==
Current time: 2026-05-22 21:11:34 (running for 00:42:01.27)
Memory usage on this node: 62.5/251.6 GiB
Using FIFO scheduling algorithm.
Resources requested: 7.0/8 CPUs, 1.0/1 GPUs, 0.0/17.88 GiB heap, 0.0/8.94 GiB objects (0.0/1.0 accelerator_type:G)
Result logdir: /workspace/MARLlib/runs/rware_mappo_gru_small_20m_tensorboard/mappo_gru_rware-small-4ag-v2
Number of trials: 1/1 (1 RUNNING)
+------------------------------------------------------+----------+-------------------+--------+------------------+-------------+----------+----------------------+----------------------+--------------------+
| Trial name                                           | status   | loc               |   iter |   total time (s) |          ts |   reward |   episode_reward_max |   episode_reward_min |   episode_len_mean |
|------------------------------------------------------+----------+-------------------+--------+------------------+-------------+----------+----------------------+----------------------+--------------------|
| MAPPOTrainer_rware_v2_rware-small-4ag-v2_f1650_00000 | RUNNING  | 172.24.0.2:837006 |    866 |             2485 | 1.73131e+07 |     1.66 |                    4 |                    0 |                500 |
+------------------------------------------------------+----------+-------------------+--------+------------------+-------------+----------+----------------------+----------------------+--------------------+


== Status ==
Current time: 2026-05-22 21:11:39 (running for 00:42:06.51)
Memory usage on this node: 62.5/251.6 GiB
Using FIFO scheduling algorithm.
Resources requested: 7.0/8 CPUs, 1.0/1 GPUs, 0.0/17.88 GiB heap, 0.0/8.94 GiB objects (0.0/1.0 accelerator_type:G)
Result logdir: /workspace/MARLlib/runs/rware_mappo_gru_small_20m_tensorboard/mappo_gru_rware-small-4ag-v2
Number of trials: 1/1 (1 RUNNING)
+------------------------------------------------------+----------+-------------------+--------+------------------+-------------+----------+----------------------+----------------------+--------------------+
| Trial name                                           | status   | loc               |   iter |   total time (s) |          ts |   reward |   episode_reward_max |   episode_reward_min |   episode_len_mean |
|------------------------------------------------------+----------+-------------------+--------+------------------+-------------+----------+----------------------+----------------------+--------------------|
| MAPPOTrainer_rware_v2_rware-small-4ag-v2_f1650_00000 | RUNNING  | 172.24.0.2:837006 |    868 |          2490.18 | 1.73531e+07 |      1.7 |                    4 |                    0 |                500 |
+------------------------------------------------------+----------+-------------------+--------+------------------+-------------+----------+----------------------+----------------------+--------------------+


== Status ==
Current time: 2026-05-22 21:11:45 (running for 00:42:11.83)
Memory usage on this node: 62.5/251.6 GiB
Using FIFO scheduling algorithm.
Resources requested: 7.0/8 CPUs, 1.0/1 GPUs, 0.0/17.88 GiB heap, 0.0/8.94 GiB objects (0.0/1.0 accelerator_type:G)
Result logdir: /workspace/MARLlib/runs/rware_mappo_gru_small_20m_tensorboard/mappo_gru_rware-small-4ag-v2
Number of trials: 1/1 (1 RUNNING)
+------------------------------------------------------+----------+-------------------+--------+------------------+------------+----------+----------------------+----------------------+--------------------+
| Trial name                                           | status   | loc               |   iter |   total time (s) |         ts |   reward |   episode_reward_max |   episode_reward_min |   episode_len_mean |
|------------------------------------------------------+----------+-------------------+--------+------------------+------------+----------+----------------------+----------------------+--------------------|
| MAPPOTrainer_rware_v2_rware-small-4ag-v2_f1650_00000 | RUNNING  | 172.24.0.2:837006 |    870 |          2495.44 | 1.7393e+07 |      1.7 |                    4 |                    0 |                500 |
+------------------------------------------------------+----------+-------------------+--------+------------------+------------+----------+----------------------+----------------------+--------------------+


== Status ==
Current time: 2026-05-22 21:11:50 (running for 00:42:17.09)
Memory usage on this node: 62.4/251.6 GiB
Using FIFO scheduling algorithm.
Resources requested: 7.0/8 CPUs, 1.0/1 GPUs, 0.0/17.88 GiB heap, 0.0/8.94 GiB objects (0.0/1.0 accelerator_type:G)
Result logdir: /workspace/MARLlib/runs/rware_mappo_gru_small_20m_tensorboard/mappo_gru_rware-small-4ag-v2
Number of trials: 1/1 (1 RUNNING)
+------------------------------------------------------+----------+-------------------+--------+------------------+------------+----------+----------------------+----------------------+--------------------+
| Trial name                                           | status   | loc               |   iter |   total time (s) |         ts |   reward |   episode_reward_max |   episode_reward_min |   episode_len_mean |
|------------------------------------------------------+----------+-------------------+--------+------------------+------------+----------+----------------------+----------------------+--------------------|
| MAPPOTrainer_rware_v2_rware-small-4ag-v2_f1650_00000 | RUNNING  | 172.24.0.2:837006 |    872 |          2500.64 | 1.7433e+07 |     1.57 |                    4 |                    0 |                500 |
+------------------------------------------------------+----------+-------------------+--------+------------------+------------+----------+----------------------+----------------------+--------------------+


== Status ==
Current time: 2026-05-22 21:11:55 (running for 00:42:22.52)
Memory usage on this node: 62.5/251.6 GiB
Using FIFO scheduling algorithm.
Resources requested: 7.0/8 CPUs, 1.0/1 GPUs, 0.0/17.88 GiB heap, 0.0/8.94 GiB objects (0.0/1.0 accelerator_type:G)
Result logdir: /workspace/MARLlib/runs/rware_mappo_gru_small_20m_tensorboard/mappo_gru_rware-small-4ag-v2
Number of trials: 1/1 (1 RUNNING)
+------------------------------------------------------+----------+-------------------+--------+------------------+------------+----------+----------------------+----------------------+--------------------+
| Trial name                                           | status   | loc               |   iter |   total time (s) |         ts |   reward |   episode_reward_max |   episode_reward_min |   episode_len_mean |
|------------------------------------------------------+----------+-------------------+--------+------------------+------------+----------+----------------------+----------------------+--------------------|
| MAPPOTrainer_rware_v2_rware-small-4ag-v2_f1650_00000 | RUNNING  | 172.24.0.2:837006 |    874 |          2506.01 | 1.7473e+07 |     1.53 |                    4 |                    0 |                500 |
+------------------------------------------------------+----------+-------------------+--------+------------------+------------+----------+----------------------+----------------------+--------------------+


== Status ==
Current time: 2026-05-22 21:12:01 (running for 00:42:27.87)
Memory usage on this node: 62.5/251.6 GiB
Using FIFO scheduling algorithm.
Resources requested: 7.0/8 CPUs, 1.0/1 GPUs, 0.0/17.88 GiB heap, 0.0/8.94 GiB objects (0.0/1.0 accelerator_type:G)
Result logdir: /workspace/MARLlib/runs/rware_mappo_gru_small_20m_tensorboard/mappo_gru_rware-small-4ag-v2
Number of trials: 1/1 (1 RUNNING)
+------------------------------------------------------+----------+-------------------+--------+------------------+------------+----------+----------------------+----------------------+--------------------+
| Trial name                                           | status   | loc               |   iter |   total time (s) |         ts |   reward |   episode_reward_max |   episode_reward_min |   episode_len_mean |
|------------------------------------------------------+----------+-------------------+--------+------------------+------------+----------+----------------------+----------------------+--------------------|
| MAPPOTrainer_rware_v2_rware-small-4ag-v2_f1650_00000 | RUNNING  | 172.24.0.2:837006 |    876 |           2511.3 | 1.7513e+07 |     1.59 |                    4 |                    0 |                500 |
+------------------------------------------------------+----------+-------------------+--------+------------------+------------+----------+----------------------+----------------------+--------------------+


== Status ==
Current time: 2026-05-22 21:12:06 (running for 00:42:33.11)
Memory usage on this node: 62.5/251.6 GiB
Using FIFO scheduling algorithm.
Resources requested: 7.0/8 CPUs, 1.0/1 GPUs, 0.0/17.88 GiB heap, 0.0/8.94 GiB objects (0.0/1.0 accelerator_type:G)
Result logdir: /workspace/MARLlib/runs/rware_mappo_gru_small_20m_tensorboard/mappo_gru_rware-small-4ag-v2
Number of trials: 1/1 (1 RUNNING)
+------------------------------------------------------+----------+-------------------+--------+------------------+------------+----------+----------------------+----------------------+--------------------+
| Trial name                                           | status   | loc               |   iter |   total time (s) |         ts |   reward |   episode_reward_max |   episode_reward_min |   episode_len_mean |
|------------------------------------------------------+----------+-------------------+--------+------------------+------------+----------+----------------------+----------------------+--------------------|
| MAPPOTrainer_rware_v2_rware-small-4ag-v2_f1650_00000 | RUNNING  | 172.24.0.2:837006 |    878 |          2516.47 | 1.7553e+07 |     1.54 |                    4 |                    0 |                500 |
+------------------------------------------------------+----------+-------------------+--------+------------------+------------+----------+----------------------+----------------------+--------------------+


== Status ==
Current time: 2026-05-22 21:12:11 (running for 00:42:38.34)
Memory usage on this node: 62.5/251.6 GiB
Using FIFO scheduling algorithm.
Resources requested: 7.0/8 CPUs, 1.0/1 GPUs, 0.0/17.88 GiB heap, 0.0/8.94 GiB objects (0.0/1.0 accelerator_type:G)
Result logdir: /workspace/MARLlib/runs/rware_mappo_gru_small_20m_tensorboard/mappo_gru_rware-small-4ag-v2
Number of trials: 1/1 (1 RUNNING)
+------------------------------------------------------+----------+-------------------+--------+------------------+------------+----------+----------------------+----------------------+--------------------+
| Trial name                                           | status   | loc               |   iter |   total time (s) |         ts |   reward |   episode_reward_max |   episode_reward_min |   episode_len_mean |
|------------------------------------------------------+----------+-------------------+--------+------------------+------------+----------+----------------------+----------------------+--------------------|
| MAPPOTrainer_rware_v2_rware-small-4ag-v2_f1650_00000 | RUNNING  | 172.24.0.2:837006 |    880 |          2521.64 | 1.7593e+07 |     1.55 |                    4 |                    0 |                500 |
+------------------------------------------------------+----------+-------------------+--------+------------------+------------+----------+----------------------+----------------------+--------------------+


== Status ==
Current time: 2026-05-22 21:12:17 (running for 00:42:43.56)
Memory usage on this node: 62.5/251.6 GiB
Using FIFO scheduling algorithm.
Resources requested: 7.0/8 CPUs, 1.0/1 GPUs, 0.0/17.88 GiB heap, 0.0/8.94 GiB objects (0.0/1.0 accelerator_type:G)
Result logdir: /workspace/MARLlib/runs/rware_mappo_gru_small_20m_tensorboard/mappo_gru_rware-small-4ag-v2
Number of trials: 1/1 (1 RUNNING)
+------------------------------------------------------+----------+-------------------+--------+------------------+-------------+----------+----------------------+----------------------+--------------------+
| Trial name                                           | status   | loc               |   iter |   total time (s) |          ts |   reward |   episode_reward_max |   episode_reward_min |   episode_len_mean |
|------------------------------------------------------+----------+-------------------+--------+------------------+-------------+----------+----------------------+----------------------+--------------------|
| MAPPOTrainer_rware_v2_rware-small-4ag-v2_f1650_00000 | RUNNING  | 172.24.0.2:837006 |    882 |          2526.81 | 1.76329e+07 |     1.61 |                    4 |                    0 |                500 |
+------------------------------------------------------+----------+-------------------+--------+------------------+-------------+----------+----------------------+----------------------+--------------------+


== Status ==
Current time: 2026-05-22 21:12:22 (running for 00:42:48.81)
Memory usage on this node: 62.5/251.6 GiB
Using FIFO scheduling algorithm.
Resources requested: 7.0/8 CPUs, 1.0/1 GPUs, 0.0/17.88 GiB heap, 0.0/8.94 GiB objects (0.0/1.0 accelerator_type:G)
Result logdir: /workspace/MARLlib/runs/rware_mappo_gru_small_20m_tensorboard/mappo_gru_rware-small-4ag-v2
Number of trials: 1/1 (1 RUNNING)
+------------------------------------------------------+----------+-------------------+--------+------------------+-------------+----------+----------------------+----------------------+--------------------+
| Trial name                                           | status   | loc               |   iter |   total time (s) |          ts |   reward |   episode_reward_max |   episode_reward_min |   episode_len_mean |
|------------------------------------------------------+----------+-------------------+--------+------------------+-------------+----------+----------------------+----------------------+--------------------|
| MAPPOTrainer_rware_v2_rware-small-4ag-v2_f1650_00000 | RUNNING  | 172.24.0.2:837006 |    884 |          2531.99 | 1.76729e+07 |     1.59 |                    4 |                    0 |                500 |
+------------------------------------------------------+----------+-------------------+--------+------------------+-------------+----------+----------------------+----------------------+--------------------+


== Status ==
Current time: 2026-05-22 21:12:27 (running for 00:42:54.09)
Memory usage on this node: 62.5/251.6 GiB
Using FIFO scheduling algorithm.
Resources requested: 7.0/8 CPUs, 1.0/1 GPUs, 0.0/17.88 GiB heap, 0.0/8.94 GiB objects (0.0/1.0 accelerator_type:G)
Result logdir: /workspace/MARLlib/runs/rware_mappo_gru_small_20m_tensorboard/mappo_gru_rware-small-4ag-v2
Number of trials: 1/1 (1 RUNNING)
+------------------------------------------------------+----------+-------------------+--------+------------------+-------------+----------+----------------------+----------------------+--------------------+
| Trial name                                           | status   | loc               |   iter |   total time (s) |          ts |   reward |   episode_reward_max |   episode_reward_min |   episode_len_mean |
|------------------------------------------------------+----------+-------------------+--------+------------------+-------------+----------+----------------------+----------------------+--------------------|
| MAPPOTrainer_rware_v2_rware-small-4ag-v2_f1650_00000 | RUNNING  | 172.24.0.2:837006 |    886 |          2537.22 | 1.77129e+07 |     1.67 |                    4 |                    0 |                500 |
+------------------------------------------------------+----------+-------------------+--------+------------------+-------------+----------+----------------------+----------------------+--------------------+


== Status ==
Current time: 2026-05-22 21:12:32 (running for 00:42:59.29)
Memory usage on this node: 62.5/251.6 GiB
Using FIFO scheduling algorithm.
Resources requested: 7.0/8 CPUs, 1.0/1 GPUs, 0.0/17.88 GiB heap, 0.0/8.94 GiB objects (0.0/1.0 accelerator_type:G)
Result logdir: /workspace/MARLlib/runs/rware_mappo_gru_small_20m_tensorboard/mappo_gru_rware-small-4ag-v2
Number of trials: 1/1 (1 RUNNING)
+------------------------------------------------------+----------+-------------------+--------+------------------+-------------+----------+----------------------+----------------------+--------------------+
| Trial name                                           | status   | loc               |   iter |   total time (s) |          ts |   reward |   episode_reward_max |   episode_reward_min |   episode_len_mean |
|------------------------------------------------------+----------+-------------------+--------+------------------+-------------+----------+----------------------+----------------------+--------------------|
| MAPPOTrainer_rware_v2_rware-small-4ag-v2_f1650_00000 | RUNNING  | 172.24.0.2:837006 |    888 |          2542.37 | 1.77529e+07 |     1.76 |                    4 |                    0 |                500 |
+------------------------------------------------------+----------+-------------------+--------+------------------+-------------+----------+----------------------+----------------------+--------------------+


== Status ==
Current time: 2026-05-22 21:12:37 (running for 00:43:04.40)
Memory usage on this node: 62.5/251.6 GiB
Using FIFO scheduling algorithm.
Resources requested: 7.0/8 CPUs, 1.0/1 GPUs, 0.0/17.88 GiB heap, 0.0/8.94 GiB objects (0.0/1.0 accelerator_type:G)
Result logdir: /workspace/MARLlib/runs/rware_mappo_gru_small_20m_tensorboard/mappo_gru_rware-small-4ag-v2
Number of trials: 1/1 (1 RUNNING)
+------------------------------------------------------+----------+-------------------+--------+------------------+-------------+----------+----------------------+----------------------+--------------------+
| Trial name                                           | status   | loc               |   iter |   total time (s) |          ts |   reward |   episode_reward_max |   episode_reward_min |   episode_len_mean |
|------------------------------------------------------+----------+-------------------+--------+------------------+-------------+----------+----------------------+----------------------+--------------------|
| MAPPOTrainer_rware_v2_rware-small-4ag-v2_f1650_00000 | RUNNING  | 172.24.0.2:837006 |    890 |          2547.43 | 1.77929e+07 |     1.78 |                    6 |                    0 |                500 |
+------------------------------------------------------+----------+-------------------+--------+------------------+-------------+----------+----------------------+----------------------+--------------------+


== Status ==
Current time: 2026-05-22 21:12:43 (running for 00:43:09.69)
Memory usage on this node: 62.5/251.6 GiB
Using FIFO scheduling algorithm.
Resources requested: 7.0/8 CPUs, 1.0/1 GPUs, 0.0/17.88 GiB heap, 0.0/8.94 GiB objects (0.0/1.0 accelerator_type:G)
Result logdir: /workspace/MARLlib/runs/rware_mappo_gru_small_20m_tensorboard/mappo_gru_rware-small-4ag-v2
Number of trials: 1/1 (1 RUNNING)
+------------------------------------------------------+----------+-------------------+--------+------------------+-------------+----------+----------------------+----------------------+--------------------+
| Trial name                                           | status   | loc               |   iter |   total time (s) |          ts |   reward |   episode_reward_max |   episode_reward_min |   episode_len_mean |
|------------------------------------------------------+----------+-------------------+--------+------------------+-------------+----------+----------------------+----------------------+--------------------|
| MAPPOTrainer_rware_v2_rware-small-4ag-v2_f1650_00000 | RUNNING  | 172.24.0.2:837006 |    892 |          2552.66 | 1.78329e+07 |     1.74 |                    6 |                    0 |                500 |
+------------------------------------------------------+----------+-------------------+--------+------------------+-------------+----------+----------------------+----------------------+--------------------+


== Status ==
Current time: 2026-05-22 21:12:48 (running for 00:43:14.96)
Memory usage on this node: 62.7/251.6 GiB
Using FIFO scheduling algorithm.
Resources requested: 7.0/8 CPUs, 1.0/1 GPUs, 0.0/17.88 GiB heap, 0.0/8.94 GiB objects (0.0/1.0 accelerator_type:G)
Result logdir: /workspace/MARLlib/runs/rware_mappo_gru_small_20m_tensorboard/mappo_gru_rware-small-4ag-v2
Number of trials: 1/1 (1 RUNNING)
+------------------------------------------------------+----------+-------------------+--------+------------------+-------------+----------+----------------------+----------------------+--------------------+
| Trial name                                           | status   | loc               |   iter |   total time (s) |          ts |   reward |   episode_reward_max |   episode_reward_min |   episode_len_mean |
|------------------------------------------------------+----------+-------------------+--------+------------------+-------------+----------+----------------------+----------------------+--------------------|
| MAPPOTrainer_rware_v2_rware-small-4ag-v2_f1650_00000 | RUNNING  | 172.24.0.2:837006 |    894 |          2557.87 | 1.78728e+07 |      1.8 |                    6 |                    0 |                500 |
+------------------------------------------------------+----------+-------------------+--------+------------------+-------------+----------+----------------------+----------------------+--------------------+


== Status ==
Current time: 2026-05-22 21:12:53 (running for 00:43:20.21)
Memory usage on this node: 62.5/251.6 GiB
Using FIFO scheduling algorithm.
Resources requested: 7.0/8 CPUs, 1.0/1 GPUs, 0.0/17.88 GiB heap, 0.0/8.94 GiB objects (0.0/1.0 accelerator_type:G)
Result logdir: /workspace/MARLlib/runs/rware_mappo_gru_small_20m_tensorboard/mappo_gru_rware-small-4ag-v2
Number of trials: 1/1 (1 RUNNING)
+------------------------------------------------------+----------+-------------------+--------+------------------+-------------+----------+----------------------+----------------------+--------------------+
| Trial name                                           | status   | loc               |   iter |   total time (s) |          ts |   reward |   episode_reward_max |   episode_reward_min |   episode_len_mean |
|------------------------------------------------------+----------+-------------------+--------+------------------+-------------+----------+----------------------+----------------------+--------------------|
| MAPPOTrainer_rware_v2_rware-small-4ag-v2_f1650_00000 | RUNNING  | 172.24.0.2:837006 |    896 |          2563.08 | 1.79128e+07 |     1.84 |                    6 |                    0 |                500 |
+------------------------------------------------------+----------+-------------------+--------+------------------+-------------+----------+----------------------+----------------------+--------------------+


== Status ==
Current time: 2026-05-22 21:12:58 (running for 00:43:25.28)
Memory usage on this node: 62.5/251.6 GiB
Using FIFO scheduling algorithm.
Resources requested: 7.0/8 CPUs, 1.0/1 GPUs, 0.0/17.88 GiB heap, 0.0/8.94 GiB objects (0.0/1.0 accelerator_type:G)
Result logdir: /workspace/MARLlib/runs/rware_mappo_gru_small_20m_tensorboard/mappo_gru_rware-small-4ag-v2
Number of trials: 1/1 (1 RUNNING)
+------------------------------------------------------+----------+-------------------+--------+------------------+-------------+----------+----------------------+----------------------+--------------------+
| Trial name                                           | status   | loc               |   iter |   total time (s) |          ts |   reward |   episode_reward_max |   episode_reward_min |   episode_len_mean |
|------------------------------------------------------+----------+-------------------+--------+------------------+-------------+----------+----------------------+----------------------+--------------------|
| MAPPOTrainer_rware_v2_rware-small-4ag-v2_f1650_00000 | RUNNING  | 172.24.0.2:837006 |    898 |          2568.09 | 1.79528e+07 |     1.89 |                    6 |                    0 |                500 |
+------------------------------------------------------+----------+-------------------+--------+------------------+-------------+----------+----------------------+----------------------+--------------------+


== Status ==
Current time: 2026-05-22 21:13:04 (running for 00:43:30.93)
Memory usage on this node: 62.5/251.6 GiB
Using FIFO scheduling algorithm.
Resources requested: 7.0/8 CPUs, 1.0/1 GPUs, 0.0/17.88 GiB heap, 0.0/8.94 GiB objects (0.0/1.0 accelerator_type:G)
Result logdir: /workspace/MARLlib/runs/rware_mappo_gru_small_20m_tensorboard/mappo_gru_rware-small-4ag-v2
Number of trials: 1/1 (1 RUNNING)
+------------------------------------------------------+----------+-------------------+--------+------------------+-------------+----------+----------------------+----------------------+--------------------+
| Trial name                                           | status   | loc               |   iter |   total time (s) |          ts |   reward |   episode_reward_max |   episode_reward_min |   episode_len_mean |
|------------------------------------------------------+----------+-------------------+--------+------------------+-------------+----------+----------------------+----------------------+--------------------|
| MAPPOTrainer_rware_v2_rware-small-4ag-v2_f1650_00000 | RUNNING  | 172.24.0.2:837006 |    899 |          2570.71 | 1.79728e+07 |     1.83 |                    4 |                    0 |                500 |
+------------------------------------------------------+----------+-------------------+--------+------------------+-------------+----------+----------------------+----------------------+--------------------+


== Status ==
Current time: 2026-05-22 21:13:09 (running for 00:43:35.94)
Memory usage on this node: 62.5/251.6 GiB
Using FIFO scheduling algorithm.
Resources requested: 7.0/8 CPUs, 1.0/1 GPUs, 0.0/17.88 GiB heap, 0.0/8.94 GiB objects (0.0/1.0 accelerator_type:G)
Result logdir: /workspace/MARLlib/runs/rware_mappo_gru_small_20m_tensorboard/mappo_gru_rware-small-4ag-v2
Number of trials: 1/1 (1 RUNNING)
+------------------------------------------------------+----------+-------------------+--------+------------------+-------------+----------+----------------------+----------------------+--------------------+
| Trial name                                           | status   | loc               |   iter |   total time (s) |          ts |   reward |   episode_reward_max |   episode_reward_min |   episode_len_mean |
|------------------------------------------------------+----------+-------------------+--------+------------------+-------------+----------+----------------------+----------------------+--------------------|
| MAPPOTrainer_rware_v2_rware-small-4ag-v2_f1650_00000 | RUNNING  | 172.24.0.2:837006 |    899 |          2570.71 | 1.79728e+07 |     1.83 |                    4 |                    0 |                500 |
+------------------------------------------------------+----------+-------------------+--------+------------------+-------------+----------+----------------------+----------------------+--------------------+


== Status ==
Current time: 2026-05-22 21:13:14 (running for 00:43:40.94)
Memory usage on this node: 62.5/251.6 GiB
Using FIFO scheduling algorithm.
Resources requested: 7.0/8 CPUs, 1.0/1 GPUs, 0.0/17.88 GiB heap, 0.0/8.94 GiB objects (0.0/1.0 accelerator_type:G)
Result logdir: /workspace/MARLlib/runs/rware_mappo_gru_small_20m_tensorboard/mappo_gru_rware-small-4ag-v2
Number of trials: 1/1 (1 RUNNING)
+------------------------------------------------------+----------+-------------------+--------+------------------+-------------+----------+----------------------+----------------------+--------------------+
| Trial name                                           | status   | loc               |   iter |   total time (s) |          ts |   reward |   episode_reward_max |   episode_reward_min |   episode_len_mean |
|------------------------------------------------------+----------+-------------------+--------+------------------+-------------+----------+----------------------+----------------------+--------------------|
| MAPPOTrainer_rware_v2_rware-small-4ag-v2_f1650_00000 | RUNNING  | 172.24.0.2:837006 |    899 |          2570.71 | 1.79728e+07 |     1.83 |                    4 |                    0 |                500 |
+------------------------------------------------------+----------+-------------------+--------+------------------+-------------+----------+----------------------+----------------------+--------------------+


== Status ==
Current time: 2026-05-22 21:13:20 (running for 00:43:46.93)
Memory usage on this node: 62.6/251.6 GiB
Using FIFO scheduling algorithm.
Resources requested: 7.0/8 CPUs, 1.0/1 GPUs, 0.0/17.88 GiB heap, 0.0/8.94 GiB objects (0.0/1.0 accelerator_type:G)
Result logdir: /workspace/MARLlib/runs/rware_mappo_gru_small_20m_tensorboard/mappo_gru_rware-small-4ag-v2
Number of trials: 1/1 (1 RUNNING)
+------------------------------------------------------+----------+-------------------+--------+------------------+-------------+----------+----------------------+----------------------+--------------------+
| Trial name                                           | status   | loc               |   iter |   total time (s) |          ts |   reward |   episode_reward_max |   episode_reward_min |   episode_len_mean |
|------------------------------------------------------+----------+-------------------+--------+------------------+-------------+----------+----------------------+----------------------+--------------------|
| MAPPOTrainer_rware_v2_rware-small-4ag-v2_f1650_00000 | RUNNING  | 172.24.0.2:837006 |    901 |          2588.62 | 1.80128e+07 |     1.97 |                    4 |                    0 |                500 |
+------------------------------------------------------+----------+-------------------+--------+------------------+-------------+----------+----------------------+----------------------+--------------------+


== Status ==
Current time: 2026-05-22 21:13:25 (running for 00:43:52.19)
Memory usage on this node: 62.8/251.6 GiB
Using FIFO scheduling algorithm.
Resources requested: 7.0/8 CPUs, 1.0/1 GPUs, 0.0/17.88 GiB heap, 0.0/8.94 GiB objects (0.0/1.0 accelerator_type:G)
Result logdir: /workspace/MARLlib/runs/rware_mappo_gru_small_20m_tensorboard/mappo_gru_rware-small-4ag-v2
Number of trials: 1/1 (1 RUNNING)
+------------------------------------------------------+----------+-------------------+--------+------------------+-------------+----------+----------------------+----------------------+--------------------+
| Trial name                                           | status   | loc               |   iter |   total time (s) |          ts |   reward |   episode_reward_max |   episode_reward_min |   episode_len_mean |
|------------------------------------------------------+----------+-------------------+--------+------------------+-------------+----------+----------------------+----------------------+--------------------|
| MAPPOTrainer_rware_v2_rware-small-4ag-v2_f1650_00000 | RUNNING  | 172.24.0.2:837006 |    903 |          2593.83 | 1.80528e+07 |     2.11 |                    4 |                    0 |                500 |
+------------------------------------------------------+----------+-------------------+--------+------------------+-------------+----------+----------------------+----------------------+--------------------+


== Status ==
Current time: 2026-05-22 21:13:31 (running for 00:43:57.70)
Memory usage on this node: 62.6/251.6 GiB
Using FIFO scheduling algorithm.
Resources requested: 7.0/8 CPUs, 1.0/1 GPUs, 0.0/17.88 GiB heap, 0.0/8.94 GiB objects (0.0/1.0 accelerator_type:G)
Result logdir: /workspace/MARLlib/runs/rware_mappo_gru_small_20m_tensorboard/mappo_gru_rware-small-4ag-v2
Number of trials: 1/1 (1 RUNNING)
+------------------------------------------------------+----------+-------------------+--------+------------------+-------------+----------+----------------------+----------------------+--------------------+
| Trial name                                           | status   | loc               |   iter |   total time (s) |          ts |   reward |   episode_reward_max |   episode_reward_min |   episode_len_mean |
|------------------------------------------------------+----------+-------------------+--------+------------------+-------------+----------+----------------------+----------------------+--------------------|
| MAPPOTrainer_rware_v2_rware-small-4ag-v2_f1650_00000 | RUNNING  | 172.24.0.2:837006 |    905 |          2599.28 | 1.80928e+07 |     2.13 |                    4 |                    0 |                500 |
+------------------------------------------------------+----------+-------------------+--------+------------------+-------------+----------+----------------------+----------------------+--------------------+


== Status ==
Current time: 2026-05-22 21:13:36 (running for 00:44:03.22)
Memory usage on this node: 62.5/251.6 GiB
Using FIFO scheduling algorithm.
Resources requested: 7.0/8 CPUs, 1.0/1 GPUs, 0.0/17.88 GiB heap, 0.0/8.94 GiB objects (0.0/1.0 accelerator_type:G)
Result logdir: /workspace/MARLlib/runs/rware_mappo_gru_small_20m_tensorboard/mappo_gru_rware-small-4ag-v2
Number of trials: 1/1 (1 RUNNING)
+------------------------------------------------------+----------+-------------------+--------+------------------+-------------+----------+----------------------+----------------------+--------------------+
| Trial name                                           | status   | loc               |   iter |   total time (s) |          ts |   reward |   episode_reward_max |   episode_reward_min |   episode_len_mean |
|------------------------------------------------------+----------+-------------------+--------+------------------+-------------+----------+----------------------+----------------------+--------------------|
| MAPPOTrainer_rware_v2_rware-small-4ag-v2_f1650_00000 | RUNNING  | 172.24.0.2:837006 |    907 |          2604.74 | 1.81327e+07 |     2.06 |                    4 |                    0 |                500 |
+------------------------------------------------------+----------+-------------------+--------+------------------+-------------+----------+----------------------+----------------------+--------------------+


== Status ==
Current time: 2026-05-22 21:13:41 (running for 00:44:08.28)
Memory usage on this node: 62.5/251.6 GiB
Using FIFO scheduling algorithm.
Resources requested: 7.0/8 CPUs, 1.0/1 GPUs, 0.0/17.88 GiB heap, 0.0/8.94 GiB objects (0.0/1.0 accelerator_type:G)
Result logdir: /workspace/MARLlib/runs/rware_mappo_gru_small_20m_tensorboard/mappo_gru_rware-small-4ag-v2
Number of trials: 1/1 (1 RUNNING)
+------------------------------------------------------+----------+-------------------+--------+------------------+-------------+----------+----------------------+----------------------+--------------------+
| Trial name                                           | status   | loc               |   iter |   total time (s) |          ts |   reward |   episode_reward_max |   episode_reward_min |   episode_len_mean |
|------------------------------------------------------+----------+-------------------+--------+------------------+-------------+----------+----------------------+----------------------+--------------------|
| MAPPOTrainer_rware_v2_rware-small-4ag-v2_f1650_00000 | RUNNING  | 172.24.0.2:837006 |    909 |          2609.74 | 1.81727e+07 |     1.99 |                    4 |                    0 |                500 |
+------------------------------------------------------+----------+-------------------+--------+------------------+-------------+----------+----------------------+----------------------+--------------------+


== Status ==
Current time: 2026-05-22 21:13:47 (running for 00:44:13.55)
Memory usage on this node: 62.6/251.6 GiB
Using FIFO scheduling algorithm.
Resources requested: 7.0/8 CPUs, 1.0/1 GPUs, 0.0/17.88 GiB heap, 0.0/8.94 GiB objects (0.0/1.0 accelerator_type:G)
Result logdir: /workspace/MARLlib/runs/rware_mappo_gru_small_20m_tensorboard/mappo_gru_rware-small-4ag-v2
Number of trials: 1/1 (1 RUNNING)
+------------------------------------------------------+----------+-------------------+--------+------------------+-------------+----------+----------------------+----------------------+--------------------+
| Trial name                                           | status   | loc               |   iter |   total time (s) |          ts |   reward |   episode_reward_max |   episode_reward_min |   episode_len_mean |
|------------------------------------------------------+----------+-------------------+--------+------------------+-------------+----------+----------------------+----------------------+--------------------|
| MAPPOTrainer_rware_v2_rware-small-4ag-v2_f1650_00000 | RUNNING  | 172.24.0.2:837006 |    911 |          2614.95 | 1.82127e+07 |     1.92 |                    4 |                    0 |                500 |
+------------------------------------------------------+----------+-------------------+--------+------------------+-------------+----------+----------------------+----------------------+--------------------+


== Status ==
Current time: 2026-05-22 21:13:52 (running for 00:44:18.68)
Memory usage on this node: 62.6/251.6 GiB
Using FIFO scheduling algorithm.
Resources requested: 7.0/8 CPUs, 1.0/1 GPUs, 0.0/17.88 GiB heap, 0.0/8.94 GiB objects (0.0/1.0 accelerator_type:G)
Result logdir: /workspace/MARLlib/runs/rware_mappo_gru_small_20m_tensorboard/mappo_gru_rware-small-4ag-v2
Number of trials: 1/1 (1 RUNNING)
+------------------------------------------------------+----------+-------------------+--------+------------------+-------------+----------+----------------------+----------------------+--------------------+
| Trial name                                           | status   | loc               |   iter |   total time (s) |          ts |   reward |   episode_reward_max |   episode_reward_min |   episode_len_mean |
|------------------------------------------------------+----------+-------------------+--------+------------------+-------------+----------+----------------------+----------------------+--------------------|
| MAPPOTrainer_rware_v2_rware-small-4ag-v2_f1650_00000 | RUNNING  | 172.24.0.2:837006 |    913 |          2620.02 | 1.82527e+07 |     1.78 |                    4 |                    0 |                500 |
+------------------------------------------------------+----------+-------------------+--------+------------------+-------------+----------+----------------------+----------------------+--------------------+


== Status ==
Current time: 2026-05-22 21:13:57 (running for 00:44:23.89)
Memory usage on this node: 62.8/251.6 GiB
Using FIFO scheduling algorithm.
Resources requested: 7.0/8 CPUs, 1.0/1 GPUs, 0.0/17.88 GiB heap, 0.0/8.94 GiB objects (0.0/1.0 accelerator_type:G)
Result logdir: /workspace/MARLlib/runs/rware_mappo_gru_small_20m_tensorboard/mappo_gru_rware-small-4ag-v2
Number of trials: 1/1 (1 RUNNING)
+------------------------------------------------------+----------+-------------------+--------+------------------+-------------+----------+----------------------+----------------------+--------------------+
| Trial name                                           | status   | loc               |   iter |   total time (s) |          ts |   reward |   episode_reward_max |   episode_reward_min |   episode_len_mean |
|------------------------------------------------------+----------+-------------------+--------+------------------+-------------+----------+----------------------+----------------------+--------------------|
| MAPPOTrainer_rware_v2_rware-small-4ag-v2_f1650_00000 | RUNNING  | 172.24.0.2:837006 |    915 |          2625.17 | 1.82927e+07 |     1.76 |                    4 |                    0 |                500 |
+------------------------------------------------------+----------+-------------------+--------+------------------+-------------+----------+----------------------+----------------------+--------------------+


== Status ==
Current time: 2026-05-22 21:14:02 (running for 00:44:29.13)
Memory usage on this node: 62.5/251.6 GiB
Using FIFO scheduling algorithm.
Resources requested: 7.0/8 CPUs, 1.0/1 GPUs, 0.0/17.88 GiB heap, 0.0/8.94 GiB objects (0.0/1.0 accelerator_type:G)
Result logdir: /workspace/MARLlib/runs/rware_mappo_gru_small_20m_tensorboard/mappo_gru_rware-small-4ag-v2
Number of trials: 1/1 (1 RUNNING)
+------------------------------------------------------+----------+-------------------+--------+------------------+-------------+----------+----------------------+----------------------+--------------------+
| Trial name                                           | status   | loc               |   iter |   total time (s) |          ts |   reward |   episode_reward_max |   episode_reward_min |   episode_len_mean |
|------------------------------------------------------+----------+-------------------+--------+------------------+-------------+----------+----------------------+----------------------+--------------------|
| MAPPOTrainer_rware_v2_rware-small-4ag-v2_f1650_00000 | RUNNING  | 172.24.0.2:837006 |    917 |          2630.37 | 1.83327e+07 |     1.76 |                    5 |                    0 |                500 |
+------------------------------------------------------+----------+-------------------+--------+------------------+-------------+----------+----------------------+----------------------+--------------------+


== Status ==
Current time: 2026-05-22 21:14:07 (running for 00:44:34.29)
Memory usage on this node: 62.6/251.6 GiB
Using FIFO scheduling algorithm.
Resources requested: 7.0/8 CPUs, 1.0/1 GPUs, 0.0/17.88 GiB heap, 0.0/8.94 GiB objects (0.0/1.0 accelerator_type:G)
Result logdir: /workspace/MARLlib/runs/rware_mappo_gru_small_20m_tensorboard/mappo_gru_rware-small-4ag-v2
Number of trials: 1/1 (1 RUNNING)
+------------------------------------------------------+----------+-------------------+--------+------------------+-------------+----------+----------------------+----------------------+--------------------+
| Trial name                                           | status   | loc               |   iter |   total time (s) |          ts |   reward |   episode_reward_max |   episode_reward_min |   episode_len_mean |
|------------------------------------------------------+----------+-------------------+--------+------------------+-------------+----------+----------------------+----------------------+--------------------|
| MAPPOTrainer_rware_v2_rware-small-4ag-v2_f1650_00000 | RUNNING  | 172.24.0.2:837006 |    919 |          2635.47 | 1.83726e+07 |     1.78 |                    5 |                    0 |                500 |
+------------------------------------------------------+----------+-------------------+--------+------------------+-------------+----------+----------------------+----------------------+--------------------+


== Status ==
Current time: 2026-05-22 21:14:12 (running for 00:44:39.51)
Memory usage on this node: 62.6/251.6 GiB
Using FIFO scheduling algorithm.
Resources requested: 7.0/8 CPUs, 1.0/1 GPUs, 0.0/17.88 GiB heap, 0.0/8.94 GiB objects (0.0/1.0 accelerator_type:G)
Result logdir: /workspace/MARLlib/runs/rware_mappo_gru_small_20m_tensorboard/mappo_gru_rware-small-4ag-v2
Number of trials: 1/1 (1 RUNNING)
+------------------------------------------------------+----------+-------------------+--------+------------------+-------------+----------+----------------------+----------------------+--------------------+
| Trial name                                           | status   | loc               |   iter |   total time (s) |          ts |   reward |   episode_reward_max |   episode_reward_min |   episode_len_mean |
|------------------------------------------------------+----------+-------------------+--------+------------------+-------------+----------+----------------------+----------------------+--------------------|
| MAPPOTrainer_rware_v2_rware-small-4ag-v2_f1650_00000 | RUNNING  | 172.24.0.2:837006 |    921 |          2640.63 | 1.84126e+07 |     1.87 |                    5 |                    0 |                500 |
+------------------------------------------------------+----------+-------------------+--------+------------------+-------------+----------+----------------------+----------------------+--------------------+


== Status ==
Current time: 2026-05-22 21:14:18 (running for 00:44:44.74)
Memory usage on this node: 62.6/251.6 GiB
Using FIFO scheduling algorithm.
Resources requested: 7.0/8 CPUs, 1.0/1 GPUs, 0.0/17.88 GiB heap, 0.0/8.94 GiB objects (0.0/1.0 accelerator_type:G)
Result logdir: /workspace/MARLlib/runs/rware_mappo_gru_small_20m_tensorboard/mappo_gru_rware-small-4ag-v2
Number of trials: 1/1 (1 RUNNING)
+------------------------------------------------------+----------+-------------------+--------+------------------+-------------+----------+----------------------+----------------------+--------------------+
| Trial name                                           | status   | loc               |   iter |   total time (s) |          ts |   reward |   episode_reward_max |   episode_reward_min |   episode_len_mean |
|------------------------------------------------------+----------+-------------------+--------+------------------+-------------+----------+----------------------+----------------------+--------------------|
| MAPPOTrainer_rware_v2_rware-small-4ag-v2_f1650_00000 | RUNNING  | 172.24.0.2:837006 |    923 |           2645.8 | 1.84526e+07 |     1.91 |                    5 |                    0 |                500 |
+------------------------------------------------------+----------+-------------------+--------+------------------+-------------+----------+----------------------+----------------------+--------------------+


== Status ==
Current time: 2026-05-22 21:14:23 (running for 00:44:50.09)
Memory usage on this node: 62.6/251.6 GiB
Using FIFO scheduling algorithm.
Resources requested: 7.0/8 CPUs, 1.0/1 GPUs, 0.0/17.88 GiB heap, 0.0/8.94 GiB objects (0.0/1.0 accelerator_type:G)
Result logdir: /workspace/MARLlib/runs/rware_mappo_gru_small_20m_tensorboard/mappo_gru_rware-small-4ag-v2
Number of trials: 1/1 (1 RUNNING)
+------------------------------------------------------+----------+-------------------+--------+------------------+-------------+----------+----------------------+----------------------+--------------------+
| Trial name                                           | status   | loc               |   iter |   total time (s) |          ts |   reward |   episode_reward_max |   episode_reward_min |   episode_len_mean |
|------------------------------------------------------+----------+-------------------+--------+------------------+-------------+----------+----------------------+----------------------+--------------------|
| MAPPOTrainer_rware_v2_rware-small-4ag-v2_f1650_00000 | RUNNING  | 172.24.0.2:837006 |    925 |          2651.08 | 1.84926e+07 |     1.89 |                    5 |                    0 |                500 |
+------------------------------------------------------+----------+-------------------+--------+------------------+-------------+----------+----------------------+----------------------+--------------------+


== Status ==
Current time: 2026-05-22 21:14:28 (running for 00:44:55.38)
Memory usage on this node: 62.6/251.6 GiB
Using FIFO scheduling algorithm.
Resources requested: 7.0/8 CPUs, 1.0/1 GPUs, 0.0/17.88 GiB heap, 0.0/8.94 GiB objects (0.0/1.0 accelerator_type:G)
Result logdir: /workspace/MARLlib/runs/rware_mappo_gru_small_20m_tensorboard/mappo_gru_rware-small-4ag-v2
Number of trials: 1/1 (1 RUNNING)
+------------------------------------------------------+----------+-------------------+--------+------------------+-------------+----------+----------------------+----------------------+--------------------+
| Trial name                                           | status   | loc               |   iter |   total time (s) |          ts |   reward |   episode_reward_max |   episode_reward_min |   episode_len_mean |
|------------------------------------------------------+----------+-------------------+--------+------------------+-------------+----------+----------------------+----------------------+--------------------|
| MAPPOTrainer_rware_v2_rware-small-4ag-v2_f1650_00000 | RUNNING  | 172.24.0.2:837006 |    927 |          2656.31 | 1.85326e+07 |     1.81 |                    4 |                    0 |                500 |
+------------------------------------------------------+----------+-------------------+--------+------------------+-------------+----------+----------------------+----------------------+--------------------+


== Status ==
Current time: 2026-05-22 21:14:34 (running for 00:45:00.67)
Memory usage on this node: 62.6/251.6 GiB
Using FIFO scheduling algorithm.
Resources requested: 7.0/8 CPUs, 1.0/1 GPUs, 0.0/17.88 GiB heap, 0.0/8.94 GiB objects (0.0/1.0 accelerator_type:G)
Result logdir: /workspace/MARLlib/runs/rware_mappo_gru_small_20m_tensorboard/mappo_gru_rware-small-4ag-v2
Number of trials: 1/1 (1 RUNNING)
+------------------------------------------------------+----------+-------------------+--------+------------------+-------------+----------+----------------------+----------------------+--------------------+
| Trial name                                           | status   | loc               |   iter |   total time (s) |          ts |   reward |   episode_reward_max |   episode_reward_min |   episode_len_mean |
|------------------------------------------------------+----------+-------------------+--------+------------------+-------------+----------+----------------------+----------------------+--------------------|
| MAPPOTrainer_rware_v2_rware-small-4ag-v2_f1650_00000 | RUNNING  | 172.24.0.2:837006 |    929 |          2661.54 | 1.85726e+07 |     1.76 |                    4 |                    0 |                500 |
+------------------------------------------------------+----------+-------------------+--------+------------------+-------------+----------+----------------------+----------------------+--------------------+


== Status ==
Current time: 2026-05-22 21:14:39 (running for 00:45:05.97)
Memory usage on this node: 62.6/251.6 GiB
Using FIFO scheduling algorithm.
Resources requested: 7.0/8 CPUs, 1.0/1 GPUs, 0.0/17.88 GiB heap, 0.0/8.94 GiB objects (0.0/1.0 accelerator_type:G)
Result logdir: /workspace/MARLlib/runs/rware_mappo_gru_small_20m_tensorboard/mappo_gru_rware-small-4ag-v2
Number of trials: 1/1 (1 RUNNING)
+------------------------------------------------------+----------+-------------------+--------+------------------+-------------+----------+----------------------+----------------------+--------------------+
| Trial name                                           | status   | loc               |   iter |   total time (s) |          ts |   reward |   episode_reward_max |   episode_reward_min |   episode_len_mean |
|------------------------------------------------------+----------+-------------------+--------+------------------+-------------+----------+----------------------+----------------------+--------------------|
| MAPPOTrainer_rware_v2_rware-small-4ag-v2_f1650_00000 | RUNNING  | 172.24.0.2:837006 |    931 |          2666.78 | 1.86126e+07 |      1.8 |                    4 |                    0 |                500 |
+------------------------------------------------------+----------+-------------------+--------+------------------+-------------+----------+----------------------+----------------------+--------------------+


== Status ==
Current time: 2026-05-22 21:14:44 (running for 00:45:11.17)
Memory usage on this node: 62.6/251.6 GiB
Using FIFO scheduling algorithm.
Resources requested: 7.0/8 CPUs, 1.0/1 GPUs, 0.0/17.88 GiB heap, 0.0/8.94 GiB objects (0.0/1.0 accelerator_type:G)
Result logdir: /workspace/MARLlib/runs/rware_mappo_gru_small_20m_tensorboard/mappo_gru_rware-small-4ag-v2
Number of trials: 1/1 (1 RUNNING)
+------------------------------------------------------+----------+-------------------+--------+------------------+-------------+----------+----------------------+----------------------+--------------------+
| Trial name                                           | status   | loc               |   iter |   total time (s) |          ts |   reward |   episode_reward_max |   episode_reward_min |   episode_len_mean |
|------------------------------------------------------+----------+-------------------+--------+------------------+-------------+----------+----------------------+----------------------+--------------------|
| MAPPOTrainer_rware_v2_rware-small-4ag-v2_f1650_00000 | RUNNING  | 172.24.0.2:837006 |    933 |          2671.92 | 1.86525e+07 |     1.82 |                    4 |                    0 |                500 |
+------------------------------------------------------+----------+-------------------+--------+------------------+-------------+----------+----------------------+----------------------+--------------------+


== Status ==
Current time: 2026-05-22 21:14:49 (running for 00:45:16.40)
Memory usage on this node: 62.6/251.6 GiB
Using FIFO scheduling algorithm.
Resources requested: 7.0/8 CPUs, 1.0/1 GPUs, 0.0/17.88 GiB heap, 0.0/8.94 GiB objects (0.0/1.0 accelerator_type:G)
Result logdir: /workspace/MARLlib/runs/rware_mappo_gru_small_20m_tensorboard/mappo_gru_rware-small-4ag-v2
Number of trials: 1/1 (1 RUNNING)
+------------------------------------------------------+----------+-------------------+--------+------------------+-------------+----------+----------------------+----------------------+--------------------+
| Trial name                                           | status   | loc               |   iter |   total time (s) |          ts |   reward |   episode_reward_max |   episode_reward_min |   episode_len_mean |
|------------------------------------------------------+----------+-------------------+--------+------------------+-------------+----------+----------------------+----------------------+--------------------|
| MAPPOTrainer_rware_v2_rware-small-4ag-v2_f1650_00000 | RUNNING  | 172.24.0.2:837006 |    935 |          2677.08 | 1.86925e+07 |     1.81 |                    4 |                    0 |                500 |
+------------------------------------------------------+----------+-------------------+--------+------------------+-------------+----------+----------------------+----------------------+--------------------+


== Status ==
Current time: 2026-05-22 21:14:55 (running for 00:45:21.62)
Memory usage on this node: 62.6/251.6 GiB
Using FIFO scheduling algorithm.
Resources requested: 7.0/8 CPUs, 1.0/1 GPUs, 0.0/17.88 GiB heap, 0.0/8.94 GiB objects (0.0/1.0 accelerator_type:G)
Result logdir: /workspace/MARLlib/runs/rware_mappo_gru_small_20m_tensorboard/mappo_gru_rware-small-4ag-v2
Number of trials: 1/1 (1 RUNNING)
+------------------------------------------------------+----------+-------------------+--------+------------------+-------------+----------+----------------------+----------------------+--------------------+
| Trial name                                           | status   | loc               |   iter |   total time (s) |          ts |   reward |   episode_reward_max |   episode_reward_min |   episode_len_mean |
|------------------------------------------------------+----------+-------------------+--------+------------------+-------------+----------+----------------------+----------------------+--------------------|
| MAPPOTrainer_rware_v2_rware-small-4ag-v2_f1650_00000 | RUNNING  | 172.24.0.2:837006 |    937 |          2682.25 | 1.87325e+07 |     1.82 |                    4 |                    0 |                500 |
+------------------------------------------------------+----------+-------------------+--------+------------------+-------------+----------+----------------------+----------------------+--------------------+


== Status ==
Current time: 2026-05-22 21:15:00 (running for 00:45:27.08)
Memory usage on this node: 62.6/251.6 GiB
Using FIFO scheduling algorithm.
Resources requested: 7.0/8 CPUs, 1.0/1 GPUs, 0.0/17.88 GiB heap, 0.0/8.94 GiB objects (0.0/1.0 accelerator_type:G)
Result logdir: /workspace/MARLlib/runs/rware_mappo_gru_small_20m_tensorboard/mappo_gru_rware-small-4ag-v2
Number of trials: 1/1 (1 RUNNING)
+------------------------------------------------------+----------+-------------------+--------+------------------+-------------+----------+----------------------+----------------------+--------------------+
| Trial name                                           | status   | loc               |   iter |   total time (s) |          ts |   reward |   episode_reward_max |   episode_reward_min |   episode_len_mean |
|------------------------------------------------------+----------+-------------------+--------+------------------+-------------+----------+----------------------+----------------------+--------------------|
| MAPPOTrainer_rware_v2_rware-small-4ag-v2_f1650_00000 | RUNNING  | 172.24.0.2:837006 |    939 |          2687.64 | 1.87725e+07 |     1.85 |                    5 |                    0 |                500 |
+------------------------------------------------------+----------+-------------------+--------+------------------+-------------+----------+----------------------+----------------------+--------------------+


== Status ==
Current time: 2026-05-22 21:15:05 (running for 00:45:32.33)
Memory usage on this node: 62.6/251.6 GiB
Using FIFO scheduling algorithm.
Resources requested: 7.0/8 CPUs, 1.0/1 GPUs, 0.0/17.88 GiB heap, 0.0/8.94 GiB objects (0.0/1.0 accelerator_type:G)
Result logdir: /workspace/MARLlib/runs/rware_mappo_gru_small_20m_tensorboard/mappo_gru_rware-small-4ag-v2
Number of trials: 1/1 (1 RUNNING)
+------------------------------------------------------+----------+-------------------+--------+------------------+-------------+----------+----------------------+----------------------+--------------------+
| Trial name                                           | status   | loc               |   iter |   total time (s) |          ts |   reward |   episode_reward_max |   episode_reward_min |   episode_len_mean |
|------------------------------------------------------+----------+-------------------+--------+------------------+-------------+----------+----------------------+----------------------+--------------------|
| MAPPOTrainer_rware_v2_rware-small-4ag-v2_f1650_00000 | RUNNING  | 172.24.0.2:837006 |    941 |          2692.84 | 1.88125e+07 |     1.87 |                    5 |                    0 |                500 |
+------------------------------------------------------+----------+-------------------+--------+------------------+-------------+----------+----------------------+----------------------+--------------------+


== Status ==
Current time: 2026-05-22 21:15:11 (running for 00:45:37.58)
Memory usage on this node: 62.6/251.6 GiB
Using FIFO scheduling algorithm.
Resources requested: 7.0/8 CPUs, 1.0/1 GPUs, 0.0/17.88 GiB heap, 0.0/8.94 GiB objects (0.0/1.0 accelerator_type:G)
Result logdir: /workspace/MARLlib/runs/rware_mappo_gru_small_20m_tensorboard/mappo_gru_rware-small-4ag-v2
Number of trials: 1/1 (1 RUNNING)
+------------------------------------------------------+----------+-------------------+--------+------------------+-------------+----------+----------------------+----------------------+--------------------+
| Trial name                                           | status   | loc               |   iter |   total time (s) |          ts |   reward |   episode_reward_max |   episode_reward_min |   episode_len_mean |
|------------------------------------------------------+----------+-------------------+--------+------------------+-------------+----------+----------------------+----------------------+--------------------|
| MAPPOTrainer_rware_v2_rware-small-4ag-v2_f1650_00000 | RUNNING  | 172.24.0.2:837006 |    943 |          2698.02 | 1.88525e+07 |     1.87 |                    5 |                    0 |                500 |
+------------------------------------------------------+----------+-------------------+--------+------------------+-------------+----------+----------------------+----------------------+--------------------+


== Status ==
Current time: 2026-05-22 21:15:16 (running for 00:45:42.84)
Memory usage on this node: 62.6/251.6 GiB
Using FIFO scheduling algorithm.
Resources requested: 7.0/8 CPUs, 1.0/1 GPUs, 0.0/17.88 GiB heap, 0.0/8.94 GiB objects (0.0/1.0 accelerator_type:G)
Result logdir: /workspace/MARLlib/runs/rware_mappo_gru_small_20m_tensorboard/mappo_gru_rware-small-4ag-v2
Number of trials: 1/1 (1 RUNNING)
+------------------------------------------------------+----------+-------------------+--------+------------------+-------------+----------+----------------------+----------------------+--------------------+
| Trial name                                           | status   | loc               |   iter |   total time (s) |          ts |   reward |   episode_reward_max |   episode_reward_min |   episode_len_mean |
|------------------------------------------------------+----------+-------------------+--------+------------------+-------------+----------+----------------------+----------------------+--------------------|
| MAPPOTrainer_rware_v2_rware-small-4ag-v2_f1650_00000 | RUNNING  | 172.24.0.2:837006 |    945 |          2703.22 | 1.88924e+07 |     2.07 |                    5 |                    0 |                500 |
+------------------------------------------------------+----------+-------------------+--------+------------------+-------------+----------+----------------------+----------------------+--------------------+


== Status ==
Current time: 2026-05-22 21:15:21 (running for 00:45:48.09)
Memory usage on this node: 62.6/251.6 GiB
Using FIFO scheduling algorithm.
Resources requested: 7.0/8 CPUs, 1.0/1 GPUs, 0.0/17.88 GiB heap, 0.0/8.94 GiB objects (0.0/1.0 accelerator_type:G)
Result logdir: /workspace/MARLlib/runs/rware_mappo_gru_small_20m_tensorboard/mappo_gru_rware-small-4ag-v2
Number of trials: 1/1 (1 RUNNING)
+------------------------------------------------------+----------+-------------------+--------+------------------+-------------+----------+----------------------+----------------------+--------------------+
| Trial name                                           | status   | loc               |   iter |   total time (s) |          ts |   reward |   episode_reward_max |   episode_reward_min |   episode_len_mean |
|------------------------------------------------------+----------+-------------------+--------+------------------+-------------+----------+----------------------+----------------------+--------------------|
| MAPPOTrainer_rware_v2_rware-small-4ag-v2_f1650_00000 | RUNNING  | 172.24.0.2:837006 |    947 |          2708.41 | 1.89324e+07 |     2.09 |                    5 |                    0 |                500 |
+------------------------------------------------------+----------+-------------------+--------+------------------+-------------+----------+----------------------+----------------------+--------------------+


== Status ==
Current time: 2026-05-22 21:15:26 (running for 00:45:53.50)
Memory usage on this node: 63.0/251.6 GiB
Using FIFO scheduling algorithm.
Resources requested: 7.0/8 CPUs, 1.0/1 GPUs, 0.0/17.88 GiB heap, 0.0/8.94 GiB objects (0.0/1.0 accelerator_type:G)
Result logdir: /workspace/MARLlib/runs/rware_mappo_gru_small_20m_tensorboard/mappo_gru_rware-small-4ag-v2
Number of trials: 1/1 (1 RUNNING)
+------------------------------------------------------+----------+-------------------+--------+------------------+-------------+----------+----------------------+----------------------+--------------------+
| Trial name                                           | status   | loc               |   iter |   total time (s) |          ts |   reward |   episode_reward_max |   episode_reward_min |   episode_len_mean |
|------------------------------------------------------+----------+-------------------+--------+------------------+-------------+----------+----------------------+----------------------+--------------------|
| MAPPOTrainer_rware_v2_rware-small-4ag-v2_f1650_00000 | RUNNING  | 172.24.0.2:837006 |    949 |          2713.76 | 1.89724e+07 |     2.18 |                    5 |                    0 |                500 |
+------------------------------------------------------+----------+-------------------+--------+------------------+-------------+----------+----------------------+----------------------+--------------------+


== Status ==
Current time: 2026-05-22 21:15:31 (running for 00:45:58.50)
Memory usage on this node: 62.5/251.6 GiB
Using FIFO scheduling algorithm.
Resources requested: 7.0/8 CPUs, 1.0/1 GPUs, 0.0/17.88 GiB heap, 0.0/8.94 GiB objects (0.0/1.0 accelerator_type:G)
Result logdir: /workspace/MARLlib/runs/rware_mappo_gru_small_20m_tensorboard/mappo_gru_rware-small-4ag-v2
Number of trials: 1/1 (1 RUNNING)
+------------------------------------------------------+----------+-------------------+--------+------------------+-------------+----------+----------------------+----------------------+--------------------+
| Trial name                                           | status   | loc               |   iter |   total time (s) |          ts |   reward |   episode_reward_max |   episode_reward_min |   episode_len_mean |
|------------------------------------------------------+----------+-------------------+--------+------------------+-------------+----------+----------------------+----------------------+--------------------|
| MAPPOTrainer_rware_v2_rware-small-4ag-v2_f1650_00000 | RUNNING  | 172.24.0.2:837006 |    949 |          2713.76 | 1.89724e+07 |     2.18 |                    5 |                    0 |                500 |
+------------------------------------------------------+----------+-------------------+--------+------------------+-------------+----------+----------------------+----------------------+--------------------+


== Status ==
Current time: 2026-05-22 21:15:36 (running for 00:46:03.51)
Memory usage on this node: 62.5/251.6 GiB
Using FIFO scheduling algorithm.
Resources requested: 7.0/8 CPUs, 1.0/1 GPUs, 0.0/17.88 GiB heap, 0.0/8.94 GiB objects (0.0/1.0 accelerator_type:G)
Result logdir: /workspace/MARLlib/runs/rware_mappo_gru_small_20m_tensorboard/mappo_gru_rware-small-4ag-v2
Number of trials: 1/1 (1 RUNNING)
+------------------------------------------------------+----------+-------------------+--------+------------------+-------------+----------+----------------------+----------------------+--------------------+
| Trial name                                           | status   | loc               |   iter |   total time (s) |          ts |   reward |   episode_reward_max |   episode_reward_min |   episode_len_mean |
|------------------------------------------------------+----------+-------------------+--------+------------------+-------------+----------+----------------------+----------------------+--------------------|
| MAPPOTrainer_rware_v2_rware-small-4ag-v2_f1650_00000 | RUNNING  | 172.24.0.2:837006 |    949 |          2713.76 | 1.89724e+07 |     2.18 |                    5 |                    0 |                500 |
+------------------------------------------------------+----------+-------------------+--------+------------------+-------------+----------+----------------------+----------------------+--------------------+


== Status ==
Current time: 2026-05-22 21:15:42 (running for 00:46:08.97)
Memory usage on this node: 62.5/251.6 GiB
Using FIFO scheduling algorithm.
Resources requested: 7.0/8 CPUs, 1.0/1 GPUs, 0.0/17.88 GiB heap, 0.0/8.94 GiB objects (0.0/1.0 accelerator_type:G)
Result logdir: /workspace/MARLlib/runs/rware_mappo_gru_small_20m_tensorboard/mappo_gru_rware-small-4ag-v2
Number of trials: 1/1 (1 RUNNING)
+------------------------------------------------------+----------+-------------------+--------+------------------+-------------+----------+----------------------+----------------------+--------------------+
| Trial name                                           | status   | loc               |   iter |   total time (s) |          ts |   reward |   episode_reward_max |   episode_reward_min |   episode_len_mean |
|------------------------------------------------------+----------+-------------------+--------+------------------+-------------+----------+----------------------+----------------------+--------------------|
| MAPPOTrainer_rware_v2_rware-small-4ag-v2_f1650_00000 | RUNNING  | 172.24.0.2:837006 |    950 |          2729.19 | 1.89924e+07 |     2.26 |                    5 |                    0 |                500 |
+------------------------------------------------------+----------+-------------------+--------+------------------+-------------+----------+----------------------+----------------------+--------------------+


== Status ==
Current time: 2026-05-22 21:15:47 (running for 00:46:14.14)
Memory usage on this node: 62.5/251.6 GiB
Using FIFO scheduling algorithm.
Resources requested: 7.0/8 CPUs, 1.0/1 GPUs, 0.0/17.88 GiB heap, 0.0/8.94 GiB objects (0.0/1.0 accelerator_type:G)
Result logdir: /workspace/MARLlib/runs/rware_mappo_gru_small_20m_tensorboard/mappo_gru_rware-small-4ag-v2
Number of trials: 1/1 (1 RUNNING)
+------------------------------------------------------+----------+-------------------+--------+------------------+-------------+----------+----------------------+----------------------+--------------------+
| Trial name                                           | status   | loc               |   iter |   total time (s) |          ts |   reward |   episode_reward_max |   episode_reward_min |   episode_len_mean |
|------------------------------------------------------+----------+-------------------+--------+------------------+-------------+----------+----------------------+----------------------+--------------------|
| MAPPOTrainer_rware_v2_rware-small-4ag-v2_f1650_00000 | RUNNING  | 172.24.0.2:837006 |    952 |           2734.3 | 1.90324e+07 |     2.34 |                    5 |                    0 |                500 |
+------------------------------------------------------+----------+-------------------+--------+------------------+-------------+----------+----------------------+----------------------+--------------------+


== Status ==
Current time: 2026-05-22 21:15:52 (running for 00:46:19.43)
Memory usage on this node: 62.7/251.6 GiB
Using FIFO scheduling algorithm.
Resources requested: 7.0/8 CPUs, 1.0/1 GPUs, 0.0/17.88 GiB heap, 0.0/8.94 GiB objects (0.0/1.0 accelerator_type:G)
Result logdir: /workspace/MARLlib/runs/rware_mappo_gru_small_20m_tensorboard/mappo_gru_rware-small-4ag-v2
Number of trials: 1/1 (1 RUNNING)
+------------------------------------------------------+----------+-------------------+--------+------------------+-------------+----------+----------------------+----------------------+--------------------+
| Trial name                                           | status   | loc               |   iter |   total time (s) |          ts |   reward |   episode_reward_max |   episode_reward_min |   episode_len_mean |
|------------------------------------------------------+----------+-------------------+--------+------------------+-------------+----------+----------------------+----------------------+--------------------|
| MAPPOTrainer_rware_v2_rware-small-4ag-v2_f1650_00000 | RUNNING  | 172.24.0.2:837006 |    954 |          2739.53 | 1.90724e+07 |     2.24 |                    4 |                    0 |                500 |
+------------------------------------------------------+----------+-------------------+--------+------------------+-------------+----------+----------------------+----------------------+--------------------+


== Status ==
Current time: 2026-05-22 21:15:58 (running for 00:46:24.60)
Memory usage on this node: 62.5/251.6 GiB
Using FIFO scheduling algorithm.
Resources requested: 7.0/8 CPUs, 1.0/1 GPUs, 0.0/17.88 GiB heap, 0.0/8.94 GiB objects (0.0/1.0 accelerator_type:G)
Result logdir: /workspace/MARLlib/runs/rware_mappo_gru_small_20m_tensorboard/mappo_gru_rware-small-4ag-v2
Number of trials: 1/1 (1 RUNNING)
+------------------------------------------------------+----------+-------------------+--------+------------------+-------------+----------+----------------------+----------------------+--------------------+
| Trial name                                           | status   | loc               |   iter |   total time (s) |          ts |   reward |   episode_reward_max |   episode_reward_min |   episode_len_mean |
|------------------------------------------------------+----------+-------------------+--------+------------------+-------------+----------+----------------------+----------------------+--------------------|
| MAPPOTrainer_rware_v2_rware-small-4ag-v2_f1650_00000 | RUNNING  | 172.24.0.2:837006 |    956 |          2744.65 | 1.91124e+07 |     2.26 |                    5 |                    0 |                500 |
+------------------------------------------------------+----------+-------------------+--------+------------------+-------------+----------+----------------------+----------------------+--------------------+


== Status ==
Current time: 2026-05-22 21:16:03 (running for 00:46:29.83)
Memory usage on this node: 62.5/251.6 GiB
Using FIFO scheduling algorithm.
Resources requested: 7.0/8 CPUs, 1.0/1 GPUs, 0.0/17.88 GiB heap, 0.0/8.94 GiB objects (0.0/1.0 accelerator_type:G)
Result logdir: /workspace/MARLlib/runs/rware_mappo_gru_small_20m_tensorboard/mappo_gru_rware-small-4ag-v2
Number of trials: 1/1 (1 RUNNING)
+------------------------------------------------------+----------+-------------------+--------+------------------+-------------+----------+----------------------+----------------------+--------------------+
| Trial name                                           | status   | loc               |   iter |   total time (s) |          ts |   reward |   episode_reward_max |   episode_reward_min |   episode_len_mean |
|------------------------------------------------------+----------+-------------------+--------+------------------+-------------+----------+----------------------+----------------------+--------------------|
| MAPPOTrainer_rware_v2_rware-small-4ag-v2_f1650_00000 | RUNNING  | 172.24.0.2:837006 |    958 |          2749.82 | 1.91523e+07 |      2.3 |                    5 |                    0 |                500 |
+------------------------------------------------------+----------+-------------------+--------+------------------+-------------+----------+----------------------+----------------------+--------------------+


== Status ==
Current time: 2026-05-22 21:16:08 (running for 00:46:35.02)
Memory usage on this node: 62.5/251.6 GiB
Using FIFO scheduling algorithm.
Resources requested: 7.0/8 CPUs, 1.0/1 GPUs, 0.0/17.88 GiB heap, 0.0/8.94 GiB objects (0.0/1.0 accelerator_type:G)
Result logdir: /workspace/MARLlib/runs/rware_mappo_gru_small_20m_tensorboard/mappo_gru_rware-small-4ag-v2
Number of trials: 1/1 (1 RUNNING)
+------------------------------------------------------+----------+-------------------+--------+------------------+-------------+----------+----------------------+----------------------+--------------------+
| Trial name                                           | status   | loc               |   iter |   total time (s) |          ts |   reward |   episode_reward_max |   episode_reward_min |   episode_len_mean |
|------------------------------------------------------+----------+-------------------+--------+------------------+-------------+----------+----------------------+----------------------+--------------------|
| MAPPOTrainer_rware_v2_rware-small-4ag-v2_f1650_00000 | RUNNING  | 172.24.0.2:837006 |    960 |          2754.94 | 1.91923e+07 |     2.24 |                    5 |                    0 |                500 |
+------------------------------------------------------+----------+-------------------+--------+------------------+-------------+----------+----------------------+----------------------+--------------------+


== Status ==
Current time: 2026-05-22 21:16:13 (running for 00:46:40.12)
Memory usage on this node: 62.5/251.6 GiB
Using FIFO scheduling algorithm.
Resources requested: 7.0/8 CPUs, 1.0/1 GPUs, 0.0/17.88 GiB heap, 0.0/8.94 GiB objects (0.0/1.0 accelerator_type:G)
Result logdir: /workspace/MARLlib/runs/rware_mappo_gru_small_20m_tensorboard/mappo_gru_rware-small-4ag-v2
Number of trials: 1/1 (1 RUNNING)
+------------------------------------------------------+----------+-------------------+--------+------------------+-------------+----------+----------------------+----------------------+--------------------+
| Trial name                                           | status   | loc               |   iter |   total time (s) |          ts |   reward |   episode_reward_max |   episode_reward_min |   episode_len_mean |
|------------------------------------------------------+----------+-------------------+--------+------------------+-------------+----------+----------------------+----------------------+--------------------|
| MAPPOTrainer_rware_v2_rware-small-4ag-v2_f1650_00000 | RUNNING  | 172.24.0.2:837006 |    962 |             2760 | 1.92323e+07 |     2.22 |                    5 |                    0 |                500 |
+------------------------------------------------------+----------+-------------------+--------+------------------+-------------+----------+----------------------+----------------------+--------------------+


== Status ==
Current time: 2026-05-22 21:16:18 (running for 00:46:45.27)
Memory usage on this node: 62.5/251.6 GiB
Using FIFO scheduling algorithm.
Resources requested: 7.0/8 CPUs, 1.0/1 GPUs, 0.0/17.88 GiB heap, 0.0/8.94 GiB objects (0.0/1.0 accelerator_type:G)
Result logdir: /workspace/MARLlib/runs/rware_mappo_gru_small_20m_tensorboard/mappo_gru_rware-small-4ag-v2
Number of trials: 1/1 (1 RUNNING)
+------------------------------------------------------+----------+-------------------+--------+------------------+-------------+----------+----------------------+----------------------+--------------------+
| Trial name                                           | status   | loc               |   iter |   total time (s) |          ts |   reward |   episode_reward_max |   episode_reward_min |   episode_len_mean |
|------------------------------------------------------+----------+-------------------+--------+------------------+-------------+----------+----------------------+----------------------+--------------------|
| MAPPOTrainer_rware_v2_rware-small-4ag-v2_f1650_00000 | RUNNING  | 172.24.0.2:837006 |    964 |           2765.1 | 1.92723e+07 |     2.28 |                    5 |                    0 |                500 |
+------------------------------------------------------+----------+-------------------+--------+------------------+-------------+----------+----------------------+----------------------+--------------------+


== Status ==
Current time: 2026-05-22 21:16:24 (running for 00:46:50.65)
Memory usage on this node: 62.5/251.6 GiB
Using FIFO scheduling algorithm.
Resources requested: 7.0/8 CPUs, 1.0/1 GPUs, 0.0/17.88 GiB heap, 0.0/8.94 GiB objects (0.0/1.0 accelerator_type:G)
Result logdir: /workspace/MARLlib/runs/rware_mappo_gru_small_20m_tensorboard/mappo_gru_rware-small-4ag-v2
Number of trials: 1/1 (1 RUNNING)
+------------------------------------------------------+----------+-------------------+--------+------------------+-------------+----------+----------------------+----------------------+--------------------+
| Trial name                                           | status   | loc               |   iter |   total time (s) |          ts |   reward |   episode_reward_max |   episode_reward_min |   episode_len_mean |
|------------------------------------------------------+----------+-------------------+--------+------------------+-------------+----------+----------------------+----------------------+--------------------|
| MAPPOTrainer_rware_v2_rware-small-4ag-v2_f1650_00000 | RUNNING  | 172.24.0.2:837006 |    966 |          2770.43 | 1.93123e+07 |     2.32 |                    5 |                    0 |                500 |
+------------------------------------------------------+----------+-------------------+--------+------------------+-------------+----------+----------------------+----------------------+--------------------+


== Status ==
Current time: 2026-05-22 21:16:29 (running for 00:46:55.99)
Memory usage on this node: 62.5/251.6 GiB
Using FIFO scheduling algorithm.
Resources requested: 7.0/8 CPUs, 1.0/1 GPUs, 0.0/17.88 GiB heap, 0.0/8.94 GiB objects (0.0/1.0 accelerator_type:G)
Result logdir: /workspace/MARLlib/runs/rware_mappo_gru_small_20m_tensorboard/mappo_gru_rware-small-4ag-v2
Number of trials: 1/1 (1 RUNNING)
+------------------------------------------------------+----------+-------------------+--------+------------------+-------------+----------+----------------------+----------------------+--------------------+
| Trial name                                           | status   | loc               |   iter |   total time (s) |          ts |   reward |   episode_reward_max |   episode_reward_min |   episode_len_mean |
|------------------------------------------------------+----------+-------------------+--------+------------------+-------------+----------+----------------------+----------------------+--------------------|
| MAPPOTrainer_rware_v2_rware-small-4ag-v2_f1650_00000 | RUNNING  | 172.24.0.2:837006 |    968 |          2775.71 | 1.93523e+07 |     2.21 |                    5 |                    0 |                500 |
+------------------------------------------------------+----------+-------------------+--------+------------------+-------------+----------+----------------------+----------------------+--------------------+


== Status ==
Current time: 2026-05-22 21:16:34 (running for 00:47:01.33)
Memory usage on this node: 62.5/251.6 GiB
Using FIFO scheduling algorithm.
Resources requested: 7.0/8 CPUs, 1.0/1 GPUs, 0.0/17.88 GiB heap, 0.0/8.94 GiB objects (0.0/1.0 accelerator_type:G)
Result logdir: /workspace/MARLlib/runs/rware_mappo_gru_small_20m_tensorboard/mappo_gru_rware-small-4ag-v2
Number of trials: 1/1 (1 RUNNING)
+------------------------------------------------------+----------+-------------------+--------+------------------+-------------+----------+----------------------+----------------------+--------------------+
| Trial name                                           | status   | loc               |   iter |   total time (s) |          ts |   reward |   episode_reward_max |   episode_reward_min |   episode_len_mean |
|------------------------------------------------------+----------+-------------------+--------+------------------+-------------+----------+----------------------+----------------------+--------------------|
| MAPPOTrainer_rware_v2_rware-small-4ag-v2_f1650_00000 | RUNNING  | 172.24.0.2:837006 |    970 |          2780.99 | 1.93922e+07 |     2.27 |                    5 |                    0 |                500 |
+------------------------------------------------------+----------+-------------------+--------+------------------+-------------+----------+----------------------+----------------------+--------------------+


== Status ==
Current time: 2026-05-22 21:16:40 (running for 00:47:06.56)
Memory usage on this node: 62.5/251.6 GiB
Using FIFO scheduling algorithm.
Resources requested: 7.0/8 CPUs, 1.0/1 GPUs, 0.0/17.88 GiB heap, 0.0/8.94 GiB objects (0.0/1.0 accelerator_type:G)
Result logdir: /workspace/MARLlib/runs/rware_mappo_gru_small_20m_tensorboard/mappo_gru_rware-small-4ag-v2
Number of trials: 1/1 (1 RUNNING)
+------------------------------------------------------+----------+-------------------+--------+------------------+-------------+----------+----------------------+----------------------+--------------------+
| Trial name                                           | status   | loc               |   iter |   total time (s) |          ts |   reward |   episode_reward_max |   episode_reward_min |   episode_len_mean |
|------------------------------------------------------+----------+-------------------+--------+------------------+-------------+----------+----------------------+----------------------+--------------------|
| MAPPOTrainer_rware_v2_rware-small-4ag-v2_f1650_00000 | RUNNING  | 172.24.0.2:837006 |    972 |          2786.17 | 1.94322e+07 |     2.31 |                    5 |                    0 |                500 |
+------------------------------------------------------+----------+-------------------+--------+------------------+-------------+----------+----------------------+----------------------+--------------------+


== Status ==
Current time: 2026-05-22 21:16:45 (running for 00:47:11.71)
Memory usage on this node: 62.5/251.6 GiB
Using FIFO scheduling algorithm.
Resources requested: 7.0/8 CPUs, 1.0/1 GPUs, 0.0/17.88 GiB heap, 0.0/8.94 GiB objects (0.0/1.0 accelerator_type:G)
Result logdir: /workspace/MARLlib/runs/rware_mappo_gru_small_20m_tensorboard/mappo_gru_rware-small-4ag-v2
Number of trials: 1/1 (1 RUNNING)
+------------------------------------------------------+----------+-------------------+--------+------------------+-------------+----------+----------------------+----------------------+--------------------+
| Trial name                                           | status   | loc               |   iter |   total time (s) |          ts |   reward |   episode_reward_max |   episode_reward_min |   episode_len_mean |
|------------------------------------------------------+----------+-------------------+--------+------------------+-------------+----------+----------------------+----------------------+--------------------|
| MAPPOTrainer_rware_v2_rware-small-4ag-v2_f1650_00000 | RUNNING  | 172.24.0.2:837006 |    974 |          2791.29 | 1.94722e+07 |     2.31 |                    5 |                    0 |                500 |
+------------------------------------------------------+----------+-------------------+--------+------------------+-------------+----------+----------------------+----------------------+--------------------+


== Status ==
Current time: 2026-05-22 21:16:50 (running for 00:47:16.85)
Memory usage on this node: 62.5/251.6 GiB
Using FIFO scheduling algorithm.
Resources requested: 7.0/8 CPUs, 1.0/1 GPUs, 0.0/17.88 GiB heap, 0.0/8.94 GiB objects (0.0/1.0 accelerator_type:G)
Result logdir: /workspace/MARLlib/runs/rware_mappo_gru_small_20m_tensorboard/mappo_gru_rware-small-4ag-v2
Number of trials: 1/1 (1 RUNNING)
+------------------------------------------------------+----------+-------------------+--------+------------------+-------------+----------+----------------------+----------------------+--------------------+
| Trial name                                           | status   | loc               |   iter |   total time (s) |          ts |   reward |   episode_reward_max |   episode_reward_min |   episode_len_mean |
|------------------------------------------------------+----------+-------------------+--------+------------------+-------------+----------+----------------------+----------------------+--------------------|
| MAPPOTrainer_rware_v2_rware-small-4ag-v2_f1650_00000 | RUNNING  | 172.24.0.2:837006 |    976 |          2796.38 | 1.95122e+07 |     2.22 |                    5 |                    0 |                500 |
+------------------------------------------------------+----------+-------------------+--------+------------------+-------------+----------+----------------------+----------------------+--------------------+


== Status ==
Current time: 2026-05-22 21:16:55 (running for 00:47:22.07)
Memory usage on this node: 62.5/251.6 GiB
Using FIFO scheduling algorithm.
Resources requested: 7.0/8 CPUs, 1.0/1 GPUs, 0.0/17.88 GiB heap, 0.0/8.94 GiB objects (0.0/1.0 accelerator_type:G)
Result logdir: /workspace/MARLlib/runs/rware_mappo_gru_small_20m_tensorboard/mappo_gru_rware-small-4ag-v2
Number of trials: 1/1 (1 RUNNING)
+------------------------------------------------------+----------+-------------------+--------+------------------+-------------+----------+----------------------+----------------------+--------------------+
| Trial name                                           | status   | loc               |   iter |   total time (s) |          ts |   reward |   episode_reward_max |   episode_reward_min |   episode_len_mean |
|------------------------------------------------------+----------+-------------------+--------+------------------+-------------+----------+----------------------+----------------------+--------------------|
| MAPPOTrainer_rware_v2_rware-small-4ag-v2_f1650_00000 | RUNNING  | 172.24.0.2:837006 |    978 |          2801.55 | 1.95522e+07 |     2.23 |                    4 |                    0 |                500 |
+------------------------------------------------------+----------+-------------------+--------+------------------+-------------+----------+----------------------+----------------------+--------------------+


== Status ==
Current time: 2026-05-22 21:17:00 (running for 00:47:27.30)
Memory usage on this node: 62.5/251.6 GiB
Using FIFO scheduling algorithm.
Resources requested: 7.0/8 CPUs, 1.0/1 GPUs, 0.0/17.88 GiB heap, 0.0/8.94 GiB objects (0.0/1.0 accelerator_type:G)
Result logdir: /workspace/MARLlib/runs/rware_mappo_gru_small_20m_tensorboard/mappo_gru_rware-small-4ag-v2
Number of trials: 1/1 (1 RUNNING)
+------------------------------------------------------+----------+-------------------+--------+------------------+-------------+----------+----------------------+----------------------+--------------------+
| Trial name                                           | status   | loc               |   iter |   total time (s) |          ts |   reward |   episode_reward_max |   episode_reward_min |   episode_len_mean |
|------------------------------------------------------+----------+-------------------+--------+------------------+-------------+----------+----------------------+----------------------+--------------------|
| MAPPOTrainer_rware_v2_rware-small-4ag-v2_f1650_00000 | RUNNING  | 172.24.0.2:837006 |    980 |          2806.73 | 1.95922e+07 |     2.21 |                    4 |                    0 |                500 |
+------------------------------------------------------+----------+-------------------+--------+------------------+-------------+----------+----------------------+----------------------+--------------------+


== Status ==
Current time: 2026-05-22 21:17:06 (running for 00:47:32.57)
Memory usage on this node: 62.5/251.6 GiB
Using FIFO scheduling algorithm.
Resources requested: 7.0/8 CPUs, 1.0/1 GPUs, 0.0/17.88 GiB heap, 0.0/8.94 GiB objects (0.0/1.0 accelerator_type:G)
Result logdir: /workspace/MARLlib/runs/rware_mappo_gru_small_20m_tensorboard/mappo_gru_rware-small-4ag-v2
Number of trials: 1/1 (1 RUNNING)
+------------------------------------------------------+----------+-------------------+--------+------------------+-------------+----------+----------------------+----------------------+--------------------+
| Trial name                                           | status   | loc               |   iter |   total time (s) |          ts |   reward |   episode_reward_max |   episode_reward_min |   episode_len_mean |
|------------------------------------------------------+----------+-------------------+--------+------------------+-------------+----------+----------------------+----------------------+--------------------|
| MAPPOTrainer_rware_v2_rware-small-4ag-v2_f1650_00000 | RUNNING  | 172.24.0.2:837006 |    982 |          2811.96 | 1.96321e+07 |     2.13 |                    5 |                    0 |                500 |
+------------------------------------------------------+----------+-------------------+--------+------------------+-------------+----------+----------------------+----------------------+--------------------+


== Status ==
Current time: 2026-05-22 21:17:11 (running for 00:47:37.86)
Memory usage on this node: 62.5/251.6 GiB
Using FIFO scheduling algorithm.
Resources requested: 7.0/8 CPUs, 1.0/1 GPUs, 0.0/17.88 GiB heap, 0.0/8.94 GiB objects (0.0/1.0 accelerator_type:G)
Result logdir: /workspace/MARLlib/runs/rware_mappo_gru_small_20m_tensorboard/mappo_gru_rware-small-4ag-v2
Number of trials: 1/1 (1 RUNNING)
+------------------------------------------------------+----------+-------------------+--------+------------------+-------------+----------+----------------------+----------------------+--------------------+
| Trial name                                           | status   | loc               |   iter |   total time (s) |          ts |   reward |   episode_reward_max |   episode_reward_min |   episode_len_mean |
|------------------------------------------------------+----------+-------------------+--------+------------------+-------------+----------+----------------------+----------------------+--------------------|
| MAPPOTrainer_rware_v2_rware-small-4ag-v2_f1650_00000 | RUNNING  | 172.24.0.2:837006 |    984 |          2817.19 | 1.96721e+07 |     2.15 |                    5 |                    0 |                500 |
+------------------------------------------------------+----------+-------------------+--------+------------------+-------------+----------+----------------------+----------------------+--------------------+


== Status ==
Current time: 2026-05-22 21:17:16 (running for 00:47:43.00)
Memory usage on this node: 62.5/251.6 GiB
Using FIFO scheduling algorithm.
Resources requested: 7.0/8 CPUs, 1.0/1 GPUs, 0.0/17.88 GiB heap, 0.0/8.94 GiB objects (0.0/1.0 accelerator_type:G)
Result logdir: /workspace/MARLlib/runs/rware_mappo_gru_small_20m_tensorboard/mappo_gru_rware-small-4ag-v2
Number of trials: 1/1 (1 RUNNING)
+------------------------------------------------------+----------+-------------------+--------+------------------+-------------+----------+----------------------+----------------------+--------------------+
| Trial name                                           | status   | loc               |   iter |   total time (s) |          ts |   reward |   episode_reward_max |   episode_reward_min |   episode_len_mean |
|------------------------------------------------------+----------+-------------------+--------+------------------+-------------+----------+----------------------+----------------------+--------------------|
| MAPPOTrainer_rware_v2_rware-small-4ag-v2_f1650_00000 | RUNNING  | 172.24.0.2:837006 |    986 |          2822.26 | 1.97121e+07 |     2.17 |                    5 |                    0 |                500 |
+------------------------------------------------------+----------+-------------------+--------+------------------+-------------+----------+----------------------+----------------------+--------------------+


== Status ==
Current time: 2026-05-22 21:17:21 (running for 00:47:48.35)
Memory usage on this node: 62.5/251.6 GiB
Using FIFO scheduling algorithm.
Resources requested: 7.0/8 CPUs, 1.0/1 GPUs, 0.0/17.88 GiB heap, 0.0/8.94 GiB objects (0.0/1.0 accelerator_type:G)
Result logdir: /workspace/MARLlib/runs/rware_mappo_gru_small_20m_tensorboard/mappo_gru_rware-small-4ag-v2
Number of trials: 1/1 (1 RUNNING)
+------------------------------------------------------+----------+-------------------+--------+------------------+-------------+----------+----------------------+----------------------+--------------------+
| Trial name                                           | status   | loc               |   iter |   total time (s) |          ts |   reward |   episode_reward_max |   episode_reward_min |   episode_len_mean |
|------------------------------------------------------+----------+-------------------+--------+------------------+-------------+----------+----------------------+----------------------+--------------------|
| MAPPOTrainer_rware_v2_rware-small-4ag-v2_f1650_00000 | RUNNING  | 172.24.0.2:837006 |    988 |          2827.56 | 1.97521e+07 |     2.17 |                    5 |                    0 |                500 |
+------------------------------------------------------+----------+-------------------+--------+------------------+-------------+----------+----------------------+----------------------+--------------------+


== Status ==
Current time: 2026-05-22 21:17:27 (running for 00:47:53.58)
Memory usage on this node: 62.5/251.6 GiB
Using FIFO scheduling algorithm.
Resources requested: 7.0/8 CPUs, 1.0/1 GPUs, 0.0/17.88 GiB heap, 0.0/8.94 GiB objects (0.0/1.0 accelerator_type:G)
Result logdir: /workspace/MARLlib/runs/rware_mappo_gru_small_20m_tensorboard/mappo_gru_rware-small-4ag-v2
Number of trials: 1/1 (1 RUNNING)
+------------------------------------------------------+----------+-------------------+--------+------------------+-------------+----------+----------------------+----------------------+--------------------+
| Trial name                                           | status   | loc               |   iter |   total time (s) |          ts |   reward |   episode_reward_max |   episode_reward_min |   episode_len_mean |
|------------------------------------------------------+----------+-------------------+--------+------------------+-------------+----------+----------------------+----------------------+--------------------|
| MAPPOTrainer_rware_v2_rware-small-4ag-v2_f1650_00000 | RUNNING  | 172.24.0.2:837006 |    990 |          2832.73 | 1.97921e+07 |      2.1 |                    5 |                    0 |                500 |
+------------------------------------------------------+----------+-------------------+--------+------------------+-------------+----------+----------------------+----------------------+--------------------+


== Status ==
Current time: 2026-05-22 21:17:32 (running for 00:47:58.80)
Memory usage on this node: 62.5/251.6 GiB
Using FIFO scheduling algorithm.
Resources requested: 7.0/8 CPUs, 1.0/1 GPUs, 0.0/17.88 GiB heap, 0.0/8.94 GiB objects (0.0/1.0 accelerator_type:G)
Result logdir: /workspace/MARLlib/runs/rware_mappo_gru_small_20m_tensorboard/mappo_gru_rware-small-4ag-v2
Number of trials: 1/1 (1 RUNNING)
+------------------------------------------------------+----------+-------------------+--------+------------------+-------------+----------+----------------------+----------------------+--------------------+
| Trial name                                           | status   | loc               |   iter |   total time (s) |          ts |   reward |   episode_reward_max |   episode_reward_min |   episode_len_mean |
|------------------------------------------------------+----------+-------------------+--------+------------------+-------------+----------+----------------------+----------------------+--------------------|
| MAPPOTrainer_rware_v2_rware-small-4ag-v2_f1650_00000 | RUNNING  | 172.24.0.2:837006 |    992 |          2837.89 | 1.98321e+07 |     2.11 |                    4 |                    0 |                500 |
+------------------------------------------------------+----------+-------------------+--------+------------------+-------------+----------+----------------------+----------------------+--------------------+


== Status ==
Current time: 2026-05-22 21:17:37 (running for 00:48:04.06)
Memory usage on this node: 62.5/251.6 GiB
Using FIFO scheduling algorithm.
Resources requested: 7.0/8 CPUs, 1.0/1 GPUs, 0.0/17.88 GiB heap, 0.0/8.94 GiB objects (0.0/1.0 accelerator_type:G)
Result logdir: /workspace/MARLlib/runs/rware_mappo_gru_small_20m_tensorboard/mappo_gru_rware-small-4ag-v2
Number of trials: 1/1 (1 RUNNING)
+------------------------------------------------------+----------+-------------------+--------+------------------+------------+----------+----------------------+----------------------+--------------------+
| Trial name                                           | status   | loc               |   iter |   total time (s) |         ts |   reward |   episode_reward_max |   episode_reward_min |   episode_len_mean |
|------------------------------------------------------+----------+-------------------+--------+------------------+------------+----------+----------------------+----------------------+--------------------|
| MAPPOTrainer_rware_v2_rware-small-4ag-v2_f1650_00000 | RUNNING  | 172.24.0.2:837006 |    994 |          2843.08 | 1.9872e+07 |     2.08 |                    4 |                    0 |                500 |
+------------------------------------------------------+----------+-------------------+--------+------------------+------------+----------+----------------------+----------------------+--------------------+


== Status ==
Current time: 2026-05-22 21:17:42 (running for 00:48:09.36)
Memory usage on this node: 62.5/251.6 GiB
Using FIFO scheduling algorithm.
Resources requested: 7.0/8 CPUs, 1.0/1 GPUs, 0.0/17.88 GiB heap, 0.0/8.94 GiB objects (0.0/1.0 accelerator_type:G)
Result logdir: /workspace/MARLlib/runs/rware_mappo_gru_small_20m_tensorboard/mappo_gru_rware-small-4ag-v2
Number of trials: 1/1 (1 RUNNING)
+------------------------------------------------------+----------+-------------------+--------+------------------+------------+----------+----------------------+----------------------+--------------------+
| Trial name                                           | status   | loc               |   iter |   total time (s) |         ts |   reward |   episode_reward_max |   episode_reward_min |   episode_len_mean |
|------------------------------------------------------+----------+-------------------+--------+------------------+------------+----------+----------------------+----------------------+--------------------|
| MAPPOTrainer_rware_v2_rware-small-4ag-v2_f1650_00000 | RUNNING  | 172.24.0.2:837006 |    996 |          2848.32 | 1.9912e+07 |     2.09 |                    4 |                    0 |                500 |
+------------------------------------------------------+----------+-------------------+--------+------------------+------------+----------+----------------------+----------------------+--------------------+


== Status ==
Current time: 2026-05-22 21:17:48 (running for 00:48:14.57)
Memory usage on this node: 62.5/251.6 GiB
Using FIFO scheduling algorithm.
Resources requested: 7.0/8 CPUs, 1.0/1 GPUs, 0.0/17.88 GiB heap, 0.0/8.94 GiB objects (0.0/1.0 accelerator_type:G)
Result logdir: /workspace/MARLlib/runs/rware_mappo_gru_small_20m_tensorboard/mappo_gru_rware-small-4ag-v2
Number of trials: 1/1 (1 RUNNING)
+------------------------------------------------------+----------+-------------------+--------+------------------+------------+----------+----------------------+----------------------+--------------------+
| Trial name                                           | status   | loc               |   iter |   total time (s) |         ts |   reward |   episode_reward_max |   episode_reward_min |   episode_len_mean |
|------------------------------------------------------+----------+-------------------+--------+------------------+------------+----------+----------------------+----------------------+--------------------|
| MAPPOTrainer_rware_v2_rware-small-4ag-v2_f1650_00000 | RUNNING  | 172.24.0.2:837006 |    998 |          2853.47 | 1.9952e+07 |     2.04 |                    4 |                    0 |                500 |
+------------------------------------------------------+----------+-------------------+--------+------------------+------------+----------+----------------------+----------------------+--------------------+


== Status ==
Current time: 2026-05-22 21:17:53 (running for 00:48:20.27)
Memory usage on this node: 62.5/251.6 GiB
Using FIFO scheduling algorithm.
Resources requested: 7.0/8 CPUs, 1.0/1 GPUs, 0.0/17.88 GiB heap, 0.0/8.94 GiB objects (0.0/1.0 accelerator_type:G)
Result logdir: /workspace/MARLlib/runs/rware_mappo_gru_small_20m_tensorboard/mappo_gru_rware-small-4ag-v2
Number of trials: 1/1 (1 RUNNING)
+------------------------------------------------------+----------+-------------------+--------+------------------+------------+----------+----------------------+----------------------+--------------------+
| Trial name                                           | status   | loc               |   iter |   total time (s) |         ts |   reward |   episode_reward_max |   episode_reward_min |   episode_len_mean |
|------------------------------------------------------+----------+-------------------+--------+------------------+------------+----------+----------------------+----------------------+--------------------|
| MAPPOTrainer_rware_v2_rware-small-4ag-v2_f1650_00000 | RUNNING  | 172.24.0.2:837006 |    999 |          2856.15 | 1.9972e+07 |     2.14 |                    5 |                    0 |                500 |
+------------------------------------------------------+----------+-------------------+--------+------------------+------------+----------+----------------------+----------------------+--------------------+


== Status ==
Current time: 2026-05-22 21:17:58 (running for 00:48:25.28)
Memory usage on this node: 62.5/251.6 GiB
Using FIFO scheduling algorithm.
Resources requested: 7.0/8 CPUs, 1.0/1 GPUs, 0.0/17.88 GiB heap, 0.0/8.94 GiB objects (0.0/1.0 accelerator_type:G)
Result logdir: /workspace/MARLlib/runs/rware_mappo_gru_small_20m_tensorboard/mappo_gru_rware-small-4ag-v2
Number of trials: 1/1 (1 RUNNING)
+------------------------------------------------------+----------+-------------------+--------+------------------+------------+----------+----------------------+----------------------+--------------------+
| Trial name                                           | status   | loc               |   iter |   total time (s) |         ts |   reward |   episode_reward_max |   episode_reward_min |   episode_len_mean |
|------------------------------------------------------+----------+-------------------+--------+------------------+------------+----------+----------------------+----------------------+--------------------|
| MAPPOTrainer_rware_v2_rware-small-4ag-v2_f1650_00000 | RUNNING  | 172.24.0.2:837006 |    999 |          2856.15 | 1.9972e+07 |     2.14 |                    5 |                    0 |                500 |
+------------------------------------------------------+----------+-------------------+--------+------------------+------------+----------+----------------------+----------------------+--------------------+


== Status ==
Current time: 2026-05-22 21:18:03 (running for 00:48:30.28)
Memory usage on this node: 62.5/251.6 GiB
Using FIFO scheduling algorithm.
Resources requested: 7.0/8 CPUs, 1.0/1 GPUs, 0.0/17.88 GiB heap, 0.0/8.94 GiB objects (0.0/1.0 accelerator_type:G)
Result logdir: /workspace/MARLlib/runs/rware_mappo_gru_small_20m_tensorboard/mappo_gru_rware-small-4ag-v2
Number of trials: 1/1 (1 RUNNING)
+------------------------------------------------------+----------+-------------------+--------+------------------+------------+----------+----------------------+----------------------+--------------------+
| Trial name                                           | status   | loc               |   iter |   total time (s) |         ts |   reward |   episode_reward_max |   episode_reward_min |   episode_len_mean |
|------------------------------------------------------+----------+-------------------+--------+------------------+------------+----------+----------------------+----------------------+--------------------|
| MAPPOTrainer_rware_v2_rware-small-4ag-v2_f1650_00000 | RUNNING  | 172.24.0.2:837006 |    999 |          2856.15 | 1.9972e+07 |     2.14 |                    5 |                    0 |                500 |
+------------------------------------------------------+----------+-------------------+--------+------------------+------------+----------+----------------------+----------------------+--------------------+


[2m[36m(pid=837006)[0m 2026-05-22 20:29:36,343	WARNING deprecation.py:38 -- DeprecationWarning: `simple_optimizer` has been deprecated. This will raise an error in the future!
[2m[36m(pid=837006)[0m 2026-05-22 20:29:36,344	WARNING ppo.py:143 -- `train_batch_size` (5000) cannot be achieved with your other settings (num_workers=6 num_envs_per_worker=1 rollout_fragment_length=200)! Auto-adjusting `rollout_fragment_length` to 833.
[2m[36m(pid=837006)[0m 2026-05-22 20:29:36,344	INFO ppo.py:166 -- In multi-agent mode, policies will be optimized sequentially by the multi-GPU optimizer. Consider setting simple_optimizer=True if this doesn't work for you.
[2m[36m(pid=837006)[0m 2026-05-22 20:29:36,344	INFO trainer.py:770 -- Current log_level is WARN. For more information, set 'log_level': 'INFO' / 'DEBUG' or use the -v and -vv flags.
[2m[36m(pid=837005)[0m 2026-05-22 20:29:38,996	WARNING deprecation.py:38 -- DeprecationWarning: `SampleBatch['is_training']` has been deprecated. Use `SampleBatch.is_training` instead. This will raise an error in the future!
[2m[36m(pid=837006)[0m 2026-05-22 20:29:44,986	WARNING deprecation.py:38 -- DeprecationWarning: `SampleBatch['is_training']` has been deprecated. Use `SampleBatch.is_training` instead. This will raise an error in the future!
[2m[36m(pid=837006)[0m 2026-05-22 20:29:45,006	WARNING trainer_template.py:185 -- `execution_plan` functions should accept `trainer`, `workers`, and `config` as args!
[2m[36m(pid=837006)[0m 2026-05-22 20:29:45,007	WARNING deprecation.py:38 -- DeprecationWarning: `simple_optimizer` has been deprecated. This will raise an error in the future!
[2m[36m(pid=837006)[0m 2026-05-22 20:29:45,007	WARNING ppo.py:143 -- `train_batch_size` (5000) cannot be achieved with your other settings (num_workers=6 num_envs_per_worker=1 rollout_fragment_length=833)! Auto-adjusting `rollout_fragment_length` to 833.
[2m[36m(pid=837006)[0m 2026-05-22 20:29:45,033	WARNING util.py:57 -- Install gputil for GPU system monitoring.
[2m[36m(pid=837005)[0m /workspace/miniconda3/envs/marllib/lib/python3.8/site-packages/gymnasium/utils/passive_env_checker.py:245: UserWarning: [33mWARN: The reward returned by `step()` must be a float, int, np.integer or np.floating, actual type: <class 'list'>[0m
[2m[36m(pid=837005)[0m   logger.warn(
[2m[36m(pid=837002)[0m /workspace/miniconda3/envs/marllib/lib/python3.8/site-packages/gymnasium/utils/passive_env_checker.py:245: UserWarning: [33mWARN: The reward returned by `step()` must be a float, int, np.integer or np.floating, actual type: <class 'list'>[0m
[2m[36m(pid=837002)[0m   logger.warn(
[2m[36m(pid=837004)[0m /workspace/miniconda3/envs/marllib/lib/python3.8/site-packages/gymnasium/utils/passive_env_checker.py:245: UserWarning: [33mWARN: The reward returned by `step()` must be a float, int, np.integer or np.floating, actual type: <class 'list'>[0m
[2m[36m(pid=837004)[0m   logger.warn(
[2m[36m(pid=837000)[0m /workspace/miniconda3/envs/marllib/lib/python3.8/site-packages/gymnasium/utils/passive_env_checker.py:245: UserWarning: [33mWARN: The reward returned by `step()` must be a float, int, np.integer or np.floating, actual type: <class 'list'>[0m
[2m[36m(pid=837000)[0m   logger.warn(
[2m[36m(pid=837001)[0m /workspace/miniconda3/envs/marllib/lib/python3.8/site-packages/gymnasium/utils/passive_env_checker.py:245: UserWarning: [33mWARN: The reward returned by `step()` must be a float, int, np.integer or np.floating, actual type: <class 'list'>[0m
[2m[36m(pid=837001)[0m   logger.warn(
[2m[36m(pid=837007)[0m /workspace/miniconda3/envs/marllib/lib/python3.8/site-packages/gymnasium/utils/passive_env_checker.py:245: UserWarning: [33mWARN: The reward returned by `step()` must be a float, int, np.integer or np.floating, actual type: <class 'list'>[0m
[2m[36m(pid=837007)[0m   logger.warn(
[2m[36m(pid=837006)[0m /workspace/miniconda3/envs/marllib/lib/python3.8/site-packages/gymnasium/utils/passive_env_checker.py:245: UserWarning: [33mWARN: The reward returned by `step()` must be a float, int, np.integer or np.floating, actual type: <class 'list'>[0m
[2m[36m(pid=837006)[0m   logger.warn(
[2m[36m(pid=837001)[0m [2026-05-22 21:18:08,040 E 837001 837001] raylet_client.cc:159: IOError: Broken pipe [RayletClient] Failed to disconnect from raylet.
[2m[36m(pid=837007)[0m [2026-05-22 21:18:08,043 E 837007 837185] raylet_client.cc:159: IOError: Broken pipe [RayletClient] Failed to disconnect from raylet.
2026-05-22 21:18:08,152	INFO tune.py:630 -- Total run time: 2914.78 seconds (2914.41 seconds for the tuning loop).
== Status ==
Current time: 2026-05-22 21:18:07 (running for 00:48:34.48)
Memory usage on this node: 62.6/251.6 GiB
Using FIFO scheduling algorithm.
Resources requested: 0/8 CPUs, 0/1 GPUs, 0.0/17.88 GiB heap, 0.0/8.94 GiB objects (0.0/1.0 accelerator_type:G)
Result logdir: /workspace/MARLlib/runs/rware_mappo_gru_small_20m_tensorboard/mappo_gru_rware-small-4ag-v2
Number of trials: 1/1 (1 TERMINATED)
+------------------------------------------------------+------------+-------------------+--------+------------------+------------+----------+----------------------+----------------------+--------------------+
| Trial name                                           | status     | loc               |   iter |   total time (s) |         ts |   reward |   episode_reward_max |   episode_reward_min |   episode_len_mean |
|------------------------------------------------------+------------+-------------------+--------+------------------+------------+----------+----------------------+----------------------+--------------------|
| MAPPOTrainer_rware_v2_rware-small-4ag-v2_f1650_00000 | TERMINATED | 172.24.0.2:837006 |   1001 |          2874.21 | 2.0012e+07 |     2.22 |                    5 |                    0 |                500 |
+------------------------------------------------------+------------+-------------------+--------+------------------+------------+----------+----------------------+----------------------+--------------------+


finished rware-small-4ag-v2 checkpoint {'model_path': '/workspace/MARLlib/runs/rware_mappo_gru_small_20m_tensorboard/mappo_gru_rware-small-4ag-v2/MAPPOTrainer_rware_v2_rware-small-4ag-v2_f1650_00000_0_2026-05-22_20-29-33/checkpoint_001001/checkpoint-1001', 'params_path': '/workspace/MARLlib/runs/rware_mappo_gru_small_20m_tensorboard/mappo_gru_rware-small-4ag-v2/MAPPOTrainer_rware_v2_rware-small-4ag-v2_f1650_00000_0_2026-05-22_20-29-33/params.json'}
