/workspace/miniconda3/envs/marllib/lib/python3.8/site-packages/redis/utils.py:29: CryptographyDeprecationWarning: Python 3.8 is no longer supported by the Python core team and support for it is deprecated in cryptography. The next release of cryptography will remove support for Python 3.8.
  import cryptography  # noqa
2026-05-22 22:42:03,613	WARNING utils.py:531 -- Ray currently does not support initializing Raywith fractional cpus. Your num_cpus will be truncated from 8.5 to 8.
2026-05-22 22:42:05,045	ERROR syncer.py:75 -- Log sync requires rsync to be installed.
verified rware-small-4ag-v2
== Status ==
Current time: 2026-05-22 22:42:16 (running for 00:00:11.88)
Memory usage on this node: 62.4/251.6 GiB
Using FIFO scheduling algorithm.
Resources requested: 7.0/8 CPUs, 1.0/1 GPUs, 0.0/17.54 GiB heap, 0.0/8.77 GiB objects (0.0/1.0 accelerator_type:G)
Result logdir: /workspace/MARLlib/runs/rware_mappo_gru_small_20m_tensorboard/qmix_gru_rware-small-4ag-v2
Number of trials: 1/1 (1 RUNNING)
+------------------------------------------------------+----------+-------------------+
| Trial name                                           | status   | loc               |
|------------------------------------------------------+----------+-------------------|
| QMIX_grouped_rware_v2_rware-small-4ag-v2_74c9b_00000 | RUNNING  | 172.24.0.2:994514 |
+------------------------------------------------------+----------+-------------------+


== Status ==
Current time: 2026-05-22 22:42:17 (running for 00:00:12.89)
Memory usage on this node: 62.4/251.6 GiB
Using FIFO scheduling algorithm.
Resources requested: 7.0/8 CPUs, 1.0/1 GPUs, 0.0/17.54 GiB heap, 0.0/8.77 GiB objects (0.0/1.0 accelerator_type:G)
Result logdir: /workspace/MARLlib/runs/rware_mappo_gru_small_20m_tensorboard/qmix_gru_rware-small-4ag-v2
Number of trials: 1/1 (1 RUNNING)
+------------------------------------------------------+----------+-------------------+
| Trial name                                           | status   | loc               |
|------------------------------------------------------+----------+-------------------|
| QMIX_grouped_rware_v2_rware-small-4ag-v2_74c9b_00000 | RUNNING  | 172.24.0.2:994514 |
+------------------------------------------------------+----------+-------------------+


== Status ==
Current time: 2026-05-22 22:42:22 (running for 00:00:18.04)
Memory usage on this node: 63.1/251.6 GiB
Using FIFO scheduling algorithm.
Resources requested: 7.0/8 CPUs, 1.0/1 GPUs, 0.0/17.54 GiB heap, 0.0/8.77 GiB objects (0.0/1.0 accelerator_type:G)
Result logdir: /workspace/MARLlib/runs/rware_mappo_gru_small_20m_tensorboard/qmix_gru_rware-small-4ag-v2
Number of trials: 1/1 (1 RUNNING)
+------------------------------------------------------+----------+-------------------+--------+------------------+------+----------+----------------------+----------------------+--------------------+
| Trial name                                           | status   | loc               |   iter |   total time (s) |   ts |   reward |   episode_reward_max |   episode_reward_min |   episode_len_mean |
|------------------------------------------------------+----------+-------------------+--------+------------------+------+----------+----------------------+----------------------+--------------------|
| QMIX_grouped_rware_v2_rware-small-4ag-v2_74c9b_00000 | RUNNING  | 172.24.0.2:994514 |      1 |          5.13255 | 6000 |        0 |                    0 |                    0 |                500 |
+------------------------------------------------------+----------+-------------------+--------+------------------+------+----------+----------------------+----------------------+--------------------+


== Status ==
Current time: 2026-05-22 22:42:28 (running for 00:00:23.63)
Memory usage on this node: 63.2/251.6 GiB
Using FIFO scheduling algorithm.
Resources requested: 7.0/8 CPUs, 1.0/1 GPUs, 0.0/17.54 GiB heap, 0.0/8.77 GiB objects (0.0/1.0 accelerator_type:G)
Result logdir: /workspace/MARLlib/runs/rware_mappo_gru_small_20m_tensorboard/qmix_gru_rware-small-4ag-v2
Number of trials: 1/1 (1 RUNNING)
+------------------------------------------------------+----------+-------------------+--------+------------------+-------+----------+----------------------+----------------------+--------------------+
| Trial name                                           | status   | loc               |   iter |   total time (s) |    ts |   reward |   episode_reward_max |   episode_reward_min |   episode_len_mean |
|------------------------------------------------------+----------+-------------------+--------+------------------+-------+----------+----------------------+----------------------+--------------------|
| QMIX_grouped_rware_v2_rware-small-4ag-v2_74c9b_00000 | RUNNING  | 172.24.0.2:994514 |      4 |          10.6567 | 15000 |        0 |                    0 |                    0 |                500 |
+------------------------------------------------------+----------+-------------------+--------+------------------+-------+----------+----------------------+----------------------+--------------------+


== Status ==
Current time: 2026-05-22 22:42:34 (running for 00:00:29.60)
Memory usage on this node: 63.3/251.6 GiB
Using FIFO scheduling algorithm.
Resources requested: 7.0/8 CPUs, 1.0/1 GPUs, 0.0/17.54 GiB heap, 0.0/8.77 GiB objects (0.0/1.0 accelerator_type:G)
Result logdir: /workspace/MARLlib/runs/rware_mappo_gru_small_20m_tensorboard/qmix_gru_rware-small-4ag-v2
Number of trials: 1/1 (1 RUNNING)
+------------------------------------------------------+----------+-------------------+--------+------------------+-------+-----------+----------------------+----------------------+--------------------+
| Trial name                                           | status   | loc               |   iter |   total time (s) |    ts |    reward |   episode_reward_max |   episode_reward_min |   episode_len_mean |
|------------------------------------------------------+----------+-------------------+--------+------------------+-------+-----------+----------------------+----------------------+--------------------|
| QMIX_grouped_rware_v2_rware-small-4ag-v2_74c9b_00000 | RUNNING  | 172.24.0.2:994514 |      7 |          16.5472 | 24000 | 0.0208333 |                    1 |                    0 |                500 |
+------------------------------------------------------+----------+-------------------+--------+------------------+-------+-----------+----------------------+----------------------+--------------------+


== Status ==
Current time: 2026-05-22 22:42:40 (running for 00:00:35.25)
Memory usage on this node: 63.3/251.6 GiB
Using FIFO scheduling algorithm.
Resources requested: 7.0/8 CPUs, 1.0/1 GPUs, 0.0/17.54 GiB heap, 0.0/8.77 GiB objects (0.0/1.0 accelerator_type:G)
Result logdir: /workspace/MARLlib/runs/rware_mappo_gru_small_20m_tensorboard/qmix_gru_rware-small-4ag-v2
Number of trials: 1/1 (1 RUNNING)
+------------------------------------------------------+----------+-------------------+--------+------------------+-------+-----------+----------------------+----------------------+--------------------+
| Trial name                                           | status   | loc               |   iter |   total time (s) |    ts |    reward |   episode_reward_max |   episode_reward_min |   episode_len_mean |
|------------------------------------------------------+----------+-------------------+--------+------------------+-------+-----------+----------------------+----------------------+--------------------|
| QMIX_grouped_rware_v2_rware-small-4ag-v2_74c9b_00000 | RUNNING  | 172.24.0.2:994514 |     10 |          22.1268 | 33000 | 0.0151515 |                    1 |                    0 |                500 |
+------------------------------------------------------+----------+-------------------+--------+------------------+-------+-----------+----------------------+----------------------+--------------------+


== Status ==
Current time: 2026-05-22 22:42:45 (running for 00:00:41.13)
Memory usage on this node: 63.5/251.6 GiB
Using FIFO scheduling algorithm.
Resources requested: 7.0/8 CPUs, 1.0/1 GPUs, 0.0/17.54 GiB heap, 0.0/8.77 GiB objects (0.0/1.0 accelerator_type:G)
Result logdir: /workspace/MARLlib/runs/rware_mappo_gru_small_20m_tensorboard/qmix_gru_rware-small-4ag-v2
Number of trials: 1/1 (1 RUNNING)
+------------------------------------------------------+----------+-------------------+--------+------------------+-------+----------+----------------------+----------------------+--------------------+
| Trial name                                           | status   | loc               |   iter |   total time (s) |    ts |   reward |   episode_reward_max |   episode_reward_min |   episode_len_mean |
|------------------------------------------------------+----------+-------------------+--------+------------------+-------+----------+----------------------+----------------------+--------------------|
| QMIX_grouped_rware_v2_rware-small-4ag-v2_74c9b_00000 | RUNNING  | 172.24.0.2:994514 |     13 |          27.9344 | 42000 | 0.047619 |                    1 |                    0 |                500 |
+------------------------------------------------------+----------+-------------------+--------+------------------+-------+----------+----------------------+----------------------+--------------------+


== Status ==
Current time: 2026-05-22 22:42:51 (running for 00:00:46.86)
Memory usage on this node: 63.5/251.6 GiB
Using FIFO scheduling algorithm.
Resources requested: 7.0/8 CPUs, 1.0/1 GPUs, 0.0/17.54 GiB heap, 0.0/8.77 GiB objects (0.0/1.0 accelerator_type:G)
Result logdir: /workspace/MARLlib/runs/rware_mappo_gru_small_20m_tensorboard/qmix_gru_rware-small-4ag-v2
Number of trials: 1/1 (1 RUNNING)
+------------------------------------------------------+----------+-------------------+--------+------------------+-------+----------+----------------------+----------------------+--------------------+
| Trial name                                           | status   | loc               |   iter |   total time (s) |    ts |   reward |   episode_reward_max |   episode_reward_min |   episode_len_mean |
|------------------------------------------------------+----------+-------------------+--------+------------------+-------+----------+----------------------+----------------------+--------------------|
| QMIX_grouped_rware_v2_rware-small-4ag-v2_74c9b_00000 | RUNNING  | 172.24.0.2:994514 |     16 |          33.5833 | 51000 |     0.04 |                    1 |                    0 |                500 |
+------------------------------------------------------+----------+-------------------+--------+------------------+-------+----------+----------------------+----------------------+--------------------+


== Status ==
Current time: 2026-05-22 22:42:57 (running for 00:00:52.79)
Memory usage on this node: 63.6/251.6 GiB
Using FIFO scheduling algorithm.
Resources requested: 7.0/8 CPUs, 1.0/1 GPUs, 0.0/17.54 GiB heap, 0.0/8.77 GiB objects (0.0/1.0 accelerator_type:G)
Result logdir: /workspace/MARLlib/runs/rware_mappo_gru_small_20m_tensorboard/qmix_gru_rware-small-4ag-v2
Number of trials: 1/1 (1 RUNNING)
+------------------------------------------------------+----------+-------------------+--------+------------------+-------+----------+----------------------+----------------------+--------------------+
| Trial name                                           | status   | loc               |   iter |   total time (s) |    ts |   reward |   episode_reward_max |   episode_reward_min |   episode_len_mean |
|------------------------------------------------------+----------+-------------------+--------+------------------+-------+----------+----------------------+----------------------+--------------------|
| QMIX_grouped_rware_v2_rware-small-4ag-v2_74c9b_00000 | RUNNING  | 172.24.0.2:994514 |     19 |           39.438 | 60000 |     0.06 |                    1 |                    0 |                500 |
+------------------------------------------------------+----------+-------------------+--------+------------------+-------+----------+----------------------+----------------------+--------------------+


== Status ==
Current time: 2026-05-22 22:43:03 (running for 00:00:58.40)
Memory usage on this node: 63.7/251.6 GiB
Using FIFO scheduling algorithm.
Resources requested: 7.0/8 CPUs, 1.0/1 GPUs, 0.0/17.54 GiB heap, 0.0/8.77 GiB objects (0.0/1.0 accelerator_type:G)
Result logdir: /workspace/MARLlib/runs/rware_mappo_gru_small_20m_tensorboard/qmix_gru_rware-small-4ag-v2
Number of trials: 1/1 (1 RUNNING)
+------------------------------------------------------+----------+-------------------+--------+------------------+-------+----------+----------------------+----------------------+--------------------+
| Trial name                                           | status   | loc               |   iter |   total time (s) |    ts |   reward |   episode_reward_max |   episode_reward_min |   episode_len_mean |
|------------------------------------------------------+----------+-------------------+--------+------------------+-------+----------+----------------------+----------------------+--------------------|
| QMIX_grouped_rware_v2_rware-small-4ag-v2_74c9b_00000 | RUNNING  | 172.24.0.2:994514 |     22 |          44.9812 | 69000 |     0.06 |                    1 |                    0 |                500 |
+------------------------------------------------------+----------+-------------------+--------+------------------+-------+----------+----------------------+----------------------+--------------------+


== Status ==
Current time: 2026-05-22 22:43:08 (running for 00:01:03.42)
Memory usage on this node: 63.7/251.6 GiB
Using FIFO scheduling algorithm.
Resources requested: 7.0/8 CPUs, 1.0/1 GPUs, 0.0/17.54 GiB heap, 0.0/8.77 GiB objects (0.0/1.0 accelerator_type:G)
Result logdir: /workspace/MARLlib/runs/rware_mappo_gru_small_20m_tensorboard/qmix_gru_rware-small-4ag-v2
Number of trials: 1/1 (1 RUNNING)
+------------------------------------------------------+----------+-------------------+--------+------------------+-------+----------+----------------------+----------------------+--------------------+
| Trial name                                           | status   | loc               |   iter |   total time (s) |    ts |   reward |   episode_reward_max |   episode_reward_min |   episode_len_mean |
|------------------------------------------------------+----------+-------------------+--------+------------------+-------+----------+----------------------+----------------------+--------------------|
| QMIX_grouped_rware_v2_rware-small-4ag-v2_74c9b_00000 | RUNNING  | 172.24.0.2:994514 |     25 |          50.9354 | 78000 |     0.06 |                    1 |                    0 |                500 |
+------------------------------------------------------+----------+-------------------+--------+------------------+-------+----------+----------------------+----------------------+--------------------+


== Status ==
Current time: 2026-05-22 22:43:13 (running for 00:01:09.11)
Memory usage on this node: 63.8/251.6 GiB
Using FIFO scheduling algorithm.
Resources requested: 7.0/8 CPUs, 1.0/1 GPUs, 0.0/17.54 GiB heap, 0.0/8.77 GiB objects (0.0/1.0 accelerator_type:G)
Result logdir: /workspace/MARLlib/runs/rware_mappo_gru_small_20m_tensorboard/qmix_gru_rware-small-4ag-v2
Number of trials: 1/1 (1 RUNNING)
+------------------------------------------------------+----------+-------------------+--------+------------------+-------+----------+----------------------+----------------------+--------------------+
| Trial name                                           | status   | loc               |   iter |   total time (s) |    ts |   reward |   episode_reward_max |   episode_reward_min |   episode_len_mean |
|------------------------------------------------------+----------+-------------------+--------+------------------+-------+----------+----------------------+----------------------+--------------------|
| QMIX_grouped_rware_v2_rware-small-4ag-v2_74c9b_00000 | RUNNING  | 172.24.0.2:994514 |     28 |          56.5745 | 87000 |     0.04 |                    1 |                    0 |                500 |
+------------------------------------------------------+----------+-------------------+--------+------------------+-------+----------+----------------------+----------------------+--------------------+


== Status ==
Current time: 2026-05-22 22:43:19 (running for 00:01:14.92)
Memory usage on this node: 63.9/251.6 GiB
Using FIFO scheduling algorithm.
Resources requested: 7.0/8 CPUs, 1.0/1 GPUs, 0.0/17.54 GiB heap, 0.0/8.77 GiB objects (0.0/1.0 accelerator_type:G)
Result logdir: /workspace/MARLlib/runs/rware_mappo_gru_small_20m_tensorboard/qmix_gru_rware-small-4ag-v2
Number of trials: 1/1 (1 RUNNING)
+------------------------------------------------------+----------+-------------------+--------+------------------+-------+----------+----------------------+----------------------+--------------------+
| Trial name                                           | status   | loc               |   iter |   total time (s) |    ts |   reward |   episode_reward_max |   episode_reward_min |   episode_len_mean |
|------------------------------------------------------+----------+-------------------+--------+------------------+-------+----------+----------------------+----------------------+--------------------|
| QMIX_grouped_rware_v2_rware-small-4ag-v2_74c9b_00000 | RUNNING  | 172.24.0.2:994514 |     31 |          62.3042 | 96000 |     0.04 |                    1 |                    0 |                500 |
+------------------------------------------------------+----------+-------------------+--------+------------------+-------+----------+----------------------+----------------------+--------------------+


== Status ==
Current time: 2026-05-22 22:43:24 (running for 00:01:20.01)
Memory usage on this node: 64.0/251.6 GiB
Using FIFO scheduling algorithm.
Resources requested: 7.0/8 CPUs, 1.0/1 GPUs, 0.0/17.54 GiB heap, 0.0/8.77 GiB objects (0.0/1.0 accelerator_type:G)
Result logdir: /workspace/MARLlib/runs/rware_mappo_gru_small_20m_tensorboard/qmix_gru_rware-small-4ag-v2
Number of trials: 1/1 (1 RUNNING)
+------------------------------------------------------+----------+-------------------+--------+------------------+--------+----------+----------------------+----------------------+--------------------+
| Trial name                                           | status   | loc               |   iter |   total time (s) |     ts |   reward |   episode_reward_max |   episode_reward_min |   episode_len_mean |
|------------------------------------------------------+----------+-------------------+--------+------------------+--------+----------+----------------------+----------------------+--------------------|
| QMIX_grouped_rware_v2_rware-small-4ag-v2_74c9b_00000 | RUNNING  | 172.24.0.2:994514 |     33 |          66.3562 | 102000 |     0.06 |                    1 |                    0 |                500 |
+------------------------------------------------------+----------+-------------------+--------+------------------+--------+----------+----------------------+----------------------+--------------------+


== Status ==
Current time: 2026-05-22 22:43:30 (running for 00:01:25.68)
Memory usage on this node: 64.0/251.6 GiB
Using FIFO scheduling algorithm.
Resources requested: 7.0/8 CPUs, 1.0/1 GPUs, 0.0/17.54 GiB heap, 0.0/8.77 GiB objects (0.0/1.0 accelerator_type:G)
Result logdir: /workspace/MARLlib/runs/rware_mappo_gru_small_20m_tensorboard/qmix_gru_rware-small-4ag-v2
Number of trials: 1/1 (1 RUNNING)
+------------------------------------------------------+----------+-------------------+--------+------------------+--------+----------+----------------------+----------------------+--------------------+
| Trial name                                           | status   | loc               |   iter |   total time (s) |     ts |   reward |   episode_reward_max |   episode_reward_min |   episode_len_mean |
|------------------------------------------------------+----------+-------------------+--------+------------------+--------+----------+----------------------+----------------------+--------------------|
| QMIX_grouped_rware_v2_rware-small-4ag-v2_74c9b_00000 | RUNNING  | 172.24.0.2:994514 |     36 |          71.9638 | 111000 |     0.07 |                    1 |                    0 |                500 |
+------------------------------------------------------+----------+-------------------+--------+------------------+--------+----------+----------------------+----------------------+--------------------+


== Status ==
Current time: 2026-05-22 22:43:36 (running for 00:01:31.39)
Memory usage on this node: 64.0/251.6 GiB
Using FIFO scheduling algorithm.
Resources requested: 7.0/8 CPUs, 1.0/1 GPUs, 0.0/17.54 GiB heap, 0.0/8.77 GiB objects (0.0/1.0 accelerator_type:G)
Result logdir: /workspace/MARLlib/runs/rware_mappo_gru_small_20m_tensorboard/qmix_gru_rware-small-4ag-v2
Number of trials: 1/1 (1 RUNNING)
+------------------------------------------------------+----------+-------------------+--------+------------------+--------+----------+----------------------+----------------------+--------------------+
| Trial name                                           | status   | loc               |   iter |   total time (s) |     ts |   reward |   episode_reward_max |   episode_reward_min |   episode_len_mean |
|------------------------------------------------------+----------+-------------------+--------+------------------+--------+----------+----------------------+----------------------+--------------------|
| QMIX_grouped_rware_v2_rware-small-4ag-v2_74c9b_00000 | RUNNING  | 172.24.0.2:994514 |     39 |          77.6083 | 120000 |     0.08 |                    1 |                    0 |                500 |
+------------------------------------------------------+----------+-------------------+--------+------------------+--------+----------+----------------------+----------------------+--------------------+


== Status ==
Current time: 2026-05-22 22:43:42 (running for 00:01:37.38)
Memory usage on this node: 64.1/251.6 GiB
Using FIFO scheduling algorithm.
Resources requested: 7.0/8 CPUs, 1.0/1 GPUs, 0.0/17.54 GiB heap, 0.0/8.77 GiB objects (0.0/1.0 accelerator_type:G)
Result logdir: /workspace/MARLlib/runs/rware_mappo_gru_small_20m_tensorboard/qmix_gru_rware-small-4ag-v2
Number of trials: 1/1 (1 RUNNING)
+------------------------------------------------------+----------+-------------------+--------+------------------+--------+----------+----------------------+----------------------+--------------------+
| Trial name                                           | status   | loc               |   iter |   total time (s) |     ts |   reward |   episode_reward_max |   episode_reward_min |   episode_len_mean |
|------------------------------------------------------+----------+-------------------+--------+------------------+--------+----------+----------------------+----------------------+--------------------|
| QMIX_grouped_rware_v2_rware-small-4ag-v2_74c9b_00000 | RUNNING  | 172.24.0.2:994514 |     42 |          83.5142 | 129000 |     0.08 |                    1 |                    0 |                500 |
+------------------------------------------------------+----------+-------------------+--------+------------------+--------+----------+----------------------+----------------------+--------------------+


== Status ==
Current time: 2026-05-22 22:43:48 (running for 00:01:43.16)
Memory usage on this node: 64.2/251.6 GiB
Using FIFO scheduling algorithm.
Resources requested: 7.0/8 CPUs, 1.0/1 GPUs, 0.0/17.54 GiB heap, 0.0/8.77 GiB objects (0.0/1.0 accelerator_type:G)
Result logdir: /workspace/MARLlib/runs/rware_mappo_gru_small_20m_tensorboard/qmix_gru_rware-small-4ag-v2
Number of trials: 1/1 (1 RUNNING)
+------------------------------------------------------+----------+-------------------+--------+------------------+--------+----------+----------------------+----------------------+--------------------+
| Trial name                                           | status   | loc               |   iter |   total time (s) |     ts |   reward |   episode_reward_max |   episode_reward_min |   episode_len_mean |
|------------------------------------------------------+----------+-------------------+--------+------------------+--------+----------+----------------------+----------------------+--------------------|
| QMIX_grouped_rware_v2_rware-small-4ag-v2_74c9b_00000 | RUNNING  | 172.24.0.2:994514 |     45 |          89.2248 | 138000 |     0.08 |                    1 |                    0 |                500 |
+------------------------------------------------------+----------+-------------------+--------+------------------+--------+----------+----------------------+----------------------+--------------------+


== Status ==
Current time: 2026-05-22 22:43:53 (running for 00:01:48.89)
Memory usage on this node: 64.3/251.6 GiB
Using FIFO scheduling algorithm.
Resources requested: 7.0/8 CPUs, 1.0/1 GPUs, 0.0/17.54 GiB heap, 0.0/8.77 GiB objects (0.0/1.0 accelerator_type:G)
Result logdir: /workspace/MARLlib/runs/rware_mappo_gru_small_20m_tensorboard/qmix_gru_rware-small-4ag-v2
Number of trials: 1/1 (1 RUNNING)
+------------------------------------------------------+----------+-------------------+--------+------------------+--------+----------+----------------------+----------------------+--------------------+
| Trial name                                           | status   | loc               |   iter |   total time (s) |     ts |   reward |   episode_reward_max |   episode_reward_min |   episode_len_mean |
|------------------------------------------------------+----------+-------------------+--------+------------------+--------+----------+----------------------+----------------------+--------------------|
| QMIX_grouped_rware_v2_rware-small-4ag-v2_74c9b_00000 | RUNNING  | 172.24.0.2:994514 |     48 |          94.8751 | 147000 |     0.09 |                    1 |                    0 |                500 |
+------------------------------------------------------+----------+-------------------+--------+------------------+--------+----------+----------------------+----------------------+--------------------+


== Status ==
Current time: 2026-05-22 22:43:59 (running for 00:01:54.85)
Memory usage on this node: 64.3/251.6 GiB
Using FIFO scheduling algorithm.
Resources requested: 7.0/8 CPUs, 1.0/1 GPUs, 0.0/17.54 GiB heap, 0.0/8.77 GiB objects (0.0/1.0 accelerator_type:G)
Result logdir: /workspace/MARLlib/runs/rware_mappo_gru_small_20m_tensorboard/qmix_gru_rware-small-4ag-v2
Number of trials: 1/1 (1 RUNNING)
+------------------------------------------------------+----------+-------------------+--------+------------------+--------+----------+----------------------+----------------------+--------------------+
| Trial name                                           | status   | loc               |   iter |   total time (s) |     ts |   reward |   episode_reward_max |   episode_reward_min |   episode_len_mean |
|------------------------------------------------------+----------+-------------------+--------+------------------+--------+----------+----------------------+----------------------+--------------------|
| QMIX_grouped_rware_v2_rware-small-4ag-v2_74c9b_00000 | RUNNING  | 172.24.0.2:994514 |     49 |          96.8145 | 150000 |     0.08 |                    1 |                    0 |                500 |
+------------------------------------------------------+----------+-------------------+--------+------------------+--------+----------+----------------------+----------------------+--------------------+


== Status ==
Current time: 2026-05-22 22:44:04 (running for 00:01:59.86)
Memory usage on this node: 64.3/251.6 GiB
Using FIFO scheduling algorithm.
Resources requested: 7.0/8 CPUs, 1.0/1 GPUs, 0.0/17.54 GiB heap, 0.0/8.77 GiB objects (0.0/1.0 accelerator_type:G)
Result logdir: /workspace/MARLlib/runs/rware_mappo_gru_small_20m_tensorboard/qmix_gru_rware-small-4ag-v2
Number of trials: 1/1 (1 RUNNING)
+------------------------------------------------------+----------+-------------------+--------+------------------+--------+----------+----------------------+----------------------+--------------------+
| Trial name                                           | status   | loc               |   iter |   total time (s) |     ts |   reward |   episode_reward_max |   episode_reward_min |   episode_len_mean |
|------------------------------------------------------+----------+-------------------+--------+------------------+--------+----------+----------------------+----------------------+--------------------|
| QMIX_grouped_rware_v2_rware-small-4ag-v2_74c9b_00000 | RUNNING  | 172.24.0.2:994514 |     49 |          96.8145 | 150000 |     0.08 |                    1 |                    0 |                500 |
+------------------------------------------------------+----------+-------------------+--------+------------------+--------+----------+----------------------+----------------------+--------------------+


== Status ==
Current time: 2026-05-22 22:44:10 (running for 00:02:05.46)
Memory usage on this node: 64.4/251.6 GiB
Using FIFO scheduling algorithm.
Resources requested: 7.0/8 CPUs, 1.0/1 GPUs, 0.0/17.54 GiB heap, 0.0/8.77 GiB objects (0.0/1.0 accelerator_type:G)
Result logdir: /workspace/MARLlib/runs/rware_mappo_gru_small_20m_tensorboard/qmix_gru_rware-small-4ag-v2
Number of trials: 1/1 (1 RUNNING)
+------------------------------------------------------+----------+-------------------+--------+------------------+--------+----------+----------------------+----------------------+--------------------+
| Trial name                                           | status   | loc               |   iter |   total time (s) |     ts |   reward |   episode_reward_max |   episode_reward_min |   episode_len_mean |
|------------------------------------------------------+----------+-------------------+--------+------------------+--------+----------+----------------------+----------------------+--------------------|
| QMIX_grouped_rware_v2_rware-small-4ag-v2_74c9b_00000 | RUNNING  | 172.24.0.2:994514 |     52 |           112.35 | 159000 |     0.07 |                    1 |                    0 |                500 |
+------------------------------------------------------+----------+-------------------+--------+------------------+--------+----------+----------------------+----------------------+--------------------+


== Status ==
Current time: 2026-05-22 22:44:15 (running for 00:02:11.14)
Memory usage on this node: 64.4/251.6 GiB
Using FIFO scheduling algorithm.
Resources requested: 7.0/8 CPUs, 1.0/1 GPUs, 0.0/17.54 GiB heap, 0.0/8.77 GiB objects (0.0/1.0 accelerator_type:G)
Result logdir: /workspace/MARLlib/runs/rware_mappo_gru_small_20m_tensorboard/qmix_gru_rware-small-4ag-v2
Number of trials: 1/1 (1 RUNNING)
+------------------------------------------------------+----------+-------------------+--------+------------------+--------+----------+----------------------+----------------------+--------------------+
| Trial name                                           | status   | loc               |   iter |   total time (s) |     ts |   reward |   episode_reward_max |   episode_reward_min |   episode_len_mean |
|------------------------------------------------------+----------+-------------------+--------+------------------+--------+----------+----------------------+----------------------+--------------------|
| QMIX_grouped_rware_v2_rware-small-4ag-v2_74c9b_00000 | RUNNING  | 172.24.0.2:994514 |     55 |          117.954 | 168000 |     0.11 |                    1 |                    0 |                500 |
+------------------------------------------------------+----------+-------------------+--------+------------------+--------+----------+----------------------+----------------------+--------------------+


== Status ==
Current time: 2026-05-22 22:44:21 (running for 00:02:16.93)
Memory usage on this node: 64.5/251.6 GiB
Using FIFO scheduling algorithm.
Resources requested: 7.0/8 CPUs, 1.0/1 GPUs, 0.0/17.54 GiB heap, 0.0/8.77 GiB objects (0.0/1.0 accelerator_type:G)
Result logdir: /workspace/MARLlib/runs/rware_mappo_gru_small_20m_tensorboard/qmix_gru_rware-small-4ag-v2
Number of trials: 1/1 (1 RUNNING)
+------------------------------------------------------+----------+-------------------+--------+------------------+--------+----------+----------------------+----------------------+--------------------+
| Trial name                                           | status   | loc               |   iter |   total time (s) |     ts |   reward |   episode_reward_max |   episode_reward_min |   episode_len_mean |
|------------------------------------------------------+----------+-------------------+--------+------------------+--------+----------+----------------------+----------------------+--------------------|
| QMIX_grouped_rware_v2_rware-small-4ag-v2_74c9b_00000 | RUNNING  | 172.24.0.2:994514 |     58 |          123.663 | 177000 |      0.1 |                    1 |                    0 |                500 |
+------------------------------------------------------+----------+-------------------+--------+------------------+--------+----------+----------------------+----------------------+--------------------+


== Status ==
Current time: 2026-05-22 22:44:27 (running for 00:02:22.68)
Memory usage on this node: 64.6/251.6 GiB
Using FIFO scheduling algorithm.
Resources requested: 7.0/8 CPUs, 1.0/1 GPUs, 0.0/17.54 GiB heap, 0.0/8.77 GiB objects (0.0/1.0 accelerator_type:G)
Result logdir: /workspace/MARLlib/runs/rware_mappo_gru_small_20m_tensorboard/qmix_gru_rware-small-4ag-v2
Number of trials: 1/1 (1 RUNNING)
+------------------------------------------------------+----------+-------------------+--------+------------------+--------+----------+----------------------+----------------------+--------------------+
| Trial name                                           | status   | loc               |   iter |   total time (s) |     ts |   reward |   episode_reward_max |   episode_reward_min |   episode_len_mean |
|------------------------------------------------------+----------+-------------------+--------+------------------+--------+----------+----------------------+----------------------+--------------------|
| QMIX_grouped_rware_v2_rware-small-4ag-v2_74c9b_00000 | RUNNING  | 172.24.0.2:994514 |     61 |          129.338 | 186000 |      0.1 |                    1 |                    0 |                500 |
+------------------------------------------------------+----------+-------------------+--------+------------------+--------+----------+----------------------+----------------------+--------------------+


== Status ==
Current time: 2026-05-22 22:44:32 (running for 00:02:27.99)
Memory usage on this node: 64.6/251.6 GiB
Using FIFO scheduling algorithm.
Resources requested: 7.0/8 CPUs, 1.0/1 GPUs, 0.0/17.54 GiB heap, 0.0/8.77 GiB objects (0.0/1.0 accelerator_type:G)
Result logdir: /workspace/MARLlib/runs/rware_mappo_gru_small_20m_tensorboard/qmix_gru_rware-small-4ag-v2
Number of trials: 1/1 (1 RUNNING)
+------------------------------------------------------+----------+-------------------+--------+------------------+--------+----------+----------------------+----------------------+--------------------+
| Trial name                                           | status   | loc               |   iter |   total time (s) |     ts |   reward |   episode_reward_max |   episode_reward_min |   episode_len_mean |
|------------------------------------------------------+----------+-------------------+--------+------------------+--------+----------+----------------------+----------------------+--------------------|
| QMIX_grouped_rware_v2_rware-small-4ag-v2_74c9b_00000 | RUNNING  | 172.24.0.2:994514 |     63 |          133.619 | 192000 |      0.1 |                    1 |                    0 |                500 |
+------------------------------------------------------+----------+-------------------+--------+------------------+--------+----------+----------------------+----------------------+--------------------+


== Status ==
Current time: 2026-05-22 22:44:38 (running for 00:02:33.70)
Memory usage on this node: 64.7/251.6 GiB
Using FIFO scheduling algorithm.
Resources requested: 7.0/8 CPUs, 1.0/1 GPUs, 0.0/17.54 GiB heap, 0.0/8.77 GiB objects (0.0/1.0 accelerator_type:G)
Result logdir: /workspace/MARLlib/runs/rware_mappo_gru_small_20m_tensorboard/qmix_gru_rware-small-4ag-v2
Number of trials: 1/1 (1 RUNNING)
+------------------------------------------------------+----------+-------------------+--------+------------------+--------+----------+----------------------+----------------------+--------------------+
| Trial name                                           | status   | loc               |   iter |   total time (s) |     ts |   reward |   episode_reward_max |   episode_reward_min |   episode_len_mean |
|------------------------------------------------------+----------+-------------------+--------+------------------+--------+----------+----------------------+----------------------+--------------------|
| QMIX_grouped_rware_v2_rware-small-4ag-v2_74c9b_00000 | RUNNING  | 172.24.0.2:994514 |     66 |          139.275 | 201000 |     0.11 |                    1 |                    0 |                500 |
+------------------------------------------------------+----------+-------------------+--------+------------------+--------+----------+----------------------+----------------------+--------------------+


== Status ==
Current time: 2026-05-22 22:44:44 (running for 00:02:39.41)
Memory usage on this node: 64.8/251.6 GiB
Using FIFO scheduling algorithm.
Resources requested: 7.0/8 CPUs, 1.0/1 GPUs, 0.0/17.54 GiB heap, 0.0/8.77 GiB objects (0.0/1.0 accelerator_type:G)
Result logdir: /workspace/MARLlib/runs/rware_mappo_gru_small_20m_tensorboard/qmix_gru_rware-small-4ag-v2
Number of trials: 1/1 (1 RUNNING)
+------------------------------------------------------+----------+-------------------+--------+------------------+--------+----------+----------------------+----------------------+--------------------+
| Trial name                                           | status   | loc               |   iter |   total time (s) |     ts |   reward |   episode_reward_max |   episode_reward_min |   episode_len_mean |
|------------------------------------------------------+----------+-------------------+--------+------------------+--------+----------+----------------------+----------------------+--------------------|
| QMIX_grouped_rware_v2_rware-small-4ag-v2_74c9b_00000 | RUNNING  | 172.24.0.2:994514 |     69 |          144.909 | 210000 |     0.08 |                    1 |                    0 |                500 |
+------------------------------------------------------+----------+-------------------+--------+------------------+--------+----------+----------------------+----------------------+--------------------+


== Status ==
Current time: 2026-05-22 22:44:49 (running for 00:02:45.05)
Memory usage on this node: 65.0/251.6 GiB
Using FIFO scheduling algorithm.
Resources requested: 7.0/8 CPUs, 1.0/1 GPUs, 0.0/17.54 GiB heap, 0.0/8.77 GiB objects (0.0/1.0 accelerator_type:G)
Result logdir: /workspace/MARLlib/runs/rware_mappo_gru_small_20m_tensorboard/qmix_gru_rware-small-4ag-v2
Number of trials: 1/1 (1 RUNNING)
+------------------------------------------------------+----------+-------------------+--------+------------------+--------+----------+----------------------+----------------------+--------------------+
| Trial name                                           | status   | loc               |   iter |   total time (s) |     ts |   reward |   episode_reward_max |   episode_reward_min |   episode_len_mean |
|------------------------------------------------------+----------+-------------------+--------+------------------+--------+----------+----------------------+----------------------+--------------------|
| QMIX_grouped_rware_v2_rware-small-4ag-v2_74c9b_00000 | RUNNING  | 172.24.0.2:994514 |     72 |          150.476 | 219000 |     0.05 |                    1 |                    0 |                500 |
+------------------------------------------------------+----------+-------------------+--------+------------------+--------+----------+----------------------+----------------------+--------------------+


== Status ==
Current time: 2026-05-22 22:44:55 (running for 00:02:50.67)
Memory usage on this node: 64.9/251.6 GiB
Using FIFO scheduling algorithm.
Resources requested: 7.0/8 CPUs, 1.0/1 GPUs, 0.0/17.54 GiB heap, 0.0/8.77 GiB objects (0.0/1.0 accelerator_type:G)
Result logdir: /workspace/MARLlib/runs/rware_mappo_gru_small_20m_tensorboard/qmix_gru_rware-small-4ag-v2
Number of trials: 1/1 (1 RUNNING)
+------------------------------------------------------+----------+-------------------+--------+------------------+--------+----------+----------------------+----------------------+--------------------+
| Trial name                                           | status   | loc               |   iter |   total time (s) |     ts |   reward |   episode_reward_max |   episode_reward_min |   episode_len_mean |
|------------------------------------------------------+----------+-------------------+--------+------------------+--------+----------+----------------------+----------------------+--------------------|
| QMIX_grouped_rware_v2_rware-small-4ag-v2_74c9b_00000 | RUNNING  | 172.24.0.2:994514 |     75 |          156.024 | 228000 |     0.06 |                    1 |                    0 |                500 |
+------------------------------------------------------+----------+-------------------+--------+------------------+--------+----------+----------------------+----------------------+--------------------+


== Status ==
Current time: 2026-05-22 22:45:00 (running for 00:02:55.85)
Memory usage on this node: 65.0/251.6 GiB
Using FIFO scheduling algorithm.
Resources requested: 7.0/8 CPUs, 1.0/1 GPUs, 0.0/17.54 GiB heap, 0.0/8.77 GiB objects (0.0/1.0 accelerator_type:G)
Result logdir: /workspace/MARLlib/runs/rware_mappo_gru_small_20m_tensorboard/qmix_gru_rware-small-4ag-v2
Number of trials: 1/1 (1 RUNNING)
+------------------------------------------------------+----------+-------------------+--------+------------------+--------+----------+----------------------+----------------------+--------------------+
| Trial name                                           | status   | loc               |   iter |   total time (s) |     ts |   reward |   episode_reward_max |   episode_reward_min |   episode_len_mean |
|------------------------------------------------------+----------+-------------------+--------+------------------+--------+----------+----------------------+----------------------+--------------------|
| QMIX_grouped_rware_v2_rware-small-4ag-v2_74c9b_00000 | RUNNING  | 172.24.0.2:994514 |     78 |          162.119 | 237000 |     0.08 |                    1 |                    0 |                500 |
+------------------------------------------------------+----------+-------------------+--------+------------------+--------+----------+----------------------+----------------------+--------------------+


== Status ==
Current time: 2026-05-22 22:45:06 (running for 00:03:01.60)
Memory usage on this node: 65.0/251.6 GiB
Using FIFO scheduling algorithm.
Resources requested: 7.0/8 CPUs, 1.0/1 GPUs, 0.0/17.54 GiB heap, 0.0/8.77 GiB objects (0.0/1.0 accelerator_type:G)
Result logdir: /workspace/MARLlib/runs/rware_mappo_gru_small_20m_tensorboard/qmix_gru_rware-small-4ag-v2
Number of trials: 1/1 (1 RUNNING)
+------------------------------------------------------+----------+-------------------+--------+------------------+--------+----------+----------------------+----------------------+--------------------+
| Trial name                                           | status   | loc               |   iter |   total time (s) |     ts |   reward |   episode_reward_max |   episode_reward_min |   episode_len_mean |
|------------------------------------------------------+----------+-------------------+--------+------------------+--------+----------+----------------------+----------------------+--------------------|
| QMIX_grouped_rware_v2_rware-small-4ag-v2_74c9b_00000 | RUNNING  | 172.24.0.2:994514 |     81 |          167.798 | 246000 |     0.07 |                    1 |                    0 |                500 |
+------------------------------------------------------+----------+-------------------+--------+------------------+--------+----------+----------------------+----------------------+--------------------+


== Status ==
Current time: 2026-05-22 22:45:12 (running for 00:03:07.44)
Memory usage on this node: 65.2/251.6 GiB
Using FIFO scheduling algorithm.
Resources requested: 7.0/8 CPUs, 1.0/1 GPUs, 0.0/17.54 GiB heap, 0.0/8.77 GiB objects (0.0/1.0 accelerator_type:G)
Result logdir: /workspace/MARLlib/runs/rware_mappo_gru_small_20m_tensorboard/qmix_gru_rware-small-4ag-v2
Number of trials: 1/1 (1 RUNNING)
+------------------------------------------------------+----------+-------------------+--------+------------------+--------+----------+----------------------+----------------------+--------------------+
| Trial name                                           | status   | loc               |   iter |   total time (s) |     ts |   reward |   episode_reward_max |   episode_reward_min |   episode_len_mean |
|------------------------------------------------------+----------+-------------------+--------+------------------+--------+----------+----------------------+----------------------+--------------------|
| QMIX_grouped_rware_v2_rware-small-4ag-v2_74c9b_00000 | RUNNING  | 172.24.0.2:994514 |     84 |          173.563 | 255000 |     0.05 |                    1 |                    0 |                500 |
+------------------------------------------------------+----------+-------------------+--------+------------------+--------+----------+----------------------+----------------------+--------------------+


== Status ==
Current time: 2026-05-22 22:45:17 (running for 00:03:13.11)
Memory usage on this node: 65.2/251.6 GiB
Using FIFO scheduling algorithm.
Resources requested: 7.0/8 CPUs, 1.0/1 GPUs, 0.0/17.54 GiB heap, 0.0/8.77 GiB objects (0.0/1.0 accelerator_type:G)
Result logdir: /workspace/MARLlib/runs/rware_mappo_gru_small_20m_tensorboard/qmix_gru_rware-small-4ag-v2
Number of trials: 1/1 (1 RUNNING)
+------------------------------------------------------+----------+-------------------+--------+------------------+--------+----------+----------------------+----------------------+--------------------+
| Trial name                                           | status   | loc               |   iter |   total time (s) |     ts |   reward |   episode_reward_max |   episode_reward_min |   episode_len_mean |
|------------------------------------------------------+----------+-------------------+--------+------------------+--------+----------+----------------------+----------------------+--------------------|
| QMIX_grouped_rware_v2_rware-small-4ag-v2_74c9b_00000 | RUNNING  | 172.24.0.2:994514 |     87 |          179.152 | 264000 |     0.08 |                    1 |                    0 |                500 |
+------------------------------------------------------+----------+-------------------+--------+------------------+--------+----------+----------------------+----------------------+--------------------+


== Status ==
Current time: 2026-05-22 22:45:23 (running for 00:03:18.85)
Memory usage on this node: 65.3/251.6 GiB
Using FIFO scheduling algorithm.
Resources requested: 7.0/8 CPUs, 1.0/1 GPUs, 0.0/17.54 GiB heap, 0.0/8.77 GiB objects (0.0/1.0 accelerator_type:G)
Result logdir: /workspace/MARLlib/runs/rware_mappo_gru_small_20m_tensorboard/qmix_gru_rware-small-4ag-v2
Number of trials: 1/1 (1 RUNNING)
+------------------------------------------------------+----------+-------------------+--------+------------------+--------+----------+----------------------+----------------------+--------------------+
| Trial name                                           | status   | loc               |   iter |   total time (s) |     ts |   reward |   episode_reward_max |   episode_reward_min |   episode_len_mean |
|------------------------------------------------------+----------+-------------------+--------+------------------+--------+----------+----------------------+----------------------+--------------------|
| QMIX_grouped_rware_v2_rware-small-4ag-v2_74c9b_00000 | RUNNING  | 172.24.0.2:994514 |     90 |          184.815 | 273000 |      0.1 |                    1 |                    0 |                500 |
+------------------------------------------------------+----------+-------------------+--------+------------------+--------+----------+----------------------+----------------------+--------------------+


== Status ==
Current time: 2026-05-22 22:45:29 (running for 00:03:24.71)
Memory usage on this node: 65.5/251.6 GiB
Using FIFO scheduling algorithm.
Resources requested: 7.0/8 CPUs, 1.0/1 GPUs, 0.0/17.54 GiB heap, 0.0/8.77 GiB objects (0.0/1.0 accelerator_type:G)
Result logdir: /workspace/MARLlib/runs/rware_mappo_gru_small_20m_tensorboard/qmix_gru_rware-small-4ag-v2
Number of trials: 1/1 (1 RUNNING)
+------------------------------------------------------+----------+-------------------+--------+------------------+--------+----------+----------------------+----------------------+--------------------+
| Trial name                                           | status   | loc               |   iter |   total time (s) |     ts |   reward |   episode_reward_max |   episode_reward_min |   episode_len_mean |
|------------------------------------------------------+----------+-------------------+--------+------------------+--------+----------+----------------------+----------------------+--------------------|
| QMIX_grouped_rware_v2_rware-small-4ag-v2_74c9b_00000 | RUNNING  | 172.24.0.2:994514 |     92 |          188.621 | 279000 |     0.11 |                    1 |                    0 |                500 |
+------------------------------------------------------+----------+-------------------+--------+------------------+--------+----------+----------------------+----------------------+--------------------+


== Status ==
Current time: 2026-05-22 22:45:34 (running for 00:03:29.86)
Memory usage on this node: 65.3/251.6 GiB
Using FIFO scheduling algorithm.
Resources requested: 7.0/8 CPUs, 1.0/1 GPUs, 0.0/17.54 GiB heap, 0.0/8.77 GiB objects (0.0/1.0 accelerator_type:G)
Result logdir: /workspace/MARLlib/runs/rware_mappo_gru_small_20m_tensorboard/qmix_gru_rware-small-4ag-v2
Number of trials: 1/1 (1 RUNNING)
+------------------------------------------------------+----------+-------------------+--------+------------------+--------+----------+----------------------+----------------------+--------------------+
| Trial name                                           | status   | loc               |   iter |   total time (s) |     ts |   reward |   episode_reward_max |   episode_reward_min |   episode_len_mean |
|------------------------------------------------------+----------+-------------------+--------+------------------+--------+----------+----------------------+----------------------+--------------------|
| QMIX_grouped_rware_v2_rware-small-4ag-v2_74c9b_00000 | RUNNING  | 172.24.0.2:994514 |     95 |          194.695 | 288000 |      0.1 |                    1 |                    0 |                500 |
+------------------------------------------------------+----------+-------------------+--------+------------------+--------+----------+----------------------+----------------------+--------------------+


== Status ==
Current time: 2026-05-22 22:45:40 (running for 00:03:35.52)
Memory usage on this node: 65.6/251.6 GiB
Using FIFO scheduling algorithm.
Resources requested: 7.0/8 CPUs, 1.0/1 GPUs, 0.0/17.54 GiB heap, 0.0/8.77 GiB objects (0.0/1.0 accelerator_type:G)
Result logdir: /workspace/MARLlib/runs/rware_mappo_gru_small_20m_tensorboard/qmix_gru_rware-small-4ag-v2
Number of trials: 1/1 (1 RUNNING)
+------------------------------------------------------+----------+-------------------+--------+------------------+--------+----------+----------------------+----------------------+--------------------+
| Trial name                                           | status   | loc               |   iter |   total time (s) |     ts |   reward |   episode_reward_max |   episode_reward_min |   episode_len_mean |
|------------------------------------------------------+----------+-------------------+--------+------------------+--------+----------+----------------------+----------------------+--------------------|
| QMIX_grouped_rware_v2_rware-small-4ag-v2_74c9b_00000 | RUNNING  | 172.24.0.2:994514 |     98 |          200.275 | 297000 |     0.11 |                    1 |                    0 |                500 |
+------------------------------------------------------+----------+-------------------+--------+------------------+--------+----------+----------------------+----------------------+--------------------+


== Status ==
Current time: 2026-05-22 22:45:46 (running for 00:03:41.42)
Memory usage on this node: 65.6/251.6 GiB
Using FIFO scheduling algorithm.
Resources requested: 7.0/8 CPUs, 1.0/1 GPUs, 0.0/17.54 GiB heap, 0.0/8.77 GiB objects (0.0/1.0 accelerator_type:G)
Result logdir: /workspace/MARLlib/runs/rware_mappo_gru_small_20m_tensorboard/qmix_gru_rware-small-4ag-v2
Number of trials: 1/1 (1 RUNNING)
+------------------------------------------------------+----------+-------------------+--------+------------------+--------+----------+----------------------+----------------------+--------------------+
| Trial name                                           | status   | loc               |   iter |   total time (s) |     ts |   reward |   episode_reward_max |   episode_reward_min |   episode_len_mean |
|------------------------------------------------------+----------+-------------------+--------+------------------+--------+----------+----------------------+----------------------+--------------------|
| QMIX_grouped_rware_v2_rware-small-4ag-v2_74c9b_00000 | RUNNING  | 172.24.0.2:994514 |     99 |          202.151 | 300000 |     0.12 |                    1 |                    0 |                500 |
+------------------------------------------------------+----------+-------------------+--------+------------------+--------+----------+----------------------+----------------------+--------------------+


== Status ==
Current time: 2026-05-22 22:45:51 (running for 00:03:46.43)
Memory usage on this node: 65.6/251.6 GiB
Using FIFO scheduling algorithm.
Resources requested: 7.0/8 CPUs, 1.0/1 GPUs, 0.0/17.54 GiB heap, 0.0/8.77 GiB objects (0.0/1.0 accelerator_type:G)
Result logdir: /workspace/MARLlib/runs/rware_mappo_gru_small_20m_tensorboard/qmix_gru_rware-small-4ag-v2
Number of trials: 1/1 (1 RUNNING)
+------------------------------------------------------+----------+-------------------+--------+------------------+--------+----------+----------------------+----------------------+--------------------+
| Trial name                                           | status   | loc               |   iter |   total time (s) |     ts |   reward |   episode_reward_max |   episode_reward_min |   episode_len_mean |
|------------------------------------------------------+----------+-------------------+--------+------------------+--------+----------+----------------------+----------------------+--------------------|
| QMIX_grouped_rware_v2_rware-small-4ag-v2_74c9b_00000 | RUNNING  | 172.24.0.2:994514 |     99 |          202.151 | 300000 |     0.12 |                    1 |                    0 |                500 |
+------------------------------------------------------+----------+-------------------+--------+------------------+--------+----------+----------------------+----------------------+--------------------+


== Status ==
Current time: 2026-05-22 22:45:56 (running for 00:03:51.78)
Memory usage on this node: 65.7/251.6 GiB
Using FIFO scheduling algorithm.
Resources requested: 7.0/8 CPUs, 1.0/1 GPUs, 0.0/17.54 GiB heap, 0.0/8.77 GiB objects (0.0/1.0 accelerator_type:G)
Result logdir: /workspace/MARLlib/runs/rware_mappo_gru_small_20m_tensorboard/qmix_gru_rware-small-4ag-v2
Number of trials: 1/1 (1 RUNNING)
+------------------------------------------------------+----------+-------------------+--------+------------------+--------+----------+----------------------+----------------------+--------------------+
| Trial name                                           | status   | loc               |   iter |   total time (s) |     ts |   reward |   episode_reward_max |   episode_reward_min |   episode_len_mean |
|------------------------------------------------------+----------+-------------------+--------+------------------+--------+----------+----------------------+----------------------+--------------------|
| QMIX_grouped_rware_v2_rware-small-4ag-v2_74c9b_00000 | RUNNING  | 172.24.0.2:994514 |    102 |          217.437 | 309000 |      0.1 |                    1 |                    0 |                500 |
+------------------------------------------------------+----------+-------------------+--------+------------------+--------+----------+----------------------+----------------------+--------------------+


== Status ==
Current time: 2026-05-22 22:46:02 (running for 00:03:57.49)
Memory usage on this node: 65.7/251.6 GiB
Using FIFO scheduling algorithm.
Resources requested: 7.0/8 CPUs, 1.0/1 GPUs, 0.0/17.54 GiB heap, 0.0/8.77 GiB objects (0.0/1.0 accelerator_type:G)
Result logdir: /workspace/MARLlib/runs/rware_mappo_gru_small_20m_tensorboard/qmix_gru_rware-small-4ag-v2
Number of trials: 1/1 (1 RUNNING)
+------------------------------------------------------+----------+-------------------+--------+------------------+--------+----------+----------------------+----------------------+--------------------+
| Trial name                                           | status   | loc               |   iter |   total time (s) |     ts |   reward |   episode_reward_max |   episode_reward_min |   episode_len_mean |
|------------------------------------------------------+----------+-------------------+--------+------------------+--------+----------+----------------------+----------------------+--------------------|
| QMIX_grouped_rware_v2_rware-small-4ag-v2_74c9b_00000 | RUNNING  | 172.24.0.2:994514 |    105 |          223.076 | 318000 |     0.08 |                    1 |                    0 |                500 |
+------------------------------------------------------+----------+-------------------+--------+------------------+--------+----------+----------------------+----------------------+--------------------+


== Status ==
Current time: 2026-05-22 22:46:08 (running for 00:04:03.17)
Memory usage on this node: 65.8/251.6 GiB
Using FIFO scheduling algorithm.
Resources requested: 7.0/8 CPUs, 1.0/1 GPUs, 0.0/17.54 GiB heap, 0.0/8.77 GiB objects (0.0/1.0 accelerator_type:G)
Result logdir: /workspace/MARLlib/runs/rware_mappo_gru_small_20m_tensorboard/qmix_gru_rware-small-4ag-v2
Number of trials: 1/1 (1 RUNNING)
+------------------------------------------------------+----------+-------------------+--------+------------------+--------+----------+----------------------+----------------------+--------------------+
| Trial name                                           | status   | loc               |   iter |   total time (s) |     ts |   reward |   episode_reward_max |   episode_reward_min |   episode_len_mean |
|------------------------------------------------------+----------+-------------------+--------+------------------+--------+----------+----------------------+----------------------+--------------------|
| QMIX_grouped_rware_v2_rware-small-4ag-v2_74c9b_00000 | RUNNING  | 172.24.0.2:994514 |    108 |          228.694 | 327000 |     0.05 |                    1 |                    0 |                500 |
+------------------------------------------------------+----------+-------------------+--------+------------------+--------+----------+----------------------+----------------------+--------------------+


== Status ==
Current time: 2026-05-22 22:46:13 (running for 00:04:08.45)
Memory usage on this node: 65.8/251.6 GiB
Using FIFO scheduling algorithm.
Resources requested: 7.0/8 CPUs, 1.0/1 GPUs, 0.0/17.54 GiB heap, 0.0/8.77 GiB objects (0.0/1.0 accelerator_type:G)
Result logdir: /workspace/MARLlib/runs/rware_mappo_gru_small_20m_tensorboard/qmix_gru_rware-small-4ag-v2
Number of trials: 1/1 (1 RUNNING)
+------------------------------------------------------+----------+-------------------+--------+------------------+--------+----------+----------------------+----------------------+--------------------+
| Trial name                                           | status   | loc               |   iter |   total time (s) |     ts |   reward |   episode_reward_max |   episode_reward_min |   episode_len_mean |
|------------------------------------------------------+----------+-------------------+--------+------------------+--------+----------+----------------------+----------------------+--------------------|
| QMIX_grouped_rware_v2_rware-small-4ag-v2_74c9b_00000 | RUNNING  | 172.24.0.2:994514 |    110 |          232.925 | 333000 |     0.05 |                    1 |                    0 |                500 |
+------------------------------------------------------+----------+-------------------+--------+------------------+--------+----------+----------------------+----------------------+--------------------+


== Status ==
Current time: 2026-05-22 22:46:18 (running for 00:04:14.12)
Memory usage on this node: 66.0/251.6 GiB
Using FIFO scheduling algorithm.
Resources requested: 7.0/8 CPUs, 1.0/1 GPUs, 0.0/17.54 GiB heap, 0.0/8.77 GiB objects (0.0/1.0 accelerator_type:G)
Result logdir: /workspace/MARLlib/runs/rware_mappo_gru_small_20m_tensorboard/qmix_gru_rware-small-4ag-v2
Number of trials: 1/1 (1 RUNNING)
+------------------------------------------------------+----------+-------------------+--------+------------------+--------+----------+----------------------+----------------------+--------------------+
| Trial name                                           | status   | loc               |   iter |   total time (s) |     ts |   reward |   episode_reward_max |   episode_reward_min |   episode_len_mean |
|------------------------------------------------------+----------+-------------------+--------+------------------+--------+----------+----------------------+----------------------+--------------------|
| QMIX_grouped_rware_v2_rware-small-4ag-v2_74c9b_00000 | RUNNING  | 172.24.0.2:994514 |    113 |          238.537 | 342000 |     0.08 |                    1 |                    0 |                500 |
+------------------------------------------------------+----------+-------------------+--------+------------------+--------+----------+----------------------+----------------------+--------------------+


== Status ==
Current time: 2026-05-22 22:46:24 (running for 00:04:19.69)
Memory usage on this node: 66.1/251.6 GiB
Using FIFO scheduling algorithm.
Resources requested: 7.0/8 CPUs, 1.0/1 GPUs, 0.0/17.54 GiB heap, 0.0/8.77 GiB objects (0.0/1.0 accelerator_type:G)
Result logdir: /workspace/MARLlib/runs/rware_mappo_gru_small_20m_tensorboard/qmix_gru_rware-small-4ag-v2
Number of trials: 1/1 (1 RUNNING)
+------------------------------------------------------+----------+-------------------+--------+------------------+--------+----------+----------------------+----------------------+--------------------+
| Trial name                                           | status   | loc               |   iter |   total time (s) |     ts |   reward |   episode_reward_max |   episode_reward_min |   episode_len_mean |
|------------------------------------------------------+----------+-------------------+--------+------------------+--------+----------+----------------------+----------------------+--------------------|
| QMIX_grouped_rware_v2_rware-small-4ag-v2_74c9b_00000 | RUNNING  | 172.24.0.2:994514 |    116 |          244.049 | 351000 |      0.1 |                    2 |                    0 |                500 |
+------------------------------------------------------+----------+-------------------+--------+------------------+--------+----------+----------------------+----------------------+--------------------+


== Status ==
Current time: 2026-05-22 22:46:30 (running for 00:04:25.36)
Memory usage on this node: 66.1/251.6 GiB
Using FIFO scheduling algorithm.
Resources requested: 7.0/8 CPUs, 1.0/1 GPUs, 0.0/17.54 GiB heap, 0.0/8.77 GiB objects (0.0/1.0 accelerator_type:G)
Result logdir: /workspace/MARLlib/runs/rware_mappo_gru_small_20m_tensorboard/qmix_gru_rware-small-4ag-v2
Number of trials: 1/1 (1 RUNNING)
+------------------------------------------------------+----------+-------------------+--------+------------------+--------+----------+----------------------+----------------------+--------------------+
| Trial name                                           | status   | loc               |   iter |   total time (s) |     ts |   reward |   episode_reward_max |   episode_reward_min |   episode_len_mean |
|------------------------------------------------------+----------+-------------------+--------+------------------+--------+----------+----------------------+----------------------+--------------------|
| QMIX_grouped_rware_v2_rware-small-4ag-v2_74c9b_00000 | RUNNING  | 172.24.0.2:994514 |    119 |          249.648 | 360000 |     0.11 |                    2 |                    0 |                500 |
+------------------------------------------------------+----------+-------------------+--------+------------------+--------+----------+----------------------+----------------------+--------------------+


== Status ==
Current time: 2026-05-22 22:46:36 (running for 00:04:31.20)
Memory usage on this node: 66.1/251.6 GiB
Using FIFO scheduling algorithm.
Resources requested: 7.0/8 CPUs, 1.0/1 GPUs, 0.0/17.54 GiB heap, 0.0/8.77 GiB objects (0.0/1.0 accelerator_type:G)
Result logdir: /workspace/MARLlib/runs/rware_mappo_gru_small_20m_tensorboard/qmix_gru_rware-small-4ag-v2
Number of trials: 1/1 (1 RUNNING)
+------------------------------------------------------+----------+-------------------+--------+------------------+--------+----------+----------------------+----------------------+--------------------+
| Trial name                                           | status   | loc               |   iter |   total time (s) |     ts |   reward |   episode_reward_max |   episode_reward_min |   episode_len_mean |
|------------------------------------------------------+----------+-------------------+--------+------------------+--------+----------+----------------------+----------------------+--------------------|
| QMIX_grouped_rware_v2_rware-small-4ag-v2_74c9b_00000 | RUNNING  | 172.24.0.2:994514 |    122 |          255.415 | 369000 |     0.11 |                    2 |                    0 |                500 |
+------------------------------------------------------+----------+-------------------+--------+------------------+--------+----------+----------------------+----------------------+--------------------+


== Status ==
Current time: 2026-05-22 22:46:41 (running for 00:04:36.91)
Memory usage on this node: 66.2/251.6 GiB
Using FIFO scheduling algorithm.
Resources requested: 7.0/8 CPUs, 1.0/1 GPUs, 0.0/17.54 GiB heap, 0.0/8.77 GiB objects (0.0/1.0 accelerator_type:G)
Result logdir: /workspace/MARLlib/runs/rware_mappo_gru_small_20m_tensorboard/qmix_gru_rware-small-4ag-v2
Number of trials: 1/1 (1 RUNNING)
+------------------------------------------------------+----------+-------------------+--------+------------------+--------+----------+----------------------+----------------------+--------------------+
| Trial name                                           | status   | loc               |   iter |   total time (s) |     ts |   reward |   episode_reward_max |   episode_reward_min |   episode_len_mean |
|------------------------------------------------------+----------+-------------------+--------+------------------+--------+----------+----------------------+----------------------+--------------------|
| QMIX_grouped_rware_v2_rware-small-4ag-v2_74c9b_00000 | RUNNING  | 172.24.0.2:994514 |    125 |           261.05 | 378000 |     0.09 |                    2 |                    0 |                500 |
+------------------------------------------------------+----------+-------------------+--------+------------------+--------+----------+----------------------+----------------------+--------------------+


== Status ==
Current time: 2026-05-22 22:46:47 (running for 00:04:42.60)
Memory usage on this node: 66.3/251.6 GiB
Using FIFO scheduling algorithm.
Resources requested: 7.0/8 CPUs, 1.0/1 GPUs, 0.0/17.54 GiB heap, 0.0/8.77 GiB objects (0.0/1.0 accelerator_type:G)
Result logdir: /workspace/MARLlib/runs/rware_mappo_gru_small_20m_tensorboard/qmix_gru_rware-small-4ag-v2
Number of trials: 1/1 (1 RUNNING)
+------------------------------------------------------+----------+-------------------+--------+------------------+--------+----------+----------------------+----------------------+--------------------+
| Trial name                                           | status   | loc               |   iter |   total time (s) |     ts |   reward |   episode_reward_max |   episode_reward_min |   episode_len_mean |
|------------------------------------------------------+----------+-------------------+--------+------------------+--------+----------+----------------------+----------------------+--------------------|
| QMIX_grouped_rware_v2_rware-small-4ag-v2_74c9b_00000 | RUNNING  | 172.24.0.2:994514 |    128 |           266.67 | 387000 |      0.1 |                    2 |                    0 |                500 |
+------------------------------------------------------+----------+-------------------+--------+------------------+--------+----------+----------------------+----------------------+--------------------+


== Status ==
Current time: 2026-05-22 22:46:53 (running for 00:04:48.24)
Memory usage on this node: 66.3/251.6 GiB
Using FIFO scheduling algorithm.
Resources requested: 7.0/8 CPUs, 1.0/1 GPUs, 0.0/17.54 GiB heap, 0.0/8.77 GiB objects (0.0/1.0 accelerator_type:G)
Result logdir: /workspace/MARLlib/runs/rware_mappo_gru_small_20m_tensorboard/qmix_gru_rware-small-4ag-v2
Number of trials: 1/1 (1 RUNNING)
+------------------------------------------------------+----------+-------------------+--------+------------------+--------+----------+----------------------+----------------------+--------------------+
| Trial name                                           | status   | loc               |   iter |   total time (s) |     ts |   reward |   episode_reward_max |   episode_reward_min |   episode_len_mean |
|------------------------------------------------------+----------+-------------------+--------+------------------+--------+----------+----------------------+----------------------+--------------------|
| QMIX_grouped_rware_v2_rware-small-4ag-v2_74c9b_00000 | RUNNING  | 172.24.0.2:994514 |    131 |          272.229 | 396000 |     0.07 |                    1 |                    0 |                500 |
+------------------------------------------------------+----------+-------------------+--------+------------------+--------+----------+----------------------+----------------------+--------------------+


== Status ==
Current time: 2026-05-22 22:46:58 (running for 00:04:53.51)
Memory usage on this node: 66.4/251.6 GiB
Using FIFO scheduling algorithm.
Resources requested: 7.0/8 CPUs, 1.0/1 GPUs, 0.0/17.54 GiB heap, 0.0/8.77 GiB objects (0.0/1.0 accelerator_type:G)
Result logdir: /workspace/MARLlib/runs/rware_mappo_gru_small_20m_tensorboard/qmix_gru_rware-small-4ag-v2
Number of trials: 1/1 (1 RUNNING)
+------------------------------------------------------+----------+-------------------+--------+------------------+--------+----------+----------------------+----------------------+--------------------+
| Trial name                                           | status   | loc               |   iter |   total time (s) |     ts |   reward |   episode_reward_max |   episode_reward_min |   episode_len_mean |
|------------------------------------------------------+----------+-------------------+--------+------------------+--------+----------+----------------------+----------------------+--------------------|
| QMIX_grouped_rware_v2_rware-small-4ag-v2_74c9b_00000 | RUNNING  | 172.24.0.2:994514 |    134 |          278.425 | 405000 |     0.08 |                    2 |                    0 |                500 |
+------------------------------------------------------+----------+-------------------+--------+------------------+--------+----------+----------------------+----------------------+--------------------+


== Status ==
Current time: 2026-05-22 22:47:03 (running for 00:04:59.14)
Memory usage on this node: 66.5/251.6 GiB
Using FIFO scheduling algorithm.
Resources requested: 7.0/8 CPUs, 1.0/1 GPUs, 0.0/17.54 GiB heap, 0.0/8.77 GiB objects (0.0/1.0 accelerator_type:G)
Result logdir: /workspace/MARLlib/runs/rware_mappo_gru_small_20m_tensorboard/qmix_gru_rware-small-4ag-v2
Number of trials: 1/1 (1 RUNNING)
+------------------------------------------------------+----------+-------------------+--------+------------------+--------+----------+----------------------+----------------------+--------------------+
| Trial name                                           | status   | loc               |   iter |   total time (s) |     ts |   reward |   episode_reward_max |   episode_reward_min |   episode_len_mean |
|------------------------------------------------------+----------+-------------------+--------+------------------+--------+----------+----------------------+----------------------+--------------------|
| QMIX_grouped_rware_v2_rware-small-4ag-v2_74c9b_00000 | RUNNING  | 172.24.0.2:994514 |    137 |          283.976 | 414000 |     0.09 |                    2 |                    0 |                500 |
+------------------------------------------------------+----------+-------------------+--------+------------------+--------+----------+----------------------+----------------------+--------------------+


== Status ==
Current time: 2026-05-22 22:47:09 (running for 00:05:04.83)
Memory usage on this node: 66.6/251.6 GiB
Using FIFO scheduling algorithm.
Resources requested: 7.0/8 CPUs, 1.0/1 GPUs, 0.0/17.54 GiB heap, 0.0/8.77 GiB objects (0.0/1.0 accelerator_type:G)
Result logdir: /workspace/MARLlib/runs/rware_mappo_gru_small_20m_tensorboard/qmix_gru_rware-small-4ag-v2
Number of trials: 1/1 (1 RUNNING)
+------------------------------------------------------+----------+-------------------+--------+------------------+--------+----------+----------------------+----------------------+--------------------+
| Trial name                                           | status   | loc               |   iter |   total time (s) |     ts |   reward |   episode_reward_max |   episode_reward_min |   episode_len_mean |
|------------------------------------------------------+----------+-------------------+--------+------------------+--------+----------+----------------------+----------------------+--------------------|
| QMIX_grouped_rware_v2_rware-small-4ag-v2_74c9b_00000 | RUNNING  | 172.24.0.2:994514 |    140 |          289.585 | 423000 |      0.1 |                    2 |                    0 |                500 |
+------------------------------------------------------+----------+-------------------+--------+------------------+--------+----------+----------------------+----------------------+--------------------+


== Status ==
Current time: 2026-05-22 22:47:15 (running for 00:05:10.71)
Memory usage on this node: 66.7/251.6 GiB
Using FIFO scheduling algorithm.
Resources requested: 7.0/8 CPUs, 1.0/1 GPUs, 0.0/17.54 GiB heap, 0.0/8.77 GiB objects (0.0/1.0 accelerator_type:G)
Result logdir: /workspace/MARLlib/runs/rware_mappo_gru_small_20m_tensorboard/qmix_gru_rware-small-4ag-v2
Number of trials: 1/1 (1 RUNNING)
+------------------------------------------------------+----------+-------------------+--------+------------------+--------+----------+----------------------+----------------------+--------------------+
| Trial name                                           | status   | loc               |   iter |   total time (s) |     ts |   reward |   episode_reward_max |   episode_reward_min |   episode_len_mean |
|------------------------------------------------------+----------+-------------------+--------+------------------+--------+----------+----------------------+----------------------+--------------------|
| QMIX_grouped_rware_v2_rware-small-4ag-v2_74c9b_00000 | RUNNING  | 172.24.0.2:994514 |    143 |          295.395 | 432000 |      0.1 |                    2 |                    0 |                500 |
+------------------------------------------------------+----------+-------------------+--------+------------------+--------+----------+----------------------+----------------------+--------------------+


== Status ==
Current time: 2026-05-22 22:47:21 (running for 00:05:16.54)
Memory usage on this node: 66.7/251.6 GiB
Using FIFO scheduling algorithm.
Resources requested: 7.0/8 CPUs, 1.0/1 GPUs, 0.0/17.54 GiB heap, 0.0/8.77 GiB objects (0.0/1.0 accelerator_type:G)
Result logdir: /workspace/MARLlib/runs/rware_mappo_gru_small_20m_tensorboard/qmix_gru_rware-small-4ag-v2
Number of trials: 1/1 (1 RUNNING)
+------------------------------------------------------+----------+-------------------+--------+------------------+--------+----------+----------------------+----------------------+--------------------+
| Trial name                                           | status   | loc               |   iter |   total time (s) |     ts |   reward |   episode_reward_max |   episode_reward_min |   episode_len_mean |
|------------------------------------------------------+----------+-------------------+--------+------------------+--------+----------+----------------------+----------------------+--------------------|
| QMIX_grouped_rware_v2_rware-small-4ag-v2_74c9b_00000 | RUNNING  | 172.24.0.2:994514 |    146 |          301.142 | 441000 |     0.13 |                    2 |                    0 |                500 |
+------------------------------------------------------+----------+-------------------+--------+------------------+--------+----------+----------------------+----------------------+--------------------+


== Status ==
Current time: 2026-05-22 22:47:27 (running for 00:05:22.26)
Memory usage on this node: 66.8/251.6 GiB
Using FIFO scheduling algorithm.
Resources requested: 7.0/8 CPUs, 1.0/1 GPUs, 0.0/17.54 GiB heap, 0.0/8.77 GiB objects (0.0/1.0 accelerator_type:G)
Result logdir: /workspace/MARLlib/runs/rware_mappo_gru_small_20m_tensorboard/qmix_gru_rware-small-4ag-v2
Number of trials: 1/1 (1 RUNNING)
+------------------------------------------------------+----------+-------------------+--------+------------------+--------+----------+----------------------+----------------------+--------------------+
| Trial name                                           | status   | loc               |   iter |   total time (s) |     ts |   reward |   episode_reward_max |   episode_reward_min |   episode_len_mean |
|------------------------------------------------------+----------+-------------------+--------+------------------+--------+----------+----------------------+----------------------+--------------------|
| QMIX_grouped_rware_v2_rware-small-4ag-v2_74c9b_00000 | RUNNING  | 172.24.0.2:994514 |    149 |          306.783 | 450000 |     0.11 |                    1 |                    0 |                500 |
+------------------------------------------------------+----------+-------------------+--------+------------------+--------+----------+----------------------+----------------------+--------------------+


== Status ==
Current time: 2026-05-22 22:47:32 (running for 00:05:27.26)
Memory usage on this node: 66.8/251.6 GiB
Using FIFO scheduling algorithm.
Resources requested: 7.0/8 CPUs, 1.0/1 GPUs, 0.0/17.54 GiB heap, 0.0/8.77 GiB objects (0.0/1.0 accelerator_type:G)
Result logdir: /workspace/MARLlib/runs/rware_mappo_gru_small_20m_tensorboard/qmix_gru_rware-small-4ag-v2
Number of trials: 1/1 (1 RUNNING)
+------------------------------------------------------+----------+-------------------+--------+------------------+--------+----------+----------------------+----------------------+--------------------+
| Trial name                                           | status   | loc               |   iter |   total time (s) |     ts |   reward |   episode_reward_max |   episode_reward_min |   episode_len_mean |
|------------------------------------------------------+----------+-------------------+--------+------------------+--------+----------+----------------------+----------------------+--------------------|
| QMIX_grouped_rware_v2_rware-small-4ag-v2_74c9b_00000 | RUNNING  | 172.24.0.2:994514 |    149 |          306.783 | 450000 |     0.11 |                    1 |                    0 |                500 |
+------------------------------------------------------+----------+-------------------+--------+------------------+--------+----------+----------------------+----------------------+--------------------+


== Status ==
Current time: 2026-05-22 22:47:37 (running for 00:05:32.27)
Memory usage on this node: 66.8/251.6 GiB
Using FIFO scheduling algorithm.
Resources requested: 7.0/8 CPUs, 1.0/1 GPUs, 0.0/17.54 GiB heap, 0.0/8.77 GiB objects (0.0/1.0 accelerator_type:G)
Result logdir: /workspace/MARLlib/runs/rware_mappo_gru_small_20m_tensorboard/qmix_gru_rware-small-4ag-v2
Number of trials: 1/1 (1 RUNNING)
+------------------------------------------------------+----------+-------------------+--------+------------------+--------+----------+----------------------+----------------------+--------------------+
| Trial name                                           | status   | loc               |   iter |   total time (s) |     ts |   reward |   episode_reward_max |   episode_reward_min |   episode_len_mean |
|------------------------------------------------------+----------+-------------------+--------+------------------+--------+----------+----------------------+----------------------+--------------------|
| QMIX_grouped_rware_v2_rware-small-4ag-v2_74c9b_00000 | RUNNING  | 172.24.0.2:994514 |    149 |          306.783 | 450000 |     0.11 |                    1 |                    0 |                500 |
+------------------------------------------------------+----------+-------------------+--------+------------------+--------+----------+----------------------+----------------------+--------------------+


== Status ==
Current time: 2026-05-22 22:47:42 (running for 00:05:37.54)
Memory usage on this node: 66.9/251.6 GiB
Using FIFO scheduling algorithm.
Resources requested: 7.0/8 CPUs, 1.0/1 GPUs, 0.0/17.54 GiB heap, 0.0/8.77 GiB objects (0.0/1.0 accelerator_type:G)
Result logdir: /workspace/MARLlib/runs/rware_mappo_gru_small_20m_tensorboard/qmix_gru_rware-small-4ag-v2
Number of trials: 1/1 (1 RUNNING)
+------------------------------------------------------+----------+-------------------+--------+------------------+--------+----------+----------------------+----------------------+--------------------+
| Trial name                                           | status   | loc               |   iter |   total time (s) |     ts |   reward |   episode_reward_max |   episode_reward_min |   episode_len_mean |
|------------------------------------------------------+----------+-------------------+--------+------------------+--------+----------+----------------------+----------------------+--------------------|
| QMIX_grouped_rware_v2_rware-small-4ag-v2_74c9b_00000 | RUNNING  | 172.24.0.2:994514 |    152 |          321.978 | 459000 |     0.09 |                    1 |                    0 |                500 |
+------------------------------------------------------+----------+-------------------+--------+------------------+--------+----------+----------------------+----------------------+--------------------+


== Status ==
Current time: 2026-05-22 22:47:48 (running for 00:05:43.19)
Memory usage on this node: 67.0/251.6 GiB
Using FIFO scheduling algorithm.
Resources requested: 7.0/8 CPUs, 1.0/1 GPUs, 0.0/17.54 GiB heap, 0.0/8.77 GiB objects (0.0/1.0 accelerator_type:G)
Result logdir: /workspace/MARLlib/runs/rware_mappo_gru_small_20m_tensorboard/qmix_gru_rware-small-4ag-v2
Number of trials: 1/1 (1 RUNNING)
+------------------------------------------------------+----------+-------------------+--------+------------------+--------+----------+----------------------+----------------------+--------------------+
| Trial name                                           | status   | loc               |   iter |   total time (s) |     ts |   reward |   episode_reward_max |   episode_reward_min |   episode_len_mean |
|------------------------------------------------------+----------+-------------------+--------+------------------+--------+----------+----------------------+----------------------+--------------------|
| QMIX_grouped_rware_v2_rware-small-4ag-v2_74c9b_00000 | RUNNING  | 172.24.0.2:994514 |    155 |           327.56 | 468000 |      0.1 |                    1 |                    0 |                500 |
+------------------------------------------------------+----------+-------------------+--------+------------------+--------+----------+----------------------+----------------------+--------------------+


== Status ==
Current time: 2026-05-22 22:47:53 (running for 00:05:48.62)
Memory usage on this node: 67.1/251.6 GiB
Using FIFO scheduling algorithm.
Resources requested: 7.0/8 CPUs, 1.0/1 GPUs, 0.0/17.54 GiB heap, 0.0/8.77 GiB objects (0.0/1.0 accelerator_type:G)
Result logdir: /workspace/MARLlib/runs/rware_mappo_gru_small_20m_tensorboard/qmix_gru_rware-small-4ag-v2
Number of trials: 1/1 (1 RUNNING)
+------------------------------------------------------+----------+-------------------+--------+------------------+--------+----------+----------------------+----------------------+--------------------+
| Trial name                                           | status   | loc               |   iter |   total time (s) |     ts |   reward |   episode_reward_max |   episode_reward_min |   episode_len_mean |
|------------------------------------------------------+----------+-------------------+--------+------------------+--------+----------+----------------------+----------------------+--------------------|
| QMIX_grouped_rware_v2_rware-small-4ag-v2_74c9b_00000 | RUNNING  | 172.24.0.2:994514 |    157 |          331.938 | 474000 |      0.1 |                    1 |                    0 |                500 |
+------------------------------------------------------+----------+-------------------+--------+------------------+--------+----------+----------------------+----------------------+--------------------+


== Status ==
Current time: 2026-05-22 22:47:59 (running for 00:05:54.31)
Memory usage on this node: 67.1/251.6 GiB
Using FIFO scheduling algorithm.
Resources requested: 7.0/8 CPUs, 1.0/1 GPUs, 0.0/17.54 GiB heap, 0.0/8.77 GiB objects (0.0/1.0 accelerator_type:G)
Result logdir: /workspace/MARLlib/runs/rware_mappo_gru_small_20m_tensorboard/qmix_gru_rware-small-4ag-v2
Number of trials: 1/1 (1 RUNNING)
+------------------------------------------------------+----------+-------------------+--------+------------------+--------+----------+----------------------+----------------------+--------------------+
| Trial name                                           | status   | loc               |   iter |   total time (s) |     ts |   reward |   episode_reward_max |   episode_reward_min |   episode_len_mean |
|------------------------------------------------------+----------+-------------------+--------+------------------+--------+----------+----------------------+----------------------+--------------------|
| QMIX_grouped_rware_v2_rware-small-4ag-v2_74c9b_00000 | RUNNING  | 172.24.0.2:994514 |    160 |           337.58 | 483000 |     0.11 |                    1 |                    0 |                500 |
+------------------------------------------------------+----------+-------------------+--------+------------------+--------+----------+----------------------+----------------------+--------------------+


== Status ==
Current time: 2026-05-22 22:48:04 (running for 00:05:59.98)
Memory usage on this node: 67.2/251.6 GiB
Using FIFO scheduling algorithm.
Resources requested: 7.0/8 CPUs, 1.0/1 GPUs, 0.0/17.54 GiB heap, 0.0/8.77 GiB objects (0.0/1.0 accelerator_type:G)
Result logdir: /workspace/MARLlib/runs/rware_mappo_gru_small_20m_tensorboard/qmix_gru_rware-small-4ag-v2
Number of trials: 1/1 (1 RUNNING)
+------------------------------------------------------+----------+-------------------+--------+------------------+--------+----------+----------------------+----------------------+--------------------+
| Trial name                                           | status   | loc               |   iter |   total time (s) |     ts |   reward |   episode_reward_max |   episode_reward_min |   episode_len_mean |
|------------------------------------------------------+----------+-------------------+--------+------------------+--------+----------+----------------------+----------------------+--------------------|
| QMIX_grouped_rware_v2_rware-small-4ag-v2_74c9b_00000 | RUNNING  | 172.24.0.2:994514 |    163 |            343.2 | 492000 |     0.09 |                    1 |                    0 |                500 |
+------------------------------------------------------+----------+-------------------+--------+------------------+--------+----------+----------------------+----------------------+--------------------+


== Status ==
Current time: 2026-05-22 22:48:10 (running for 00:06:05.67)
Memory usage on this node: 67.2/251.6 GiB
Using FIFO scheduling algorithm.
Resources requested: 7.0/8 CPUs, 1.0/1 GPUs, 0.0/17.54 GiB heap, 0.0/8.77 GiB objects (0.0/1.0 accelerator_type:G)
Result logdir: /workspace/MARLlib/runs/rware_mappo_gru_small_20m_tensorboard/qmix_gru_rware-small-4ag-v2
Number of trials: 1/1 (1 RUNNING)
+------------------------------------------------------+----------+-------------------+--------+------------------+--------+----------+----------------------+----------------------+--------------------+
| Trial name                                           | status   | loc               |   iter |   total time (s) |     ts |   reward |   episode_reward_max |   episode_reward_min |   episode_len_mean |
|------------------------------------------------------+----------+-------------------+--------+------------------+--------+----------+----------------------+----------------------+--------------------|
| QMIX_grouped_rware_v2_rware-small-4ag-v2_74c9b_00000 | RUNNING  | 172.24.0.2:994514 |    166 |          348.814 | 501000 |     0.09 |                    1 |                    0 |                500 |
+------------------------------------------------------+----------+-------------------+--------+------------------+--------+----------+----------------------+----------------------+--------------------+


== Status ==
Current time: 2026-05-22 22:48:16 (running for 00:06:11.35)
Memory usage on this node: 67.3/251.6 GiB
Using FIFO scheduling algorithm.
Resources requested: 7.0/8 CPUs, 1.0/1 GPUs, 0.0/17.54 GiB heap, 0.0/8.77 GiB objects (0.0/1.0 accelerator_type:G)
Result logdir: /workspace/MARLlib/runs/rware_mappo_gru_small_20m_tensorboard/qmix_gru_rware-small-4ag-v2
Number of trials: 1/1 (1 RUNNING)
+------------------------------------------------------+----------+-------------------+--------+------------------+--------+----------+----------------------+----------------------+--------------------+
| Trial name                                           | status   | loc               |   iter |   total time (s) |     ts |   reward |   episode_reward_max |   episode_reward_min |   episode_len_mean |
|------------------------------------------------------+----------+-------------------+--------+------------------+--------+----------+----------------------+----------------------+--------------------|
| QMIX_grouped_rware_v2_rware-small-4ag-v2_74c9b_00000 | RUNNING  | 172.24.0.2:994514 |    169 |          354.419 | 510000 |     0.09 |                    1 |                    0 |                500 |
+------------------------------------------------------+----------+-------------------+--------+------------------+--------+----------+----------------------+----------------------+--------------------+


== Status ==
Current time: 2026-05-22 22:48:21 (running for 00:06:17.05)
Memory usage on this node: 67.4/251.6 GiB
Using FIFO scheduling algorithm.
Resources requested: 7.0/8 CPUs, 1.0/1 GPUs, 0.0/17.54 GiB heap, 0.0/8.77 GiB objects (0.0/1.0 accelerator_type:G)
Result logdir: /workspace/MARLlib/runs/rware_mappo_gru_small_20m_tensorboard/qmix_gru_rware-small-4ag-v2
Number of trials: 1/1 (1 RUNNING)
+------------------------------------------------------+----------+-------------------+--------+------------------+--------+----------+----------------------+----------------------+--------------------+
| Trial name                                           | status   | loc               |   iter |   total time (s) |     ts |   reward |   episode_reward_max |   episode_reward_min |   episode_len_mean |
|------------------------------------------------------+----------+-------------------+--------+------------------+--------+----------+----------------------+----------------------+--------------------|
| QMIX_grouped_rware_v2_rware-small-4ag-v2_74c9b_00000 | RUNNING  | 172.24.0.2:994514 |    172 |          360.052 | 519000 |     0.09 |                    1 |                    0 |                500 |
+------------------------------------------------------+----------+-------------------+--------+------------------+--------+----------+----------------------+----------------------+--------------------+


== Status ==
Current time: 2026-05-22 22:48:27 (running for 00:06:22.65)
Memory usage on this node: 67.5/251.6 GiB
Using FIFO scheduling algorithm.
Resources requested: 7.0/8 CPUs, 1.0/1 GPUs, 0.0/17.54 GiB heap, 0.0/8.77 GiB objects (0.0/1.0 accelerator_type:G)
Result logdir: /workspace/MARLlib/runs/rware_mappo_gru_small_20m_tensorboard/qmix_gru_rware-small-4ag-v2
Number of trials: 1/1 (1 RUNNING)
+------------------------------------------------------+----------+-------------------+--------+------------------+--------+----------+----------------------+----------------------+--------------------+
| Trial name                                           | status   | loc               |   iter |   total time (s) |     ts |   reward |   episode_reward_max |   episode_reward_min |   episode_len_mean |
|------------------------------------------------------+----------+-------------------+--------+------------------+--------+----------+----------------------+----------------------+--------------------|
| QMIX_grouped_rware_v2_rware-small-4ag-v2_74c9b_00000 | RUNNING  | 172.24.0.2:994514 |    175 |          365.605 | 528000 |     0.09 |                    1 |                    0 |                500 |
+------------------------------------------------------+----------+-------------------+--------+------------------+--------+----------+----------------------+----------------------+--------------------+


== Status ==
Current time: 2026-05-22 22:48:33 (running for 00:06:28.34)
Memory usage on this node: 67.5/251.6 GiB
Using FIFO scheduling algorithm.
Resources requested: 7.0/8 CPUs, 1.0/1 GPUs, 0.0/17.54 GiB heap, 0.0/8.77 GiB objects (0.0/1.0 accelerator_type:G)
Result logdir: /workspace/MARLlib/runs/rware_mappo_gru_small_20m_tensorboard/qmix_gru_rware-small-4ag-v2
Number of trials: 1/1 (1 RUNNING)
+------------------------------------------------------+----------+-------------------+--------+------------------+--------+----------+----------------------+----------------------+--------------------+
| Trial name                                           | status   | loc               |   iter |   total time (s) |     ts |   reward |   episode_reward_max |   episode_reward_min |   episode_len_mean |
|------------------------------------------------------+----------+-------------------+--------+------------------+--------+----------+----------------------+----------------------+--------------------|
| QMIX_grouped_rware_v2_rware-small-4ag-v2_74c9b_00000 | RUNNING  | 172.24.0.2:994514 |    178 |          371.232 | 537000 |      0.1 |                    1 |                    0 |                500 |
+------------------------------------------------------+----------+-------------------+--------+------------------+--------+----------+----------------------+----------------------+--------------------+


== Status ==
Current time: 2026-05-22 22:48:39 (running for 00:06:34.19)
Memory usage on this node: 67.6/251.6 GiB
Using FIFO scheduling algorithm.
Resources requested: 7.0/8 CPUs, 1.0/1 GPUs, 0.0/17.54 GiB heap, 0.0/8.77 GiB objects (0.0/1.0 accelerator_type:G)
Result logdir: /workspace/MARLlib/runs/rware_mappo_gru_small_20m_tensorboard/qmix_gru_rware-small-4ag-v2
Number of trials: 1/1 (1 RUNNING)
+------------------------------------------------------+----------+-------------------+--------+------------------+--------+----------+----------------------+----------------------+--------------------+
| Trial name                                           | status   | loc               |   iter |   total time (s) |     ts |   reward |   episode_reward_max |   episode_reward_min |   episode_len_mean |
|------------------------------------------------------+----------+-------------------+--------+------------------+--------+----------+----------------------+----------------------+--------------------|
| QMIX_grouped_rware_v2_rware-small-4ag-v2_74c9b_00000 | RUNNING  | 172.24.0.2:994514 |    181 |          377.032 | 546000 |     0.08 |                    1 |                    0 |                500 |
+------------------------------------------------------+----------+-------------------+--------+------------------+--------+----------+----------------------+----------------------+--------------------+


== Status ==
Current time: 2026-05-22 22:48:44 (running for 00:06:39.83)
Memory usage on this node: 67.7/251.6 GiB
Using FIFO scheduling algorithm.
Resources requested: 7.0/8 CPUs, 1.0/1 GPUs, 0.0/17.54 GiB heap, 0.0/8.77 GiB objects (0.0/1.0 accelerator_type:G)
Result logdir: /workspace/MARLlib/runs/rware_mappo_gru_small_20m_tensorboard/qmix_gru_rware-small-4ag-v2
Number of trials: 1/1 (1 RUNNING)
+------------------------------------------------------+----------+-------------------+--------+------------------+--------+----------+----------------------+----------------------+--------------------+
| Trial name                                           | status   | loc               |   iter |   total time (s) |     ts |   reward |   episode_reward_max |   episode_reward_min |   episode_len_mean |
|------------------------------------------------------+----------+-------------------+--------+------------------+--------+----------+----------------------+----------------------+--------------------|
| QMIX_grouped_rware_v2_rware-small-4ag-v2_74c9b_00000 | RUNNING  | 172.24.0.2:994514 |    184 |            382.6 | 555000 |     0.09 |                    1 |                    0 |                500 |
+------------------------------------------------------+----------+-------------------+--------+------------------+--------+----------+----------------------+----------------------+--------------------+


== Status ==
Current time: 2026-05-22 22:48:50 (running for 00:06:45.19)
Memory usage on this node: 67.8/251.6 GiB
Using FIFO scheduling algorithm.
Resources requested: 7.0/8 CPUs, 1.0/1 GPUs, 0.0/17.54 GiB heap, 0.0/8.77 GiB objects (0.0/1.0 accelerator_type:G)
Result logdir: /workspace/MARLlib/runs/rware_mappo_gru_small_20m_tensorboard/qmix_gru_rware-small-4ag-v2
Number of trials: 1/1 (1 RUNNING)
+------------------------------------------------------+----------+-------------------+--------+------------------+--------+----------+----------------------+----------------------+--------------------+
| Trial name                                           | status   | loc               |   iter |   total time (s) |     ts |   reward |   episode_reward_max |   episode_reward_min |   episode_len_mean |
|------------------------------------------------------+----------+-------------------+--------+------------------+--------+----------+----------------------+----------------------+--------------------|
| QMIX_grouped_rware_v2_rware-small-4ag-v2_74c9b_00000 | RUNNING  | 172.24.0.2:994514 |    187 |            388.9 | 564000 |     0.07 |                    1 |                    0 |                500 |
+------------------------------------------------------+----------+-------------------+--------+------------------+--------+----------+----------------------+----------------------+--------------------+


== Status ==
Current time: 2026-05-22 22:48:55 (running for 00:06:50.93)
Memory usage on this node: 67.8/251.6 GiB
Using FIFO scheduling algorithm.
Resources requested: 7.0/8 CPUs, 1.0/1 GPUs, 0.0/17.54 GiB heap, 0.0/8.77 GiB objects (0.0/1.0 accelerator_type:G)
Result logdir: /workspace/MARLlib/runs/rware_mappo_gru_small_20m_tensorboard/qmix_gru_rware-small-4ag-v2
Number of trials: 1/1 (1 RUNNING)
+------------------------------------------------------+----------+-------------------+--------+------------------+--------+----------+----------------------+----------------------+--------------------+
| Trial name                                           | status   | loc               |   iter |   total time (s) |     ts |   reward |   episode_reward_max |   episode_reward_min |   episode_len_mean |
|------------------------------------------------------+----------+-------------------+--------+------------------+--------+----------+----------------------+----------------------+--------------------|
| QMIX_grouped_rware_v2_rware-small-4ag-v2_74c9b_00000 | RUNNING  | 172.24.0.2:994514 |    190 |          394.556 | 573000 |     0.08 |                    1 |                    0 |                500 |
+------------------------------------------------------+----------+-------------------+--------+------------------+--------+----------+----------------------+----------------------+--------------------+


== Status ==
Current time: 2026-05-22 22:49:01 (running for 00:06:56.68)
Memory usage on this node: 67.9/251.6 GiB
Using FIFO scheduling algorithm.
Resources requested: 7.0/8 CPUs, 1.0/1 GPUs, 0.0/17.54 GiB heap, 0.0/8.77 GiB objects (0.0/1.0 accelerator_type:G)
Result logdir: /workspace/MARLlib/runs/rware_mappo_gru_small_20m_tensorboard/qmix_gru_rware-small-4ag-v2
Number of trials: 1/1 (1 RUNNING)
+------------------------------------------------------+----------+-------------------+--------+------------------+--------+----------+----------------------+----------------------+--------------------+
| Trial name                                           | status   | loc               |   iter |   total time (s) |     ts |   reward |   episode_reward_max |   episode_reward_min |   episode_len_mean |
|------------------------------------------------------+----------+-------------------+--------+------------------+--------+----------+----------------------+----------------------+--------------------|
| QMIX_grouped_rware_v2_rware-small-4ag-v2_74c9b_00000 | RUNNING  | 172.24.0.2:994514 |    193 |          400.228 | 582000 |     0.08 |                    1 |                    0 |                500 |
+------------------------------------------------------+----------+-------------------+--------+------------------+--------+----------+----------------------+----------------------+--------------------+


== Status ==
Current time: 2026-05-22 22:49:07 (running for 00:07:02.43)
Memory usage on this node: 67.9/251.6 GiB
Using FIFO scheduling algorithm.
Resources requested: 7.0/8 CPUs, 1.0/1 GPUs, 0.0/17.54 GiB heap, 0.0/8.77 GiB objects (0.0/1.0 accelerator_type:G)
Result logdir: /workspace/MARLlib/runs/rware_mappo_gru_small_20m_tensorboard/qmix_gru_rware-small-4ag-v2
Number of trials: 1/1 (1 RUNNING)
+------------------------------------------------------+----------+-------------------+--------+------------------+--------+----------+----------------------+----------------------+--------------------+
| Trial name                                           | status   | loc               |   iter |   total time (s) |     ts |   reward |   episode_reward_max |   episode_reward_min |   episode_len_mean |
|------------------------------------------------------+----------+-------------------+--------+------------------+--------+----------+----------------------+----------------------+--------------------|
| QMIX_grouped_rware_v2_rware-small-4ag-v2_74c9b_00000 | RUNNING  | 172.24.0.2:994514 |    196 |          405.905 | 591000 |     0.07 |                    1 |                    0 |                500 |
+------------------------------------------------------+----------+-------------------+--------+------------------+--------+----------+----------------------+----------------------+--------------------+


== Status ==
Current time: 2026-05-22 22:49:13 (running for 00:07:08.18)
Memory usage on this node: 68.1/251.6 GiB
Using FIFO scheduling algorithm.
Resources requested: 7.0/8 CPUs, 1.0/1 GPUs, 0.0/17.54 GiB heap, 0.0/8.77 GiB objects (0.0/1.0 accelerator_type:G)
Result logdir: /workspace/MARLlib/runs/rware_mappo_gru_small_20m_tensorboard/qmix_gru_rware-small-4ag-v2
Number of trials: 1/1 (1 RUNNING)
+------------------------------------------------------+----------+-------------------+--------+------------------+--------+----------+----------------------+----------------------+--------------------+
| Trial name                                           | status   | loc               |   iter |   total time (s) |     ts |   reward |   episode_reward_max |   episode_reward_min |   episode_len_mean |
|------------------------------------------------------+----------+-------------------+--------+------------------+--------+----------+----------------------+----------------------+--------------------|
| QMIX_grouped_rware_v2_rware-small-4ag-v2_74c9b_00000 | RUNNING  | 172.24.0.2:994514 |    199 |          411.586 | 600000 |     0.09 |                    1 |                    0 |                500 |
+------------------------------------------------------+----------+-------------------+--------+------------------+--------+----------+----------------------+----------------------+--------------------+


== Status ==
Current time: 2026-05-22 22:49:18 (running for 00:07:13.19)
Memory usage on this node: 68.0/251.6 GiB
Using FIFO scheduling algorithm.
Resources requested: 7.0/8 CPUs, 1.0/1 GPUs, 0.0/17.54 GiB heap, 0.0/8.77 GiB objects (0.0/1.0 accelerator_type:G)
Result logdir: /workspace/MARLlib/runs/rware_mappo_gru_small_20m_tensorboard/qmix_gru_rware-small-4ag-v2
Number of trials: 1/1 (1 RUNNING)
+------------------------------------------------------+----------+-------------------+--------+------------------+--------+----------+----------------------+----------------------+--------------------+
| Trial name                                           | status   | loc               |   iter |   total time (s) |     ts |   reward |   episode_reward_max |   episode_reward_min |   episode_len_mean |
|------------------------------------------------------+----------+-------------------+--------+------------------+--------+----------+----------------------+----------------------+--------------------|
| QMIX_grouped_rware_v2_rware-small-4ag-v2_74c9b_00000 | RUNNING  | 172.24.0.2:994514 |    199 |          411.586 | 600000 |     0.09 |                    1 |                    0 |                500 |
+------------------------------------------------------+----------+-------------------+--------+------------------+--------+----------+----------------------+----------------------+--------------------+


== Status ==
Current time: 2026-05-22 22:49:23 (running for 00:07:18.20)
Memory usage on this node: 68.0/251.6 GiB
Using FIFO scheduling algorithm.
Resources requested: 7.0/8 CPUs, 1.0/1 GPUs, 0.0/17.54 GiB heap, 0.0/8.77 GiB objects (0.0/1.0 accelerator_type:G)
Result logdir: /workspace/MARLlib/runs/rware_mappo_gru_small_20m_tensorboard/qmix_gru_rware-small-4ag-v2
Number of trials: 1/1 (1 RUNNING)
+------------------------------------------------------+----------+-------------------+--------+------------------+--------+----------+----------------------+----------------------+--------------------+
| Trial name                                           | status   | loc               |   iter |   total time (s) |     ts |   reward |   episode_reward_max |   episode_reward_min |   episode_len_mean |
|------------------------------------------------------+----------+-------------------+--------+------------------+--------+----------+----------------------+----------------------+--------------------|
| QMIX_grouped_rware_v2_rware-small-4ag-v2_74c9b_00000 | RUNNING  | 172.24.0.2:994514 |    199 |          411.586 | 600000 |     0.09 |                    1 |                    0 |                500 |
+------------------------------------------------------+----------+-------------------+--------+------------------+--------+----------+----------------------+----------------------+--------------------+


== Status ==
Current time: 2026-05-22 22:49:28 (running for 00:07:23.55)
Memory usage on this node: 68.1/251.6 GiB
Using FIFO scheduling algorithm.
Resources requested: 7.0/8 CPUs, 1.0/1 GPUs, 0.0/17.54 GiB heap, 0.0/8.77 GiB objects (0.0/1.0 accelerator_type:G)
Result logdir: /workspace/MARLlib/runs/rware_mappo_gru_small_20m_tensorboard/qmix_gru_rware-small-4ag-v2
Number of trials: 1/1 (1 RUNNING)
+------------------------------------------------------+----------+-------------------+--------+------------------+--------+----------+----------------------+----------------------+--------------------+
| Trial name                                           | status   | loc               |   iter |   total time (s) |     ts |   reward |   episode_reward_max |   episode_reward_min |   episode_len_mean |
|------------------------------------------------------+----------+-------------------+--------+------------------+--------+----------+----------------------+----------------------+--------------------|
| QMIX_grouped_rware_v2_rware-small-4ag-v2_74c9b_00000 | RUNNING  | 172.24.0.2:994514 |    202 |          426.869 | 609000 |     0.09 |                    1 |                    0 |                500 |
+------------------------------------------------------+----------+-------------------+--------+------------------+--------+----------+----------------------+----------------------+--------------------+


== Status ==
Current time: 2026-05-22 22:49:34 (running for 00:07:29.26)
Memory usage on this node: 68.2/251.6 GiB
Using FIFO scheduling algorithm.
Resources requested: 7.0/8 CPUs, 1.0/1 GPUs, 0.0/17.54 GiB heap, 0.0/8.77 GiB objects (0.0/1.0 accelerator_type:G)
Result logdir: /workspace/MARLlib/runs/rware_mappo_gru_small_20m_tensorboard/qmix_gru_rware-small-4ag-v2
Number of trials: 1/1 (1 RUNNING)
+------------------------------------------------------+----------+-------------------+--------+------------------+--------+----------+----------------------+----------------------+--------------------+
| Trial name                                           | status   | loc               |   iter |   total time (s) |     ts |   reward |   episode_reward_max |   episode_reward_min |   episode_len_mean |
|------------------------------------------------------+----------+-------------------+--------+------------------+--------+----------+----------------------+----------------------+--------------------|
| QMIX_grouped_rware_v2_rware-small-4ag-v2_74c9b_00000 | RUNNING  | 172.24.0.2:994514 |    205 |          432.504 | 618000 |     0.09 |                    1 |                    0 |                500 |
+------------------------------------------------------+----------+-------------------+--------+------------------+--------+----------+----------------------+----------------------+--------------------+


== Status ==
Current time: 2026-05-22 22:49:39 (running for 00:07:34.94)
Memory usage on this node: 68.3/251.6 GiB
Using FIFO scheduling algorithm.
Resources requested: 7.0/8 CPUs, 1.0/1 GPUs, 0.0/17.54 GiB heap, 0.0/8.77 GiB objects (0.0/1.0 accelerator_type:G)
Result logdir: /workspace/MARLlib/runs/rware_mappo_gru_small_20m_tensorboard/qmix_gru_rware-small-4ag-v2
Number of trials: 1/1 (1 RUNNING)
+------------------------------------------------------+----------+-------------------+--------+------------------+--------+----------+----------------------+----------------------+--------------------+
| Trial name                                           | status   | loc               |   iter |   total time (s) |     ts |   reward |   episode_reward_max |   episode_reward_min |   episode_len_mean |
|------------------------------------------------------+----------+-------------------+--------+------------------+--------+----------+----------------------+----------------------+--------------------|
| QMIX_grouped_rware_v2_rware-small-4ag-v2_74c9b_00000 | RUNNING  | 172.24.0.2:994514 |    208 |          438.104 | 627000 |      0.1 |                    1 |                    0 |                500 |
+------------------------------------------------------+----------+-------------------+--------+------------------+--------+----------+----------------------+----------------------+--------------------+


== Status ==
Current time: 2026-05-22 22:49:45 (running for 00:07:40.67)
Memory usage on this node: 68.3/251.6 GiB
Using FIFO scheduling algorithm.
Resources requested: 7.0/8 CPUs, 1.0/1 GPUs, 0.0/17.54 GiB heap, 0.0/8.77 GiB objects (0.0/1.0 accelerator_type:G)
Result logdir: /workspace/MARLlib/runs/rware_mappo_gru_small_20m_tensorboard/qmix_gru_rware-small-4ag-v2
Number of trials: 1/1 (1 RUNNING)
+------------------------------------------------------+----------+-------------------+--------+------------------+--------+----------+----------------------+----------------------+--------------------+
| Trial name                                           | status   | loc               |   iter |   total time (s) |     ts |   reward |   episode_reward_max |   episode_reward_min |   episode_len_mean |
|------------------------------------------------------+----------+-------------------+--------+------------------+--------+----------+----------------------+----------------------+--------------------|
| QMIX_grouped_rware_v2_rware-small-4ag-v2_74c9b_00000 | RUNNING  | 172.24.0.2:994514 |    211 |          443.756 | 636000 |     0.11 |                    1 |                    0 |                500 |
+------------------------------------------------------+----------+-------------------+--------+------------------+--------+----------+----------------------+----------------------+--------------------+


== Status ==
Current time: 2026-05-22 22:49:51 (running for 00:07:46.28)
Memory usage on this node: 68.4/251.6 GiB
Using FIFO scheduling algorithm.
Resources requested: 7.0/8 CPUs, 1.0/1 GPUs, 0.0/17.54 GiB heap, 0.0/8.77 GiB objects (0.0/1.0 accelerator_type:G)
Result logdir: /workspace/MARLlib/runs/rware_mappo_gru_small_20m_tensorboard/qmix_gru_rware-small-4ag-v2
Number of trials: 1/1 (1 RUNNING)
+------------------------------------------------------+----------+-------------------+--------+------------------+--------+----------+----------------------+----------------------+--------------------+
| Trial name                                           | status   | loc               |   iter |   total time (s) |     ts |   reward |   episode_reward_max |   episode_reward_min |   episode_len_mean |
|------------------------------------------------------+----------+-------------------+--------+------------------+--------+----------+----------------------+----------------------+--------------------|
| QMIX_grouped_rware_v2_rware-small-4ag-v2_74c9b_00000 | RUNNING  | 172.24.0.2:994514 |    214 |          449.289 | 645000 |      0.1 |                    1 |                    0 |                500 |
+------------------------------------------------------+----------+-------------------+--------+------------------+--------+----------+----------------------+----------------------+--------------------+


== Status ==
Current time: 2026-05-22 22:49:56 (running for 00:07:52.08)
Memory usage on this node: 68.5/251.6 GiB
Using FIFO scheduling algorithm.
Resources requested: 7.0/8 CPUs, 1.0/1 GPUs, 0.0/17.54 GiB heap, 0.0/8.77 GiB objects (0.0/1.0 accelerator_type:G)
Result logdir: /workspace/MARLlib/runs/rware_mappo_gru_small_20m_tensorboard/qmix_gru_rware-small-4ag-v2
Number of trials: 1/1 (1 RUNNING)
+------------------------------------------------------+----------+-------------------+--------+------------------+--------+----------+----------------------+----------------------+--------------------+
| Trial name                                           | status   | loc               |   iter |   total time (s) |     ts |   reward |   episode_reward_max |   episode_reward_min |   episode_len_mean |
|------------------------------------------------------+----------+-------------------+--------+------------------+--------+----------+----------------------+----------------------+--------------------|
| QMIX_grouped_rware_v2_rware-small-4ag-v2_74c9b_00000 | RUNNING  | 172.24.0.2:994514 |    216 |          453.064 | 651000 |     0.09 |                    1 |                    0 |                500 |
+------------------------------------------------------+----------+-------------------+--------+------------------+--------+----------+----------------------+----------------------+--------------------+


== Status ==
Current time: 2026-05-22 22:50:02 (running for 00:07:57.82)
Memory usage on this node: 68.5/251.6 GiB
Using FIFO scheduling algorithm.
Resources requested: 7.0/8 CPUs, 1.0/1 GPUs, 0.0/17.54 GiB heap, 0.0/8.77 GiB objects (0.0/1.0 accelerator_type:G)
Result logdir: /workspace/MARLlib/runs/rware_mappo_gru_small_20m_tensorboard/qmix_gru_rware-small-4ag-v2
Number of trials: 1/1 (1 RUNNING)
+------------------------------------------------------+----------+-------------------+--------+------------------+--------+----------+----------------------+----------------------+--------------------+
| Trial name                                           | status   | loc               |   iter |   total time (s) |     ts |   reward |   episode_reward_max |   episode_reward_min |   episode_len_mean |
|------------------------------------------------------+----------+-------------------+--------+------------------+--------+----------+----------------------+----------------------+--------------------|
| QMIX_grouped_rware_v2_rware-small-4ag-v2_74c9b_00000 | RUNNING  | 172.24.0.2:994514 |    219 |          459.746 | 660000 |     0.09 |                    1 |                    0 |                500 |
+------------------------------------------------------+----------+-------------------+--------+------------------+--------+----------+----------------------+----------------------+--------------------+


== Status ==
Current time: 2026-05-22 22:50:08 (running for 00:08:03.53)
Memory usage on this node: 68.6/251.6 GiB
Using FIFO scheduling algorithm.
Resources requested: 7.0/8 CPUs, 1.0/1 GPUs, 0.0/17.54 GiB heap, 0.0/8.77 GiB objects (0.0/1.0 accelerator_type:G)
Result logdir: /workspace/MARLlib/runs/rware_mappo_gru_small_20m_tensorboard/qmix_gru_rware-small-4ag-v2
Number of trials: 1/1 (1 RUNNING)
+------------------------------------------------------+----------+-------------------+--------+------------------+--------+----------+----------------------+----------------------+--------------------+
| Trial name                                           | status   | loc               |   iter |   total time (s) |     ts |   reward |   episode_reward_max |   episode_reward_min |   episode_len_mean |
|------------------------------------------------------+----------+-------------------+--------+------------------+--------+----------+----------------------+----------------------+--------------------|
| QMIX_grouped_rware_v2_rware-small-4ag-v2_74c9b_00000 | RUNNING  | 172.24.0.2:994514 |    222 |          465.399 | 669000 |      0.1 |                    1 |                    0 |                500 |
+------------------------------------------------------+----------+-------------------+--------+------------------+--------+----------+----------------------+----------------------+--------------------+


== Status ==
Current time: 2026-05-22 22:50:14 (running for 00:08:09.28)
Memory usage on this node: 68.7/251.6 GiB
Using FIFO scheduling algorithm.
Resources requested: 7.0/8 CPUs, 1.0/1 GPUs, 0.0/17.54 GiB heap, 0.0/8.77 GiB objects (0.0/1.0 accelerator_type:G)
Result logdir: /workspace/MARLlib/runs/rware_mappo_gru_small_20m_tensorboard/qmix_gru_rware-small-4ag-v2
Number of trials: 1/1 (1 RUNNING)
+------------------------------------------------------+----------+-------------------+--------+------------------+--------+----------+----------------------+----------------------+--------------------+
| Trial name                                           | status   | loc               |   iter |   total time (s) |     ts |   reward |   episode_reward_max |   episode_reward_min |   episode_len_mean |
|------------------------------------------------------+----------+-------------------+--------+------------------+--------+----------+----------------------+----------------------+--------------------|
| QMIX_grouped_rware_v2_rware-small-4ag-v2_74c9b_00000 | RUNNING  | 172.24.0.2:994514 |    225 |          471.071 | 678000 |     0.09 |                    1 |                    0 |                500 |
+------------------------------------------------------+----------+-------------------+--------+------------------+--------+----------+----------------------+----------------------+--------------------+


== Status ==
Current time: 2026-05-22 22:50:19 (running for 00:08:14.99)
Memory usage on this node: 68.8/251.6 GiB
Using FIFO scheduling algorithm.
Resources requested: 7.0/8 CPUs, 1.0/1 GPUs, 0.0/17.54 GiB heap, 0.0/8.77 GiB objects (0.0/1.0 accelerator_type:G)
Result logdir: /workspace/MARLlib/runs/rware_mappo_gru_small_20m_tensorboard/qmix_gru_rware-small-4ag-v2
Number of trials: 1/1 (1 RUNNING)
+------------------------------------------------------+----------+-------------------+--------+------------------+--------+----------+----------------------+----------------------+--------------------+
| Trial name                                           | status   | loc               |   iter |   total time (s) |     ts |   reward |   episode_reward_max |   episode_reward_min |   episode_len_mean |
|------------------------------------------------------+----------+-------------------+--------+------------------+--------+----------+----------------------+----------------------+--------------------|
| QMIX_grouped_rware_v2_rware-small-4ag-v2_74c9b_00000 | RUNNING  | 172.24.0.2:994514 |    228 |          476.709 | 687000 |     0.08 |                    1 |                    0 |                500 |
+------------------------------------------------------+----------+-------------------+--------+------------------+--------+----------+----------------------+----------------------+--------------------+


== Status ==
Current time: 2026-05-22 22:50:25 (running for 00:08:20.62)
Memory usage on this node: 68.8/251.6 GiB
Using FIFO scheduling algorithm.
Resources requested: 7.0/8 CPUs, 1.0/1 GPUs, 0.0/17.54 GiB heap, 0.0/8.77 GiB objects (0.0/1.0 accelerator_type:G)
Result logdir: /workspace/MARLlib/runs/rware_mappo_gru_small_20m_tensorboard/qmix_gru_rware-small-4ag-v2
Number of trials: 1/1 (1 RUNNING)
+------------------------------------------------------+----------+-------------------+--------+------------------+--------+----------+----------------------+----------------------+--------------------+
| Trial name                                           | status   | loc               |   iter |   total time (s) |     ts |   reward |   episode_reward_max |   episode_reward_min |   episode_len_mean |
|------------------------------------------------------+----------+-------------------+--------+------------------+--------+----------+----------------------+----------------------+--------------------|
| QMIX_grouped_rware_v2_rware-small-4ag-v2_74c9b_00000 | RUNNING  | 172.24.0.2:994514 |    231 |          482.292 | 696000 |     0.09 |                    1 |                    0 |                500 |
+------------------------------------------------------+----------+-------------------+--------+------------------+--------+----------+----------------------+----------------------+--------------------+


== Status ==
Current time: 2026-05-22 22:50:31 (running for 00:08:26.35)
Memory usage on this node: 68.9/251.6 GiB
Using FIFO scheduling algorithm.
Resources requested: 7.0/8 CPUs, 1.0/1 GPUs, 0.0/17.54 GiB heap, 0.0/8.77 GiB objects (0.0/1.0 accelerator_type:G)
Result logdir: /workspace/MARLlib/runs/rware_mappo_gru_small_20m_tensorboard/qmix_gru_rware-small-4ag-v2
Number of trials: 1/1 (1 RUNNING)
+------------------------------------------------------+----------+-------------------+--------+------------------+--------+----------+----------------------+----------------------+--------------------+
| Trial name                                           | status   | loc               |   iter |   total time (s) |     ts |   reward |   episode_reward_max |   episode_reward_min |   episode_len_mean |
|------------------------------------------------------+----------+-------------------+--------+------------------+--------+----------+----------------------+----------------------+--------------------|
| QMIX_grouped_rware_v2_rware-small-4ag-v2_74c9b_00000 | RUNNING  | 172.24.0.2:994514 |    234 |           487.95 | 705000 |     0.08 |                    2 |                    0 |                500 |
+------------------------------------------------------+----------+-------------------+--------+------------------+--------+----------+----------------------+----------------------+--------------------+


== Status ==
Current time: 2026-05-22 22:50:36 (running for 00:08:32.15)
Memory usage on this node: 69.0/251.6 GiB
Using FIFO scheduling algorithm.
Resources requested: 7.0/8 CPUs, 1.0/1 GPUs, 0.0/17.54 GiB heap, 0.0/8.77 GiB objects (0.0/1.0 accelerator_type:G)
Result logdir: /workspace/MARLlib/runs/rware_mappo_gru_small_20m_tensorboard/qmix_gru_rware-small-4ag-v2
Number of trials: 1/1 (1 RUNNING)
+------------------------------------------------------+----------+-------------------+--------+------------------+--------+----------+----------------------+----------------------+--------------------+
| Trial name                                           | status   | loc               |   iter |   total time (s) |     ts |   reward |   episode_reward_max |   episode_reward_min |   episode_len_mean |
|------------------------------------------------------+----------+-------------------+--------+------------------+--------+----------+----------------------+----------------------+--------------------|
| QMIX_grouped_rware_v2_rware-small-4ag-v2_74c9b_00000 | RUNNING  | 172.24.0.2:994514 |    237 |          493.676 | 714000 |     0.11 |                    2 |                    0 |                500 |
+------------------------------------------------------+----------+-------------------+--------+------------------+--------+----------+----------------------+----------------------+--------------------+


== Status ==
Current time: 2026-05-22 22:50:42 (running for 00:08:38.03)
Memory usage on this node: 69.0/251.6 GiB
Using FIFO scheduling algorithm.
Resources requested: 7.0/8 CPUs, 1.0/1 GPUs, 0.0/17.54 GiB heap, 0.0/8.77 GiB objects (0.0/1.0 accelerator_type:G)
Result logdir: /workspace/MARLlib/runs/rware_mappo_gru_small_20m_tensorboard/qmix_gru_rware-small-4ag-v2
Number of trials: 1/1 (1 RUNNING)
+------------------------------------------------------+----------+-------------------+--------+------------------+--------+----------+----------------------+----------------------+--------------------+
| Trial name                                           | status   | loc               |   iter |   total time (s) |     ts |   reward |   episode_reward_max |   episode_reward_min |   episode_len_mean |
|------------------------------------------------------+----------+-------------------+--------+------------------+--------+----------+----------------------+----------------------+--------------------|
| QMIX_grouped_rware_v2_rware-small-4ag-v2_74c9b_00000 | RUNNING  | 172.24.0.2:994514 |    240 |          499.473 | 723000 |     0.08 |                    2 |                    0 |                500 |
+------------------------------------------------------+----------+-------------------+--------+------------------+--------+----------+----------------------+----------------------+--------------------+


== Status ==
Current time: 2026-05-22 22:50:48 (running for 00:08:43.72)
Memory usage on this node: 69.1/251.6 GiB
Using FIFO scheduling algorithm.
Resources requested: 7.0/8 CPUs, 1.0/1 GPUs, 0.0/17.54 GiB heap, 0.0/8.77 GiB objects (0.0/1.0 accelerator_type:G)
Result logdir: /workspace/MARLlib/runs/rware_mappo_gru_small_20m_tensorboard/qmix_gru_rware-small-4ag-v2
Number of trials: 1/1 (1 RUNNING)
+------------------------------------------------------+----------+-------------------+--------+------------------+--------+----------+----------------------+----------------------+--------------------+
| Trial name                                           | status   | loc               |   iter |   total time (s) |     ts |   reward |   episode_reward_max |   episode_reward_min |   episode_len_mean |
|------------------------------------------------------+----------+-------------------+--------+------------------+--------+----------+----------------------+----------------------+--------------------|
| QMIX_grouped_rware_v2_rware-small-4ag-v2_74c9b_00000 | RUNNING  | 172.24.0.2:994514 |    243 |          505.088 | 732000 |     0.08 |                    2 |                    0 |                500 |
+------------------------------------------------------+----------+-------------------+--------+------------------+--------+----------+----------------------+----------------------+--------------------+


== Status ==
Current time: 2026-05-22 22:50:54 (running for 00:08:49.35)
Memory usage on this node: 69.2/251.6 GiB
Using FIFO scheduling algorithm.
Resources requested: 7.0/8 CPUs, 1.0/1 GPUs, 0.0/17.54 GiB heap, 0.0/8.77 GiB objects (0.0/1.0 accelerator_type:G)
Result logdir: /workspace/MARLlib/runs/rware_mappo_gru_small_20m_tensorboard/qmix_gru_rware-small-4ag-v2
Number of trials: 1/1 (1 RUNNING)
+------------------------------------------------------+----------+-------------------+--------+------------------+--------+----------+----------------------+----------------------+--------------------+
| Trial name                                           | status   | loc               |   iter |   total time (s) |     ts |   reward |   episode_reward_max |   episode_reward_min |   episode_len_mean |
|------------------------------------------------------+----------+-------------------+--------+------------------+--------+----------+----------------------+----------------------+--------------------|
| QMIX_grouped_rware_v2_rware-small-4ag-v2_74c9b_00000 | RUNNING  | 172.24.0.2:994514 |    246 |          510.647 | 741000 |     0.09 |                    2 |                    0 |                500 |
+------------------------------------------------------+----------+-------------------+--------+------------------+--------+----------+----------------------+----------------------+--------------------+


== Status ==
Current time: 2026-05-22 22:50:59 (running for 00:08:55.01)
Memory usage on this node: 69.3/251.6 GiB
Using FIFO scheduling algorithm.
Resources requested: 7.0/8 CPUs, 1.0/1 GPUs, 0.0/17.54 GiB heap, 0.0/8.77 GiB objects (0.0/1.0 accelerator_type:G)
Result logdir: /workspace/MARLlib/runs/rware_mappo_gru_small_20m_tensorboard/qmix_gru_rware-small-4ag-v2
Number of trials: 1/1 (1 RUNNING)
+------------------------------------------------------+----------+-------------------+--------+------------------+--------+----------+----------------------+----------------------+--------------------+
| Trial name                                           | status   | loc               |   iter |   total time (s) |     ts |   reward |   episode_reward_max |   episode_reward_min |   episode_len_mean |
|------------------------------------------------------+----------+-------------------+--------+------------------+--------+----------+----------------------+----------------------+--------------------|
| QMIX_grouped_rware_v2_rware-small-4ag-v2_74c9b_00000 | RUNNING  | 172.24.0.2:994514 |    249 |           516.23 | 750000 |      0.1 |                    2 |                    0 |                500 |
+------------------------------------------------------+----------+-------------------+--------+------------------+--------+----------+----------------------+----------------------+--------------------+


== Status ==
Current time: 2026-05-22 22:51:04 (running for 00:09:00.02)
Memory usage on this node: 69.3/251.6 GiB
Using FIFO scheduling algorithm.
Resources requested: 7.0/8 CPUs, 1.0/1 GPUs, 0.0/17.54 GiB heap, 0.0/8.77 GiB objects (0.0/1.0 accelerator_type:G)
Result logdir: /workspace/MARLlib/runs/rware_mappo_gru_small_20m_tensorboard/qmix_gru_rware-small-4ag-v2
Number of trials: 1/1 (1 RUNNING)
+------------------------------------------------------+----------+-------------------+--------+------------------+--------+----------+----------------------+----------------------+--------------------+
| Trial name                                           | status   | loc               |   iter |   total time (s) |     ts |   reward |   episode_reward_max |   episode_reward_min |   episode_len_mean |
|------------------------------------------------------+----------+-------------------+--------+------------------+--------+----------+----------------------+----------------------+--------------------|
| QMIX_grouped_rware_v2_rware-small-4ag-v2_74c9b_00000 | RUNNING  | 172.24.0.2:994514 |    249 |           516.23 | 750000 |      0.1 |                    2 |                    0 |                500 |
+------------------------------------------------------+----------+-------------------+--------+------------------+--------+----------+----------------------+----------------------+--------------------+


== Status ==
Current time: 2026-05-22 22:51:09 (running for 00:09:05.02)
Memory usage on this node: 69.3/251.6 GiB
Using FIFO scheduling algorithm.
Resources requested: 7.0/8 CPUs, 1.0/1 GPUs, 0.0/17.54 GiB heap, 0.0/8.77 GiB objects (0.0/1.0 accelerator_type:G)
Result logdir: /workspace/MARLlib/runs/rware_mappo_gru_small_20m_tensorboard/qmix_gru_rware-small-4ag-v2
Number of trials: 1/1 (1 RUNNING)
+------------------------------------------------------+----------+-------------------+--------+------------------+--------+----------+----------------------+----------------------+--------------------+
| Trial name                                           | status   | loc               |   iter |   total time (s) |     ts |   reward |   episode_reward_max |   episode_reward_min |   episode_len_mean |
|------------------------------------------------------+----------+-------------------+--------+------------------+--------+----------+----------------------+----------------------+--------------------|
| QMIX_grouped_rware_v2_rware-small-4ag-v2_74c9b_00000 | RUNNING  | 172.24.0.2:994514 |    249 |           516.23 | 750000 |      0.1 |                    2 |                    0 |                500 |
+------------------------------------------------------+----------+-------------------+--------+------------------+--------+----------+----------------------+----------------------+--------------------+


== Status ==
Current time: 2026-05-22 22:51:15 (running for 00:09:10.23)
Memory usage on this node: 69.3/251.6 GiB
Using FIFO scheduling algorithm.
Resources requested: 7.0/8 CPUs, 1.0/1 GPUs, 0.0/17.54 GiB heap, 0.0/8.77 GiB objects (0.0/1.0 accelerator_type:G)
Result logdir: /workspace/MARLlib/runs/rware_mappo_gru_small_20m_tensorboard/qmix_gru_rware-small-4ag-v2
Number of trials: 1/1 (1 RUNNING)
+------------------------------------------------------+----------+-------------------+--------+------------------+--------+----------+----------------------+----------------------+--------------------+
| Trial name                                           | status   | loc               |   iter |   total time (s) |     ts |   reward |   episode_reward_max |   episode_reward_min |   episode_len_mean |
|------------------------------------------------------+----------+-------------------+--------+------------------+--------+----------+----------------------+----------------------+--------------------|
| QMIX_grouped_rware_v2_rware-small-4ag-v2_74c9b_00000 | RUNNING  | 172.24.0.2:994514 |    252 |          531.366 | 759000 |     0.08 |                    1 |                    0 |                500 |
+------------------------------------------------------+----------+-------------------+--------+------------------+--------+----------+----------------------+----------------------+--------------------+


== Status ==
Current time: 2026-05-22 22:51:20 (running for 00:09:15.99)
Memory usage on this node: 69.4/251.6 GiB
Using FIFO scheduling algorithm.
Resources requested: 7.0/8 CPUs, 1.0/1 GPUs, 0.0/17.54 GiB heap, 0.0/8.77 GiB objects (0.0/1.0 accelerator_type:G)
Result logdir: /workspace/MARLlib/runs/rware_mappo_gru_small_20m_tensorboard/qmix_gru_rware-small-4ag-v2
Number of trials: 1/1 (1 RUNNING)
+------------------------------------------------------+----------+-------------------+--------+------------------+--------+----------+----------------------+----------------------+--------------------+
| Trial name                                           | status   | loc               |   iter |   total time (s) |     ts |   reward |   episode_reward_max |   episode_reward_min |   episode_len_mean |
|------------------------------------------------------+----------+-------------------+--------+------------------+--------+----------+----------------------+----------------------+--------------------|
| QMIX_grouped_rware_v2_rware-small-4ag-v2_74c9b_00000 | RUNNING  | 172.24.0.2:994514 |    255 |          538.046 | 768000 |     0.07 |                    1 |                    0 |                500 |
+------------------------------------------------------+----------+-------------------+--------+------------------+--------+----------+----------------------+----------------------+--------------------+


== Status ==
Current time: 2026-05-22 22:51:26 (running for 00:09:21.81)
Memory usage on this node: 69.5/251.6 GiB
Using FIFO scheduling algorithm.
Resources requested: 7.0/8 CPUs, 1.0/1 GPUs, 0.0/17.54 GiB heap, 0.0/8.77 GiB objects (0.0/1.0 accelerator_type:G)
Result logdir: /workspace/MARLlib/runs/rware_mappo_gru_small_20m_tensorboard/qmix_gru_rware-small-4ag-v2
Number of trials: 1/1 (1 RUNNING)
+------------------------------------------------------+----------+-------------------+--------+------------------+--------+----------+----------------------+----------------------+--------------------+
| Trial name                                           | status   | loc               |   iter |   total time (s) |     ts |   reward |   episode_reward_max |   episode_reward_min |   episode_len_mean |
|------------------------------------------------------+----------+-------------------+--------+------------------+--------+----------+----------------------+----------------------+--------------------|
| QMIX_grouped_rware_v2_rware-small-4ag-v2_74c9b_00000 | RUNNING  | 172.24.0.2:994514 |    258 |          543.795 | 777000 |     0.07 |                    1 |                    0 |                500 |
+------------------------------------------------------+----------+-------------------+--------+------------------+--------+----------+----------------------+----------------------+--------------------+


== Status ==
Current time: 2026-05-22 22:51:32 (running for 00:09:27.65)
Memory usage on this node: 69.5/251.6 GiB
Using FIFO scheduling algorithm.
Resources requested: 7.0/8 CPUs, 1.0/1 GPUs, 0.0/17.54 GiB heap, 0.0/8.77 GiB objects (0.0/1.0 accelerator_type:G)
Result logdir: /workspace/MARLlib/runs/rware_mappo_gru_small_20m_tensorboard/qmix_gru_rware-small-4ag-v2
Number of trials: 1/1 (1 RUNNING)
+------------------------------------------------------+----------+-------------------+--------+------------------+--------+----------+----------------------+----------------------+--------------------+
| Trial name                                           | status   | loc               |   iter |   total time (s) |     ts |   reward |   episode_reward_max |   episode_reward_min |   episode_len_mean |
|------------------------------------------------------+----------+-------------------+--------+------------------+--------+----------+----------------------+----------------------+--------------------|
| QMIX_grouped_rware_v2_rware-small-4ag-v2_74c9b_00000 | RUNNING  | 172.24.0.2:994514 |    261 |          549.574 | 786000 |     0.07 |                    1 |                    0 |                500 |
+------------------------------------------------------+----------+-------------------+--------+------------------+--------+----------+----------------------+----------------------+--------------------+


== Status ==
Current time: 2026-05-22 22:51:38 (running for 00:09:33.42)
Memory usage on this node: 69.6/251.6 GiB
Using FIFO scheduling algorithm.
Resources requested: 7.0/8 CPUs, 1.0/1 GPUs, 0.0/17.54 GiB heap, 0.0/8.77 GiB objects (0.0/1.0 accelerator_type:G)
Result logdir: /workspace/MARLlib/runs/rware_mappo_gru_small_20m_tensorboard/qmix_gru_rware-small-4ag-v2
Number of trials: 1/1 (1 RUNNING)
+------------------------------------------------------+----------+-------------------+--------+------------------+--------+----------+----------------------+----------------------+--------------------+
| Trial name                                           | status   | loc               |   iter |   total time (s) |     ts |   reward |   episode_reward_max |   episode_reward_min |   episode_len_mean |
|------------------------------------------------------+----------+-------------------+--------+------------------+--------+----------+----------------------+----------------------+--------------------|
| QMIX_grouped_rware_v2_rware-small-4ag-v2_74c9b_00000 | RUNNING  | 172.24.0.2:994514 |    264 |          555.282 | 795000 |     0.06 |                    1 |                    0 |                500 |
+------------------------------------------------------+----------+-------------------+--------+------------------+--------+----------+----------------------+----------------------+--------------------+


== Status ==
Current time: 2026-05-22 22:51:43 (running for 00:09:39.13)
Memory usage on this node: 69.7/251.6 GiB
Using FIFO scheduling algorithm.
Resources requested: 7.0/8 CPUs, 1.0/1 GPUs, 0.0/17.54 GiB heap, 0.0/8.77 GiB objects (0.0/1.0 accelerator_type:G)
Result logdir: /workspace/MARLlib/runs/rware_mappo_gru_small_20m_tensorboard/qmix_gru_rware-small-4ag-v2
Number of trials: 1/1 (1 RUNNING)
+------------------------------------------------------+----------+-------------------+--------+------------------+--------+----------+----------------------+----------------------+--------------------+
| Trial name                                           | status   | loc               |   iter |   total time (s) |     ts |   reward |   episode_reward_max |   episode_reward_min |   episode_len_mean |
|------------------------------------------------------+----------+-------------------+--------+------------------+--------+----------+----------------------+----------------------+--------------------|
| QMIX_grouped_rware_v2_rware-small-4ag-v2_74c9b_00000 | RUNNING  | 172.24.0.2:994514 |    267 |          560.921 | 804000 |     0.07 |                    1 |                    0 |                500 |
+------------------------------------------------------+----------+-------------------+--------+------------------+--------+----------+----------------------+----------------------+--------------------+


== Status ==
Current time: 2026-05-22 22:51:49 (running for 00:09:44.83)
Memory usage on this node: 69.8/251.6 GiB
Using FIFO scheduling algorithm.
Resources requested: 7.0/8 CPUs, 1.0/1 GPUs, 0.0/17.54 GiB heap, 0.0/8.77 GiB objects (0.0/1.0 accelerator_type:G)
Result logdir: /workspace/MARLlib/runs/rware_mappo_gru_small_20m_tensorboard/qmix_gru_rware-small-4ag-v2
Number of trials: 1/1 (1 RUNNING)
+------------------------------------------------------+----------+-------------------+--------+------------------+--------+----------+----------------------+----------------------+--------------------+
| Trial name                                           | status   | loc               |   iter |   total time (s) |     ts |   reward |   episode_reward_max |   episode_reward_min |   episode_len_mean |
|------------------------------------------------------+----------+-------------------+--------+------------------+--------+----------+----------------------+----------------------+--------------------|
| QMIX_grouped_rware_v2_rware-small-4ag-v2_74c9b_00000 | RUNNING  | 172.24.0.2:994514 |    270 |          566.548 | 813000 |     0.08 |                    1 |                    0 |                500 |
+------------------------------------------------------+----------+-------------------+--------+------------------+--------+----------+----------------------+----------------------+--------------------+


== Status ==
Current time: 2026-05-22 22:51:55 (running for 00:09:50.43)
Memory usage on this node: 69.8/251.6 GiB
Using FIFO scheduling algorithm.
Resources requested: 7.0/8 CPUs, 1.0/1 GPUs, 0.0/17.54 GiB heap, 0.0/8.77 GiB objects (0.0/1.0 accelerator_type:G)
Result logdir: /workspace/MARLlib/runs/rware_mappo_gru_small_20m_tensorboard/qmix_gru_rware-small-4ag-v2
Number of trials: 1/1 (1 RUNNING)
+------------------------------------------------------+----------+-------------------+--------+------------------+--------+----------+----------------------+----------------------+--------------------+
| Trial name                                           | status   | loc               |   iter |   total time (s) |     ts |   reward |   episode_reward_max |   episode_reward_min |   episode_len_mean |
|------------------------------------------------------+----------+-------------------+--------+------------------+--------+----------+----------------------+----------------------+--------------------|
| QMIX_grouped_rware_v2_rware-small-4ag-v2_74c9b_00000 | RUNNING  | 172.24.0.2:994514 |    273 |          572.084 | 822000 |     0.09 |                    1 |                    0 |                500 |
+------------------------------------------------------+----------+-------------------+--------+------------------+--------+----------+----------------------+----------------------+--------------------+


== Status ==
Current time: 2026-05-22 22:52:01 (running for 00:09:56.23)
Memory usage on this node: 69.9/251.6 GiB
Using FIFO scheduling algorithm.
Resources requested: 7.0/8 CPUs, 1.0/1 GPUs, 0.0/17.54 GiB heap, 0.0/8.77 GiB objects (0.0/1.0 accelerator_type:G)
Result logdir: /workspace/MARLlib/runs/rware_mappo_gru_small_20m_tensorboard/qmix_gru_rware-small-4ag-v2
Number of trials: 1/1 (1 RUNNING)
+------------------------------------------------------+----------+-------------------+--------+------------------+--------+----------+----------------------+----------------------+--------------------+
| Trial name                                           | status   | loc               |   iter |   total time (s) |     ts |   reward |   episode_reward_max |   episode_reward_min |   episode_len_mean |
|------------------------------------------------------+----------+-------------------+--------+------------------+--------+----------+----------------------+----------------------+--------------------|
| QMIX_grouped_rware_v2_rware-small-4ag-v2_74c9b_00000 | RUNNING  | 172.24.0.2:994514 |    276 |          577.804 | 831000 |     0.08 |                    1 |                    0 |                500 |
+------------------------------------------------------+----------+-------------------+--------+------------------+--------+----------+----------------------+----------------------+--------------------+


== Status ==
Current time: 2026-05-22 22:52:07 (running for 00:10:02.18)
Memory usage on this node: 69.9/251.6 GiB
Using FIFO scheduling algorithm.
Resources requested: 7.0/8 CPUs, 1.0/1 GPUs, 0.0/17.54 GiB heap, 0.0/8.77 GiB objects (0.0/1.0 accelerator_type:G)
Result logdir: /workspace/MARLlib/runs/rware_mappo_gru_small_20m_tensorboard/qmix_gru_rware-small-4ag-v2
Number of trials: 1/1 (1 RUNNING)
+------------------------------------------------------+----------+-------------------+--------+------------------+--------+----------+----------------------+----------------------+--------------------+
| Trial name                                           | status   | loc               |   iter |   total time (s) |     ts |   reward |   episode_reward_max |   episode_reward_min |   episode_len_mean |
|------------------------------------------------------+----------+-------------------+--------+------------------+--------+----------+----------------------+----------------------+--------------------|
| QMIX_grouped_rware_v2_rware-small-4ag-v2_74c9b_00000 | RUNNING  | 172.24.0.2:994514 |    278 |          582.716 | 837000 |     0.08 |                    1 |                    0 |                500 |
+------------------------------------------------------+----------+-------------------+--------+------------------+--------+----------+----------------------+----------------------+--------------------+


== Status ==
Current time: 2026-05-22 22:52:12 (running for 00:10:07.82)
Memory usage on this node: 70.0/251.6 GiB
Using FIFO scheduling algorithm.
Resources requested: 7.0/8 CPUs, 1.0/1 GPUs, 0.0/17.54 GiB heap, 0.0/8.77 GiB objects (0.0/1.0 accelerator_type:G)
Result logdir: /workspace/MARLlib/runs/rware_mappo_gru_small_20m_tensorboard/qmix_gru_rware-small-4ag-v2
Number of trials: 1/1 (1 RUNNING)
+------------------------------------------------------+----------+-------------------+--------+------------------+--------+----------+----------------------+----------------------+--------------------+
| Trial name                                           | status   | loc               |   iter |   total time (s) |     ts |   reward |   episode_reward_max |   episode_reward_min |   episode_len_mean |
|------------------------------------------------------+----------+-------------------+--------+------------------+--------+----------+----------------------+----------------------+--------------------|
| QMIX_grouped_rware_v2_rware-small-4ag-v2_74c9b_00000 | RUNNING  | 172.24.0.2:994514 |    281 |          588.273 | 846000 |     0.06 |                    1 |                    0 |                500 |
+------------------------------------------------------+----------+-------------------+--------+------------------+--------+----------+----------------------+----------------------+--------------------+


== Status ==
Current time: 2026-05-22 22:52:18 (running for 00:10:13.45)
Memory usage on this node: 70.2/251.6 GiB
Using FIFO scheduling algorithm.
Resources requested: 7.0/8 CPUs, 1.0/1 GPUs, 0.0/17.54 GiB heap, 0.0/8.77 GiB objects (0.0/1.0 accelerator_type:G)
Result logdir: /workspace/MARLlib/runs/rware_mappo_gru_small_20m_tensorboard/qmix_gru_rware-small-4ag-v2
Number of trials: 1/1 (1 RUNNING)
+------------------------------------------------------+----------+-------------------+--------+------------------+--------+----------+----------------------+----------------------+--------------------+
| Trial name                                           | status   | loc               |   iter |   total time (s) |     ts |   reward |   episode_reward_max |   episode_reward_min |   episode_len_mean |
|------------------------------------------------------+----------+-------------------+--------+------------------+--------+----------+----------------------+----------------------+--------------------|
| QMIX_grouped_rware_v2_rware-small-4ag-v2_74c9b_00000 | RUNNING  | 172.24.0.2:994514 |    284 |          593.833 | 855000 |     0.04 |                    1 |                    0 |                500 |
+------------------------------------------------------+----------+-------------------+--------+------------------+--------+----------+----------------------+----------------------+--------------------+


== Status ==
Current time: 2026-05-22 22:52:23 (running for 00:10:19.05)
Memory usage on this node: 70.2/251.6 GiB
Using FIFO scheduling algorithm.
Resources requested: 7.0/8 CPUs, 1.0/1 GPUs, 0.0/17.54 GiB heap, 0.0/8.77 GiB objects (0.0/1.0 accelerator_type:G)
Result logdir: /workspace/MARLlib/runs/rware_mappo_gru_small_20m_tensorboard/qmix_gru_rware-small-4ag-v2
Number of trials: 1/1 (1 RUNNING)
+------------------------------------------------------+----------+-------------------+--------+------------------+--------+----------+----------------------+----------------------+--------------------+
| Trial name                                           | status   | loc               |   iter |   total time (s) |     ts |   reward |   episode_reward_max |   episode_reward_min |   episode_len_mean |
|------------------------------------------------------+----------+-------------------+--------+------------------+--------+----------+----------------------+----------------------+--------------------|
| QMIX_grouped_rware_v2_rware-small-4ag-v2_74c9b_00000 | RUNNING  | 172.24.0.2:994514 |    287 |          599.373 | 864000 |     0.04 |                    1 |                    0 |                500 |
+------------------------------------------------------+----------+-------------------+--------+------------------+--------+----------+----------------------+----------------------+--------------------+


== Status ==
Current time: 2026-05-22 22:52:29 (running for 00:10:24.69)
Memory usage on this node: 70.3/251.6 GiB
Using FIFO scheduling algorithm.
Resources requested: 7.0/8 CPUs, 1.0/1 GPUs, 0.0/17.54 GiB heap, 0.0/8.77 GiB objects (0.0/1.0 accelerator_type:G)
Result logdir: /workspace/MARLlib/runs/rware_mappo_gru_small_20m_tensorboard/qmix_gru_rware-small-4ag-v2
Number of trials: 1/1 (1 RUNNING)
+------------------------------------------------------+----------+-------------------+--------+------------------+--------+----------+----------------------+----------------------+--------------------+
| Trial name                                           | status   | loc               |   iter |   total time (s) |     ts |   reward |   episode_reward_max |   episode_reward_min |   episode_len_mean |
|------------------------------------------------------+----------+-------------------+--------+------------------+--------+----------+----------------------+----------------------+--------------------|
| QMIX_grouped_rware_v2_rware-small-4ag-v2_74c9b_00000 | RUNNING  | 172.24.0.2:994514 |    290 |          604.938 | 873000 |     0.06 |                    1 |                    0 |                500 |
+------------------------------------------------------+----------+-------------------+--------+------------------+--------+----------+----------------------+----------------------+--------------------+


== Status ==
Current time: 2026-05-22 22:52:35 (running for 00:10:30.41)
Memory usage on this node: 70.4/251.6 GiB
Using FIFO scheduling algorithm.
Resources requested: 7.0/8 CPUs, 1.0/1 GPUs, 0.0/17.54 GiB heap, 0.0/8.77 GiB objects (0.0/1.0 accelerator_type:G)
Result logdir: /workspace/MARLlib/runs/rware_mappo_gru_small_20m_tensorboard/qmix_gru_rware-small-4ag-v2
Number of trials: 1/1 (1 RUNNING)
+------------------------------------------------------+----------+-------------------+--------+------------------+--------+----------+----------------------+----------------------+--------------------+
| Trial name                                           | status   | loc               |   iter |   total time (s) |     ts |   reward |   episode_reward_max |   episode_reward_min |   episode_len_mean |
|------------------------------------------------------+----------+-------------------+--------+------------------+--------+----------+----------------------+----------------------+--------------------|
| QMIX_grouped_rware_v2_rware-small-4ag-v2_74c9b_00000 | RUNNING  | 172.24.0.2:994514 |    293 |          610.581 | 882000 |     0.08 |                    1 |                    0 |                500 |
+------------------------------------------------------+----------+-------------------+--------+------------------+--------+----------+----------------------+----------------------+--------------------+


== Status ==
Current time: 2026-05-22 22:52:40 (running for 00:10:36.13)
Memory usage on this node: 70.4/251.6 GiB
Using FIFO scheduling algorithm.
Resources requested: 7.0/8 CPUs, 1.0/1 GPUs, 0.0/17.54 GiB heap, 0.0/8.77 GiB objects (0.0/1.0 accelerator_type:G)
Result logdir: /workspace/MARLlib/runs/rware_mappo_gru_small_20m_tensorboard/qmix_gru_rware-small-4ag-v2
Number of trials: 1/1 (1 RUNNING)
+------------------------------------------------------+----------+-------------------+--------+------------------+--------+----------+----------------------+----------------------+--------------------+
| Trial name                                           | status   | loc               |   iter |   total time (s) |     ts |   reward |   episode_reward_max |   episode_reward_min |   episode_len_mean |
|------------------------------------------------------+----------+-------------------+--------+------------------+--------+----------+----------------------+----------------------+--------------------|
| QMIX_grouped_rware_v2_rware-small-4ag-v2_74c9b_00000 | RUNNING  | 172.24.0.2:994514 |    296 |          616.229 | 891000 |     0.09 |                    1 |                    0 |                500 |
+------------------------------------------------------+----------+-------------------+--------+------------------+--------+----------+----------------------+----------------------+--------------------+


== Status ==
Current time: 2026-05-22 22:52:46 (running for 00:10:41.91)
Memory usage on this node: 70.5/251.6 GiB
Using FIFO scheduling algorithm.
Resources requested: 7.0/8 CPUs, 1.0/1 GPUs, 0.0/17.54 GiB heap, 0.0/8.77 GiB objects (0.0/1.0 accelerator_type:G)
Result logdir: /workspace/MARLlib/runs/rware_mappo_gru_small_20m_tensorboard/qmix_gru_rware-small-4ag-v2
Number of trials: 1/1 (1 RUNNING)
+------------------------------------------------------+----------+-------------------+--------+------------------+--------+----------+----------------------+----------------------+--------------------+
| Trial name                                           | status   | loc               |   iter |   total time (s) |     ts |   reward |   episode_reward_max |   episode_reward_min |   episode_len_mean |
|------------------------------------------------------+----------+-------------------+--------+------------------+--------+----------+----------------------+----------------------+--------------------|
| QMIX_grouped_rware_v2_rware-small-4ag-v2_74c9b_00000 | RUNNING  | 172.24.0.2:994514 |    299 |          621.954 | 900000 |     0.08 |                    1 |                    0 |                500 |
+------------------------------------------------------+----------+-------------------+--------+------------------+--------+----------+----------------------+----------------------+--------------------+


== Status ==
Current time: 2026-05-22 22:52:51 (running for 00:10:46.92)
Memory usage on this node: 70.5/251.6 GiB
Using FIFO scheduling algorithm.
Resources requested: 7.0/8 CPUs, 1.0/1 GPUs, 0.0/17.54 GiB heap, 0.0/8.77 GiB objects (0.0/1.0 accelerator_type:G)
Result logdir: /workspace/MARLlib/runs/rware_mappo_gru_small_20m_tensorboard/qmix_gru_rware-small-4ag-v2
Number of trials: 1/1 (1 RUNNING)
+------------------------------------------------------+----------+-------------------+--------+------------------+--------+----------+----------------------+----------------------+--------------------+
| Trial name                                           | status   | loc               |   iter |   total time (s) |     ts |   reward |   episode_reward_max |   episode_reward_min |   episode_len_mean |
|------------------------------------------------------+----------+-------------------+--------+------------------+--------+----------+----------------------+----------------------+--------------------|
| QMIX_grouped_rware_v2_rware-small-4ag-v2_74c9b_00000 | RUNNING  | 172.24.0.2:994514 |    299 |          621.954 | 900000 |     0.08 |                    1 |                    0 |                500 |
+------------------------------------------------------+----------+-------------------+--------+------------------+--------+----------+----------------------+----------------------+--------------------+


== Status ==
Current time: 2026-05-22 22:52:56 (running for 00:10:51.92)
Memory usage on this node: 70.5/251.6 GiB
Using FIFO scheduling algorithm.
Resources requested: 7.0/8 CPUs, 1.0/1 GPUs, 0.0/17.54 GiB heap, 0.0/8.77 GiB objects (0.0/1.0 accelerator_type:G)
Result logdir: /workspace/MARLlib/runs/rware_mappo_gru_small_20m_tensorboard/qmix_gru_rware-small-4ag-v2
Number of trials: 1/1 (1 RUNNING)
+------------------------------------------------------+----------+-------------------+--------+------------------+--------+----------+----------------------+----------------------+--------------------+
| Trial name                                           | status   | loc               |   iter |   total time (s) |     ts |   reward |   episode_reward_max |   episode_reward_min |   episode_len_mean |
|------------------------------------------------------+----------+-------------------+--------+------------------+--------+----------+----------------------+----------------------+--------------------|
| QMIX_grouped_rware_v2_rware-small-4ag-v2_74c9b_00000 | RUNNING  | 172.24.0.2:994514 |    299 |          621.954 | 900000 |     0.08 |                    1 |                    0 |                500 |
+------------------------------------------------------+----------+-------------------+--------+------------------+--------+----------+----------------------+----------------------+--------------------+


== Status ==
Current time: 2026-05-22 22:53:02 (running for 00:10:57.22)
Memory usage on this node: 70.6/251.6 GiB
Using FIFO scheduling algorithm.
Resources requested: 7.0/8 CPUs, 1.0/1 GPUs, 0.0/17.54 GiB heap, 0.0/8.77 GiB objects (0.0/1.0 accelerator_type:G)
Result logdir: /workspace/MARLlib/runs/rware_mappo_gru_small_20m_tensorboard/qmix_gru_rware-small-4ag-v2
Number of trials: 1/1 (1 RUNNING)
+------------------------------------------------------+----------+-------------------+--------+------------------+--------+----------+----------------------+----------------------+--------------------+
| Trial name                                           | status   | loc               |   iter |   total time (s) |     ts |   reward |   episode_reward_max |   episode_reward_min |   episode_len_mean |
|------------------------------------------------------+----------+-------------------+--------+------------------+--------+----------+----------------------+----------------------+--------------------|
| QMIX_grouped_rware_v2_rware-small-4ag-v2_74c9b_00000 | RUNNING  | 172.24.0.2:994514 |    302 |          637.177 | 909000 |     0.07 |                    1 |                    0 |                500 |
+------------------------------------------------------+----------+-------------------+--------+------------------+--------+----------+----------------------+----------------------+--------------------+


== Status ==
Current time: 2026-05-22 22:53:07 (running for 00:11:02.95)
Memory usage on this node: 70.6/251.6 GiB
Using FIFO scheduling algorithm.
Resources requested: 7.0/8 CPUs, 1.0/1 GPUs, 0.0/17.54 GiB heap, 0.0/8.77 GiB objects (0.0/1.0 accelerator_type:G)
Result logdir: /workspace/MARLlib/runs/rware_mappo_gru_small_20m_tensorboard/qmix_gru_rware-small-4ag-v2
Number of trials: 1/1 (1 RUNNING)
+------------------------------------------------------+----------+-------------------+--------+------------------+--------+----------+----------------------+----------------------+--------------------+
| Trial name                                           | status   | loc               |   iter |   total time (s) |     ts |   reward |   episode_reward_max |   episode_reward_min |   episode_len_mean |
|------------------------------------------------------+----------+-------------------+--------+------------------+--------+----------+----------------------+----------------------+--------------------|
| QMIX_grouped_rware_v2_rware-small-4ag-v2_74c9b_00000 | RUNNING  | 172.24.0.2:994514 |    305 |          642.828 | 918000 |     0.08 |                    1 |                    0 |                500 |
+------------------------------------------------------+----------+-------------------+--------+------------------+--------+----------+----------------------+----------------------+--------------------+


== Status ==
Current time: 2026-05-22 22:53:13 (running for 00:11:08.66)
Memory usage on this node: 70.7/251.6 GiB
Using FIFO scheduling algorithm.
Resources requested: 7.0/8 CPUs, 1.0/1 GPUs, 0.0/17.54 GiB heap, 0.0/8.77 GiB objects (0.0/1.0 accelerator_type:G)
Result logdir: /workspace/MARLlib/runs/rware_mappo_gru_small_20m_tensorboard/qmix_gru_rware-small-4ag-v2
Number of trials: 1/1 (1 RUNNING)
+------------------------------------------------------+----------+-------------------+--------+------------------+--------+----------+----------------------+----------------------+--------------------+
| Trial name                                           | status   | loc               |   iter |   total time (s) |     ts |   reward |   episode_reward_max |   episode_reward_min |   episode_len_mean |
|------------------------------------------------------+----------+-------------------+--------+------------------+--------+----------+----------------------+----------------------+--------------------|
| QMIX_grouped_rware_v2_rware-small-4ag-v2_74c9b_00000 | RUNNING  | 172.24.0.2:994514 |    308 |          648.462 | 927000 |     0.07 |                    1 |                    0 |                500 |
+------------------------------------------------------+----------+-------------------+--------+------------------+--------+----------+----------------------+----------------------+--------------------+


== Status ==
Current time: 2026-05-22 22:53:19 (running for 00:11:14.43)
Memory usage on this node: 70.8/251.6 GiB
Using FIFO scheduling algorithm.
Resources requested: 7.0/8 CPUs, 1.0/1 GPUs, 0.0/17.54 GiB heap, 0.0/8.77 GiB objects (0.0/1.0 accelerator_type:G)
Result logdir: /workspace/MARLlib/runs/rware_mappo_gru_small_20m_tensorboard/qmix_gru_rware-small-4ag-v2
Number of trials: 1/1 (1 RUNNING)
+------------------------------------------------------+----------+-------------------+--------+------------------+--------+----------+----------------------+----------------------+--------------------+
| Trial name                                           | status   | loc               |   iter |   total time (s) |     ts |   reward |   episode_reward_max |   episode_reward_min |   episode_len_mean |
|------------------------------------------------------+----------+-------------------+--------+------------------+--------+----------+----------------------+----------------------+--------------------|
| QMIX_grouped_rware_v2_rware-small-4ag-v2_74c9b_00000 | RUNNING  | 172.24.0.2:994514 |    311 |          654.164 | 936000 |     0.09 |                    1 |                    0 |                500 |
+------------------------------------------------------+----------+-------------------+--------+------------------+--------+----------+----------------------+----------------------+--------------------+


== Status ==
Current time: 2026-05-22 22:53:24 (running for 00:11:20.12)
Memory usage on this node: 70.9/251.6 GiB
Using FIFO scheduling algorithm.
Resources requested: 7.0/8 CPUs, 1.0/1 GPUs, 0.0/17.54 GiB heap, 0.0/8.77 GiB objects (0.0/1.0 accelerator_type:G)
Result logdir: /workspace/MARLlib/runs/rware_mappo_gru_small_20m_tensorboard/qmix_gru_rware-small-4ag-v2
Number of trials: 1/1 (1 RUNNING)
+------------------------------------------------------+----------+-------------------+--------+------------------+--------+----------+----------------------+----------------------+--------------------+
| Trial name                                           | status   | loc               |   iter |   total time (s) |     ts |   reward |   episode_reward_max |   episode_reward_min |   episode_len_mean |
|------------------------------------------------------+----------+-------------------+--------+------------------+--------+----------+----------------------+----------------------+--------------------|
| QMIX_grouped_rware_v2_rware-small-4ag-v2_74c9b_00000 | RUNNING  | 172.24.0.2:994514 |    314 |          659.779 | 945000 |      0.1 |                    2 |                    0 |                500 |
+------------------------------------------------------+----------+-------------------+--------+------------------+--------+----------+----------------------+----------------------+--------------------+


== Status ==
Current time: 2026-05-22 22:53:30 (running for 00:11:25.93)
Memory usage on this node: 70.9/251.6 GiB
Using FIFO scheduling algorithm.
Resources requested: 7.0/8 CPUs, 1.0/1 GPUs, 0.0/17.54 GiB heap, 0.0/8.77 GiB objects (0.0/1.0 accelerator_type:G)
Result logdir: /workspace/MARLlib/runs/rware_mappo_gru_small_20m_tensorboard/qmix_gru_rware-small-4ag-v2
Number of trials: 1/1 (1 RUNNING)
+------------------------------------------------------+----------+-------------------+--------+------------------+--------+----------+----------------------+----------------------+--------------------+
| Trial name                                           | status   | loc               |   iter |   total time (s) |     ts |   reward |   episode_reward_max |   episode_reward_min |   episode_len_mean |
|------------------------------------------------------+----------+-------------------+--------+------------------+--------+----------+----------------------+----------------------+--------------------|
| QMIX_grouped_rware_v2_rware-small-4ag-v2_74c9b_00000 | RUNNING  | 172.24.0.2:994514 |    317 |          665.509 | 954000 |     0.12 |                    2 |                    0 |                500 |
+------------------------------------------------------+----------+-------------------+--------+------------------+--------+----------+----------------------+----------------------+--------------------+


== Status ==
Current time: 2026-05-22 22:53:36 (running for 00:11:31.67)
Memory usage on this node: 71.0/251.6 GiB
Using FIFO scheduling algorithm.
Resources requested: 7.0/8 CPUs, 1.0/1 GPUs, 0.0/17.54 GiB heap, 0.0/8.77 GiB objects (0.0/1.0 accelerator_type:G)
Result logdir: /workspace/MARLlib/runs/rware_mappo_gru_small_20m_tensorboard/qmix_gru_rware-small-4ag-v2
Number of trials: 1/1 (1 RUNNING)
+------------------------------------------------------+----------+-------------------+--------+------------------+--------+----------+----------------------+----------------------+--------------------+
| Trial name                                           | status   | loc               |   iter |   total time (s) |     ts |   reward |   episode_reward_max |   episode_reward_min |   episode_len_mean |
|------------------------------------------------------+----------+-------------------+--------+------------------+--------+----------+----------------------+----------------------+--------------------|
| QMIX_grouped_rware_v2_rware-small-4ag-v2_74c9b_00000 | RUNNING  | 172.24.0.2:994514 |    320 |          671.165 | 963000 |     0.14 |                    2 |                    0 |                500 |
+------------------------------------------------------+----------+-------------------+--------+------------------+--------+----------+----------------------+----------------------+--------------------+


== Status ==
Current time: 2026-05-22 22:53:42 (running for 00:11:37.43)
Memory usage on this node: 71.1/251.6 GiB
Using FIFO scheduling algorithm.
Resources requested: 7.0/8 CPUs, 1.0/1 GPUs, 0.0/17.54 GiB heap, 0.0/8.77 GiB objects (0.0/1.0 accelerator_type:G)
Result logdir: /workspace/MARLlib/runs/rware_mappo_gru_small_20m_tensorboard/qmix_gru_rware-small-4ag-v2
Number of trials: 1/1 (1 RUNNING)
+------------------------------------------------------+----------+-------------------+--------+------------------+--------+----------+----------------------+----------------------+--------------------+
| Trial name                                           | status   | loc               |   iter |   total time (s) |     ts |   reward |   episode_reward_max |   episode_reward_min |   episode_len_mean |
|------------------------------------------------------+----------+-------------------+--------+------------------+--------+----------+----------------------+----------------------+--------------------|
| QMIX_grouped_rware_v2_rware-small-4ag-v2_74c9b_00000 | RUNNING  | 172.24.0.2:994514 |    323 |          676.854 | 972000 |     0.13 |                    2 |                    0 |                500 |
+------------------------------------------------------+----------+-------------------+--------+------------------+--------+----------+----------------------+----------------------+--------------------+


== Status ==
Current time: 2026-05-22 22:53:47 (running for 00:11:42.50)
Memory usage on this node: 71.1/251.6 GiB
Using FIFO scheduling algorithm.
Resources requested: 7.0/8 CPUs, 1.0/1 GPUs, 0.0/17.54 GiB heap, 0.0/8.77 GiB objects (0.0/1.0 accelerator_type:G)
Result logdir: /workspace/MARLlib/runs/rware_mappo_gru_small_20m_tensorboard/qmix_gru_rware-small-4ag-v2
Number of trials: 1/1 (1 RUNNING)
+------------------------------------------------------+----------+-------------------+--------+------------------+--------+----------+----------------------+----------------------+--------------------+
| Trial name                                           | status   | loc               |   iter |   total time (s) |     ts |   reward |   episode_reward_max |   episode_reward_min |   episode_len_mean |
|------------------------------------------------------+----------+-------------------+--------+------------------+--------+----------+----------------------+----------------------+--------------------|
| QMIX_grouped_rware_v2_rware-small-4ag-v2_74c9b_00000 | RUNNING  | 172.24.0.2:994514 |    325 |          681.866 | 978000 |     0.12 |                    2 |                    0 |                500 |
+------------------------------------------------------+----------+-------------------+--------+------------------+--------+----------+----------------------+----------------------+--------------------+


== Status ==
Current time: 2026-05-22 22:53:53 (running for 00:11:48.35)
Memory usage on this node: 71.2/251.6 GiB
Using FIFO scheduling algorithm.
Resources requested: 7.0/8 CPUs, 1.0/1 GPUs, 0.0/17.54 GiB heap, 0.0/8.77 GiB objects (0.0/1.0 accelerator_type:G)
Result logdir: /workspace/MARLlib/runs/rware_mappo_gru_small_20m_tensorboard/qmix_gru_rware-small-4ag-v2
Number of trials: 1/1 (1 RUNNING)
+------------------------------------------------------+----------+-------------------+--------+------------------+--------+----------+----------------------+----------------------+--------------------+
| Trial name                                           | status   | loc               |   iter |   total time (s) |     ts |   reward |   episode_reward_max |   episode_reward_min |   episode_len_mean |
|------------------------------------------------------+----------+-------------------+--------+------------------+--------+----------+----------------------+----------------------+--------------------|
| QMIX_grouped_rware_v2_rware-small-4ag-v2_74c9b_00000 | RUNNING  | 172.24.0.2:994514 |    328 |          687.642 | 987000 |     0.12 |                    2 |                    0 |                500 |
+------------------------------------------------------+----------+-------------------+--------+------------------+--------+----------+----------------------+----------------------+--------------------+


== Status ==
Current time: 2026-05-22 22:53:58 (running for 00:11:54.07)
Memory usage on this node: 71.3/251.6 GiB
Using FIFO scheduling algorithm.
Resources requested: 7.0/8 CPUs, 1.0/1 GPUs, 0.0/17.54 GiB heap, 0.0/8.77 GiB objects (0.0/1.0 accelerator_type:G)
Result logdir: /workspace/MARLlib/runs/rware_mappo_gru_small_20m_tensorboard/qmix_gru_rware-small-4ag-v2
Number of trials: 1/1 (1 RUNNING)
+------------------------------------------------------+----------+-------------------+--------+------------------+--------+----------+----------------------+----------------------+--------------------+
| Trial name                                           | status   | loc               |   iter |   total time (s) |     ts |   reward |   episode_reward_max |   episode_reward_min |   episode_len_mean |
|------------------------------------------------------+----------+-------------------+--------+------------------+--------+----------+----------------------+----------------------+--------------------|
| QMIX_grouped_rware_v2_rware-small-4ag-v2_74c9b_00000 | RUNNING  | 172.24.0.2:994514 |    331 |           693.29 | 996000 |     0.12 |                    2 |                    0 |                500 |
+------------------------------------------------------+----------+-------------------+--------+------------------+--------+----------+----------------------+----------------------+--------------------+


== Status ==
Current time: 2026-05-22 22:54:04 (running for 00:11:59.76)
Memory usage on this node: 71.4/251.6 GiB
Using FIFO scheduling algorithm.
Resources requested: 7.0/8 CPUs, 1.0/1 GPUs, 0.0/17.54 GiB heap, 0.0/8.77 GiB objects (0.0/1.0 accelerator_type:G)
Result logdir: /workspace/MARLlib/runs/rware_mappo_gru_small_20m_tensorboard/qmix_gru_rware-small-4ag-v2
Number of trials: 1/1 (1 RUNNING)
+------------------------------------------------------+----------+-------------------+--------+------------------+---------+----------+----------------------+----------------------+--------------------+
| Trial name                                           | status   | loc               |   iter |   total time (s) |      ts |   reward |   episode_reward_max |   episode_reward_min |   episode_len_mean |
|------------------------------------------------------+----------+-------------------+--------+------------------+---------+----------+----------------------+----------------------+--------------------|
| QMIX_grouped_rware_v2_rware-small-4ag-v2_74c9b_00000 | RUNNING  | 172.24.0.2:994514 |    334 |          698.902 | 1005000 |     0.12 |                    2 |                    0 |                500 |
+------------------------------------------------------+----------+-------------------+--------+------------------+---------+----------+----------------------+----------------------+--------------------+


== Status ==
Current time: 2026-05-22 22:54:10 (running for 00:12:05.56)
Memory usage on this node: 71.4/251.6 GiB
Using FIFO scheduling algorithm.
Resources requested: 7.0/8 CPUs, 1.0/1 GPUs, 0.0/17.54 GiB heap, 0.0/8.77 GiB objects (0.0/1.0 accelerator_type:G)
Result logdir: /workspace/MARLlib/runs/rware_mappo_gru_small_20m_tensorboard/qmix_gru_rware-small-4ag-v2
Number of trials: 1/1 (1 RUNNING)
+------------------------------------------------------+----------+-------------------+--------+------------------+---------+----------+----------------------+----------------------+--------------------+
| Trial name                                           | status   | loc               |   iter |   total time (s) |      ts |   reward |   episode_reward_max |   episode_reward_min |   episode_len_mean |
|------------------------------------------------------+----------+-------------------+--------+------------------+---------+----------+----------------------+----------------------+--------------------|
| QMIX_grouped_rware_v2_rware-small-4ag-v2_74c9b_00000 | RUNNING  | 172.24.0.2:994514 |    337 |          704.631 | 1014000 |     0.11 |                    2 |                    0 |                500 |
+------------------------------------------------------+----------+-------------------+--------+------------------+---------+----------+----------------------+----------------------+--------------------+


== Status ==
Current time: 2026-05-22 22:54:16 (running for 00:12:11.29)
Memory usage on this node: 71.5/251.6 GiB
Using FIFO scheduling algorithm.
Resources requested: 7.0/8 CPUs, 1.0/1 GPUs, 0.0/17.54 GiB heap, 0.0/8.77 GiB objects (0.0/1.0 accelerator_type:G)
Result logdir: /workspace/MARLlib/runs/rware_mappo_gru_small_20m_tensorboard/qmix_gru_rware-small-4ag-v2
Number of trials: 1/1 (1 RUNNING)
+------------------------------------------------------+----------+-------------------+--------+------------------+---------+----------+----------------------+----------------------+--------------------+
| Trial name                                           | status   | loc               |   iter |   total time (s) |      ts |   reward |   episode_reward_max |   episode_reward_min |   episode_len_mean |
|------------------------------------------------------+----------+-------------------+--------+------------------+---------+----------+----------------------+----------------------+--------------------|
| QMIX_grouped_rware_v2_rware-small-4ag-v2_74c9b_00000 | RUNNING  | 172.24.0.2:994514 |    340 |          710.293 | 1023000 |     0.11 |                    2 |                    0 |                500 |
+------------------------------------------------------+----------+-------------------+--------+------------------+---------+----------+----------------------+----------------------+--------------------+


== Status ==
Current time: 2026-05-22 22:54:21 (running for 00:12:17.07)
Memory usage on this node: 71.6/251.6 GiB
Using FIFO scheduling algorithm.
Resources requested: 7.0/8 CPUs, 1.0/1 GPUs, 0.0/17.54 GiB heap, 0.0/8.77 GiB objects (0.0/1.0 accelerator_type:G)
Result logdir: /workspace/MARLlib/runs/rware_mappo_gru_small_20m_tensorboard/qmix_gru_rware-small-4ag-v2
Number of trials: 1/1 (1 RUNNING)
+------------------------------------------------------+----------+-------------------+--------+------------------+---------+----------+----------------------+----------------------+--------------------+
| Trial name                                           | status   | loc               |   iter |   total time (s) |      ts |   reward |   episode_reward_max |   episode_reward_min |   episode_len_mean |
|------------------------------------------------------+----------+-------------------+--------+------------------+---------+----------+----------------------+----------------------+--------------------|
| QMIX_grouped_rware_v2_rware-small-4ag-v2_74c9b_00000 | RUNNING  | 172.24.0.2:994514 |    343 |          715.995 | 1032000 |     0.09 |                    2 |                    0 |                500 |
+------------------------------------------------------+----------+-------------------+--------+------------------+---------+----------+----------------------+----------------------+--------------------+


== Status ==
Current time: 2026-05-22 22:54:27 (running for 00:12:22.81)
Memory usage on this node: 71.6/251.6 GiB
Using FIFO scheduling algorithm.
Resources requested: 7.0/8 CPUs, 1.0/1 GPUs, 0.0/17.54 GiB heap, 0.0/8.77 GiB objects (0.0/1.0 accelerator_type:G)
Result logdir: /workspace/MARLlib/runs/rware_mappo_gru_small_20m_tensorboard/qmix_gru_rware-small-4ag-v2
Number of trials: 1/1 (1 RUNNING)
+------------------------------------------------------+----------+-------------------+--------+------------------+---------+----------+----------------------+----------------------+--------------------+
| Trial name                                           | status   | loc               |   iter |   total time (s) |      ts |   reward |   episode_reward_max |   episode_reward_min |   episode_len_mean |
|------------------------------------------------------+----------+-------------------+--------+------------------+---------+----------+----------------------+----------------------+--------------------|
| QMIX_grouped_rware_v2_rware-small-4ag-v2_74c9b_00000 | RUNNING  | 172.24.0.2:994514 |    346 |           721.66 | 1041000 |     0.11 |                    2 |                    0 |                500 |
+------------------------------------------------------+----------+-------------------+--------+------------------+---------+----------+----------------------+----------------------+--------------------+


== Status ==
Current time: 2026-05-22 22:54:33 (running for 00:12:28.47)
Memory usage on this node: 71.7/251.6 GiB
Using FIFO scheduling algorithm.
Resources requested: 7.0/8 CPUs, 1.0/1 GPUs, 0.0/17.54 GiB heap, 0.0/8.77 GiB objects (0.0/1.0 accelerator_type:G)
Result logdir: /workspace/MARLlib/runs/rware_mappo_gru_small_20m_tensorboard/qmix_gru_rware-small-4ag-v2
Number of trials: 1/1 (1 RUNNING)
+------------------------------------------------------+----------+-------------------+--------+------------------+---------+----------+----------------------+----------------------+--------------------+
| Trial name                                           | status   | loc               |   iter |   total time (s) |      ts |   reward |   episode_reward_max |   episode_reward_min |   episode_len_mean |
|------------------------------------------------------+----------+-------------------+--------+------------------+---------+----------+----------------------+----------------------+--------------------|
| QMIX_grouped_rware_v2_rware-small-4ag-v2_74c9b_00000 | RUNNING  | 172.24.0.2:994514 |    349 |           727.27 | 1050000 |     0.09 |                    2 |                    0 |                500 |
+------------------------------------------------------+----------+-------------------+--------+------------------+---------+----------+----------------------+----------------------+--------------------+


== Status ==
Current time: 2026-05-22 22:54:38 (running for 00:12:33.48)
Memory usage on this node: 71.7/251.6 GiB
Using FIFO scheduling algorithm.
Resources requested: 7.0/8 CPUs, 1.0/1 GPUs, 0.0/17.54 GiB heap, 0.0/8.77 GiB objects (0.0/1.0 accelerator_type:G)
Result logdir: /workspace/MARLlib/runs/rware_mappo_gru_small_20m_tensorboard/qmix_gru_rware-small-4ag-v2
Number of trials: 1/1 (1 RUNNING)
+------------------------------------------------------+----------+-------------------+--------+------------------+---------+----------+----------------------+----------------------+--------------------+
| Trial name                                           | status   | loc               |   iter |   total time (s) |      ts |   reward |   episode_reward_max |   episode_reward_min |   episode_len_mean |
|------------------------------------------------------+----------+-------------------+--------+------------------+---------+----------+----------------------+----------------------+--------------------|
| QMIX_grouped_rware_v2_rware-small-4ag-v2_74c9b_00000 | RUNNING  | 172.24.0.2:994514 |    349 |           727.27 | 1050000 |     0.09 |                    2 |                    0 |                500 |
+------------------------------------------------------+----------+-------------------+--------+------------------+---------+----------+----------------------+----------------------+--------------------+


== Status ==
Current time: 2026-05-22 22:54:43 (running for 00:12:38.49)
Memory usage on this node: 71.8/251.6 GiB
Using FIFO scheduling algorithm.
Resources requested: 7.0/8 CPUs, 1.0/1 GPUs, 0.0/17.54 GiB heap, 0.0/8.77 GiB objects (0.0/1.0 accelerator_type:G)
Result logdir: /workspace/MARLlib/runs/rware_mappo_gru_small_20m_tensorboard/qmix_gru_rware-small-4ag-v2
Number of trials: 1/1 (1 RUNNING)
+------------------------------------------------------+----------+-------------------+--------+------------------+---------+----------+----------------------+----------------------+--------------------+
| Trial name                                           | status   | loc               |   iter |   total time (s) |      ts |   reward |   episode_reward_max |   episode_reward_min |   episode_len_mean |
|------------------------------------------------------+----------+-------------------+--------+------------------+---------+----------+----------------------+----------------------+--------------------|
| QMIX_grouped_rware_v2_rware-small-4ag-v2_74c9b_00000 | RUNNING  | 172.24.0.2:994514 |    349 |           727.27 | 1050000 |     0.09 |                    2 |                    0 |                500 |
+------------------------------------------------------+----------+-------------------+--------+------------------+---------+----------+----------------------+----------------------+--------------------+


== Status ==
Current time: 2026-05-22 22:54:48 (running for 00:12:44.00)
Memory usage on this node: 71.8/251.6 GiB
Using FIFO scheduling algorithm.
Resources requested: 7.0/8 CPUs, 1.0/1 GPUs, 0.0/17.54 GiB heap, 0.0/8.77 GiB objects (0.0/1.0 accelerator_type:G)
Result logdir: /workspace/MARLlib/runs/rware_mappo_gru_small_20m_tensorboard/qmix_gru_rware-small-4ag-v2
Number of trials: 1/1 (1 RUNNING)
+------------------------------------------------------+----------+-------------------+--------+------------------+---------+----------+----------------------+----------------------+--------------------+
| Trial name                                           | status   | loc               |   iter |   total time (s) |      ts |   reward |   episode_reward_max |   episode_reward_min |   episode_len_mean |
|------------------------------------------------------+----------+-------------------+--------+------------------+---------+----------+----------------------+----------------------+--------------------|
| QMIX_grouped_rware_v2_rware-small-4ag-v2_74c9b_00000 | RUNNING  | 172.24.0.2:994514 |    352 |          742.709 | 1059000 |     0.11 |                    1 |                    0 |                500 |
+------------------------------------------------------+----------+-------------------+--------+------------------+---------+----------+----------------------+----------------------+--------------------+


== Status ==
Current time: 2026-05-22 22:54:54 (running for 00:12:49.83)
Memory usage on this node: 71.9/251.6 GiB
Using FIFO scheduling algorithm.
Resources requested: 7.0/8 CPUs, 1.0/1 GPUs, 0.0/17.54 GiB heap, 0.0/8.77 GiB objects (0.0/1.0 accelerator_type:G)
Result logdir: /workspace/MARLlib/runs/rware_mappo_gru_small_20m_tensorboard/qmix_gru_rware-small-4ag-v2
Number of trials: 1/1 (1 RUNNING)
+------------------------------------------------------+----------+-------------------+--------+------------------+---------+----------+----------------------+----------------------+--------------------+
| Trial name                                           | status   | loc               |   iter |   total time (s) |      ts |   reward |   episode_reward_max |   episode_reward_min |   episode_len_mean |
|------------------------------------------------------+----------+-------------------+--------+------------------+---------+----------+----------------------+----------------------+--------------------|
| QMIX_grouped_rware_v2_rware-small-4ag-v2_74c9b_00000 | RUNNING  | 172.24.0.2:994514 |    355 |          748.466 | 1068000 |     0.09 |                    1 |                    0 |                500 |
+------------------------------------------------------+----------+-------------------+--------+------------------+---------+----------+----------------------+----------------------+--------------------+


== Status ==
Current time: 2026-05-22 22:55:00 (running for 00:12:55.57)
Memory usage on this node: 71.9/251.6 GiB
Using FIFO scheduling algorithm.
Resources requested: 7.0/8 CPUs, 1.0/1 GPUs, 0.0/17.54 GiB heap, 0.0/8.77 GiB objects (0.0/1.0 accelerator_type:G)
Result logdir: /workspace/MARLlib/runs/rware_mappo_gru_small_20m_tensorboard/qmix_gru_rware-small-4ag-v2
Number of trials: 1/1 (1 RUNNING)
+------------------------------------------------------+----------+-------------------+--------+------------------+---------+----------+----------------------+----------------------+--------------------+
| Trial name                                           | status   | loc               |   iter |   total time (s) |      ts |   reward |   episode_reward_max |   episode_reward_min |   episode_len_mean |
|------------------------------------------------------+----------+-------------------+--------+------------------+---------+----------+----------------------+----------------------+--------------------|
| QMIX_grouped_rware_v2_rware-small-4ag-v2_74c9b_00000 | RUNNING  | 172.24.0.2:994514 |    358 |          754.131 | 1077000 |     0.12 |                    2 |                    0 |                500 |
+------------------------------------------------------+----------+-------------------+--------+------------------+---------+----------+----------------------+----------------------+--------------------+


== Status ==
Current time: 2026-05-22 22:55:06 (running for 00:13:01.27)
Memory usage on this node: 72.0/251.6 GiB
Using FIFO scheduling algorithm.
Resources requested: 7.0/8 CPUs, 1.0/1 GPUs, 0.0/17.54 GiB heap, 0.0/8.77 GiB objects (0.0/1.0 accelerator_type:G)
Result logdir: /workspace/MARLlib/runs/rware_mappo_gru_small_20m_tensorboard/qmix_gru_rware-small-4ag-v2
Number of trials: 1/1 (1 RUNNING)
+------------------------------------------------------+----------+-------------------+--------+------------------+---------+----------+----------------------+----------------------+--------------------+
| Trial name                                           | status   | loc               |   iter |   total time (s) |      ts |   reward |   episode_reward_max |   episode_reward_min |   episode_len_mean |
|------------------------------------------------------+----------+-------------------+--------+------------------+---------+----------+----------------------+----------------------+--------------------|
| QMIX_grouped_rware_v2_rware-small-4ag-v2_74c9b_00000 | RUNNING  | 172.24.0.2:994514 |    361 |          759.757 | 1086000 |     0.11 |                    2 |                    0 |                500 |
+------------------------------------------------------+----------+-------------------+--------+------------------+---------+----------+----------------------+----------------------+--------------------+


== Status ==
Current time: 2026-05-22 22:55:11 (running for 00:13:07.02)
Memory usage on this node: 72.1/251.6 GiB
Using FIFO scheduling algorithm.
Resources requested: 7.0/8 CPUs, 1.0/1 GPUs, 0.0/17.54 GiB heap, 0.0/8.77 GiB objects (0.0/1.0 accelerator_type:G)
Result logdir: /workspace/MARLlib/runs/rware_mappo_gru_small_20m_tensorboard/qmix_gru_rware-small-4ag-v2
Number of trials: 1/1 (1 RUNNING)
+------------------------------------------------------+----------+-------------------+--------+------------------+---------+----------+----------------------+----------------------+--------------------+
| Trial name                                           | status   | loc               |   iter |   total time (s) |      ts |   reward |   episode_reward_max |   episode_reward_min |   episode_len_mean |
|------------------------------------------------------+----------+-------------------+--------+------------------+---------+----------+----------------------+----------------------+--------------------|
| QMIX_grouped_rware_v2_rware-small-4ag-v2_74c9b_00000 | RUNNING  | 172.24.0.2:994514 |    364 |          765.436 | 1095000 |     0.12 |                    2 |                    0 |                500 |
+------------------------------------------------------+----------+-------------------+--------+------------------+---------+----------+----------------------+----------------------+--------------------+


== Status ==
Current time: 2026-05-22 22:55:17 (running for 00:13:12.67)
Memory usage on this node: 72.2/251.6 GiB
Using FIFO scheduling algorithm.
Resources requested: 7.0/8 CPUs, 1.0/1 GPUs, 0.0/17.54 GiB heap, 0.0/8.77 GiB objects (0.0/1.0 accelerator_type:G)
Result logdir: /workspace/MARLlib/runs/rware_mappo_gru_small_20m_tensorboard/qmix_gru_rware-small-4ag-v2
Number of trials: 1/1 (1 RUNNING)
+------------------------------------------------------+----------+-------------------+--------+------------------+---------+----------+----------------------+----------------------+--------------------+
| Trial name                                           | status   | loc               |   iter |   total time (s) |      ts |   reward |   episode_reward_max |   episode_reward_min |   episode_len_mean |
|------------------------------------------------------+----------+-------------------+--------+------------------+---------+----------+----------------------+----------------------+--------------------|
| QMIX_grouped_rware_v2_rware-small-4ag-v2_74c9b_00000 | RUNNING  | 172.24.0.2:994514 |    367 |          771.028 | 1104000 |     0.14 |                    2 |                    0 |                500 |
+------------------------------------------------------+----------+-------------------+--------+------------------+---------+----------+----------------------+----------------------+--------------------+


== Status ==
Current time: 2026-05-22 22:55:23 (running for 00:13:18.54)
Memory usage on this node: 72.2/251.6 GiB
Using FIFO scheduling algorithm.
Resources requested: 7.0/8 CPUs, 1.0/1 GPUs, 0.0/17.54 GiB heap, 0.0/8.77 GiB objects (0.0/1.0 accelerator_type:G)
Result logdir: /workspace/MARLlib/runs/rware_mappo_gru_small_20m_tensorboard/qmix_gru_rware-small-4ag-v2
Number of trials: 1/1 (1 RUNNING)
+------------------------------------------------------+----------+-------------------+--------+------------------+---------+----------+----------------------+----------------------+--------------------+
| Trial name                                           | status   | loc               |   iter |   total time (s) |      ts |   reward |   episode_reward_max |   episode_reward_min |   episode_len_mean |
|------------------------------------------------------+----------+-------------------+--------+------------------+---------+----------+----------------------+----------------------+--------------------|
| QMIX_grouped_rware_v2_rware-small-4ag-v2_74c9b_00000 | RUNNING  | 172.24.0.2:994514 |    370 |          776.846 | 1113000 |     0.13 |                    2 |                    0 |                500 |
+------------------------------------------------------+----------+-------------------+--------+------------------+---------+----------+----------------------+----------------------+--------------------+


== Status ==
Current time: 2026-05-22 22:55:29 (running for 00:13:24.26)
Memory usage on this node: 72.3/251.6 GiB
Using FIFO scheduling algorithm.
Resources requested: 7.0/8 CPUs, 1.0/1 GPUs, 0.0/17.54 GiB heap, 0.0/8.77 GiB objects (0.0/1.0 accelerator_type:G)
Result logdir: /workspace/MARLlib/runs/rware_mappo_gru_small_20m_tensorboard/qmix_gru_rware-small-4ag-v2
Number of trials: 1/1 (1 RUNNING)
+------------------------------------------------------+----------+-------------------+--------+------------------+---------+----------+----------------------+----------------------+--------------------+
| Trial name                                           | status   | loc               |   iter |   total time (s) |      ts |   reward |   episode_reward_max |   episode_reward_min |   episode_len_mean |
|------------------------------------------------------+----------+-------------------+--------+------------------+---------+----------+----------------------+----------------------+--------------------|
| QMIX_grouped_rware_v2_rware-small-4ag-v2_74c9b_00000 | RUNNING  | 172.24.0.2:994514 |    373 |          782.482 | 1122000 |     0.11 |                    2 |                    0 |                500 |
+------------------------------------------------------+----------+-------------------+--------+------------------+---------+----------+----------------------+----------------------+--------------------+


== Status ==
Current time: 2026-05-22 22:55:35 (running for 00:13:30.19)
Memory usage on this node: 72.3/251.6 GiB
Using FIFO scheduling algorithm.
Resources requested: 7.0/8 CPUs, 1.0/1 GPUs, 0.0/17.54 GiB heap, 0.0/8.77 GiB objects (0.0/1.0 accelerator_type:G)
Result logdir: /workspace/MARLlib/runs/rware_mappo_gru_small_20m_tensorboard/qmix_gru_rware-small-4ag-v2
Number of trials: 1/1 (1 RUNNING)
+------------------------------------------------------+----------+-------------------+--------+------------------+---------+----------+----------------------+----------------------+--------------------+
| Trial name                                           | status   | loc               |   iter |   total time (s) |      ts |   reward |   episode_reward_max |   episode_reward_min |   episode_len_mean |
|------------------------------------------------------+----------+-------------------+--------+------------------+---------+----------+----------------------+----------------------+--------------------|
| QMIX_grouped_rware_v2_rware-small-4ag-v2_74c9b_00000 | RUNNING  | 172.24.0.2:994514 |    376 |          788.332 | 1131000 |     0.11 |                    2 |                    0 |                500 |
+------------------------------------------------------+----------+-------------------+--------+------------------+---------+----------+----------------------+----------------------+--------------------+


== Status ==
Current time: 2026-05-22 22:55:40 (running for 00:13:36.08)
Memory usage on this node: 72.6/251.6 GiB
Using FIFO scheduling algorithm.
Resources requested: 7.0/8 CPUs, 1.0/1 GPUs, 0.0/17.54 GiB heap, 0.0/8.77 GiB objects (0.0/1.0 accelerator_type:G)
Result logdir: /workspace/MARLlib/runs/rware_mappo_gru_small_20m_tensorboard/qmix_gru_rware-small-4ag-v2
Number of trials: 1/1 (1 RUNNING)
+------------------------------------------------------+----------+-------------------+--------+------------------+---------+----------+----------------------+----------------------+--------------------+
| Trial name                                           | status   | loc               |   iter |   total time (s) |      ts |   reward |   episode_reward_max |   episode_reward_min |   episode_len_mean |
|------------------------------------------------------+----------+-------------------+--------+------------------+---------+----------+----------------------+----------------------+--------------------|
| QMIX_grouped_rware_v2_rware-small-4ag-v2_74c9b_00000 | RUNNING  | 172.24.0.2:994514 |    378 |          792.167 | 1137000 |      0.1 |                    2 |                    0 |                500 |
+------------------------------------------------------+----------+-------------------+--------+------------------+---------+----------+----------------------+----------------------+--------------------+


== Status ==
Current time: 2026-05-22 22:55:46 (running for 00:13:41.31)
Memory usage on this node: 72.5/251.6 GiB
Using FIFO scheduling algorithm.
Resources requested: 7.0/8 CPUs, 1.0/1 GPUs, 0.0/17.54 GiB heap, 0.0/8.77 GiB objects (0.0/1.0 accelerator_type:G)
Result logdir: /workspace/MARLlib/runs/rware_mappo_gru_small_20m_tensorboard/qmix_gru_rware-small-4ag-v2
Number of trials: 1/1 (1 RUNNING)
+------------------------------------------------------+----------+-------------------+--------+------------------+---------+----------+----------------------+----------------------+--------------------+
| Trial name                                           | status   | loc               |   iter |   total time (s) |      ts |   reward |   episode_reward_max |   episode_reward_min |   episode_len_mean |
|------------------------------------------------------+----------+-------------------+--------+------------------+---------+----------+----------------------+----------------------+--------------------|
| QMIX_grouped_rware_v2_rware-small-4ag-v2_74c9b_00000 | RUNNING  | 172.24.0.2:994514 |    381 |          799.321 | 1146000 |     0.08 |                    2 |                    0 |                500 |
+------------------------------------------------------+----------+-------------------+--------+------------------+---------+----------+----------------------+----------------------+--------------------+


== Status ==
Current time: 2026-05-22 22:55:51 (running for 00:13:46.95)
Memory usage on this node: 72.6/251.6 GiB
Using FIFO scheduling algorithm.
Resources requested: 7.0/8 CPUs, 1.0/1 GPUs, 0.0/17.54 GiB heap, 0.0/8.77 GiB objects (0.0/1.0 accelerator_type:G)
Result logdir: /workspace/MARLlib/runs/rware_mappo_gru_small_20m_tensorboard/qmix_gru_rware-small-4ag-v2
Number of trials: 1/1 (1 RUNNING)
+------------------------------------------------------+----------+-------------------+--------+------------------+---------+----------+----------------------+----------------------+--------------------+
| Trial name                                           | status   | loc               |   iter |   total time (s) |      ts |   reward |   episode_reward_max |   episode_reward_min |   episode_len_mean |
|------------------------------------------------------+----------+-------------------+--------+------------------+---------+----------+----------------------+----------------------+--------------------|
| QMIX_grouped_rware_v2_rware-small-4ag-v2_74c9b_00000 | RUNNING  | 172.24.0.2:994514 |    384 |           804.88 | 1155000 |     0.06 |                    2 |                    0 |                500 |
+------------------------------------------------------+----------+-------------------+--------+------------------+---------+----------+----------------------+----------------------+--------------------+


== Status ==
Current time: 2026-05-22 22:55:57 (running for 00:13:52.66)
Memory usage on this node: 72.8/251.6 GiB
Using FIFO scheduling algorithm.
Resources requested: 7.0/8 CPUs, 1.0/1 GPUs, 0.0/17.54 GiB heap, 0.0/8.77 GiB objects (0.0/1.0 accelerator_type:G)
Result logdir: /workspace/MARLlib/runs/rware_mappo_gru_small_20m_tensorboard/qmix_gru_rware-small-4ag-v2
Number of trials: 1/1 (1 RUNNING)
+------------------------------------------------------+----------+-------------------+--------+------------------+---------+----------+----------------------+----------------------+--------------------+
| Trial name                                           | status   | loc               |   iter |   total time (s) |      ts |   reward |   episode_reward_max |   episode_reward_min |   episode_len_mean |
|------------------------------------------------------+----------+-------------------+--------+------------------+---------+----------+----------------------+----------------------+--------------------|
| QMIX_grouped_rware_v2_rware-small-4ag-v2_74c9b_00000 | RUNNING  | 172.24.0.2:994514 |    387 |          810.513 | 1164000 |     0.07 |                    1 |                    0 |                500 |
+------------------------------------------------------+----------+-------------------+--------+------------------+---------+----------+----------------------+----------------------+--------------------+


== Status ==
Current time: 2026-05-22 22:56:03 (running for 00:13:58.48)
Memory usage on this node: 72.7/251.6 GiB
Using FIFO scheduling algorithm.
Resources requested: 7.0/8 CPUs, 1.0/1 GPUs, 0.0/17.54 GiB heap, 0.0/8.77 GiB objects (0.0/1.0 accelerator_type:G)
Result logdir: /workspace/MARLlib/runs/rware_mappo_gru_small_20m_tensorboard/qmix_gru_rware-small-4ag-v2
Number of trials: 1/1 (1 RUNNING)
+------------------------------------------------------+----------+-------------------+--------+------------------+---------+----------+----------------------+----------------------+--------------------+
| Trial name                                           | status   | loc               |   iter |   total time (s) |      ts |   reward |   episode_reward_max |   episode_reward_min |   episode_len_mean |
|------------------------------------------------------+----------+-------------------+--------+------------------+---------+----------+----------------------+----------------------+--------------------|
| QMIX_grouped_rware_v2_rware-small-4ag-v2_74c9b_00000 | RUNNING  | 172.24.0.2:994514 |    390 |          816.253 | 1173000 |     0.09 |                    1 |                    0 |                500 |
+------------------------------------------------------+----------+-------------------+--------+------------------+---------+----------+----------------------+----------------------+--------------------+


== Status ==
Current time: 2026-05-22 22:56:08 (running for 00:14:04.11)
Memory usage on this node: 72.7/251.6 GiB
Using FIFO scheduling algorithm.
Resources requested: 7.0/8 CPUs, 1.0/1 GPUs, 0.0/17.54 GiB heap, 0.0/8.77 GiB objects (0.0/1.0 accelerator_type:G)
Result logdir: /workspace/MARLlib/runs/rware_mappo_gru_small_20m_tensorboard/qmix_gru_rware-small-4ag-v2
Number of trials: 1/1 (1 RUNNING)
+------------------------------------------------------+----------+-------------------+--------+------------------+---------+----------+----------------------+----------------------+--------------------+
| Trial name                                           | status   | loc               |   iter |   total time (s) |      ts |   reward |   episode_reward_max |   episode_reward_min |   episode_len_mean |
|------------------------------------------------------+----------+-------------------+--------+------------------+---------+----------+----------------------+----------------------+--------------------|
| QMIX_grouped_rware_v2_rware-small-4ag-v2_74c9b_00000 | RUNNING  | 172.24.0.2:994514 |    393 |           821.81 | 1182000 |     0.07 |                    1 |                    0 |                500 |
+------------------------------------------------------+----------+-------------------+--------+------------------+---------+----------+----------------------+----------------------+--------------------+


== Status ==
Current time: 2026-05-22 22:56:14 (running for 00:14:09.97)
Memory usage on this node: 72.8/251.6 GiB
Using FIFO scheduling algorithm.
Resources requested: 7.0/8 CPUs, 1.0/1 GPUs, 0.0/17.54 GiB heap, 0.0/8.77 GiB objects (0.0/1.0 accelerator_type:G)
Result logdir: /workspace/MARLlib/runs/rware_mappo_gru_small_20m_tensorboard/qmix_gru_rware-small-4ag-v2
Number of trials: 1/1 (1 RUNNING)
+------------------------------------------------------+----------+-------------------+--------+------------------+---------+----------+----------------------+----------------------+--------------------+
| Trial name                                           | status   | loc               |   iter |   total time (s) |      ts |   reward |   episode_reward_max |   episode_reward_min |   episode_len_mean |
|------------------------------------------------------+----------+-------------------+--------+------------------+---------+----------+----------------------+----------------------+--------------------|
| QMIX_grouped_rware_v2_rware-small-4ag-v2_74c9b_00000 | RUNNING  | 172.24.0.2:994514 |    396 |          827.591 | 1191000 |     0.07 |                    1 |                    0 |                500 |
+------------------------------------------------------+----------+-------------------+--------+------------------+---------+----------+----------------------+----------------------+--------------------+


== Status ==
Current time: 2026-05-22 22:56:20 (running for 00:14:15.74)
Memory usage on this node: 72.9/251.6 GiB
Using FIFO scheduling algorithm.
Resources requested: 7.0/8 CPUs, 1.0/1 GPUs, 0.0/17.54 GiB heap, 0.0/8.77 GiB objects (0.0/1.0 accelerator_type:G)
Result logdir: /workspace/MARLlib/runs/rware_mappo_gru_small_20m_tensorboard/qmix_gru_rware-small-4ag-v2
Number of trials: 1/1 (1 RUNNING)
+------------------------------------------------------+----------+-------------------+--------+------------------+---------+----------+----------------------+----------------------+--------------------+
| Trial name                                           | status   | loc               |   iter |   total time (s) |      ts |   reward |   episode_reward_max |   episode_reward_min |   episode_len_mean |
|------------------------------------------------------+----------+-------------------+--------+------------------+---------+----------+----------------------+----------------------+--------------------|
| QMIX_grouped_rware_v2_rware-small-4ag-v2_74c9b_00000 | RUNNING  | 172.24.0.2:994514 |    399 |          833.281 | 1200000 |     0.07 |                    1 |                    0 |                500 |
+------------------------------------------------------+----------+-------------------+--------+------------------+---------+----------+----------------------+----------------------+--------------------+


== Status ==
Current time: 2026-05-22 22:56:25 (running for 00:14:20.74)
Memory usage on this node: 72.9/251.6 GiB
Using FIFO scheduling algorithm.
Resources requested: 7.0/8 CPUs, 1.0/1 GPUs, 0.0/17.54 GiB heap, 0.0/8.77 GiB objects (0.0/1.0 accelerator_type:G)
Result logdir: /workspace/MARLlib/runs/rware_mappo_gru_small_20m_tensorboard/qmix_gru_rware-small-4ag-v2
Number of trials: 1/1 (1 RUNNING)
+------------------------------------------------------+----------+-------------------+--------+------------------+---------+----------+----------------------+----------------------+--------------------+
| Trial name                                           | status   | loc               |   iter |   total time (s) |      ts |   reward |   episode_reward_max |   episode_reward_min |   episode_len_mean |
|------------------------------------------------------+----------+-------------------+--------+------------------+---------+----------+----------------------+----------------------+--------------------|
| QMIX_grouped_rware_v2_rware-small-4ag-v2_74c9b_00000 | RUNNING  | 172.24.0.2:994514 |    399 |          833.281 | 1200000 |     0.07 |                    1 |                    0 |                500 |
+------------------------------------------------------+----------+-------------------+--------+------------------+---------+----------+----------------------+----------------------+--------------------+


== Status ==
Current time: 2026-05-22 22:56:30 (running for 00:14:25.75)
Memory usage on this node: 72.9/251.6 GiB
Using FIFO scheduling algorithm.
Resources requested: 7.0/8 CPUs, 1.0/1 GPUs, 0.0/17.54 GiB heap, 0.0/8.77 GiB objects (0.0/1.0 accelerator_type:G)
Result logdir: /workspace/MARLlib/runs/rware_mappo_gru_small_20m_tensorboard/qmix_gru_rware-small-4ag-v2
Number of trials: 1/1 (1 RUNNING)
+------------------------------------------------------+----------+-------------------+--------+------------------+---------+----------+----------------------+----------------------+--------------------+
| Trial name                                           | status   | loc               |   iter |   total time (s) |      ts |   reward |   episode_reward_max |   episode_reward_min |   episode_len_mean |
|------------------------------------------------------+----------+-------------------+--------+------------------+---------+----------+----------------------+----------------------+--------------------|
| QMIX_grouped_rware_v2_rware-small-4ag-v2_74c9b_00000 | RUNNING  | 172.24.0.2:994514 |    399 |          833.281 | 1200000 |     0.07 |                    1 |                    0 |                500 |
+------------------------------------------------------+----------+-------------------+--------+------------------+---------+----------+----------------------+----------------------+--------------------+


== Status ==
Current time: 2026-05-22 22:56:36 (running for 00:14:31.26)
Memory usage on this node: 73.0/251.6 GiB
Using FIFO scheduling algorithm.
Resources requested: 7.0/8 CPUs, 1.0/1 GPUs, 0.0/17.54 GiB heap, 0.0/8.77 GiB objects (0.0/1.0 accelerator_type:G)
Result logdir: /workspace/MARLlib/runs/rware_mappo_gru_small_20m_tensorboard/qmix_gru_rware-small-4ag-v2
Number of trials: 1/1 (1 RUNNING)
+------------------------------------------------------+----------+-------------------+--------+------------------+---------+----------+----------------------+----------------------+--------------------+
| Trial name                                           | status   | loc               |   iter |   total time (s) |      ts |   reward |   episode_reward_max |   episode_reward_min |   episode_len_mean |
|------------------------------------------------------+----------+-------------------+--------+------------------+---------+----------+----------------------+----------------------+--------------------|
| QMIX_grouped_rware_v2_rware-small-4ag-v2_74c9b_00000 | RUNNING  | 172.24.0.2:994514 |    402 |          848.721 | 1209000 |     0.05 |                    1 |                    0 |                500 |
+------------------------------------------------------+----------+-------------------+--------+------------------+---------+----------+----------------------+----------------------+--------------------+


== Status ==
Current time: 2026-05-22 22:56:41 (running for 00:14:36.95)
Memory usage on this node: 73.1/251.6 GiB
Using FIFO scheduling algorithm.
Resources requested: 7.0/8 CPUs, 1.0/1 GPUs, 0.0/17.54 GiB heap, 0.0/8.77 GiB objects (0.0/1.0 accelerator_type:G)
Result logdir: /workspace/MARLlib/runs/rware_mappo_gru_small_20m_tensorboard/qmix_gru_rware-small-4ag-v2
Number of trials: 1/1 (1 RUNNING)
+------------------------------------------------------+----------+-------------------+--------+------------------+---------+----------+----------------------+----------------------+--------------------+
| Trial name                                           | status   | loc               |   iter |   total time (s) |      ts |   reward |   episode_reward_max |   episode_reward_min |   episode_len_mean |
|------------------------------------------------------+----------+-------------------+--------+------------------+---------+----------+----------------------+----------------------+--------------------|
| QMIX_grouped_rware_v2_rware-small-4ag-v2_74c9b_00000 | RUNNING  | 172.24.0.2:994514 |    405 |          854.319 | 1218000 |     0.02 |                    1 |                    0 |                500 |
+------------------------------------------------------+----------+-------------------+--------+------------------+---------+----------+----------------------+----------------------+--------------------+


== Status ==
Current time: 2026-05-22 22:56:47 (running for 00:14:42.57)
Memory usage on this node: 73.1/251.6 GiB
Using FIFO scheduling algorithm.
Resources requested: 7.0/8 CPUs, 1.0/1 GPUs, 0.0/17.54 GiB heap, 0.0/8.77 GiB objects (0.0/1.0 accelerator_type:G)
Result logdir: /workspace/MARLlib/runs/rware_mappo_gru_small_20m_tensorboard/qmix_gru_rware-small-4ag-v2
Number of trials: 1/1 (1 RUNNING)
+------------------------------------------------------+----------+-------------------+--------+------------------+---------+----------+----------------------+----------------------+--------------------+
| Trial name                                           | status   | loc               |   iter |   total time (s) |      ts |   reward |   episode_reward_max |   episode_reward_min |   episode_len_mean |
|------------------------------------------------------+----------+-------------------+--------+------------------+---------+----------+----------------------+----------------------+--------------------|
| QMIX_grouped_rware_v2_rware-small-4ag-v2_74c9b_00000 | RUNNING  | 172.24.0.2:994514 |    408 |          859.907 | 1227000 |     0.02 |                    1 |                    0 |                500 |
+------------------------------------------------------+----------+-------------------+--------+------------------+---------+----------+----------------------+----------------------+--------------------+


== Status ==
Current time: 2026-05-22 22:56:53 (running for 00:14:48.34)
Memory usage on this node: 73.3/251.6 GiB
Using FIFO scheduling algorithm.
Resources requested: 7.0/8 CPUs, 1.0/1 GPUs, 0.0/17.54 GiB heap, 0.0/8.77 GiB objects (0.0/1.0 accelerator_type:G)
Result logdir: /workspace/MARLlib/runs/rware_mappo_gru_small_20m_tensorboard/qmix_gru_rware-small-4ag-v2
Number of trials: 1/1 (1 RUNNING)
+------------------------------------------------------+----------+-------------------+--------+------------------+---------+----------+----------------------+----------------------+--------------------+
| Trial name                                           | status   | loc               |   iter |   total time (s) |      ts |   reward |   episode_reward_max |   episode_reward_min |   episode_len_mean |
|------------------------------------------------------+----------+-------------------+--------+------------------+---------+----------+----------------------+----------------------+--------------------|
| QMIX_grouped_rware_v2_rware-small-4ag-v2_74c9b_00000 | RUNNING  | 172.24.0.2:994514 |    411 |          865.597 | 1236000 |     0.03 |                    1 |                    0 |                500 |
+------------------------------------------------------+----------+-------------------+--------+------------------+---------+----------+----------------------+----------------------+--------------------+


== Status ==
Current time: 2026-05-22 22:56:58 (running for 00:14:54.07)
Memory usage on this node: 73.3/251.6 GiB
Using FIFO scheduling algorithm.
Resources requested: 7.0/8 CPUs, 1.0/1 GPUs, 0.0/17.54 GiB heap, 0.0/8.77 GiB objects (0.0/1.0 accelerator_type:G)
Result logdir: /workspace/MARLlib/runs/rware_mappo_gru_small_20m_tensorboard/qmix_gru_rware-small-4ag-v2
Number of trials: 1/1 (1 RUNNING)
+------------------------------------------------------+----------+-------------------+--------+------------------+---------+----------+----------------------+----------------------+--------------------+
| Trial name                                           | status   | loc               |   iter |   total time (s) |      ts |   reward |   episode_reward_max |   episode_reward_min |   episode_len_mean |
|------------------------------------------------------+----------+-------------------+--------+------------------+---------+----------+----------------------+----------------------+--------------------|
| QMIX_grouped_rware_v2_rware-small-4ag-v2_74c9b_00000 | RUNNING  | 172.24.0.2:994514 |    414 |          871.268 | 1245000 |     0.05 |                    1 |                    0 |                500 |
+------------------------------------------------------+----------+-------------------+--------+------------------+---------+----------+----------------------+----------------------+--------------------+


== Status ==
Current time: 2026-05-22 22:57:04 (running for 00:14:59.74)
Memory usage on this node: 73.4/251.6 GiB
Using FIFO scheduling algorithm.
Resources requested: 7.0/8 CPUs, 1.0/1 GPUs, 0.0/17.54 GiB heap, 0.0/8.77 GiB objects (0.0/1.0 accelerator_type:G)
Result logdir: /workspace/MARLlib/runs/rware_mappo_gru_small_20m_tensorboard/qmix_gru_rware-small-4ag-v2
Number of trials: 1/1 (1 RUNNING)
+------------------------------------------------------+----------+-------------------+--------+------------------+---------+----------+----------------------+----------------------+--------------------+
| Trial name                                           | status   | loc               |   iter |   total time (s) |      ts |   reward |   episode_reward_max |   episode_reward_min |   episode_len_mean |
|------------------------------------------------------+----------+-------------------+--------+------------------+---------+----------+----------------------+----------------------+--------------------|
| QMIX_grouped_rware_v2_rware-small-4ag-v2_74c9b_00000 | RUNNING  | 172.24.0.2:994514 |    417 |           876.89 | 1254000 |     0.06 |                    1 |                    0 |                500 |
+------------------------------------------------------+----------+-------------------+--------+------------------+---------+----------+----------------------+----------------------+--------------------+


== Status ==
Current time: 2026-05-22 22:57:10 (running for 00:15:05.52)
Memory usage on this node: 73.5/251.6 GiB
Using FIFO scheduling algorithm.
Resources requested: 7.0/8 CPUs, 1.0/1 GPUs, 0.0/17.54 GiB heap, 0.0/8.77 GiB objects (0.0/1.0 accelerator_type:G)
Result logdir: /workspace/MARLlib/runs/rware_mappo_gru_small_20m_tensorboard/qmix_gru_rware-small-4ag-v2
Number of trials: 1/1 (1 RUNNING)
+------------------------------------------------------+----------+-------------------+--------+------------------+---------+----------+----------------------+----------------------+--------------------+
| Trial name                                           | status   | loc               |   iter |   total time (s) |      ts |   reward |   episode_reward_max |   episode_reward_min |   episode_len_mean |
|------------------------------------------------------+----------+-------------------+--------+------------------+---------+----------+----------------------+----------------------+--------------------|
| QMIX_grouped_rware_v2_rware-small-4ag-v2_74c9b_00000 | RUNNING  | 172.24.0.2:994514 |    420 |          882.597 | 1263000 |     0.07 |                    1 |                    0 |                500 |
+------------------------------------------------------+----------+-------------------+--------+------------------+---------+----------+----------------------+----------------------+--------------------+


== Status ==
Current time: 2026-05-22 22:57:16 (running for 00:15:11.23)
Memory usage on this node: 73.6/251.6 GiB
Using FIFO scheduling algorithm.
Resources requested: 7.0/8 CPUs, 1.0/1 GPUs, 0.0/17.54 GiB heap, 0.0/8.77 GiB objects (0.0/1.0 accelerator_type:G)
Result logdir: /workspace/MARLlib/runs/rware_mappo_gru_small_20m_tensorboard/qmix_gru_rware-small-4ag-v2
Number of trials: 1/1 (1 RUNNING)
+------------------------------------------------------+----------+-------------------+--------+------------------+---------+----------+----------------------+----------------------+--------------------+
| Trial name                                           | status   | loc               |   iter |   total time (s) |      ts |   reward |   episode_reward_max |   episode_reward_min |   episode_len_mean |
|------------------------------------------------------+----------+-------------------+--------+------------------+---------+----------+----------------------+----------------------+--------------------|
| QMIX_grouped_rware_v2_rware-small-4ag-v2_74c9b_00000 | RUNNING  | 172.24.0.2:994514 |    423 |          888.234 | 1272000 |     0.09 |                    1 |                    0 |                500 |
+------------------------------------------------------+----------+-------------------+--------+------------------+---------+----------+----------------------+----------------------+--------------------+


== Status ==
Current time: 2026-05-22 22:57:21 (running for 00:15:16.98)
Memory usage on this node: 73.6/251.6 GiB
Using FIFO scheduling algorithm.
Resources requested: 7.0/8 CPUs, 1.0/1 GPUs, 0.0/17.54 GiB heap, 0.0/8.77 GiB objects (0.0/1.0 accelerator_type:G)
Result logdir: /workspace/MARLlib/runs/rware_mappo_gru_small_20m_tensorboard/qmix_gru_rware-small-4ag-v2
Number of trials: 1/1 (1 RUNNING)
+------------------------------------------------------+----------+-------------------+--------+------------------+---------+----------+----------------------+----------------------+--------------------+
| Trial name                                           | status   | loc               |   iter |   total time (s) |      ts |   reward |   episode_reward_max |   episode_reward_min |   episode_len_mean |
|------------------------------------------------------+----------+-------------------+--------+------------------+---------+----------+----------------------+----------------------+--------------------|
| QMIX_grouped_rware_v2_rware-small-4ag-v2_74c9b_00000 | RUNNING  | 172.24.0.2:994514 |    426 |          893.911 | 1281000 |     0.08 |                    1 |                    0 |                500 |
+------------------------------------------------------+----------+-------------------+--------+------------------+---------+----------+----------------------+----------------------+--------------------+


== Status ==
Current time: 2026-05-22 22:57:27 (running for 00:15:22.67)
Memory usage on this node: 73.7/251.6 GiB
Using FIFO scheduling algorithm.
Resources requested: 7.0/8 CPUs, 1.0/1 GPUs, 0.0/17.54 GiB heap, 0.0/8.77 GiB objects (0.0/1.0 accelerator_type:G)
Result logdir: /workspace/MARLlib/runs/rware_mappo_gru_small_20m_tensorboard/qmix_gru_rware-small-4ag-v2
Number of trials: 1/1 (1 RUNNING)
+------------------------------------------------------+----------+-------------------+--------+------------------+---------+----------+----------------------+----------------------+--------------------+
| Trial name                                           | status   | loc               |   iter |   total time (s) |      ts |   reward |   episode_reward_max |   episode_reward_min |   episode_len_mean |
|------------------------------------------------------+----------+-------------------+--------+------------------+---------+----------+----------------------+----------------------+--------------------|
| QMIX_grouped_rware_v2_rware-small-4ag-v2_74c9b_00000 | RUNNING  | 172.24.0.2:994514 |    429 |          899.531 | 1290000 |     0.08 |                    1 |                    0 |                500 |
+------------------------------------------------------+----------+-------------------+--------+------------------+---------+----------+----------------------+----------------------+--------------------+


== Status ==
Current time: 2026-05-22 22:57:33 (running for 00:15:28.39)
Memory usage on this node: 73.8/251.6 GiB
Using FIFO scheduling algorithm.
Resources requested: 7.0/8 CPUs, 1.0/1 GPUs, 0.0/17.54 GiB heap, 0.0/8.77 GiB objects (0.0/1.0 accelerator_type:G)
Result logdir: /workspace/MARLlib/runs/rware_mappo_gru_small_20m_tensorboard/qmix_gru_rware-small-4ag-v2
Number of trials: 1/1 (1 RUNNING)
+------------------------------------------------------+----------+-------------------+--------+------------------+---------+----------+----------------------+----------------------+--------------------+
| Trial name                                           | status   | loc               |   iter |   total time (s) |      ts |   reward |   episode_reward_max |   episode_reward_min |   episode_len_mean |
|------------------------------------------------------+----------+-------------------+--------+------------------+---------+----------+----------------------+----------------------+--------------------|
| QMIX_grouped_rware_v2_rware-small-4ag-v2_74c9b_00000 | RUNNING  | 172.24.0.2:994514 |    432 |          905.175 | 1299000 |     0.06 |                    1 |                    0 |                500 |
+------------------------------------------------------+----------+-------------------+--------+------------------+---------+----------+----------------------+----------------------+--------------------+


== Status ==
Current time: 2026-05-22 22:57:39 (running for 00:15:34.33)
Memory usage on this node: 73.9/251.6 GiB
Using FIFO scheduling algorithm.
Resources requested: 7.0/8 CPUs, 1.0/1 GPUs, 0.0/17.54 GiB heap, 0.0/8.77 GiB objects (0.0/1.0 accelerator_type:G)
Result logdir: /workspace/MARLlib/runs/rware_mappo_gru_small_20m_tensorboard/qmix_gru_rware-small-4ag-v2
Number of trials: 1/1 (1 RUNNING)
+------------------------------------------------------+----------+-------------------+--------+------------------+---------+----------+----------------------+----------------------+--------------------+
| Trial name                                           | status   | loc               |   iter |   total time (s) |      ts |   reward |   episode_reward_max |   episode_reward_min |   episode_len_mean |
|------------------------------------------------------+----------+-------------------+--------+------------------+---------+----------+----------------------+----------------------+--------------------|
| QMIX_grouped_rware_v2_rware-small-4ag-v2_74c9b_00000 | RUNNING  | 172.24.0.2:994514 |    435 |          911.052 | 1308000 |     0.04 |                    1 |                    0 |                500 |
+------------------------------------------------------+----------+-------------------+--------+------------------+---------+----------+----------------------+----------------------+--------------------+


== Status ==
Current time: 2026-05-22 22:57:44 (running for 00:15:40.08)
Memory usage on this node: 73.9/251.6 GiB
Using FIFO scheduling algorithm.
Resources requested: 7.0/8 CPUs, 1.0/1 GPUs, 0.0/17.54 GiB heap, 0.0/8.77 GiB objects (0.0/1.0 accelerator_type:G)
Result logdir: /workspace/MARLlib/runs/rware_mappo_gru_small_20m_tensorboard/qmix_gru_rware-small-4ag-v2
Number of trials: 1/1 (1 RUNNING)
+------------------------------------------------------+----------+-------------------+--------+------------------+---------+----------+----------------------+----------------------+--------------------+
| Trial name                                           | status   | loc               |   iter |   total time (s) |      ts |   reward |   episode_reward_max |   episode_reward_min |   episode_len_mean |
|------------------------------------------------------+----------+-------------------+--------+------------------+---------+----------+----------------------+----------------------+--------------------|
| QMIX_grouped_rware_v2_rware-small-4ag-v2_74c9b_00000 | RUNNING  | 172.24.0.2:994514 |    438 |          916.738 | 1317000 |     0.03 |                    1 |                    0 |                500 |
+------------------------------------------------------+----------+-------------------+--------+------------------+---------+----------+----------------------+----------------------+--------------------+


== Status ==
Current time: 2026-05-22 22:57:50 (running for 00:15:45.83)
Memory usage on this node: 74.0/251.6 GiB
Using FIFO scheduling algorithm.
Resources requested: 7.0/8 CPUs, 1.0/1 GPUs, 0.0/17.54 GiB heap, 0.0/8.77 GiB objects (0.0/1.0 accelerator_type:G)
Result logdir: /workspace/MARLlib/runs/rware_mappo_gru_small_20m_tensorboard/qmix_gru_rware-small-4ag-v2
Number of trials: 1/1 (1 RUNNING)
+------------------------------------------------------+----------+-------------------+--------+------------------+---------+----------+----------------------+----------------------+--------------------+
| Trial name                                           | status   | loc               |   iter |   total time (s) |      ts |   reward |   episode_reward_max |   episode_reward_min |   episode_len_mean |
|------------------------------------------------------+----------+-------------------+--------+------------------+---------+----------+----------------------+----------------------+--------------------|
| QMIX_grouped_rware_v2_rware-small-4ag-v2_74c9b_00000 | RUNNING  | 172.24.0.2:994514 |    441 |          922.419 | 1326000 |     0.04 |                    1 |                    0 |                500 |
+------------------------------------------------------+----------+-------------------+--------+------------------+---------+----------+----------------------+----------------------+--------------------+


== Status ==
Current time: 2026-05-22 22:57:56 (running for 00:15:51.64)
Memory usage on this node: 74.2/251.6 GiB
Using FIFO scheduling algorithm.
Resources requested: 7.0/8 CPUs, 1.0/1 GPUs, 0.0/17.54 GiB heap, 0.0/8.77 GiB objects (0.0/1.0 accelerator_type:G)
Result logdir: /workspace/MARLlib/runs/rware_mappo_gru_small_20m_tensorboard/qmix_gru_rware-small-4ag-v2
Number of trials: 1/1 (1 RUNNING)
+------------------------------------------------------+----------+-------------------+--------+------------------+---------+----------+----------------------+----------------------+--------------------+
| Trial name                                           | status   | loc               |   iter |   total time (s) |      ts |   reward |   episode_reward_max |   episode_reward_min |   episode_len_mean |
|------------------------------------------------------+----------+-------------------+--------+------------------+---------+----------+----------------------+----------------------+--------------------|
| QMIX_grouped_rware_v2_rware-small-4ag-v2_74c9b_00000 | RUNNING  | 172.24.0.2:994514 |    443 |          926.179 | 1332000 |     0.03 |                    1 |                    0 |                500 |
+------------------------------------------------------+----------+-------------------+--------+------------------+---------+----------+----------------------+----------------------+--------------------+


== Status ==
Current time: 2026-05-22 22:58:01 (running for 00:15:56.93)
Memory usage on this node: 74.1/251.6 GiB
Using FIFO scheduling algorithm.
Resources requested: 7.0/8 CPUs, 1.0/1 GPUs, 0.0/17.54 GiB heap, 0.0/8.77 GiB objects (0.0/1.0 accelerator_type:G)
Result logdir: /workspace/MARLlib/runs/rware_mappo_gru_small_20m_tensorboard/qmix_gru_rware-small-4ag-v2
Number of trials: 1/1 (1 RUNNING)
+------------------------------------------------------+----------+-------------------+--------+------------------+---------+----------+----------------------+----------------------+--------------------+
| Trial name                                           | status   | loc               |   iter |   total time (s) |      ts |   reward |   episode_reward_max |   episode_reward_min |   episode_len_mean |
|------------------------------------------------------+----------+-------------------+--------+------------------+---------+----------+----------------------+----------------------+--------------------|
| QMIX_grouped_rware_v2_rware-small-4ag-v2_74c9b_00000 | RUNNING  | 172.24.0.2:994514 |    446 |          933.408 | 1341000 |     0.04 |                    1 |                    0 |                500 |
+------------------------------------------------------+----------+-------------------+--------+------------------+---------+----------+----------------------+----------------------+--------------------+


== Status ==
Current time: 2026-05-22 22:58:07 (running for 00:16:02.71)
Memory usage on this node: 74.2/251.6 GiB
Using FIFO scheduling algorithm.
Resources requested: 7.0/8 CPUs, 1.0/1 GPUs, 0.0/17.54 GiB heap, 0.0/8.77 GiB objects (0.0/1.0 accelerator_type:G)
Result logdir: /workspace/MARLlib/runs/rware_mappo_gru_small_20m_tensorboard/qmix_gru_rware-small-4ag-v2
Number of trials: 1/1 (1 RUNNING)
+------------------------------------------------------+----------+-------------------+--------+------------------+---------+----------+----------------------+----------------------+--------------------+
| Trial name                                           | status   | loc               |   iter |   total time (s) |      ts |   reward |   episode_reward_max |   episode_reward_min |   episode_len_mean |
|------------------------------------------------------+----------+-------------------+--------+------------------+---------+----------+----------------------+----------------------+--------------------|
| QMIX_grouped_rware_v2_rware-small-4ag-v2_74c9b_00000 | RUNNING  | 172.24.0.2:994514 |    449 |          939.116 | 1350000 |     0.04 |                    1 |                    0 |                500 |
+------------------------------------------------------+----------+-------------------+--------+------------------+---------+----------+----------------------+----------------------+--------------------+


== Status ==
Current time: 2026-05-22 22:58:12 (running for 00:16:07.71)
Memory usage on this node: 74.2/251.6 GiB
Using FIFO scheduling algorithm.
Resources requested: 7.0/8 CPUs, 1.0/1 GPUs, 0.0/17.54 GiB heap, 0.0/8.77 GiB objects (0.0/1.0 accelerator_type:G)
Result logdir: /workspace/MARLlib/runs/rware_mappo_gru_small_20m_tensorboard/qmix_gru_rware-small-4ag-v2
Number of trials: 1/1 (1 RUNNING)
+------------------------------------------------------+----------+-------------------+--------+------------------+---------+----------+----------------------+----------------------+--------------------+
| Trial name                                           | status   | loc               |   iter |   total time (s) |      ts |   reward |   episode_reward_max |   episode_reward_min |   episode_len_mean |
|------------------------------------------------------+----------+-------------------+--------+------------------+---------+----------+----------------------+----------------------+--------------------|
| QMIX_grouped_rware_v2_rware-small-4ag-v2_74c9b_00000 | RUNNING  | 172.24.0.2:994514 |    449 |          939.116 | 1350000 |     0.04 |                    1 |                    0 |                500 |
+------------------------------------------------------+----------+-------------------+--------+------------------+---------+----------+----------------------+----------------------+--------------------+


== Status ==
Current time: 2026-05-22 22:58:17 (running for 00:16:12.72)
Memory usage on this node: 74.2/251.6 GiB
Using FIFO scheduling algorithm.
Resources requested: 7.0/8 CPUs, 1.0/1 GPUs, 0.0/17.54 GiB heap, 0.0/8.77 GiB objects (0.0/1.0 accelerator_type:G)
Result logdir: /workspace/MARLlib/runs/rware_mappo_gru_small_20m_tensorboard/qmix_gru_rware-small-4ag-v2
Number of trials: 1/1 (1 RUNNING)
+------------------------------------------------------+----------+-------------------+--------+------------------+---------+----------+----------------------+----------------------+--------------------+
| Trial name                                           | status   | loc               |   iter |   total time (s) |      ts |   reward |   episode_reward_max |   episode_reward_min |   episode_len_mean |
|------------------------------------------------------+----------+-------------------+--------+------------------+---------+----------+----------------------+----------------------+--------------------|
| QMIX_grouped_rware_v2_rware-small-4ag-v2_74c9b_00000 | RUNNING  | 172.24.0.2:994514 |    449 |          939.116 | 1350000 |     0.04 |                    1 |                    0 |                500 |
+------------------------------------------------------+----------+-------------------+--------+------------------+---------+----------+----------------------+----------------------+--------------------+


== Status ==
Current time: 2026-05-22 22:58:23 (running for 00:16:18.19)
Memory usage on this node: 74.2/251.6 GiB
Using FIFO scheduling algorithm.
Resources requested: 7.0/8 CPUs, 1.0/1 GPUs, 0.0/17.54 GiB heap, 0.0/8.77 GiB objects (0.0/1.0 accelerator_type:G)
Result logdir: /workspace/MARLlib/runs/rware_mappo_gru_small_20m_tensorboard/qmix_gru_rware-small-4ag-v2
Number of trials: 1/1 (1 RUNNING)
+------------------------------------------------------+----------+-------------------+--------+------------------+---------+----------+----------------------+----------------------+--------------------+
| Trial name                                           | status   | loc               |   iter |   total time (s) |      ts |   reward |   episode_reward_max |   episode_reward_min |   episode_len_mean |
|------------------------------------------------------+----------+-------------------+--------+------------------+---------+----------+----------------------+----------------------+--------------------|
| QMIX_grouped_rware_v2_rware-small-4ag-v2_74c9b_00000 | RUNNING  | 172.24.0.2:994514 |    452 |          954.514 | 1359000 |     0.04 |                    1 |                    0 |                500 |
+------------------------------------------------------+----------+-------------------+--------+------------------+---------+----------+----------------------+----------------------+--------------------+


== Status ==
Current time: 2026-05-22 22:58:28 (running for 00:16:24.07)
Memory usage on this node: 74.3/251.6 GiB
Using FIFO scheduling algorithm.
Resources requested: 7.0/8 CPUs, 1.0/1 GPUs, 0.0/17.54 GiB heap, 0.0/8.77 GiB objects (0.0/1.0 accelerator_type:G)
Result logdir: /workspace/MARLlib/runs/rware_mappo_gru_small_20m_tensorboard/qmix_gru_rware-small-4ag-v2
Number of trials: 1/1 (1 RUNNING)
+------------------------------------------------------+----------+-------------------+--------+------------------+---------+----------+----------------------+----------------------+--------------------+
| Trial name                                           | status   | loc               |   iter |   total time (s) |      ts |   reward |   episode_reward_max |   episode_reward_min |   episode_len_mean |
|------------------------------------------------------+----------+-------------------+--------+------------------+---------+----------+----------------------+----------------------+--------------------|
| QMIX_grouped_rware_v2_rware-small-4ag-v2_74c9b_00000 | RUNNING  | 172.24.0.2:994514 |    455 |          960.337 | 1368000 |     0.04 |                    1 |                    0 |                500 |
+------------------------------------------------------+----------+-------------------+--------+------------------+---------+----------+----------------------+----------------------+--------------------+


== Status ==
Current time: 2026-05-22 22:58:34 (running for 00:16:29.80)
Memory usage on this node: 74.4/251.6 GiB
Using FIFO scheduling algorithm.
Resources requested: 7.0/8 CPUs, 1.0/1 GPUs, 0.0/17.54 GiB heap, 0.0/8.77 GiB objects (0.0/1.0 accelerator_type:G)
Result logdir: /workspace/MARLlib/runs/rware_mappo_gru_small_20m_tensorboard/qmix_gru_rware-small-4ag-v2
Number of trials: 1/1 (1 RUNNING)
+------------------------------------------------------+----------+-------------------+--------+------------------+---------+----------+----------------------+----------------------+--------------------+
| Trial name                                           | status   | loc               |   iter |   total time (s) |      ts |   reward |   episode_reward_max |   episode_reward_min |   episode_len_mean |
|------------------------------------------------------+----------+-------------------+--------+------------------+---------+----------+----------------------+----------------------+--------------------|
| QMIX_grouped_rware_v2_rware-small-4ag-v2_74c9b_00000 | RUNNING  | 172.24.0.2:994514 |    458 |          966.017 | 1377000 |     0.04 |                    1 |                    0 |                500 |
+------------------------------------------------------+----------+-------------------+--------+------------------+---------+----------+----------------------+----------------------+--------------------+


== Status ==
Current time: 2026-05-22 22:58:40 (running for 00:16:35.54)
Memory usage on this node: 74.5/251.6 GiB
Using FIFO scheduling algorithm.
Resources requested: 7.0/8 CPUs, 1.0/1 GPUs, 0.0/17.54 GiB heap, 0.0/8.77 GiB objects (0.0/1.0 accelerator_type:G)
Result logdir: /workspace/MARLlib/runs/rware_mappo_gru_small_20m_tensorboard/qmix_gru_rware-small-4ag-v2
Number of trials: 1/1 (1 RUNNING)
+------------------------------------------------------+----------+-------------------+--------+------------------+---------+----------+----------------------+----------------------+--------------------+
| Trial name                                           | status   | loc               |   iter |   total time (s) |      ts |   reward |   episode_reward_max |   episode_reward_min |   episode_len_mean |
|------------------------------------------------------+----------+-------------------+--------+------------------+---------+----------+----------------------+----------------------+--------------------|
| QMIX_grouped_rware_v2_rware-small-4ag-v2_74c9b_00000 | RUNNING  | 172.24.0.2:994514 |    461 |          971.694 | 1386000 |     0.03 |                    1 |                    0 |                500 |
+------------------------------------------------------+----------+-------------------+--------+------------------+---------+----------+----------------------+----------------------+--------------------+


== Status ==
Current time: 2026-05-22 22:58:46 (running for 00:16:41.30)
Memory usage on this node: 74.6/251.6 GiB
Using FIFO scheduling algorithm.
Resources requested: 7.0/8 CPUs, 1.0/1 GPUs, 0.0/17.54 GiB heap, 0.0/8.77 GiB objects (0.0/1.0 accelerator_type:G)
Result logdir: /workspace/MARLlib/runs/rware_mappo_gru_small_20m_tensorboard/qmix_gru_rware-small-4ag-v2
Number of trials: 1/1 (1 RUNNING)
+------------------------------------------------------+----------+-------------------+--------+------------------+---------+----------+----------------------+----------------------+--------------------+
| Trial name                                           | status   | loc               |   iter |   total time (s) |      ts |   reward |   episode_reward_max |   episode_reward_min |   episode_len_mean |
|------------------------------------------------------+----------+-------------------+--------+------------------+---------+----------+----------------------+----------------------+--------------------|
| QMIX_grouped_rware_v2_rware-small-4ag-v2_74c9b_00000 | RUNNING  | 172.24.0.2:994514 |    464 |          977.369 | 1395000 |     0.04 |                    1 |                    0 |                500 |
+------------------------------------------------------+----------+-------------------+--------+------------------+---------+----------+----------------------+----------------------+--------------------+


== Status ==
Current time: 2026-05-22 22:58:51 (running for 00:16:47.03)
Memory usage on this node: 74.6/251.6 GiB
Using FIFO scheduling algorithm.
Resources requested: 7.0/8 CPUs, 1.0/1 GPUs, 0.0/17.54 GiB heap, 0.0/8.77 GiB objects (0.0/1.0 accelerator_type:G)
Result logdir: /workspace/MARLlib/runs/rware_mappo_gru_small_20m_tensorboard/qmix_gru_rware-small-4ag-v2
Number of trials: 1/1 (1 RUNNING)
+------------------------------------------------------+----------+-------------------+--------+------------------+---------+----------+----------------------+----------------------+--------------------+
| Trial name                                           | status   | loc               |   iter |   total time (s) |      ts |   reward |   episode_reward_max |   episode_reward_min |   episode_len_mean |
|------------------------------------------------------+----------+-------------------+--------+------------------+---------+----------+----------------------+----------------------+--------------------|
| QMIX_grouped_rware_v2_rware-small-4ag-v2_74c9b_00000 | RUNNING  | 172.24.0.2:994514 |    467 |          983.021 | 1404000 |     0.05 |                    1 |                    0 |                500 |
+------------------------------------------------------+----------+-------------------+--------+------------------+---------+----------+----------------------+----------------------+--------------------+


== Status ==
Current time: 2026-05-22 22:58:57 (running for 00:16:52.83)
Memory usage on this node: 74.7/251.6 GiB
Using FIFO scheduling algorithm.
Resources requested: 7.0/8 CPUs, 1.0/1 GPUs, 0.0/17.54 GiB heap, 0.0/8.77 GiB objects (0.0/1.0 accelerator_type:G)
Result logdir: /workspace/MARLlib/runs/rware_mappo_gru_small_20m_tensorboard/qmix_gru_rware-small-4ag-v2
Number of trials: 1/1 (1 RUNNING)
+------------------------------------------------------+----------+-------------------+--------+------------------+---------+----------+----------------------+----------------------+--------------------+
| Trial name                                           | status   | loc               |   iter |   total time (s) |      ts |   reward |   episode_reward_max |   episode_reward_min |   episode_len_mean |
|------------------------------------------------------+----------+-------------------+--------+------------------+---------+----------+----------------------+----------------------+--------------------|
| QMIX_grouped_rware_v2_rware-small-4ag-v2_74c9b_00000 | RUNNING  | 172.24.0.2:994514 |    470 |          988.735 | 1413000 |     0.06 |                    1 |                    0 |                500 |
+------------------------------------------------------+----------+-------------------+--------+------------------+---------+----------+----------------------+----------------------+--------------------+


== Status ==
Current time: 2026-05-22 22:59:03 (running for 00:16:58.71)
Memory usage on this node: 74.8/251.6 GiB
Using FIFO scheduling algorithm.
Resources requested: 7.0/8 CPUs, 1.0/1 GPUs, 0.0/17.54 GiB heap, 0.0/8.77 GiB objects (0.0/1.0 accelerator_type:G)
Result logdir: /workspace/MARLlib/runs/rware_mappo_gru_small_20m_tensorboard/qmix_gru_rware-small-4ag-v2
Number of trials: 1/1 (1 RUNNING)
+------------------------------------------------------+----------+-------------------+--------+------------------+---------+----------+----------------------+----------------------+--------------------+
| Trial name                                           | status   | loc               |   iter |   total time (s) |      ts |   reward |   episode_reward_max |   episode_reward_min |   episode_len_mean |
|------------------------------------------------------+----------+-------------------+--------+------------------+---------+----------+----------------------+----------------------+--------------------|
| QMIX_grouped_rware_v2_rware-small-4ag-v2_74c9b_00000 | RUNNING  | 172.24.0.2:994514 |    473 |          994.539 | 1422000 |     0.05 |                    1 |                    0 |                500 |
+------------------------------------------------------+----------+-------------------+--------+------------------+---------+----------+----------------------+----------------------+--------------------+


== Status ==
Current time: 2026-05-22 22:59:09 (running for 00:17:04.33)
Memory usage on this node: 74.8/251.6 GiB
Using FIFO scheduling algorithm.
Resources requested: 7.0/8 CPUs, 1.0/1 GPUs, 0.0/17.54 GiB heap, 0.0/8.77 GiB objects (0.0/1.0 accelerator_type:G)
Result logdir: /workspace/MARLlib/runs/rware_mappo_gru_small_20m_tensorboard/qmix_gru_rware-small-4ag-v2
Number of trials: 1/1 (1 RUNNING)
+------------------------------------------------------+----------+-------------------+--------+------------------+---------+----------+----------------------+----------------------+--------------------+
| Trial name                                           | status   | loc               |   iter |   total time (s) |      ts |   reward |   episode_reward_max |   episode_reward_min |   episode_len_mean |
|------------------------------------------------------+----------+-------------------+--------+------------------+---------+----------+----------------------+----------------------+--------------------|
| QMIX_grouped_rware_v2_rware-small-4ag-v2_74c9b_00000 | RUNNING  | 172.24.0.2:994514 |    476 |          1000.07 | 1431000 |     0.05 |                    1 |                    0 |                500 |
+------------------------------------------------------+----------+-------------------+--------+------------------+---------+----------+----------------------+----------------------+--------------------+


== Status ==
Current time: 2026-05-22 22:59:14 (running for 00:17:10.09)
Memory usage on this node: 74.9/251.6 GiB
Using FIFO scheduling algorithm.
Resources requested: 7.0/8 CPUs, 1.0/1 GPUs, 0.0/17.54 GiB heap, 0.0/8.77 GiB objects (0.0/1.0 accelerator_type:G)
Result logdir: /workspace/MARLlib/runs/rware_mappo_gru_small_20m_tensorboard/qmix_gru_rware-small-4ag-v2
Number of trials: 1/1 (1 RUNNING)
+------------------------------------------------------+----------+-------------------+--------+------------------+---------+----------+----------------------+----------------------+--------------------+
| Trial name                                           | status   | loc               |   iter |   total time (s) |      ts |   reward |   episode_reward_max |   episode_reward_min |   episode_len_mean |
|------------------------------------------------------+----------+-------------------+--------+------------------+---------+----------+----------------------+----------------------+--------------------|
| QMIX_grouped_rware_v2_rware-small-4ag-v2_74c9b_00000 | RUNNING  | 172.24.0.2:994514 |    479 |          1005.77 | 1440000 |     0.05 |                    1 |                    0 |                500 |
+------------------------------------------------------+----------+-------------------+--------+------------------+---------+----------+----------------------+----------------------+--------------------+


== Status ==
Current time: 2026-05-22 22:59:20 (running for 00:17:15.84)
Memory usage on this node: 75.0/251.6 GiB
Using FIFO scheduling algorithm.
Resources requested: 7.0/8 CPUs, 1.0/1 GPUs, 0.0/17.54 GiB heap, 0.0/8.77 GiB objects (0.0/1.0 accelerator_type:G)
Result logdir: /workspace/MARLlib/runs/rware_mappo_gru_small_20m_tensorboard/qmix_gru_rware-small-4ag-v2
Number of trials: 1/1 (1 RUNNING)
+------------------------------------------------------+----------+-------------------+--------+------------------+---------+----------+----------------------+----------------------+--------------------+
| Trial name                                           | status   | loc               |   iter |   total time (s) |      ts |   reward |   episode_reward_max |   episode_reward_min |   episode_len_mean |
|------------------------------------------------------+----------+-------------------+--------+------------------+---------+----------+----------------------+----------------------+--------------------|
| QMIX_grouped_rware_v2_rware-small-4ag-v2_74c9b_00000 | RUNNING  | 172.24.0.2:994514 |    482 |          1011.44 | 1449000 |     0.04 |                    1 |                    0 |                500 |
+------------------------------------------------------+----------+-------------------+--------+------------------+---------+----------+----------------------+----------------------+--------------------+


== Status ==
Current time: 2026-05-22 22:59:26 (running for 00:17:21.59)
Memory usage on this node: 75.1/251.6 GiB
Using FIFO scheduling algorithm.
Resources requested: 7.0/8 CPUs, 1.0/1 GPUs, 0.0/17.54 GiB heap, 0.0/8.77 GiB objects (0.0/1.0 accelerator_type:G)
Result logdir: /workspace/MARLlib/runs/rware_mappo_gru_small_20m_tensorboard/qmix_gru_rware-small-4ag-v2
Number of trials: 1/1 (1 RUNNING)
+------------------------------------------------------+----------+-------------------+--------+------------------+---------+----------+----------------------+----------------------+--------------------+
| Trial name                                           | status   | loc               |   iter |   total time (s) |      ts |   reward |   episode_reward_max |   episode_reward_min |   episode_len_mean |
|------------------------------------------------------+----------+-------------------+--------+------------------+---------+----------+----------------------+----------------------+--------------------|
| QMIX_grouped_rware_v2_rware-small-4ag-v2_74c9b_00000 | RUNNING  | 172.24.0.2:994514 |    485 |          1017.11 | 1458000 |     0.03 |                    1 |                    0 |                500 |
+------------------------------------------------------+----------+-------------------+--------+------------------+---------+----------+----------------------+----------------------+--------------------+


== Status ==
Current time: 2026-05-22 22:59:32 (running for 00:17:27.44)
Memory usage on this node: 75.1/251.6 GiB
Using FIFO scheduling algorithm.
Resources requested: 7.0/8 CPUs, 1.0/1 GPUs, 0.0/17.54 GiB heap, 0.0/8.77 GiB objects (0.0/1.0 accelerator_type:G)
Result logdir: /workspace/MARLlib/runs/rware_mappo_gru_small_20m_tensorboard/qmix_gru_rware-small-4ag-v2
Number of trials: 1/1 (1 RUNNING)
+------------------------------------------------------+----------+-------------------+--------+------------------+---------+----------+----------------------+----------------------+--------------------+
| Trial name                                           | status   | loc               |   iter |   total time (s) |      ts |   reward |   episode_reward_max |   episode_reward_min |   episode_len_mean |
|------------------------------------------------------+----------+-------------------+--------+------------------+---------+----------+----------------------+----------------------+--------------------|
| QMIX_grouped_rware_v2_rware-small-4ag-v2_74c9b_00000 | RUNNING  | 172.24.0.2:994514 |    488 |          1022.88 | 1467000 |     0.05 |                    1 |                    0 |                500 |
+------------------------------------------------------+----------+-------------------+--------+------------------+---------+----------+----------------------+----------------------+--------------------+


== Status ==
Current time: 2026-05-22 22:59:38 (running for 00:17:33.32)
Memory usage on this node: 75.2/251.6 GiB
Using FIFO scheduling algorithm.
Resources requested: 7.0/8 CPUs, 1.0/1 GPUs, 0.0/17.54 GiB heap, 0.0/8.77 GiB objects (0.0/1.0 accelerator_type:G)
Result logdir: /workspace/MARLlib/runs/rware_mappo_gru_small_20m_tensorboard/qmix_gru_rware-small-4ag-v2
Number of trials: 1/1 (1 RUNNING)
+------------------------------------------------------+----------+-------------------+--------+------------------+---------+----------+----------------------+----------------------+--------------------+
| Trial name                                           | status   | loc               |   iter |   total time (s) |      ts |   reward |   episode_reward_max |   episode_reward_min |   episode_len_mean |
|------------------------------------------------------+----------+-------------------+--------+------------------+---------+----------+----------------------+----------------------+--------------------|
| QMIX_grouped_rware_v2_rware-small-4ag-v2_74c9b_00000 | RUNNING  | 172.24.0.2:994514 |    491 |          1028.68 | 1476000 |     0.07 |                    1 |                    0 |                500 |
+------------------------------------------------------+----------+-------------------+--------+------------------+---------+----------+----------------------+----------------------+--------------------+


== Status ==
Current time: 2026-05-22 22:59:43 (running for 00:17:39.11)
Memory usage on this node: 75.2/251.6 GiB
Using FIFO scheduling algorithm.
Resources requested: 7.0/8 CPUs, 1.0/1 GPUs, 0.0/17.54 GiB heap, 0.0/8.77 GiB objects (0.0/1.0 accelerator_type:G)
Result logdir: /workspace/MARLlib/runs/rware_mappo_gru_small_20m_tensorboard/qmix_gru_rware-small-4ag-v2
Number of trials: 1/1 (1 RUNNING)
+------------------------------------------------------+----------+-------------------+--------+------------------+---------+----------+----------------------+----------------------+--------------------+
| Trial name                                           | status   | loc               |   iter |   total time (s) |      ts |   reward |   episode_reward_max |   episode_reward_min |   episode_len_mean |
|------------------------------------------------------+----------+-------------------+--------+------------------+---------+----------+----------------------+----------------------+--------------------|
| QMIX_grouped_rware_v2_rware-small-4ag-v2_74c9b_00000 | RUNNING  | 172.24.0.2:994514 |    494 |          1034.39 | 1485000 |     0.06 |                    1 |                    0 |                500 |
+------------------------------------------------------+----------+-------------------+--------+------------------+---------+----------+----------------------+----------------------+--------------------+


== Status ==
Current time: 2026-05-22 22:59:49 (running for 00:17:44.93)
Memory usage on this node: 75.9/251.6 GiB
Using FIFO scheduling algorithm.
Resources requested: 7.0/8 CPUs, 1.0/1 GPUs, 0.0/17.54 GiB heap, 0.0/8.77 GiB objects (0.0/1.0 accelerator_type:G)
Result logdir: /workspace/MARLlib/runs/rware_mappo_gru_small_20m_tensorboard/qmix_gru_rware-small-4ag-v2
Number of trials: 1/1 (1 RUNNING)
+------------------------------------------------------+----------+-------------------+--------+------------------+---------+----------+----------------------+----------------------+--------------------+
| Trial name                                           | status   | loc               |   iter |   total time (s) |      ts |   reward |   episode_reward_max |   episode_reward_min |   episode_len_mean |
|------------------------------------------------------+----------+-------------------+--------+------------------+---------+----------+----------------------+----------------------+--------------------|
| QMIX_grouped_rware_v2_rware-small-4ag-v2_74c9b_00000 | RUNNING  | 172.24.0.2:994514 |    497 |          1040.14 | 1494000 |     0.07 |                    1 |                    0 |                500 |
+------------------------------------------------------+----------+-------------------+--------+------------------+---------+----------+----------------------+----------------------+--------------------+


== Status ==
Current time: 2026-05-22 22:59:55 (running for 00:17:50.76)
Memory usage on this node: 75.4/251.6 GiB
Using FIFO scheduling algorithm.
Resources requested: 7.0/8 CPUs, 1.0/1 GPUs, 0.0/17.54 GiB heap, 0.0/8.77 GiB objects (0.0/1.0 accelerator_type:G)
Result logdir: /workspace/MARLlib/runs/rware_mappo_gru_small_20m_tensorboard/qmix_gru_rware-small-4ag-v2
Number of trials: 1/1 (1 RUNNING)
+------------------------------------------------------+----------+-------------------+--------+------------------+---------+----------+----------------------+----------------------+--------------------+
| Trial name                                           | status   | loc               |   iter |   total time (s) |      ts |   reward |   episode_reward_max |   episode_reward_min |   episode_len_mean |
|------------------------------------------------------+----------+-------------------+--------+------------------+---------+----------+----------------------+----------------------+--------------------|
| QMIX_grouped_rware_v2_rware-small-4ag-v2_74c9b_00000 | RUNNING  | 172.24.0.2:994514 |    499 |          1043.93 | 1500000 |     0.06 |                    1 |                    0 |                500 |
+------------------------------------------------------+----------+-------------------+--------+------------------+---------+----------+----------------------+----------------------+--------------------+


== Status ==
Current time: 2026-05-22 23:00:00 (running for 00:17:55.77)
Memory usage on this node: 75.4/251.6 GiB
Using FIFO scheduling algorithm.
Resources requested: 7.0/8 CPUs, 1.0/1 GPUs, 0.0/17.54 GiB heap, 0.0/8.77 GiB objects (0.0/1.0 accelerator_type:G)
Result logdir: /workspace/MARLlib/runs/rware_mappo_gru_small_20m_tensorboard/qmix_gru_rware-small-4ag-v2
Number of trials: 1/1 (1 RUNNING)
+------------------------------------------------------+----------+-------------------+--------+------------------+---------+----------+----------------------+----------------------+--------------------+
| Trial name                                           | status   | loc               |   iter |   total time (s) |      ts |   reward |   episode_reward_max |   episode_reward_min |   episode_len_mean |
|------------------------------------------------------+----------+-------------------+--------+------------------+---------+----------+----------------------+----------------------+--------------------|
| QMIX_grouped_rware_v2_rware-small-4ag-v2_74c9b_00000 | RUNNING  | 172.24.0.2:994514 |    499 |          1043.93 | 1500000 |     0.06 |                    1 |                    0 |                500 |
+------------------------------------------------------+----------+-------------------+--------+------------------+---------+----------+----------------------+----------------------+--------------------+


== Status ==
Current time: 2026-05-22 23:00:05 (running for 00:18:01.13)
Memory usage on this node: 75.4/251.6 GiB
Using FIFO scheduling algorithm.
Resources requested: 7.0/8 CPUs, 1.0/1 GPUs, 0.0/17.54 GiB heap, 0.0/8.77 GiB objects (0.0/1.0 accelerator_type:G)
Result logdir: /workspace/MARLlib/runs/rware_mappo_gru_small_20m_tensorboard/qmix_gru_rware-small-4ag-v2
Number of trials: 1/1 (1 RUNNING)
+------------------------------------------------------+----------+-------------------+--------+------------------+---------+----------+----------------------+----------------------+--------------------+
| Trial name                                           | status   | loc               |   iter |   total time (s) |      ts |   reward |   episode_reward_max |   episode_reward_min |   episode_len_mean |
|------------------------------------------------------+----------+-------------------+--------+------------------+---------+----------+----------------------+----------------------+--------------------|
| QMIX_grouped_rware_v2_rware-small-4ag-v2_74c9b_00000 | RUNNING  | 172.24.0.2:994514 |    501 |          1057.22 | 1506000 |     0.06 |                    1 |                    0 |                500 |
+------------------------------------------------------+----------+-------------------+--------+------------------+---------+----------+----------------------+----------------------+--------------------+


== Status ==
Current time: 2026-05-22 23:00:11 (running for 00:18:06.95)
Memory usage on this node: 75.5/251.6 GiB
Using FIFO scheduling algorithm.
Resources requested: 7.0/8 CPUs, 1.0/1 GPUs, 0.0/17.54 GiB heap, 0.0/8.77 GiB objects (0.0/1.0 accelerator_type:G)
Result logdir: /workspace/MARLlib/runs/rware_mappo_gru_small_20m_tensorboard/qmix_gru_rware-small-4ag-v2
Number of trials: 1/1 (1 RUNNING)
+------------------------------------------------------+----------+-------------------+--------+------------------+---------+----------+----------------------+----------------------+--------------------+
| Trial name                                           | status   | loc               |   iter |   total time (s) |      ts |   reward |   episode_reward_max |   episode_reward_min |   episode_len_mean |
|------------------------------------------------------+----------+-------------------+--------+------------------+---------+----------+----------------------+----------------------+--------------------|
| QMIX_grouped_rware_v2_rware-small-4ag-v2_74c9b_00000 | RUNNING  | 172.24.0.2:994514 |    504 |          1062.91 | 1515000 |     0.03 |                    1 |                    0 |                500 |
+------------------------------------------------------+----------+-------------------+--------+------------------+---------+----------+----------------------+----------------------+--------------------+


== Status ==
Current time: 2026-05-22 23:00:17 (running for 00:18:12.71)
Memory usage on this node: 75.6/251.6 GiB
Using FIFO scheduling algorithm.
Resources requested: 7.0/8 CPUs, 1.0/1 GPUs, 0.0/17.54 GiB heap, 0.0/8.77 GiB objects (0.0/1.0 accelerator_type:G)
Result logdir: /workspace/MARLlib/runs/rware_mappo_gru_small_20m_tensorboard/qmix_gru_rware-small-4ag-v2
Number of trials: 1/1 (1 RUNNING)
+------------------------------------------------------+----------+-------------------+--------+------------------+---------+----------+----------------------+----------------------+--------------------+
| Trial name                                           | status   | loc               |   iter |   total time (s) |      ts |   reward |   episode_reward_max |   episode_reward_min |   episode_len_mean |
|------------------------------------------------------+----------+-------------------+--------+------------------+---------+----------+----------------------+----------------------+--------------------|
| QMIX_grouped_rware_v2_rware-small-4ag-v2_74c9b_00000 | RUNNING  | 172.24.0.2:994514 |    507 |          1068.64 | 1524000 |     0.02 |                    1 |                    0 |                500 |
+------------------------------------------------------+----------+-------------------+--------+------------------+---------+----------+----------------------+----------------------+--------------------+


== Status ==
Current time: 2026-05-22 23:00:23 (running for 00:18:18.50)
Memory usage on this node: 75.7/251.6 GiB
Using FIFO scheduling algorithm.
Resources requested: 7.0/8 CPUs, 1.0/1 GPUs, 0.0/17.54 GiB heap, 0.0/8.77 GiB objects (0.0/1.0 accelerator_type:G)
Result logdir: /workspace/MARLlib/runs/rware_mappo_gru_small_20m_tensorboard/qmix_gru_rware-small-4ag-v2
Number of trials: 1/1 (1 RUNNING)
+------------------------------------------------------+----------+-------------------+--------+------------------+---------+----------+----------------------+----------------------+--------------------+
| Trial name                                           | status   | loc               |   iter |   total time (s) |      ts |   reward |   episode_reward_max |   episode_reward_min |   episode_len_mean |
|------------------------------------------------------+----------+-------------------+--------+------------------+---------+----------+----------------------+----------------------+--------------------|
| QMIX_grouped_rware_v2_rware-small-4ag-v2_74c9b_00000 | RUNNING  | 172.24.0.2:994514 |    510 |          1074.36 | 1533000 |     0.02 |                    1 |                    0 |                500 |
+------------------------------------------------------+----------+-------------------+--------+------------------+---------+----------+----------------------+----------------------+--------------------+


== Status ==
Current time: 2026-05-22 23:00:29 (running for 00:18:24.42)
Memory usage on this node: 75.7/251.6 GiB
Using FIFO scheduling algorithm.
Resources requested: 7.0/8 CPUs, 1.0/1 GPUs, 0.0/17.54 GiB heap, 0.0/8.77 GiB objects (0.0/1.0 accelerator_type:G)
Result logdir: /workspace/MARLlib/runs/rware_mappo_gru_small_20m_tensorboard/qmix_gru_rware-small-4ag-v2
Number of trials: 1/1 (1 RUNNING)
+------------------------------------------------------+----------+-------------------+--------+------------------+---------+----------+----------------------+----------------------+--------------------+
| Trial name                                           | status   | loc               |   iter |   total time (s) |      ts |   reward |   episode_reward_max |   episode_reward_min |   episode_len_mean |
|------------------------------------------------------+----------+-------------------+--------+------------------+---------+----------+----------------------+----------------------+--------------------|
| QMIX_grouped_rware_v2_rware-small-4ag-v2_74c9b_00000 | RUNNING  | 172.24.0.2:994514 |    513 |           1080.2 | 1542000 |     0.02 |                    1 |                    0 |                500 |
+------------------------------------------------------+----------+-------------------+--------+------------------+---------+----------+----------------------+----------------------+--------------------+


== Status ==
Current time: 2026-05-22 23:00:34 (running for 00:18:30.12)
Memory usage on this node: 75.8/251.6 GiB
Using FIFO scheduling algorithm.
Resources requested: 7.0/8 CPUs, 1.0/1 GPUs, 0.0/17.54 GiB heap, 0.0/8.77 GiB objects (0.0/1.0 accelerator_type:G)
Result logdir: /workspace/MARLlib/runs/rware_mappo_gru_small_20m_tensorboard/qmix_gru_rware-small-4ag-v2
Number of trials: 1/1 (1 RUNNING)
+------------------------------------------------------+----------+-------------------+--------+------------------+---------+----------+----------------------+----------------------+--------------------+
| Trial name                                           | status   | loc               |   iter |   total time (s) |      ts |   reward |   episode_reward_max |   episode_reward_min |   episode_len_mean |
|------------------------------------------------------+----------+-------------------+--------+------------------+---------+----------+----------------------+----------------------+--------------------|
| QMIX_grouped_rware_v2_rware-small-4ag-v2_74c9b_00000 | RUNNING  | 172.24.0.2:994514 |    515 |          1085.85 | 1548000 |     0.04 |                    1 |                    0 |                500 |
+------------------------------------------------------+----------+-------------------+--------+------------------+---------+----------+----------------------+----------------------+--------------------+


== Status ==
Current time: 2026-05-22 23:00:40 (running for 00:18:35.80)
Memory usage on this node: 75.9/251.6 GiB
Using FIFO scheduling algorithm.
Resources requested: 7.0/8 CPUs, 1.0/1 GPUs, 0.0/17.54 GiB heap, 0.0/8.77 GiB objects (0.0/1.0 accelerator_type:G)
Result logdir: /workspace/MARLlib/runs/rware_mappo_gru_small_20m_tensorboard/qmix_gru_rware-small-4ag-v2
Number of trials: 1/1 (1 RUNNING)
+------------------------------------------------------+----------+-------------------+--------+------------------+---------+----------+----------------------+----------------------+--------------------+
| Trial name                                           | status   | loc               |   iter |   total time (s) |      ts |   reward |   episode_reward_max |   episode_reward_min |   episode_len_mean |
|------------------------------------------------------+----------+-------------------+--------+------------------+---------+----------+----------------------+----------------------+--------------------|
| QMIX_grouped_rware_v2_rware-small-4ag-v2_74c9b_00000 | RUNNING  | 172.24.0.2:994514 |    518 |          1091.47 | 1557000 |     0.04 |                    1 |                    0 |                500 |
+------------------------------------------------------+----------+-------------------+--------+------------------+---------+----------+----------------------+----------------------+--------------------+


== Status ==
Current time: 2026-05-22 23:00:46 (running for 00:18:41.51)
Memory usage on this node: 76.0/251.6 GiB
Using FIFO scheduling algorithm.
Resources requested: 7.0/8 CPUs, 1.0/1 GPUs, 0.0/17.54 GiB heap, 0.0/8.77 GiB objects (0.0/1.0 accelerator_type:G)
Result logdir: /workspace/MARLlib/runs/rware_mappo_gru_small_20m_tensorboard/qmix_gru_rware-small-4ag-v2
Number of trials: 1/1 (1 RUNNING)
+------------------------------------------------------+----------+-------------------+--------+------------------+---------+----------+----------------------+----------------------+--------------------+
| Trial name                                           | status   | loc               |   iter |   total time (s) |      ts |   reward |   episode_reward_max |   episode_reward_min |   episode_len_mean |
|------------------------------------------------------+----------+-------------------+--------+------------------+---------+----------+----------------------+----------------------+--------------------|
| QMIX_grouped_rware_v2_rware-small-4ag-v2_74c9b_00000 | RUNNING  | 172.24.0.2:994514 |    521 |          1097.12 | 1566000 |     0.05 |                    1 |                    0 |                500 |
+------------------------------------------------------+----------+-------------------+--------+------------------+---------+----------+----------------------+----------------------+--------------------+


== Status ==
Current time: 2026-05-22 23:00:52 (running for 00:18:47.22)
Memory usage on this node: 76.0/251.6 GiB
Using FIFO scheduling algorithm.
Resources requested: 7.0/8 CPUs, 1.0/1 GPUs, 0.0/17.54 GiB heap, 0.0/8.77 GiB objects (0.0/1.0 accelerator_type:G)
Result logdir: /workspace/MARLlib/runs/rware_mappo_gru_small_20m_tensorboard/qmix_gru_rware-small-4ag-v2
Number of trials: 1/1 (1 RUNNING)
+------------------------------------------------------+----------+-------------------+--------+------------------+---------+----------+----------------------+----------------------+--------------------+
| Trial name                                           | status   | loc               |   iter |   total time (s) |      ts |   reward |   episode_reward_max |   episode_reward_min |   episode_len_mean |
|------------------------------------------------------+----------+-------------------+--------+------------------+---------+----------+----------------------+----------------------+--------------------|
| QMIX_grouped_rware_v2_rware-small-4ag-v2_74c9b_00000 | RUNNING  | 172.24.0.2:994514 |    524 |          1102.77 | 1575000 |     0.05 |                    1 |                    0 |                500 |
+------------------------------------------------------+----------+-------------------+--------+------------------+---------+----------+----------------------+----------------------+--------------------+


== Status ==
Current time: 2026-05-22 23:00:57 (running for 00:18:52.98)
Memory usage on this node: 76.1/251.6 GiB
Using FIFO scheduling algorithm.
Resources requested: 7.0/8 CPUs, 1.0/1 GPUs, 0.0/17.54 GiB heap, 0.0/8.77 GiB objects (0.0/1.0 accelerator_type:G)
Result logdir: /workspace/MARLlib/runs/rware_mappo_gru_small_20m_tensorboard/qmix_gru_rware-small-4ag-v2
Number of trials: 1/1 (1 RUNNING)
+------------------------------------------------------+----------+-------------------+--------+------------------+---------+----------+----------------------+----------------------+--------------------+
| Trial name                                           | status   | loc               |   iter |   total time (s) |      ts |   reward |   episode_reward_max |   episode_reward_min |   episode_len_mean |
|------------------------------------------------------+----------+-------------------+--------+------------------+---------+----------+----------------------+----------------------+--------------------|
| QMIX_grouped_rware_v2_rware-small-4ag-v2_74c9b_00000 | RUNNING  | 172.24.0.2:994514 |    527 |          1108.44 | 1584000 |     0.06 |                    1 |                    0 |                500 |
+------------------------------------------------------+----------+-------------------+--------+------------------+---------+----------+----------------------+----------------------+--------------------+


== Status ==
Current time: 2026-05-22 23:01:03 (running for 00:18:58.88)
Memory usage on this node: 76.2/251.6 GiB
Using FIFO scheduling algorithm.
Resources requested: 7.0/8 CPUs, 1.0/1 GPUs, 0.0/17.54 GiB heap, 0.0/8.77 GiB objects (0.0/1.0 accelerator_type:G)
Result logdir: /workspace/MARLlib/runs/rware_mappo_gru_small_20m_tensorboard/qmix_gru_rware-small-4ag-v2
Number of trials: 1/1 (1 RUNNING)
+------------------------------------------------------+----------+-------------------+--------+------------------+---------+----------+----------------------+----------------------+--------------------+
| Trial name                                           | status   | loc               |   iter |   total time (s) |      ts |   reward |   episode_reward_max |   episode_reward_min |   episode_len_mean |
|------------------------------------------------------+----------+-------------------+--------+------------------+---------+----------+----------------------+----------------------+--------------------|
| QMIX_grouped_rware_v2_rware-small-4ag-v2_74c9b_00000 | RUNNING  | 172.24.0.2:994514 |    529 |           1112.3 | 1590000 |     0.06 |                    1 |                    0 |                500 |
+------------------------------------------------------+----------+-------------------+--------+------------------+---------+----------+----------------------+----------------------+--------------------+


== Status ==
Current time: 2026-05-22 23:01:09 (running for 00:19:04.74)
Memory usage on this node: 76.2/251.6 GiB
Using FIFO scheduling algorithm.
Resources requested: 7.0/8 CPUs, 1.0/1 GPUs, 0.0/17.54 GiB heap, 0.0/8.77 GiB objects (0.0/1.0 accelerator_type:G)
Result logdir: /workspace/MARLlib/runs/rware_mappo_gru_small_20m_tensorboard/qmix_gru_rware-small-4ag-v2
Number of trials: 1/1 (1 RUNNING)
+------------------------------------------------------+----------+-------------------+--------+------------------+---------+----------+----------------------+----------------------+--------------------+
| Trial name                                           | status   | loc               |   iter |   total time (s) |      ts |   reward |   episode_reward_max |   episode_reward_min |   episode_len_mean |
|------------------------------------------------------+----------+-------------------+--------+------------------+---------+----------+----------------------+----------------------+--------------------|
| QMIX_grouped_rware_v2_rware-small-4ag-v2_74c9b_00000 | RUNNING  | 172.24.0.2:994514 |    533 |          1120.05 | 1602000 |     0.03 |                    1 |                    0 |                500 |
+------------------------------------------------------+----------+-------------------+--------+------------------+---------+----------+----------------------+----------------------+--------------------+


== Status ==
Current time: 2026-05-22 23:01:15 (running for 00:19:10.60)
Memory usage on this node: 76.3/251.6 GiB
Using FIFO scheduling algorithm.
Resources requested: 7.0/8 CPUs, 1.0/1 GPUs, 0.0/17.54 GiB heap, 0.0/8.77 GiB objects (0.0/1.0 accelerator_type:G)
Result logdir: /workspace/MARLlib/runs/rware_mappo_gru_small_20m_tensorboard/qmix_gru_rware-small-4ag-v2
Number of trials: 1/1 (1 RUNNING)
+------------------------------------------------------+----------+-------------------+--------+------------------+---------+----------+----------------------+----------------------+--------------------+
| Trial name                                           | status   | loc               |   iter |   total time (s) |      ts |   reward |   episode_reward_max |   episode_reward_min |   episode_len_mean |
|------------------------------------------------------+----------+-------------------+--------+------------------+---------+----------+----------------------+----------------------+--------------------|
| QMIX_grouped_rware_v2_rware-small-4ag-v2_74c9b_00000 | RUNNING  | 172.24.0.2:994514 |    536 |          1125.82 | 1611000 |     0.05 |                    1 |                    0 |                500 |
+------------------------------------------------------+----------+-------------------+--------+------------------+---------+----------+----------------------+----------------------+--------------------+


== Status ==
Current time: 2026-05-22 23:01:21 (running for 00:19:16.33)
Memory usage on this node: 76.4/251.6 GiB
Using FIFO scheduling algorithm.
Resources requested: 7.0/8 CPUs, 1.0/1 GPUs, 0.0/17.54 GiB heap, 0.0/8.77 GiB objects (0.0/1.0 accelerator_type:G)
Result logdir: /workspace/MARLlib/runs/rware_mappo_gru_small_20m_tensorboard/qmix_gru_rware-small-4ag-v2
Number of trials: 1/1 (1 RUNNING)
+------------------------------------------------------+----------+-------------------+--------+------------------+---------+----------+----------------------+----------------------+--------------------+
| Trial name                                           | status   | loc               |   iter |   total time (s) |      ts |   reward |   episode_reward_max |   episode_reward_min |   episode_len_mean |
|------------------------------------------------------+----------+-------------------+--------+------------------+---------+----------+----------------------+----------------------+--------------------|
| QMIX_grouped_rware_v2_rware-small-4ag-v2_74c9b_00000 | RUNNING  | 172.24.0.2:994514 |    539 |          1131.48 | 1620000 |     0.03 |                    1 |                    0 |                500 |
+------------------------------------------------------+----------+-------------------+--------+------------------+---------+----------+----------------------+----------------------+--------------------+


== Status ==
Current time: 2026-05-22 23:01:26 (running for 00:19:22.09)
Memory usage on this node: 76.5/251.6 GiB
Using FIFO scheduling algorithm.
Resources requested: 7.0/8 CPUs, 1.0/1 GPUs, 0.0/17.54 GiB heap, 0.0/8.77 GiB objects (0.0/1.0 accelerator_type:G)
Result logdir: /workspace/MARLlib/runs/rware_mappo_gru_small_20m_tensorboard/qmix_gru_rware-small-4ag-v2
Number of trials: 1/1 (1 RUNNING)
+------------------------------------------------------+----------+-------------------+--------+------------------+---------+----------+----------------------+----------------------+--------------------+
| Trial name                                           | status   | loc               |   iter |   total time (s) |      ts |   reward |   episode_reward_max |   episode_reward_min |   episode_len_mean |
|------------------------------------------------------+----------+-------------------+--------+------------------+---------+----------+----------------------+----------------------+--------------------|
| QMIX_grouped_rware_v2_rware-small-4ag-v2_74c9b_00000 | RUNNING  | 172.24.0.2:994514 |    542 |          1137.16 | 1629000 |     0.03 |                    1 |                    0 |                500 |
+------------------------------------------------------+----------+-------------------+--------+------------------+---------+----------+----------------------+----------------------+--------------------+


== Status ==
Current time: 2026-05-22 23:01:32 (running for 00:19:27.93)
Memory usage on this node: 76.5/251.6 GiB
Using FIFO scheduling algorithm.
Resources requested: 7.0/8 CPUs, 1.0/1 GPUs, 0.0/17.54 GiB heap, 0.0/8.77 GiB objects (0.0/1.0 accelerator_type:G)
Result logdir: /workspace/MARLlib/runs/rware_mappo_gru_small_20m_tensorboard/qmix_gru_rware-small-4ag-v2
Number of trials: 1/1 (1 RUNNING)
+------------------------------------------------------+----------+-------------------+--------+------------------+---------+----------+----------------------+----------------------+--------------------+
| Trial name                                           | status   | loc               |   iter |   total time (s) |      ts |   reward |   episode_reward_max |   episode_reward_min |   episode_len_mean |
|------------------------------------------------------+----------+-------------------+--------+------------------+---------+----------+----------------------+----------------------+--------------------|
| QMIX_grouped_rware_v2_rware-small-4ag-v2_74c9b_00000 | RUNNING  | 172.24.0.2:994514 |    545 |          1142.92 | 1638000 |     0.03 |                    1 |                    0 |                500 |
+------------------------------------------------------+----------+-------------------+--------+------------------+---------+----------+----------------------+----------------------+--------------------+


== Status ==
Current time: 2026-05-22 23:01:38 (running for 00:19:33.81)
Memory usage on this node: 76.6/251.6 GiB
Using FIFO scheduling algorithm.
Resources requested: 7.0/8 CPUs, 1.0/1 GPUs, 0.0/17.54 GiB heap, 0.0/8.77 GiB objects (0.0/1.0 accelerator_type:G)
Result logdir: /workspace/MARLlib/runs/rware_mappo_gru_small_20m_tensorboard/qmix_gru_rware-small-4ag-v2
Number of trials: 1/1 (1 RUNNING)
+------------------------------------------------------+----------+-------------------+--------+------------------+---------+----------+----------------------+----------------------+--------------------+
| Trial name                                           | status   | loc               |   iter |   total time (s) |      ts |   reward |   episode_reward_max |   episode_reward_min |   episode_len_mean |
|------------------------------------------------------+----------+-------------------+--------+------------------+---------+----------+----------------------+----------------------+--------------------|
| QMIX_grouped_rware_v2_rware-small-4ag-v2_74c9b_00000 | RUNNING  | 172.24.0.2:994514 |    548 |          1148.72 | 1647000 |     0.03 |                    1 |                    0 |                500 |
+------------------------------------------------------+----------+-------------------+--------+------------------+---------+----------+----------------------+----------------------+--------------------+


== Status ==
Current time: 2026-05-22 23:01:44 (running for 00:19:39.78)
Memory usage on this node: 76.7/251.6 GiB
Using FIFO scheduling algorithm.
Resources requested: 7.0/8 CPUs, 1.0/1 GPUs, 0.0/17.54 GiB heap, 0.0/8.77 GiB objects (0.0/1.0 accelerator_type:G)
Result logdir: /workspace/MARLlib/runs/rware_mappo_gru_small_20m_tensorboard/qmix_gru_rware-small-4ag-v2
Number of trials: 1/1 (1 RUNNING)
+------------------------------------------------------+----------+-------------------+--------+------------------+---------+----------+----------------------+----------------------+--------------------+
| Trial name                                           | status   | loc               |   iter |   total time (s) |      ts |   reward |   episode_reward_max |   episode_reward_min |   episode_len_mean |
|------------------------------------------------------+----------+-------------------+--------+------------------+---------+----------+----------------------+----------------------+--------------------|
| QMIX_grouped_rware_v2_rware-small-4ag-v2_74c9b_00000 | RUNNING  | 172.24.0.2:994514 |    549 |          1150.66 | 1650000 |     0.03 |                    1 |                    0 |                500 |
+------------------------------------------------------+----------+-------------------+--------+------------------+---------+----------+----------------------+----------------------+--------------------+


== Status ==
Current time: 2026-05-22 23:01:49 (running for 00:19:44.78)
Memory usage on this node: 76.7/251.6 GiB
Using FIFO scheduling algorithm.
Resources requested: 7.0/8 CPUs, 1.0/1 GPUs, 0.0/17.54 GiB heap, 0.0/8.77 GiB objects (0.0/1.0 accelerator_type:G)
Result logdir: /workspace/MARLlib/runs/rware_mappo_gru_small_20m_tensorboard/qmix_gru_rware-small-4ag-v2
Number of trials: 1/1 (1 RUNNING)
+------------------------------------------------------+----------+-------------------+--------+------------------+---------+----------+----------------------+----------------------+--------------------+
| Trial name                                           | status   | loc               |   iter |   total time (s) |      ts |   reward |   episode_reward_max |   episode_reward_min |   episode_len_mean |
|------------------------------------------------------+----------+-------------------+--------+------------------+---------+----------+----------------------+----------------------+--------------------|
| QMIX_grouped_rware_v2_rware-small-4ag-v2_74c9b_00000 | RUNNING  | 172.24.0.2:994514 |    549 |          1150.66 | 1650000 |     0.03 |                    1 |                    0 |                500 |
+------------------------------------------------------+----------+-------------------+--------+------------------+---------+----------+----------------------+----------------------+--------------------+


== Status ==
Current time: 2026-05-22 23:01:54 (running for 00:19:50.15)
Memory usage on this node: 76.7/251.6 GiB
Using FIFO scheduling algorithm.
Resources requested: 7.0/8 CPUs, 1.0/1 GPUs, 0.0/17.54 GiB heap, 0.0/8.77 GiB objects (0.0/1.0 accelerator_type:G)
Result logdir: /workspace/MARLlib/runs/rware_mappo_gru_small_20m_tensorboard/qmix_gru_rware-small-4ag-v2
Number of trials: 1/1 (1 RUNNING)
+------------------------------------------------------+----------+-------------------+--------+------------------+---------+----------+----------------------+----------------------+--------------------+
| Trial name                                           | status   | loc               |   iter |   total time (s) |      ts |   reward |   episode_reward_max |   episode_reward_min |   episode_len_mean |
|------------------------------------------------------+----------+-------------------+--------+------------------+---------+----------+----------------------+----------------------+--------------------|
| QMIX_grouped_rware_v2_rware-small-4ag-v2_74c9b_00000 | RUNNING  | 172.24.0.2:994514 |    551 |          1163.97 | 1656000 |     0.01 |                    1 |                    0 |                500 |
+------------------------------------------------------+----------+-------------------+--------+------------------+---------+----------+----------------------+----------------------+--------------------+


== Status ==
Current time: 2026-05-22 23:02:00 (running for 00:19:55.94)
Memory usage on this node: 76.8/251.6 GiB
Using FIFO scheduling algorithm.
Resources requested: 7.0/8 CPUs, 1.0/1 GPUs, 0.0/17.54 GiB heap, 0.0/8.77 GiB objects (0.0/1.0 accelerator_type:G)
Result logdir: /workspace/MARLlib/runs/rware_mappo_gru_small_20m_tensorboard/qmix_gru_rware-small-4ag-v2
Number of trials: 1/1 (1 RUNNING)
+------------------------------------------------------+----------+-------------------+--------+------------------+---------+----------+----------------------+----------------------+--------------------+
| Trial name                                           | status   | loc               |   iter |   total time (s) |      ts |   reward |   episode_reward_max |   episode_reward_min |   episode_len_mean |
|------------------------------------------------------+----------+-------------------+--------+------------------+---------+----------+----------------------+----------------------+--------------------|
| QMIX_grouped_rware_v2_rware-small-4ag-v2_74c9b_00000 | RUNNING  | 172.24.0.2:994514 |    554 |           1169.7 | 1665000 |     0.01 |                    1 |                    0 |                500 |
+------------------------------------------------------+----------+-------------------+--------+------------------+---------+----------+----------------------+----------------------+--------------------+


== Status ==
Current time: 2026-05-22 23:02:06 (running for 00:20:01.79)
Memory usage on this node: 76.9/251.6 GiB
Using FIFO scheduling algorithm.
Resources requested: 7.0/8 CPUs, 1.0/1 GPUs, 0.0/17.54 GiB heap, 0.0/8.77 GiB objects (0.0/1.0 accelerator_type:G)
Result logdir: /workspace/MARLlib/runs/rware_mappo_gru_small_20m_tensorboard/qmix_gru_rware-small-4ag-v2
Number of trials: 1/1 (1 RUNNING)
+------------------------------------------------------+----------+-------------------+--------+------------------+---------+----------+----------------------+----------------------+--------------------+
| Trial name                                           | status   | loc               |   iter |   total time (s) |      ts |   reward |   episode_reward_max |   episode_reward_min |   episode_len_mean |
|------------------------------------------------------+----------+-------------------+--------+------------------+---------+----------+----------------------+----------------------+--------------------|
| QMIX_grouped_rware_v2_rware-small-4ag-v2_74c9b_00000 | RUNNING  | 172.24.0.2:994514 |    556 |          1173.49 | 1671000 |     0.01 |                    1 |                    0 |                500 |
+------------------------------------------------------+----------+-------------------+--------+------------------+---------+----------+----------------------+----------------------+--------------------+


== Status ==
Current time: 2026-05-22 23:02:11 (running for 00:20:06.97)
Memory usage on this node: 76.9/251.6 GiB
Using FIFO scheduling algorithm.
Resources requested: 7.0/8 CPUs, 1.0/1 GPUs, 0.0/17.54 GiB heap, 0.0/8.77 GiB objects (0.0/1.0 accelerator_type:G)
Result logdir: /workspace/MARLlib/runs/rware_mappo_gru_small_20m_tensorboard/qmix_gru_rware-small-4ag-v2
Number of trials: 1/1 (1 RUNNING)
+------------------------------------------------------+----------+-------------------+--------+------------------+---------+----------+----------------------+----------------------+--------------------+
| Trial name                                           | status   | loc               |   iter |   total time (s) |      ts |   reward |   episode_reward_max |   episode_reward_min |   episode_len_mean |
|------------------------------------------------------+----------+-------------------+--------+------------------+---------+----------+----------------------+----------------------+--------------------|
| QMIX_grouped_rware_v2_rware-small-4ag-v2_74c9b_00000 | RUNNING  | 172.24.0.2:994514 |    559 |          1180.61 | 1680000 |     0.03 |                    1 |                    0 |                500 |
+------------------------------------------------------+----------+-------------------+--------+------------------+---------+----------+----------------------+----------------------+--------------------+


== Status ==
Current time: 2026-05-22 23:02:17 (running for 00:20:12.73)
Memory usage on this node: 77.0/251.6 GiB
Using FIFO scheduling algorithm.
Resources requested: 7.0/8 CPUs, 1.0/1 GPUs, 0.0/17.54 GiB heap, 0.0/8.77 GiB objects (0.0/1.0 accelerator_type:G)
Result logdir: /workspace/MARLlib/runs/rware_mappo_gru_small_20m_tensorboard/qmix_gru_rware-small-4ag-v2
Number of trials: 1/1 (1 RUNNING)
+------------------------------------------------------+----------+-------------------+--------+------------------+---------+----------+----------------------+----------------------+--------------------+
| Trial name                                           | status   | loc               |   iter |   total time (s) |      ts |   reward |   episode_reward_max |   episode_reward_min |   episode_len_mean |
|------------------------------------------------------+----------+-------------------+--------+------------------+---------+----------+----------------------+----------------------+--------------------|
| QMIX_grouped_rware_v2_rware-small-4ag-v2_74c9b_00000 | RUNNING  | 172.24.0.2:994514 |    562 |          1186.29 | 1689000 |     0.02 |                    1 |                    0 |                500 |
+------------------------------------------------------+----------+-------------------+--------+------------------+---------+----------+----------------------+----------------------+--------------------+


== Status ==
Current time: 2026-05-22 23:02:23 (running for 00:20:18.52)
Memory usage on this node: 77.0/251.6 GiB
Using FIFO scheduling algorithm.
Resources requested: 7.0/8 CPUs, 1.0/1 GPUs, 0.0/17.54 GiB heap, 0.0/8.77 GiB objects (0.0/1.0 accelerator_type:G)
Result logdir: /workspace/MARLlib/runs/rware_mappo_gru_small_20m_tensorboard/qmix_gru_rware-small-4ag-v2
Number of trials: 1/1 (1 RUNNING)
+------------------------------------------------------+----------+-------------------+--------+------------------+---------+----------+----------------------+----------------------+--------------------+
| Trial name                                           | status   | loc               |   iter |   total time (s) |      ts |   reward |   episode_reward_max |   episode_reward_min |   episode_len_mean |
|------------------------------------------------------+----------+-------------------+--------+------------------+---------+----------+----------------------+----------------------+--------------------|
| QMIX_grouped_rware_v2_rware-small-4ag-v2_74c9b_00000 | RUNNING  | 172.24.0.2:994514 |    565 |          1191.99 | 1698000 |     0.02 |                    1 |                    0 |                500 |
+------------------------------------------------------+----------+-------------------+--------+------------------+---------+----------+----------------------+----------------------+--------------------+


== Status ==
Current time: 2026-05-22 23:02:29 (running for 00:20:24.28)
Memory usage on this node: 77.0/251.6 GiB
Using FIFO scheduling algorithm.
Resources requested: 7.0/8 CPUs, 1.0/1 GPUs, 0.0/17.54 GiB heap, 0.0/8.77 GiB objects (0.0/1.0 accelerator_type:G)
Result logdir: /workspace/MARLlib/runs/rware_mappo_gru_small_20m_tensorboard/qmix_gru_rware-small-4ag-v2
Number of trials: 1/1 (1 RUNNING)
+------------------------------------------------------+----------+-------------------+--------+------------------+---------+----------+----------------------+----------------------+--------------------+
| Trial name                                           | status   | loc               |   iter |   total time (s) |      ts |   reward |   episode_reward_max |   episode_reward_min |   episode_len_mean |
|------------------------------------------------------+----------+-------------------+--------+------------------+---------+----------+----------------------+----------------------+--------------------|
| QMIX_grouped_rware_v2_rware-small-4ag-v2_74c9b_00000 | RUNNING  | 172.24.0.2:994514 |    568 |          1197.67 | 1707000 |     0.02 |                    1 |                    0 |                500 |
+------------------------------------------------------+----------+-------------------+--------+------------------+---------+----------+----------------------+----------------------+--------------------+


== Status ==
Current time: 2026-05-22 23:02:34 (running for 00:20:30.01)
Memory usage on this node: 77.1/251.6 GiB
Using FIFO scheduling algorithm.
Resources requested: 7.0/8 CPUs, 1.0/1 GPUs, 0.0/17.54 GiB heap, 0.0/8.77 GiB objects (0.0/1.0 accelerator_type:G)
Result logdir: /workspace/MARLlib/runs/rware_mappo_gru_small_20m_tensorboard/qmix_gru_rware-small-4ag-v2
Number of trials: 1/1 (1 RUNNING)
+------------------------------------------------------+----------+-------------------+--------+------------------+---------+----------+----------------------+----------------------+--------------------+
| Trial name                                           | status   | loc               |   iter |   total time (s) |      ts |   reward |   episode_reward_max |   episode_reward_min |   episode_len_mean |
|------------------------------------------------------+----------+-------------------+--------+------------------+---------+----------+----------------------+----------------------+--------------------|
| QMIX_grouped_rware_v2_rware-small-4ag-v2_74c9b_00000 | RUNNING  | 172.24.0.2:994514 |    571 |          1203.34 | 1716000 |     0.03 |                    1 |                    0 |                500 |
+------------------------------------------------------+----------+-------------------+--------+------------------+---------+----------+----------------------+----------------------+--------------------+


== Status ==
Current time: 2026-05-22 23:02:40 (running for 00:20:35.74)
Memory usage on this node: 77.2/251.6 GiB
Using FIFO scheduling algorithm.
Resources requested: 7.0/8 CPUs, 1.0/1 GPUs, 0.0/17.54 GiB heap, 0.0/8.77 GiB objects (0.0/1.0 accelerator_type:G)
Result logdir: /workspace/MARLlib/runs/rware_mappo_gru_small_20m_tensorboard/qmix_gru_rware-small-4ag-v2
Number of trials: 1/1 (1 RUNNING)
+------------------------------------------------------+----------+-------------------+--------+------------------+---------+----------+----------------------+----------------------+--------------------+
| Trial name                                           | status   | loc               |   iter |   total time (s) |      ts |   reward |   episode_reward_max |   episode_reward_min |   episode_len_mean |
|------------------------------------------------------+----------+-------------------+--------+------------------+---------+----------+----------------------+----------------------+--------------------|
| QMIX_grouped_rware_v2_rware-small-4ag-v2_74c9b_00000 | RUNNING  | 172.24.0.2:994514 |    574 |             1209 | 1725000 |     0.02 |                    1 |                    0 |                500 |
+------------------------------------------------------+----------+-------------------+--------+------------------+---------+----------+----------------------+----------------------+--------------------+


== Status ==
Current time: 2026-05-22 23:02:46 (running for 00:20:41.66)
Memory usage on this node: 77.3/251.6 GiB
Using FIFO scheduling algorithm.
Resources requested: 7.0/8 CPUs, 1.0/1 GPUs, 0.0/17.54 GiB heap, 0.0/8.77 GiB objects (0.0/1.0 accelerator_type:G)
Result logdir: /workspace/MARLlib/runs/rware_mappo_gru_small_20m_tensorboard/qmix_gru_rware-small-4ag-v2
Number of trials: 1/1 (1 RUNNING)
+------------------------------------------------------+----------+-------------------+--------+------------------+---------+----------+----------------------+----------------------+--------------------+
| Trial name                                           | status   | loc               |   iter |   total time (s) |      ts |   reward |   episode_reward_max |   episode_reward_min |   episode_len_mean |
|------------------------------------------------------+----------+-------------------+--------+------------------+---------+----------+----------------------+----------------------+--------------------|
| QMIX_grouped_rware_v2_rware-small-4ag-v2_74c9b_00000 | RUNNING  | 172.24.0.2:994514 |    577 |          1214.84 | 1734000 |     0.03 |                    1 |                    0 |                500 |
+------------------------------------------------------+----------+-------------------+--------+------------------+---------+----------+----------------------+----------------------+--------------------+


== Status ==
Current time: 2026-05-22 23:02:52 (running for 00:20:47.43)
Memory usage on this node: 77.4/251.6 GiB
Using FIFO scheduling algorithm.
Resources requested: 7.0/8 CPUs, 1.0/1 GPUs, 0.0/17.54 GiB heap, 0.0/8.77 GiB objects (0.0/1.0 accelerator_type:G)
Result logdir: /workspace/MARLlib/runs/rware_mappo_gru_small_20m_tensorboard/qmix_gru_rware-small-4ag-v2
Number of trials: 1/1 (1 RUNNING)
+------------------------------------------------------+----------+-------------------+--------+------------------+---------+----------+----------------------+----------------------+--------------------+
| Trial name                                           | status   | loc               |   iter |   total time (s) |      ts |   reward |   episode_reward_max |   episode_reward_min |   episode_len_mean |
|------------------------------------------------------+----------+-------------------+--------+------------------+---------+----------+----------------------+----------------------+--------------------|
| QMIX_grouped_rware_v2_rware-small-4ag-v2_74c9b_00000 | RUNNING  | 172.24.0.2:994514 |    580 |          1220.56 | 1743000 |     0.05 |                    1 |                    0 |                500 |
+------------------------------------------------------+----------+-------------------+--------+------------------+---------+----------+----------------------+----------------------+--------------------+


== Status ==
Current time: 2026-05-22 23:02:57 (running for 00:20:53.09)
Memory usage on this node: 77.5/251.6 GiB
Using FIFO scheduling algorithm.
Resources requested: 7.0/8 CPUs, 1.0/1 GPUs, 0.0/17.54 GiB heap, 0.0/8.77 GiB objects (0.0/1.0 accelerator_type:G)
Result logdir: /workspace/MARLlib/runs/rware_mappo_gru_small_20m_tensorboard/qmix_gru_rware-small-4ag-v2
Number of trials: 1/1 (1 RUNNING)
+------------------------------------------------------+----------+-------------------+--------+------------------+---------+----------+----------------------+----------------------+--------------------+
| Trial name                                           | status   | loc               |   iter |   total time (s) |      ts |   reward |   episode_reward_max |   episode_reward_min |   episode_len_mean |
|------------------------------------------------------+----------+-------------------+--------+------------------+---------+----------+----------------------+----------------------+--------------------|
| QMIX_grouped_rware_v2_rware-small-4ag-v2_74c9b_00000 | RUNNING  | 172.24.0.2:994514 |    583 |          1226.15 | 1752000 |     0.06 |                    1 |                    0 |                500 |
+------------------------------------------------------+----------+-------------------+--------+------------------+---------+----------+----------------------+----------------------+--------------------+


== Status ==
Current time: 2026-05-22 23:03:03 (running for 00:20:58.79)
Memory usage on this node: 77.5/251.6 GiB
Using FIFO scheduling algorithm.
Resources requested: 7.0/8 CPUs, 1.0/1 GPUs, 0.0/17.54 GiB heap, 0.0/8.77 GiB objects (0.0/1.0 accelerator_type:G)
Result logdir: /workspace/MARLlib/runs/rware_mappo_gru_small_20m_tensorboard/qmix_gru_rware-small-4ag-v2
Number of trials: 1/1 (1 RUNNING)
+------------------------------------------------------+----------+-------------------+--------+------------------+---------+----------+----------------------+----------------------+--------------------+
| Trial name                                           | status   | loc               |   iter |   total time (s) |      ts |   reward |   episode_reward_max |   episode_reward_min |   episode_len_mean |
|------------------------------------------------------+----------+-------------------+--------+------------------+---------+----------+----------------------+----------------------+--------------------|
| QMIX_grouped_rware_v2_rware-small-4ag-v2_74c9b_00000 | RUNNING  | 172.24.0.2:994514 |    586 |          1231.77 | 1761000 |     0.06 |                    1 |                    0 |                500 |
+------------------------------------------------------+----------+-------------------+--------+------------------+---------+----------+----------------------+----------------------+--------------------+


== Status ==
Current time: 2026-05-22 23:03:09 (running for 00:21:04.55)
Memory usage on this node: 77.6/251.6 GiB
Using FIFO scheduling algorithm.
Resources requested: 7.0/8 CPUs, 1.0/1 GPUs, 0.0/17.54 GiB heap, 0.0/8.77 GiB objects (0.0/1.0 accelerator_type:G)
Result logdir: /workspace/MARLlib/runs/rware_mappo_gru_small_20m_tensorboard/qmix_gru_rware-small-4ag-v2
Number of trials: 1/1 (1 RUNNING)
+------------------------------------------------------+----------+-------------------+--------+------------------+---------+----------+----------------------+----------------------+--------------------+
| Trial name                                           | status   | loc               |   iter |   total time (s) |      ts |   reward |   episode_reward_max |   episode_reward_min |   episode_len_mean |
|------------------------------------------------------+----------+-------------------+--------+------------------+---------+----------+----------------------+----------------------+--------------------|
| QMIX_grouped_rware_v2_rware-small-4ag-v2_74c9b_00000 | RUNNING  | 172.24.0.2:994514 |    589 |          1237.46 | 1770000 |     0.06 |                    1 |                    0 |                500 |
+------------------------------------------------------+----------+-------------------+--------+------------------+---------+----------+----------------------+----------------------+--------------------+


== Status ==
Current time: 2026-05-22 23:03:15 (running for 00:21:10.39)
Memory usage on this node: 77.7/251.6 GiB
Using FIFO scheduling algorithm.
Resources requested: 7.0/8 CPUs, 1.0/1 GPUs, 0.0/17.54 GiB heap, 0.0/8.77 GiB objects (0.0/1.0 accelerator_type:G)
Result logdir: /workspace/MARLlib/runs/rware_mappo_gru_small_20m_tensorboard/qmix_gru_rware-small-4ag-v2
Number of trials: 1/1 (1 RUNNING)
+------------------------------------------------------+----------+-------------------+--------+------------------+---------+----------+----------------------+----------------------+--------------------+
| Trial name                                           | status   | loc               |   iter |   total time (s) |      ts |   reward |   episode_reward_max |   episode_reward_min |   episode_len_mean |
|------------------------------------------------------+----------+-------------------+--------+------------------+---------+----------+----------------------+----------------------+--------------------|
| QMIX_grouped_rware_v2_rware-small-4ag-v2_74c9b_00000 | RUNNING  | 172.24.0.2:994514 |    592 |          1243.22 | 1779000 |     0.06 |                    1 |                    0 |                500 |
+------------------------------------------------------+----------+-------------------+--------+------------------+---------+----------+----------------------+----------------------+--------------------+


== Status ==
Current time: 2026-05-22 23:03:21 (running for 00:21:16.35)
Memory usage on this node: 77.8/251.6 GiB
Using FIFO scheduling algorithm.
Resources requested: 7.0/8 CPUs, 1.0/1 GPUs, 0.0/17.54 GiB heap, 0.0/8.77 GiB objects (0.0/1.0 accelerator_type:G)
Result logdir: /workspace/MARLlib/runs/rware_mappo_gru_small_20m_tensorboard/qmix_gru_rware-small-4ag-v2
Number of trials: 1/1 (1 RUNNING)
+------------------------------------------------------+----------+-------------------+--------+------------------+---------+----------+----------------------+----------------------+--------------------+
| Trial name                                           | status   | loc               |   iter |   total time (s) |      ts |   reward |   episode_reward_max |   episode_reward_min |   episode_len_mean |
|------------------------------------------------------+----------+-------------------+--------+------------------+---------+----------+----------------------+----------------------+--------------------|
| QMIX_grouped_rware_v2_rware-small-4ag-v2_74c9b_00000 | RUNNING  | 172.24.0.2:994514 |    595 |          1249.11 | 1788000 |     0.04 |                    1 |                    0 |                500 |
+------------------------------------------------------+----------+-------------------+--------+------------------+---------+----------+----------------------+----------------------+--------------------+


== Status ==
Current time: 2026-05-22 23:03:27 (running for 00:21:22.17)
Memory usage on this node: 77.8/251.6 GiB
Using FIFO scheduling algorithm.
Resources requested: 7.0/8 CPUs, 1.0/1 GPUs, 0.0/17.54 GiB heap, 0.0/8.77 GiB objects (0.0/1.0 accelerator_type:G)
Result logdir: /workspace/MARLlib/runs/rware_mappo_gru_small_20m_tensorboard/qmix_gru_rware-small-4ag-v2
Number of trials: 1/1 (1 RUNNING)
+------------------------------------------------------+----------+-------------------+--------+------------------+---------+----------+----------------------+----------------------+--------------------+
| Trial name                                           | status   | loc               |   iter |   total time (s) |      ts |   reward |   episode_reward_max |   episode_reward_min |   episode_len_mean |
|------------------------------------------------------+----------+-------------------+--------+------------------+---------+----------+----------------------+----------------------+--------------------|
| QMIX_grouped_rware_v2_rware-small-4ag-v2_74c9b_00000 | RUNNING  | 172.24.0.2:994514 |    598 |          1254.85 | 1797000 |     0.05 |                    1 |                    0 |                500 |
+------------------------------------------------------+----------+-------------------+--------+------------------+---------+----------+----------------------+----------------------+--------------------+


== Status ==
Current time: 2026-05-22 23:03:33 (running for 00:21:28.16)
Memory usage on this node: 77.9/251.6 GiB
Using FIFO scheduling algorithm.
Resources requested: 7.0/8 CPUs, 1.0/1 GPUs, 0.0/17.54 GiB heap, 0.0/8.77 GiB objects (0.0/1.0 accelerator_type:G)
Result logdir: /workspace/MARLlib/runs/rware_mappo_gru_small_20m_tensorboard/qmix_gru_rware-small-4ag-v2
Number of trials: 1/1 (1 RUNNING)
+------------------------------------------------------+----------+-------------------+--------+------------------+---------+----------+----------------------+----------------------+--------------------+
| Trial name                                           | status   | loc               |   iter |   total time (s) |      ts |   reward |   episode_reward_max |   episode_reward_min |   episode_len_mean |
|------------------------------------------------------+----------+-------------------+--------+------------------+---------+----------+----------------------+----------------------+--------------------|
| QMIX_grouped_rware_v2_rware-small-4ag-v2_74c9b_00000 | RUNNING  | 172.24.0.2:994514 |    599 |          1256.81 | 1800000 |     0.05 |                    1 |                    0 |                500 |
+------------------------------------------------------+----------+-------------------+--------+------------------+---------+----------+----------------------+----------------------+--------------------+


== Status ==
Current time: 2026-05-22 23:03:38 (running for 00:21:33.16)
Memory usage on this node: 77.9/251.6 GiB
Using FIFO scheduling algorithm.
Resources requested: 7.0/8 CPUs, 1.0/1 GPUs, 0.0/17.54 GiB heap, 0.0/8.77 GiB objects (0.0/1.0 accelerator_type:G)
Result logdir: /workspace/MARLlib/runs/rware_mappo_gru_small_20m_tensorboard/qmix_gru_rware-small-4ag-v2
Number of trials: 1/1 (1 RUNNING)
+------------------------------------------------------+----------+-------------------+--------+------------------+---------+----------+----------------------+----------------------+--------------------+
| Trial name                                           | status   | loc               |   iter |   total time (s) |      ts |   reward |   episode_reward_max |   episode_reward_min |   episode_len_mean |
|------------------------------------------------------+----------+-------------------+--------+------------------+---------+----------+----------------------+----------------------+--------------------|
| QMIX_grouped_rware_v2_rware-small-4ag-v2_74c9b_00000 | RUNNING  | 172.24.0.2:994514 |    599 |          1256.81 | 1800000 |     0.05 |                    1 |                    0 |                500 |
+------------------------------------------------------+----------+-------------------+--------+------------------+---------+----------+----------------------+----------------------+--------------------+


== Status ==
Current time: 2026-05-22 23:03:43 (running for 00:21:38.34)
Memory usage on this node: 77.9/251.6 GiB
Using FIFO scheduling algorithm.
Resources requested: 7.0/8 CPUs, 1.0/1 GPUs, 0.0/17.54 GiB heap, 0.0/8.77 GiB objects (0.0/1.0 accelerator_type:G)
Result logdir: /workspace/MARLlib/runs/rware_mappo_gru_small_20m_tensorboard/qmix_gru_rware-small-4ag-v2
Number of trials: 1/1 (1 RUNNING)
+------------------------------------------------------+----------+-------------------+--------+------------------+---------+----------+----------------------+----------------------+--------------------+
| Trial name                                           | status   | loc               |   iter |   total time (s) |      ts |   reward |   episode_reward_max |   episode_reward_min |   episode_len_mean |
|------------------------------------------------------+----------+-------------------+--------+------------------+---------+----------+----------------------+----------------------+--------------------|
| QMIX_grouped_rware_v2_rware-small-4ag-v2_74c9b_00000 | RUNNING  | 172.24.0.2:994514 |    602 |          1271.81 | 1809000 |     0.05 |                    1 |                    0 |                500 |
+------------------------------------------------------+----------+-------------------+--------+------------------+---------+----------+----------------------+----------------------+--------------------+


== Status ==
Current time: 2026-05-22 23:03:48 (running for 00:21:44.06)
Memory usage on this node: 78.0/251.6 GiB
Using FIFO scheduling algorithm.
Resources requested: 7.0/8 CPUs, 1.0/1 GPUs, 0.0/17.54 GiB heap, 0.0/8.77 GiB objects (0.0/1.0 accelerator_type:G)
Result logdir: /workspace/MARLlib/runs/rware_mappo_gru_small_20m_tensorboard/qmix_gru_rware-small-4ag-v2
Number of trials: 1/1 (1 RUNNING)
+------------------------------------------------------+----------+-------------------+--------+------------------+---------+----------+----------------------+----------------------+--------------------+
| Trial name                                           | status   | loc               |   iter |   total time (s) |      ts |   reward |   episode_reward_max |   episode_reward_min |   episode_len_mean |
|------------------------------------------------------+----------+-------------------+--------+------------------+---------+----------+----------------------+----------------------+--------------------|
| QMIX_grouped_rware_v2_rware-small-4ag-v2_74c9b_00000 | RUNNING  | 172.24.0.2:994514 |    605 |          1277.55 | 1818000 |     0.06 |                    1 |                    0 |                500 |
+------------------------------------------------------+----------+-------------------+--------+------------------+---------+----------+----------------------+----------------------+--------------------+


== Status ==
Current time: 2026-05-22 23:03:54 (running for 00:21:49.86)
Memory usage on this node: 78.1/251.6 GiB
Using FIFO scheduling algorithm.
Resources requested: 7.0/8 CPUs, 1.0/1 GPUs, 0.0/17.54 GiB heap, 0.0/8.77 GiB objects (0.0/1.0 accelerator_type:G)
Result logdir: /workspace/MARLlib/runs/rware_mappo_gru_small_20m_tensorboard/qmix_gru_rware-small-4ag-v2
Number of trials: 1/1 (1 RUNNING)
+------------------------------------------------------+----------+-------------------+--------+------------------+---------+----------+----------------------+----------------------+--------------------+
| Trial name                                           | status   | loc               |   iter |   total time (s) |      ts |   reward |   episode_reward_max |   episode_reward_min |   episode_len_mean |
|------------------------------------------------------+----------+-------------------+--------+------------------+---------+----------+----------------------+----------------------+--------------------|
| QMIX_grouped_rware_v2_rware-small-4ag-v2_74c9b_00000 | RUNNING  | 172.24.0.2:994514 |    608 |          1283.27 | 1827000 |     0.05 |                    1 |                    0 |                500 |
+------------------------------------------------------+----------+-------------------+--------+------------------+---------+----------+----------------------+----------------------+--------------------+


== Status ==
Current time: 2026-05-22 23:04:00 (running for 00:21:55.64)
Memory usage on this node: 78.2/251.6 GiB
Using FIFO scheduling algorithm.
Resources requested: 7.0/8 CPUs, 1.0/1 GPUs, 0.0/17.54 GiB heap, 0.0/8.77 GiB objects (0.0/1.0 accelerator_type:G)
Result logdir: /workspace/MARLlib/runs/rware_mappo_gru_small_20m_tensorboard/qmix_gru_rware-small-4ag-v2
Number of trials: 1/1 (1 RUNNING)
+------------------------------------------------------+----------+-------------------+--------+------------------+---------+----------+----------------------+----------------------+--------------------+
| Trial name                                           | status   | loc               |   iter |   total time (s) |      ts |   reward |   episode_reward_max |   episode_reward_min |   episode_len_mean |
|------------------------------------------------------+----------+-------------------+--------+------------------+---------+----------+----------------------+----------------------+--------------------|
| QMIX_grouped_rware_v2_rware-small-4ag-v2_74c9b_00000 | RUNNING  | 172.24.0.2:994514 |    611 |          1288.97 | 1836000 |     0.07 |                    1 |                    0 |                500 |
+------------------------------------------------------+----------+-------------------+--------+------------------+---------+----------+----------------------+----------------------+--------------------+


== Status ==
Current time: 2026-05-22 23:04:06 (running for 00:22:01.32)
Memory usage on this node: 78.2/251.6 GiB
Using FIFO scheduling algorithm.
Resources requested: 7.0/8 CPUs, 1.0/1 GPUs, 0.0/17.54 GiB heap, 0.0/8.77 GiB objects (0.0/1.0 accelerator_type:G)
Result logdir: /workspace/MARLlib/runs/rware_mappo_gru_small_20m_tensorboard/qmix_gru_rware-small-4ag-v2
Number of trials: 1/1 (1 RUNNING)
+------------------------------------------------------+----------+-------------------+--------+------------------+---------+----------+----------------------+----------------------+--------------------+
| Trial name                                           | status   | loc               |   iter |   total time (s) |      ts |   reward |   episode_reward_max |   episode_reward_min |   episode_len_mean |
|------------------------------------------------------+----------+-------------------+--------+------------------+---------+----------+----------------------+----------------------+--------------------|
| QMIX_grouped_rware_v2_rware-small-4ag-v2_74c9b_00000 | RUNNING  | 172.24.0.2:994514 |    614 |          1294.58 | 1845000 |     0.04 |                    1 |                    0 |                500 |
+------------------------------------------------------+----------+-------------------+--------+------------------+---------+----------+----------------------+----------------------+--------------------+


== Status ==
Current time: 2026-05-22 23:04:12 (running for 00:22:07.24)
Memory usage on this node: 78.2/251.6 GiB
Using FIFO scheduling algorithm.
Resources requested: 7.0/8 CPUs, 1.0/1 GPUs, 0.0/17.54 GiB heap, 0.0/8.77 GiB objects (0.0/1.0 accelerator_type:G)
Result logdir: /workspace/MARLlib/runs/rware_mappo_gru_small_20m_tensorboard/qmix_gru_rware-small-4ag-v2
Number of trials: 1/1 (1 RUNNING)
+------------------------------------------------------+----------+-------------------+--------+------------------+---------+----------+----------------------+----------------------+--------------------+
| Trial name                                           | status   | loc               |   iter |   total time (s) |      ts |   reward |   episode_reward_max |   episode_reward_min |   episode_len_mean |
|------------------------------------------------------+----------+-------------------+--------+------------------+---------+----------+----------------------+----------------------+--------------------|
| QMIX_grouped_rware_v2_rware-small-4ag-v2_74c9b_00000 | RUNNING  | 172.24.0.2:994514 |    617 |          1300.42 | 1854000 |     0.04 |                    1 |                    0 |                500 |
+------------------------------------------------------+----------+-------------------+--------+------------------+---------+----------+----------------------+----------------------+--------------------+


== Status ==
Current time: 2026-05-22 23:04:17 (running for 00:22:12.89)
Memory usage on this node: 78.3/251.6 GiB
Using FIFO scheduling algorithm.
Resources requested: 7.0/8 CPUs, 1.0/1 GPUs, 0.0/17.54 GiB heap, 0.0/8.77 GiB objects (0.0/1.0 accelerator_type:G)
Result logdir: /workspace/MARLlib/runs/rware_mappo_gru_small_20m_tensorboard/qmix_gru_rware-small-4ag-v2
Number of trials: 1/1 (1 RUNNING)
+------------------------------------------------------+----------+-------------------+--------+------------------+---------+----------+----------------------+----------------------+--------------------+
| Trial name                                           | status   | loc               |   iter |   total time (s) |      ts |   reward |   episode_reward_max |   episode_reward_min |   episode_len_mean |
|------------------------------------------------------+----------+-------------------+--------+------------------+---------+----------+----------------------+----------------------+--------------------|
| QMIX_grouped_rware_v2_rware-small-4ag-v2_74c9b_00000 | RUNNING  | 172.24.0.2:994514 |    620 |          1305.99 | 1863000 |     0.03 |                    1 |                    0 |                500 |
+------------------------------------------------------+----------+-------------------+--------+------------------+---------+----------+----------------------+----------------------+--------------------+


== Status ==
Current time: 2026-05-22 23:04:23 (running for 00:22:18.64)
Memory usage on this node: 78.4/251.6 GiB
Using FIFO scheduling algorithm.
Resources requested: 7.0/8 CPUs, 1.0/1 GPUs, 0.0/17.54 GiB heap, 0.0/8.77 GiB objects (0.0/1.0 accelerator_type:G)
Result logdir: /workspace/MARLlib/runs/rware_mappo_gru_small_20m_tensorboard/qmix_gru_rware-small-4ag-v2
Number of trials: 1/1 (1 RUNNING)
+------------------------------------------------------+----------+-------------------+--------+------------------+---------+----------+----------------------+----------------------+--------------------+
| Trial name                                           | status   | loc               |   iter |   total time (s) |      ts |   reward |   episode_reward_max |   episode_reward_min |   episode_len_mean |
|------------------------------------------------------+----------+-------------------+--------+------------------+---------+----------+----------------------+----------------------+--------------------|
| QMIX_grouped_rware_v2_rware-small-4ag-v2_74c9b_00000 | RUNNING  | 172.24.0.2:994514 |    623 |          1311.68 | 1872000 |     0.03 |                    1 |                    0 |                500 |
+------------------------------------------------------+----------+-------------------+--------+------------------+---------+----------+----------------------+----------------------+--------------------+


== Status ==
Current time: 2026-05-22 23:04:29 (running for 00:22:24.40)
Memory usage on this node: 78.5/251.6 GiB
Using FIFO scheduling algorithm.
Resources requested: 7.0/8 CPUs, 1.0/1 GPUs, 0.0/17.54 GiB heap, 0.0/8.77 GiB objects (0.0/1.0 accelerator_type:G)
Result logdir: /workspace/MARLlib/runs/rware_mappo_gru_small_20m_tensorboard/qmix_gru_rware-small-4ag-v2
Number of trials: 1/1 (1 RUNNING)
+------------------------------------------------------+----------+-------------------+--------+------------------+---------+----------+----------------------+----------------------+--------------------+
| Trial name                                           | status   | loc               |   iter |   total time (s) |      ts |   reward |   episode_reward_max |   episode_reward_min |   episode_len_mean |
|------------------------------------------------------+----------+-------------------+--------+------------------+---------+----------+----------------------+----------------------+--------------------|
| QMIX_grouped_rware_v2_rware-small-4ag-v2_74c9b_00000 | RUNNING  | 172.24.0.2:994514 |    626 |          1317.36 | 1881000 |     0.02 |                    1 |                    0 |                500 |
+------------------------------------------------------+----------+-------------------+--------+------------------+---------+----------+----------------------+----------------------+--------------------+


== Status ==
Current time: 2026-05-22 23:04:34 (running for 00:22:30.09)
Memory usage on this node: 78.6/251.6 GiB
Using FIFO scheduling algorithm.
Resources requested: 7.0/8 CPUs, 1.0/1 GPUs, 0.0/17.54 GiB heap, 0.0/8.77 GiB objects (0.0/1.0 accelerator_type:G)
Result logdir: /workspace/MARLlib/runs/rware_mappo_gru_small_20m_tensorboard/qmix_gru_rware-small-4ag-v2
Number of trials: 1/1 (1 RUNNING)
+------------------------------------------------------+----------+-------------------+--------+------------------+---------+----------+----------------------+----------------------+--------------------+
| Trial name                                           | status   | loc               |   iter |   total time (s) |      ts |   reward |   episode_reward_max |   episode_reward_min |   episode_len_mean |
|------------------------------------------------------+----------+-------------------+--------+------------------+---------+----------+----------------------+----------------------+--------------------|
| QMIX_grouped_rware_v2_rware-small-4ag-v2_74c9b_00000 | RUNNING  | 172.24.0.2:994514 |    629 |          1322.98 | 1890000 |     0.01 |                    1 |                    0 |                500 |
+------------------------------------------------------+----------+-------------------+--------+------------------+---------+----------+----------------------+----------------------+--------------------+


== Status ==
Current time: 2026-05-22 23:04:40 (running for 00:22:35.79)
Memory usage on this node: 78.6/251.6 GiB
Using FIFO scheduling algorithm.
Resources requested: 7.0/8 CPUs, 1.0/1 GPUs, 0.0/17.54 GiB heap, 0.0/8.77 GiB objects (0.0/1.0 accelerator_type:G)
Result logdir: /workspace/MARLlib/runs/rware_mappo_gru_small_20m_tensorboard/qmix_gru_rware-small-4ag-v2
Number of trials: 1/1 (1 RUNNING)
+------------------------------------------------------+----------+-------------------+--------+------------------+---------+----------+----------------------+----------------------+--------------------+
| Trial name                                           | status   | loc               |   iter |   total time (s) |      ts |   reward |   episode_reward_max |   episode_reward_min |   episode_len_mean |
|------------------------------------------------------+----------+-------------------+--------+------------------+---------+----------+----------------------+----------------------+--------------------|
| QMIX_grouped_rware_v2_rware-small-4ag-v2_74c9b_00000 | RUNNING  | 172.24.0.2:994514 |    632 |          1328.61 | 1899000 |     0.02 |                    1 |                    0 |                500 |
+------------------------------------------------------+----------+-------------------+--------+------------------+---------+----------+----------------------+----------------------+--------------------+


== Status ==
Current time: 2026-05-22 23:04:46 (running for 00:22:41.64)
Memory usage on this node: 78.8/251.6 GiB
Using FIFO scheduling algorithm.
Resources requested: 7.0/8 CPUs, 1.0/1 GPUs, 0.0/17.54 GiB heap, 0.0/8.77 GiB objects (0.0/1.0 accelerator_type:G)
Result logdir: /workspace/MARLlib/runs/rware_mappo_gru_small_20m_tensorboard/qmix_gru_rware-small-4ag-v2
Number of trials: 1/1 (1 RUNNING)
+------------------------------------------------------+----------+-------------------+--------+------------------+---------+----------+----------------------+----------------------+--------------------+
| Trial name                                           | status   | loc               |   iter |   total time (s) |      ts |   reward |   episode_reward_max |   episode_reward_min |   episode_len_mean |
|------------------------------------------------------+----------+-------------------+--------+------------------+---------+----------+----------------------+----------------------+--------------------|
| QMIX_grouped_rware_v2_rware-small-4ag-v2_74c9b_00000 | RUNNING  | 172.24.0.2:994514 |    635 |          1334.38 | 1908000 |     0.02 |                    1 |                    0 |                500 |
+------------------------------------------------------+----------+-------------------+--------+------------------+---------+----------+----------------------+----------------------+--------------------+


== Status ==
Current time: 2026-05-22 23:04:52 (running for 00:22:47.31)
Memory usage on this node: 78.8/251.6 GiB
Using FIFO scheduling algorithm.
Resources requested: 7.0/8 CPUs, 1.0/1 GPUs, 0.0/17.54 GiB heap, 0.0/8.77 GiB objects (0.0/1.0 accelerator_type:G)
Result logdir: /workspace/MARLlib/runs/rware_mappo_gru_small_20m_tensorboard/qmix_gru_rware-small-4ag-v2
Number of trials: 1/1 (1 RUNNING)
+------------------------------------------------------+----------+-------------------+--------+------------------+---------+----------+----------------------+----------------------+--------------------+
| Trial name                                           | status   | loc               |   iter |   total time (s) |      ts |   reward |   episode_reward_max |   episode_reward_min |   episode_len_mean |
|------------------------------------------------------+----------+-------------------+--------+------------------+---------+----------+----------------------+----------------------+--------------------|
| QMIX_grouped_rware_v2_rware-small-4ag-v2_74c9b_00000 | RUNNING  | 172.24.0.2:994514 |    638 |          1339.99 | 1917000 |     0.03 |                    1 |                    0 |                500 |
+------------------------------------------------------+----------+-------------------+--------+------------------+---------+----------+----------------------+----------------------+--------------------+


== Status ==
Current time: 2026-05-22 23:04:57 (running for 00:22:53.01)
Memory usage on this node: 78.9/251.6 GiB
Using FIFO scheduling algorithm.
Resources requested: 7.0/8 CPUs, 1.0/1 GPUs, 0.0/17.54 GiB heap, 0.0/8.77 GiB objects (0.0/1.0 accelerator_type:G)
Result logdir: /workspace/MARLlib/runs/rware_mappo_gru_small_20m_tensorboard/qmix_gru_rware-small-4ag-v2
Number of trials: 1/1 (1 RUNNING)
+------------------------------------------------------+----------+-------------------+--------+------------------+---------+----------+----------------------+----------------------+--------------------+
| Trial name                                           | status   | loc               |   iter |   total time (s) |      ts |   reward |   episode_reward_max |   episode_reward_min |   episode_len_mean |
|------------------------------------------------------+----------+-------------------+--------+------------------+---------+----------+----------------------+----------------------+--------------------|
| QMIX_grouped_rware_v2_rware-small-4ag-v2_74c9b_00000 | RUNNING  | 172.24.0.2:994514 |    641 |           1345.6 | 1926000 |     0.02 |                    1 |                    0 |                500 |
+------------------------------------------------------+----------+-------------------+--------+------------------+---------+----------+----------------------+----------------------+--------------------+


== Status ==
Current time: 2026-05-22 23:05:03 (running for 00:22:58.65)
Memory usage on this node: 79.0/251.6 GiB
Using FIFO scheduling algorithm.
Resources requested: 7.0/8 CPUs, 1.0/1 GPUs, 0.0/17.54 GiB heap, 0.0/8.77 GiB objects (0.0/1.0 accelerator_type:G)
Result logdir: /workspace/MARLlib/runs/rware_mappo_gru_small_20m_tensorboard/qmix_gru_rware-small-4ag-v2
Number of trials: 1/1 (1 RUNNING)
+------------------------------------------------------+----------+-------------------+--------+------------------+---------+----------+----------------------+----------------------+--------------------+
| Trial name                                           | status   | loc               |   iter |   total time (s) |      ts |   reward |   episode_reward_max |   episode_reward_min |   episode_len_mean |
|------------------------------------------------------+----------+-------------------+--------+------------------+---------+----------+----------------------+----------------------+--------------------|
| QMIX_grouped_rware_v2_rware-small-4ag-v2_74c9b_00000 | RUNNING  | 172.24.0.2:994514 |    644 |          1351.19 | 1935000 |     0.02 |                    1 |                    0 |                500 |
+------------------------------------------------------+----------+-------------------+--------+------------------+---------+----------+----------------------+----------------------+--------------------+


== Status ==
Current time: 2026-05-22 23:05:09 (running for 00:23:04.58)
Memory usage on this node: 79.1/251.6 GiB
Using FIFO scheduling algorithm.
Resources requested: 7.0/8 CPUs, 1.0/1 GPUs, 0.0/17.54 GiB heap, 0.0/8.77 GiB objects (0.0/1.0 accelerator_type:G)
Result logdir: /workspace/MARLlib/runs/rware_mappo_gru_small_20m_tensorboard/qmix_gru_rware-small-4ag-v2
Number of trials: 1/1 (1 RUNNING)
+------------------------------------------------------+----------+-------------------+--------+------------------+---------+----------+----------------------+----------------------+--------------------+
| Trial name                                           | status   | loc               |   iter |   total time (s) |      ts |   reward |   episode_reward_max |   episode_reward_min |   episode_len_mean |
|------------------------------------------------------+----------+-------------------+--------+------------------+---------+----------+----------------------+----------------------+--------------------|
| QMIX_grouped_rware_v2_rware-small-4ag-v2_74c9b_00000 | RUNNING  | 172.24.0.2:994514 |    645 |          1353.09 | 1938000 |     0.03 |                    1 |                    0 |                500 |
+------------------------------------------------------+----------+-------------------+--------+------------------+---------+----------+----------------------+----------------------+--------------------+


== Status ==
Current time: 2026-05-22 23:05:15 (running for 00:23:10.56)
Memory usage on this node: 79.1/251.6 GiB
Using FIFO scheduling algorithm.
Resources requested: 7.0/8 CPUs, 1.0/1 GPUs, 0.0/17.54 GiB heap, 0.0/8.77 GiB objects (0.0/1.0 accelerator_type:G)
Result logdir: /workspace/MARLlib/runs/rware_mappo_gru_small_20m_tensorboard/qmix_gru_rware-small-4ag-v2
Number of trials: 1/1 (1 RUNNING)
+------------------------------------------------------+----------+-------------------+--------+------------------+---------+----------+----------------------+----------------------+--------------------+
| Trial name                                           | status   | loc               |   iter |   total time (s) |      ts |   reward |   episode_reward_max |   episode_reward_min |   episode_len_mean |
|------------------------------------------------------+----------+-------------------+--------+------------------+---------+----------+----------------------+----------------------+--------------------|
| QMIX_grouped_rware_v2_rware-small-4ag-v2_74c9b_00000 | RUNNING  | 172.24.0.2:994514 |    649 |          1362.98 | 1950000 |     0.06 |                    2 |                    0 |                500 |
+------------------------------------------------------+----------+-------------------+--------+------------------+---------+----------+----------------------+----------------------+--------------------+


== Status ==
Current time: 2026-05-22 23:05:20 (running for 00:23:15.56)
Memory usage on this node: 79.1/251.6 GiB
Using FIFO scheduling algorithm.
Resources requested: 7.0/8 CPUs, 1.0/1 GPUs, 0.0/17.54 GiB heap, 0.0/8.77 GiB objects (0.0/1.0 accelerator_type:G)
Result logdir: /workspace/MARLlib/runs/rware_mappo_gru_small_20m_tensorboard/qmix_gru_rware-small-4ag-v2
Number of trials: 1/1 (1 RUNNING)
+------------------------------------------------------+----------+-------------------+--------+------------------+---------+----------+----------------------+----------------------+--------------------+
| Trial name                                           | status   | loc               |   iter |   total time (s) |      ts |   reward |   episode_reward_max |   episode_reward_min |   episode_len_mean |
|------------------------------------------------------+----------+-------------------+--------+------------------+---------+----------+----------------------+----------------------+--------------------|
| QMIX_grouped_rware_v2_rware-small-4ag-v2_74c9b_00000 | RUNNING  | 172.24.0.2:994514 |    649 |          1362.98 | 1950000 |     0.06 |                    2 |                    0 |                500 |
+------------------------------------------------------+----------+-------------------+--------+------------------+---------+----------+----------------------+----------------------+--------------------+


== Status ==
Current time: 2026-05-22 23:05:25 (running for 00:23:20.57)
Memory usage on this node: 79.1/251.6 GiB
Using FIFO scheduling algorithm.
Resources requested: 7.0/8 CPUs, 1.0/1 GPUs, 0.0/17.54 GiB heap, 0.0/8.77 GiB objects (0.0/1.0 accelerator_type:G)
Result logdir: /workspace/MARLlib/runs/rware_mappo_gru_small_20m_tensorboard/qmix_gru_rware-small-4ag-v2
Number of trials: 1/1 (1 RUNNING)
+------------------------------------------------------+----------+-------------------+--------+------------------+---------+----------+----------------------+----------------------+--------------------+
| Trial name                                           | status   | loc               |   iter |   total time (s) |      ts |   reward |   episode_reward_max |   episode_reward_min |   episode_len_mean |
|------------------------------------------------------+----------+-------------------+--------+------------------+---------+----------+----------------------+----------------------+--------------------|
| QMIX_grouped_rware_v2_rware-small-4ag-v2_74c9b_00000 | RUNNING  | 172.24.0.2:994514 |    649 |          1362.98 | 1950000 |     0.06 |                    2 |                    0 |                500 |
+------------------------------------------------------+----------+-------------------+--------+------------------+---------+----------+----------------------+----------------------+--------------------+


== Status ==
Current time: 2026-05-22 23:05:30 (running for 00:23:25.74)
Memory usage on this node: 79.2/251.6 GiB
Using FIFO scheduling algorithm.
Resources requested: 7.0/8 CPUs, 1.0/1 GPUs, 0.0/17.54 GiB heap, 0.0/8.77 GiB objects (0.0/1.0 accelerator_type:G)
Result logdir: /workspace/MARLlib/runs/rware_mappo_gru_small_20m_tensorboard/qmix_gru_rware-small-4ag-v2
Number of trials: 1/1 (1 RUNNING)
+------------------------------------------------------+----------+-------------------+--------+------------------+---------+----------+----------------------+----------------------+--------------------+
| Trial name                                           | status   | loc               |   iter |   total time (s) |      ts |   reward |   episode_reward_max |   episode_reward_min |   episode_len_mean |
|------------------------------------------------------+----------+-------------------+--------+------------------+---------+----------+----------------------+----------------------+--------------------|
| QMIX_grouped_rware_v2_rware-small-4ag-v2_74c9b_00000 | RUNNING  | 172.24.0.2:994514 |    652 |          1378.08 | 1959000 |     0.07 |                    2 |                    0 |                500 |
+------------------------------------------------------+----------+-------------------+--------+------------------+---------+----------+----------------------+----------------------+--------------------+


== Status ==
Current time: 2026-05-22 23:05:36 (running for 00:23:31.53)
Memory usage on this node: 79.2/251.6 GiB
Using FIFO scheduling algorithm.
Resources requested: 7.0/8 CPUs, 1.0/1 GPUs, 0.0/17.54 GiB heap, 0.0/8.77 GiB objects (0.0/1.0 accelerator_type:G)
Result logdir: /workspace/MARLlib/runs/rware_mappo_gru_small_20m_tensorboard/qmix_gru_rware-small-4ag-v2
Number of trials: 1/1 (1 RUNNING)
+------------------------------------------------------+----------+-------------------+--------+------------------+---------+----------+----------------------+----------------------+--------------------+
| Trial name                                           | status   | loc               |   iter |   total time (s) |      ts |   reward |   episode_reward_max |   episode_reward_min |   episode_len_mean |
|------------------------------------------------------+----------+-------------------+--------+------------------+---------+----------+----------------------+----------------------+--------------------|
| QMIX_grouped_rware_v2_rware-small-4ag-v2_74c9b_00000 | RUNNING  | 172.24.0.2:994514 |    655 |          1383.79 | 1968000 |     0.08 |                    2 |                    0 |                500 |
+------------------------------------------------------+----------+-------------------+--------+------------------+---------+----------+----------------------+----------------------+--------------------+


== Status ==
Current time: 2026-05-22 23:05:42 (running for 00:23:37.17)
Memory usage on this node: 79.3/251.6 GiB
Using FIFO scheduling algorithm.
Resources requested: 7.0/8 CPUs, 1.0/1 GPUs, 0.0/17.54 GiB heap, 0.0/8.77 GiB objects (0.0/1.0 accelerator_type:G)
Result logdir: /workspace/MARLlib/runs/rware_mappo_gru_small_20m_tensorboard/qmix_gru_rware-small-4ag-v2
Number of trials: 1/1 (1 RUNNING)
+------------------------------------------------------+----------+-------------------+--------+------------------+---------+----------+----------------------+----------------------+--------------------+
| Trial name                                           | status   | loc               |   iter |   total time (s) |      ts |   reward |   episode_reward_max |   episode_reward_min |   episode_len_mean |
|------------------------------------------------------+----------+-------------------+--------+------------------+---------+----------+----------------------+----------------------+--------------------|
| QMIX_grouped_rware_v2_rware-small-4ag-v2_74c9b_00000 | RUNNING  | 172.24.0.2:994514 |    658 |          1389.36 | 1977000 |      0.1 |                    2 |                    0 |                500 |
+------------------------------------------------------+----------+-------------------+--------+------------------+---------+----------+----------------------+----------------------+--------------------+


== Status ==
Current time: 2026-05-22 23:05:47 (running for 00:23:42.90)
Memory usage on this node: 79.4/251.6 GiB
Using FIFO scheduling algorithm.
Resources requested: 7.0/8 CPUs, 1.0/1 GPUs, 0.0/17.54 GiB heap, 0.0/8.77 GiB objects (0.0/1.0 accelerator_type:G)
Result logdir: /workspace/MARLlib/runs/rware_mappo_gru_small_20m_tensorboard/qmix_gru_rware-small-4ag-v2
Number of trials: 1/1 (1 RUNNING)
+------------------------------------------------------+----------+-------------------+--------+------------------+---------+----------+----------------------+----------------------+--------------------+
| Trial name                                           | status   | loc               |   iter |   total time (s) |      ts |   reward |   episode_reward_max |   episode_reward_min |   episode_len_mean |
|------------------------------------------------------+----------+-------------------+--------+------------------+---------+----------+----------------------+----------------------+--------------------|
| QMIX_grouped_rware_v2_rware-small-4ag-v2_74c9b_00000 | RUNNING  | 172.24.0.2:994514 |    661 |          1395.01 | 1986000 |      0.1 |                    2 |                    0 |                500 |
+------------------------------------------------------+----------+-------------------+--------+------------------+---------+----------+----------------------+----------------------+--------------------+


== Status ==
Current time: 2026-05-22 23:05:53 (running for 00:23:48.58)
Memory usage on this node: 79.4/251.6 GiB
Using FIFO scheduling algorithm.
Resources requested: 7.0/8 CPUs, 1.0/1 GPUs, 0.0/17.54 GiB heap, 0.0/8.77 GiB objects (0.0/1.0 accelerator_type:G)
Result logdir: /workspace/MARLlib/runs/rware_mappo_gru_small_20m_tensorboard/qmix_gru_rware-small-4ag-v2
Number of trials: 1/1 (1 RUNNING)
+------------------------------------------------------+----------+-------------------+--------+------------------+---------+----------+----------------------+----------------------+--------------------+
| Trial name                                           | status   | loc               |   iter |   total time (s) |      ts |   reward |   episode_reward_max |   episode_reward_min |   episode_len_mean |
|------------------------------------------------------+----------+-------------------+--------+------------------+---------+----------+----------------------+----------------------+--------------------|
| QMIX_grouped_rware_v2_rware-small-4ag-v2_74c9b_00000 | RUNNING  | 172.24.0.2:994514 |    664 |          1400.63 | 1995000 |     0.07 |                    1 |                    0 |                500 |
+------------------------------------------------------+----------+-------------------+--------+------------------+---------+----------+----------------------+----------------------+--------------------+


== Status ==
Current time: 2026-05-22 23:05:59 (running for 00:23:54.36)
Memory usage on this node: 80.2/251.6 GiB
Using FIFO scheduling algorithm.
Resources requested: 7.0/8 CPUs, 1.0/1 GPUs, 0.0/17.54 GiB heap, 0.0/8.77 GiB objects (0.0/1.0 accelerator_type:G)
Result logdir: /workspace/MARLlib/runs/rware_mappo_gru_small_20m_tensorboard/qmix_gru_rware-small-4ag-v2
Number of trials: 1/1 (1 RUNNING)
+------------------------------------------------------+----------+-------------------+--------+------------------+---------+----------+----------------------+----------------------+--------------------+
| Trial name                                           | status   | loc               |   iter |   total time (s) |      ts |   reward |   episode_reward_max |   episode_reward_min |   episode_len_mean |
|------------------------------------------------------+----------+-------------------+--------+------------------+---------+----------+----------------------+----------------------+--------------------|
| QMIX_grouped_rware_v2_rware-small-4ag-v2_74c9b_00000 | RUNNING  | 172.24.0.2:994514 |    667 |          1406.34 | 2004000 |     0.05 |                    1 |                    0 |                500 |
+------------------------------------------------------+----------+-------------------+--------+------------------+---------+----------+----------------------+----------------------+--------------------+


== Status ==
Current time: 2026-05-22 23:06:04 (running for 00:24:00.10)
Memory usage on this node: 79.6/251.6 GiB
Using FIFO scheduling algorithm.
Resources requested: 7.0/8 CPUs, 1.0/1 GPUs, 0.0/17.54 GiB heap, 0.0/8.77 GiB objects (0.0/1.0 accelerator_type:G)
Result logdir: /workspace/MARLlib/runs/rware_mappo_gru_small_20m_tensorboard/qmix_gru_rware-small-4ag-v2
Number of trials: 1/1 (1 RUNNING)
+------------------------------------------------------+----------+-------------------+--------+------------------+---------+----------+----------------------+----------------------+--------------------+
| Trial name                                           | status   | loc               |   iter |   total time (s) |      ts |   reward |   episode_reward_max |   episode_reward_min |   episode_len_mean |
|------------------------------------------------------+----------+-------------------+--------+------------------+---------+----------+----------------------+----------------------+--------------------|
| QMIX_grouped_rware_v2_rware-small-4ag-v2_74c9b_00000 | RUNNING  | 172.24.0.2:994514 |    670 |          1411.99 | 2013000 |     0.05 |                    1 |                    0 |                500 |
+------------------------------------------------------+----------+-------------------+--------+------------------+---------+----------+----------------------+----------------------+--------------------+


== Status ==
Current time: 2026-05-22 23:06:10 (running for 00:24:05.98)
Memory usage on this node: 79.7/251.6 GiB
Using FIFO scheduling algorithm.
Resources requested: 7.0/8 CPUs, 1.0/1 GPUs, 0.0/17.54 GiB heap, 0.0/8.77 GiB objects (0.0/1.0 accelerator_type:G)
Result logdir: /workspace/MARLlib/runs/rware_mappo_gru_small_20m_tensorboard/qmix_gru_rware-small-4ag-v2
Number of trials: 1/1 (1 RUNNING)
+------------------------------------------------------+----------+-------------------+--------+------------------+---------+----------+----------------------+----------------------+--------------------+
| Trial name                                           | status   | loc               |   iter |   total time (s) |      ts |   reward |   episode_reward_max |   episode_reward_min |   episode_len_mean |
|------------------------------------------------------+----------+-------------------+--------+------------------+---------+----------+----------------------+----------------------+--------------------|
| QMIX_grouped_rware_v2_rware-small-4ag-v2_74c9b_00000 | RUNNING  | 172.24.0.2:994514 |    673 |          1417.79 | 2022000 |     0.03 |                    1 |                    0 |                500 |
+------------------------------------------------------+----------+-------------------+--------+------------------+---------+----------+----------------------+----------------------+--------------------+


== Status ==
Current time: 2026-05-22 23:06:16 (running for 00:24:11.84)
Memory usage on this node: 79.7/251.6 GiB
Using FIFO scheduling algorithm.
Resources requested: 7.0/8 CPUs, 1.0/1 GPUs, 0.0/17.54 GiB heap, 0.0/8.77 GiB objects (0.0/1.0 accelerator_type:G)
Result logdir: /workspace/MARLlib/runs/rware_mappo_gru_small_20m_tensorboard/qmix_gru_rware-small-4ag-v2
Number of trials: 1/1 (1 RUNNING)
+------------------------------------------------------+----------+-------------------+--------+------------------+---------+----------+----------------------+----------------------+--------------------+
| Trial name                                           | status   | loc               |   iter |   total time (s) |      ts |   reward |   episode_reward_max |   episode_reward_min |   episode_len_mean |
|------------------------------------------------------+----------+-------------------+--------+------------------+---------+----------+----------------------+----------------------+--------------------|
| QMIX_grouped_rware_v2_rware-small-4ag-v2_74c9b_00000 | RUNNING  | 172.24.0.2:994514 |    676 |          1423.58 | 2031000 |     0.01 |                    1 |                    0 |                500 |
+------------------------------------------------------+----------+-------------------+--------+------------------+---------+----------+----------------------+----------------------+--------------------+


== Status ==
Current time: 2026-05-22 23:06:22 (running for 00:24:17.70)
Memory usage on this node: 79.8/251.6 GiB
Using FIFO scheduling algorithm.
Resources requested: 7.0/8 CPUs, 1.0/1 GPUs, 0.0/17.54 GiB heap, 0.0/8.77 GiB objects (0.0/1.0 accelerator_type:G)
Result logdir: /workspace/MARLlib/runs/rware_mappo_gru_small_20m_tensorboard/qmix_gru_rware-small-4ag-v2
Number of trials: 1/1 (1 RUNNING)
+------------------------------------------------------+----------+-------------------+--------+------------------+---------+----------+----------------------+----------------------+--------------------+
| Trial name                                           | status   | loc               |   iter |   total time (s) |      ts |   reward |   episode_reward_max |   episode_reward_min |   episode_len_mean |
|------------------------------------------------------+----------+-------------------+--------+------------------+---------+----------+----------------------+----------------------+--------------------|
| QMIX_grouped_rware_v2_rware-small-4ag-v2_74c9b_00000 | RUNNING  | 172.24.0.2:994514 |    679 |          1429.36 | 2040000 |     0.02 |                    1 |                    0 |                500 |
+------------------------------------------------------+----------+-------------------+--------+------------------+---------+----------+----------------------+----------------------+--------------------+


== Status ==
Current time: 2026-05-22 23:06:28 (running for 00:24:23.35)
Memory usage on this node: 79.9/251.6 GiB
Using FIFO scheduling algorithm.
Resources requested: 7.0/8 CPUs, 1.0/1 GPUs, 0.0/17.54 GiB heap, 0.0/8.77 GiB objects (0.0/1.0 accelerator_type:G)
Result logdir: /workspace/MARLlib/runs/rware_mappo_gru_small_20m_tensorboard/qmix_gru_rware-small-4ag-v2
Number of trials: 1/1 (1 RUNNING)
+------------------------------------------------------+----------+-------------------+--------+------------------+---------+----------+----------------------+----------------------+--------------------+
| Trial name                                           | status   | loc               |   iter |   total time (s) |      ts |   reward |   episode_reward_max |   episode_reward_min |   episode_len_mean |
|------------------------------------------------------+----------+-------------------+--------+------------------+---------+----------+----------------------+----------------------+--------------------|
| QMIX_grouped_rware_v2_rware-small-4ag-v2_74c9b_00000 | RUNNING  | 172.24.0.2:994514 |    682 |          1434.94 | 2049000 |     0.02 |                    1 |                    0 |                500 |
+------------------------------------------------------+----------+-------------------+--------+------------------+---------+----------+----------------------+----------------------+--------------------+


== Status ==
Current time: 2026-05-22 23:06:33 (running for 00:24:28.93)
Memory usage on this node: 80.0/251.6 GiB
Using FIFO scheduling algorithm.
Resources requested: 7.0/8 CPUs, 1.0/1 GPUs, 0.0/17.54 GiB heap, 0.0/8.77 GiB objects (0.0/1.0 accelerator_type:G)
Result logdir: /workspace/MARLlib/runs/rware_mappo_gru_small_20m_tensorboard/qmix_gru_rware-small-4ag-v2
Number of trials: 1/1 (1 RUNNING)
+------------------------------------------------------+----------+-------------------+--------+------------------+---------+----------+----------------------+----------------------+--------------------+
| Trial name                                           | status   | loc               |   iter |   total time (s) |      ts |   reward |   episode_reward_max |   episode_reward_min |   episode_len_mean |
|------------------------------------------------------+----------+-------------------+--------+------------------+---------+----------+----------------------+----------------------+--------------------|
| QMIX_grouped_rware_v2_rware-small-4ag-v2_74c9b_00000 | RUNNING  | 172.24.0.2:994514 |    685 |          1440.48 | 2058000 |     0.02 |                    1 |                    0 |                500 |
+------------------------------------------------------+----------+-------------------+--------+------------------+---------+----------+----------------------+----------------------+--------------------+


== Status ==
Current time: 2026-05-22 23:06:39 (running for 00:24:34.64)
Memory usage on this node: 80.0/251.6 GiB
Using FIFO scheduling algorithm.
Resources requested: 7.0/8 CPUs, 1.0/1 GPUs, 0.0/17.54 GiB heap, 0.0/8.77 GiB objects (0.0/1.0 accelerator_type:G)
Result logdir: /workspace/MARLlib/runs/rware_mappo_gru_small_20m_tensorboard/qmix_gru_rware-small-4ag-v2
Number of trials: 1/1 (1 RUNNING)
+------------------------------------------------------+----------+-------------------+--------+------------------+---------+----------+----------------------+----------------------+--------------------+
| Trial name                                           | status   | loc               |   iter |   total time (s) |      ts |   reward |   episode_reward_max |   episode_reward_min |   episode_len_mean |
|------------------------------------------------------+----------+-------------------+--------+------------------+---------+----------+----------------------+----------------------+--------------------|
| QMIX_grouped_rware_v2_rware-small-4ag-v2_74c9b_00000 | RUNNING  | 172.24.0.2:994514 |    688 |          1446.13 | 2067000 |     0.03 |                    1 |                    0 |                500 |
+------------------------------------------------------+----------+-------------------+--------+------------------+---------+----------+----------------------+----------------------+--------------------+


== Status ==
Current time: 2026-05-22 23:06:45 (running for 00:24:40.42)
Memory usage on this node: 80.1/251.6 GiB
Using FIFO scheduling algorithm.
Resources requested: 7.0/8 CPUs, 1.0/1 GPUs, 0.0/17.54 GiB heap, 0.0/8.77 GiB objects (0.0/1.0 accelerator_type:G)
Result logdir: /workspace/MARLlib/runs/rware_mappo_gru_small_20m_tensorboard/qmix_gru_rware-small-4ag-v2
Number of trials: 1/1 (1 RUNNING)
+------------------------------------------------------+----------+-------------------+--------+------------------+---------+----------+----------------------+----------------------+--------------------+
| Trial name                                           | status   | loc               |   iter |   total time (s) |      ts |   reward |   episode_reward_max |   episode_reward_min |   episode_len_mean |
|------------------------------------------------------+----------+-------------------+--------+------------------+---------+----------+----------------------+----------------------+--------------------|
| QMIX_grouped_rware_v2_rware-small-4ag-v2_74c9b_00000 | RUNNING  | 172.24.0.2:994514 |    691 |          1451.84 | 2076000 |     0.06 |                    1 |                    0 |                500 |
+------------------------------------------------------+----------+-------------------+--------+------------------+---------+----------+----------------------+----------------------+--------------------+


== Status ==
Current time: 2026-05-22 23:06:51 (running for 00:24:46.29)
Memory usage on this node: 80.2/251.6 GiB
Using FIFO scheduling algorithm.
Resources requested: 7.0/8 CPUs, 1.0/1 GPUs, 0.0/17.54 GiB heap, 0.0/8.77 GiB objects (0.0/1.0 accelerator_type:G)
Result logdir: /workspace/MARLlib/runs/rware_mappo_gru_small_20m_tensorboard/qmix_gru_rware-small-4ag-v2
Number of trials: 1/1 (1 RUNNING)
+------------------------------------------------------+----------+-------------------+--------+------------------+---------+----------+----------------------+----------------------+--------------------+
| Trial name                                           | status   | loc               |   iter |   total time (s) |      ts |   reward |   episode_reward_max |   episode_reward_min |   episode_len_mean |
|------------------------------------------------------+----------+-------------------+--------+------------------+---------+----------+----------------------+----------------------+--------------------|
| QMIX_grouped_rware_v2_rware-small-4ag-v2_74c9b_00000 | RUNNING  | 172.24.0.2:994514 |    694 |          1457.65 | 2085000 |     0.06 |                    1 |                    0 |                500 |
+------------------------------------------------------+----------+-------------------+--------+------------------+---------+----------+----------------------+----------------------+--------------------+


== Status ==
Current time: 2026-05-22 23:06:56 (running for 00:24:51.99)
Memory usage on this node: 80.2/251.6 GiB
Using FIFO scheduling algorithm.
Resources requested: 7.0/8 CPUs, 1.0/1 GPUs, 0.0/17.54 GiB heap, 0.0/8.77 GiB objects (0.0/1.0 accelerator_type:G)
Result logdir: /workspace/MARLlib/runs/rware_mappo_gru_small_20m_tensorboard/qmix_gru_rware-small-4ag-v2
Number of trials: 1/1 (1 RUNNING)
+------------------------------------------------------+----------+-------------------+--------+------------------+---------+----------+----------------------+----------------------+--------------------+
| Trial name                                           | status   | loc               |   iter |   total time (s) |      ts |   reward |   episode_reward_max |   episode_reward_min |   episode_len_mean |
|------------------------------------------------------+----------+-------------------+--------+------------------+---------+----------+----------------------+----------------------+--------------------|
| QMIX_grouped_rware_v2_rware-small-4ag-v2_74c9b_00000 | RUNNING  | 172.24.0.2:994514 |    697 |          1463.28 | 2094000 |     0.05 |                    1 |                    0 |                500 |
+------------------------------------------------------+----------+-------------------+--------+------------------+---------+----------+----------------------+----------------------+--------------------+


== Status ==
Current time: 2026-05-22 23:07:02 (running for 00:24:57.80)
Memory usage on this node: 80.3/251.6 GiB
Using FIFO scheduling algorithm.
Resources requested: 7.0/8 CPUs, 1.0/1 GPUs, 0.0/17.54 GiB heap, 0.0/8.77 GiB objects (0.0/1.0 accelerator_type:G)
Result logdir: /workspace/MARLlib/runs/rware_mappo_gru_small_20m_tensorboard/qmix_gru_rware-small-4ag-v2
Number of trials: 1/1 (1 RUNNING)
+------------------------------------------------------+----------+-------------------+--------+------------------+---------+----------+----------------------+----------------------+--------------------+
| Trial name                                           | status   | loc               |   iter |   total time (s) |      ts |   reward |   episode_reward_max |   episode_reward_min |   episode_len_mean |
|------------------------------------------------------+----------+-------------------+--------+------------------+---------+----------+----------------------+----------------------+--------------------|
| QMIX_grouped_rware_v2_rware-small-4ag-v2_74c9b_00000 | RUNNING  | 172.24.0.2:994514 |    699 |          1467.05 | 2100000 |     0.04 |                    1 |                    0 |                500 |
+------------------------------------------------------+----------+-------------------+--------+------------------+---------+----------+----------------------+----------------------+--------------------+


== Status ==
Current time: 2026-05-22 23:07:07 (running for 00:25:02.81)
Memory usage on this node: 80.3/251.6 GiB
Using FIFO scheduling algorithm.
Resources requested: 7.0/8 CPUs, 1.0/1 GPUs, 0.0/17.54 GiB heap, 0.0/8.77 GiB objects (0.0/1.0 accelerator_type:G)
Result logdir: /workspace/MARLlib/runs/rware_mappo_gru_small_20m_tensorboard/qmix_gru_rware-small-4ag-v2
Number of trials: 1/1 (1 RUNNING)
+------------------------------------------------------+----------+-------------------+--------+------------------+---------+----------+----------------------+----------------------+--------------------+
| Trial name                                           | status   | loc               |   iter |   total time (s) |      ts |   reward |   episode_reward_max |   episode_reward_min |   episode_len_mean |
|------------------------------------------------------+----------+-------------------+--------+------------------+---------+----------+----------------------+----------------------+--------------------|
| QMIX_grouped_rware_v2_rware-small-4ag-v2_74c9b_00000 | RUNNING  | 172.24.0.2:994514 |    699 |          1467.05 | 2100000 |     0.04 |                    1 |                    0 |                500 |
+------------------------------------------------------+----------+-------------------+--------+------------------+---------+----------+----------------------+----------------------+--------------------+


== Status ==
Current time: 2026-05-22 23:07:13 (running for 00:25:08.16)
Memory usage on this node: 80.3/251.6 GiB
Using FIFO scheduling algorithm.
Resources requested: 7.0/8 CPUs, 1.0/1 GPUs, 0.0/17.54 GiB heap, 0.0/8.77 GiB objects (0.0/1.0 accelerator_type:G)
Result logdir: /workspace/MARLlib/runs/rware_mappo_gru_small_20m_tensorboard/qmix_gru_rware-small-4ag-v2
Number of trials: 1/1 (1 RUNNING)
+------------------------------------------------------+----------+-------------------+--------+------------------+---------+----------+----------------------+----------------------+--------------------+
| Trial name                                           | status   | loc               |   iter |   total time (s) |      ts |   reward |   episode_reward_max |   episode_reward_min |   episode_len_mean |
|------------------------------------------------------+----------+-------------------+--------+------------------+---------+----------+----------------------+----------------------+--------------------|
| QMIX_grouped_rware_v2_rware-small-4ag-v2_74c9b_00000 | RUNNING  | 172.24.0.2:994514 |    700 |          1478.36 | 2103000 |     0.05 |                    1 |                    0 |                500 |
+------------------------------------------------------+----------+-------------------+--------+------------------+---------+----------+----------------------+----------------------+--------------------+


== Status ==
Current time: 2026-05-22 23:07:18 (running for 00:25:13.91)
Memory usage on this node: 80.4/251.6 GiB
Using FIFO scheduling algorithm.
Resources requested: 7.0/8 CPUs, 1.0/1 GPUs, 0.0/17.54 GiB heap, 0.0/8.77 GiB objects (0.0/1.0 accelerator_type:G)
Result logdir: /workspace/MARLlib/runs/rware_mappo_gru_small_20m_tensorboard/qmix_gru_rware-small-4ag-v2
Number of trials: 1/1 (1 RUNNING)
+------------------------------------------------------+----------+-------------------+--------+------------------+---------+----------+----------------------+----------------------+--------------------+
| Trial name                                           | status   | loc               |   iter |   total time (s) |      ts |   reward |   episode_reward_max |   episode_reward_min |   episode_len_mean |
|------------------------------------------------------+----------+-------------------+--------+------------------+---------+----------+----------------------+----------------------+--------------------|
| QMIX_grouped_rware_v2_rware-small-4ag-v2_74c9b_00000 | RUNNING  | 172.24.0.2:994514 |    703 |          1484.04 | 2112000 |     0.06 |                    1 |                    0 |                500 |
+------------------------------------------------------+----------+-------------------+--------+------------------+---------+----------+----------------------+----------------------+--------------------+


== Status ==
Current time: 2026-05-22 23:07:24 (running for 00:25:19.67)
Memory usage on this node: 80.5/251.6 GiB
Using FIFO scheduling algorithm.
Resources requested: 7.0/8 CPUs, 1.0/1 GPUs, 0.0/17.54 GiB heap, 0.0/8.77 GiB objects (0.0/1.0 accelerator_type:G)
Result logdir: /workspace/MARLlib/runs/rware_mappo_gru_small_20m_tensorboard/qmix_gru_rware-small-4ag-v2
Number of trials: 1/1 (1 RUNNING)
+------------------------------------------------------+----------+-------------------+--------+------------------+---------+----------+----------------------+----------------------+--------------------+
| Trial name                                           | status   | loc               |   iter |   total time (s) |      ts |   reward |   episode_reward_max |   episode_reward_min |   episode_len_mean |
|------------------------------------------------------+----------+-------------------+--------+------------------+---------+----------+----------------------+----------------------+--------------------|
| QMIX_grouped_rware_v2_rware-small-4ag-v2_74c9b_00000 | RUNNING  | 172.24.0.2:994514 |    706 |          1489.72 | 2121000 |     0.04 |                    1 |                    0 |                500 |
+------------------------------------------------------+----------+-------------------+--------+------------------+---------+----------+----------------------+----------------------+--------------------+


== Status ==
Current time: 2026-05-22 23:07:30 (running for 00:25:25.39)
Memory usage on this node: 80.6/251.6 GiB
Using FIFO scheduling algorithm.
Resources requested: 7.0/8 CPUs, 1.0/1 GPUs, 0.0/17.54 GiB heap, 0.0/8.77 GiB objects (0.0/1.0 accelerator_type:G)
Result logdir: /workspace/MARLlib/runs/rware_mappo_gru_small_20m_tensorboard/qmix_gru_rware-small-4ag-v2
Number of trials: 1/1 (1 RUNNING)
+------------------------------------------------------+----------+-------------------+--------+------------------+---------+----------+----------------------+----------------------+--------------------+
| Trial name                                           | status   | loc               |   iter |   total time (s) |      ts |   reward |   episode_reward_max |   episode_reward_min |   episode_len_mean |
|------------------------------------------------------+----------+-------------------+--------+------------------+---------+----------+----------------------+----------------------+--------------------|
| QMIX_grouped_rware_v2_rware-small-4ag-v2_74c9b_00000 | RUNNING  | 172.24.0.2:994514 |    709 |          1495.37 | 2130000 |     0.02 |                    1 |                    0 |                500 |
+------------------------------------------------------+----------+-------------------+--------+------------------+---------+----------+----------------------+----------------------+--------------------+


== Status ==
Current time: 2026-05-22 23:07:35 (running for 00:25:31.15)
Memory usage on this node: 80.6/251.6 GiB
Using FIFO scheduling algorithm.
Resources requested: 7.0/8 CPUs, 1.0/1 GPUs, 0.0/17.54 GiB heap, 0.0/8.77 GiB objects (0.0/1.0 accelerator_type:G)
Result logdir: /workspace/MARLlib/runs/rware_mappo_gru_small_20m_tensorboard/qmix_gru_rware-small-4ag-v2
Number of trials: 1/1 (1 RUNNING)
+------------------------------------------------------+----------+-------------------+--------+------------------+---------+----------+----------------------+----------------------+--------------------+
| Trial name                                           | status   | loc               |   iter |   total time (s) |      ts |   reward |   episode_reward_max |   episode_reward_min |   episode_len_mean |
|------------------------------------------------------+----------+-------------------+--------+------------------+---------+----------+----------------------+----------------------+--------------------|
| QMIX_grouped_rware_v2_rware-small-4ag-v2_74c9b_00000 | RUNNING  | 172.24.0.2:994514 |    712 |          1501.07 | 2139000 |     0.02 |                    1 |                    0 |                500 |
+------------------------------------------------------+----------+-------------------+--------+------------------+---------+----------+----------------------+----------------------+--------------------+


== Status ==
Current time: 2026-05-22 23:07:41 (running for 00:25:36.89)
Memory usage on this node: 80.7/251.6 GiB
Using FIFO scheduling algorithm.
Resources requested: 7.0/8 CPUs, 1.0/1 GPUs, 0.0/17.54 GiB heap, 0.0/8.77 GiB objects (0.0/1.0 accelerator_type:G)
Result logdir: /workspace/MARLlib/runs/rware_mappo_gru_small_20m_tensorboard/qmix_gru_rware-small-4ag-v2
Number of trials: 1/1 (1 RUNNING)
+------------------------------------------------------+----------+-------------------+--------+------------------+---------+----------+----------------------+----------------------+--------------------+
| Trial name                                           | status   | loc               |   iter |   total time (s) |      ts |   reward |   episode_reward_max |   episode_reward_min |   episode_len_mean |
|------------------------------------------------------+----------+-------------------+--------+------------------+---------+----------+----------------------+----------------------+--------------------|
| QMIX_grouped_rware_v2_rware-small-4ag-v2_74c9b_00000 | RUNNING  | 172.24.0.2:994514 |    715 |          1506.74 | 2148000 |     0.03 |                    1 |                    0 |                500 |
+------------------------------------------------------+----------+-------------------+--------+------------------+---------+----------+----------------------+----------------------+--------------------+


== Status ==
Current time: 2026-05-22 23:07:47 (running for 00:25:42.65)
Memory usage on this node: 80.8/251.6 GiB
Using FIFO scheduling algorithm.
Resources requested: 7.0/8 CPUs, 1.0/1 GPUs, 0.0/17.54 GiB heap, 0.0/8.77 GiB objects (0.0/1.0 accelerator_type:G)
Result logdir: /workspace/MARLlib/runs/rware_mappo_gru_small_20m_tensorboard/qmix_gru_rware-small-4ag-v2
Number of trials: 1/1 (1 RUNNING)
+------------------------------------------------------+----------+-------------------+--------+------------------+---------+----------+----------------------+----------------------+--------------------+
| Trial name                                           | status   | loc               |   iter |   total time (s) |      ts |   reward |   episode_reward_max |   episode_reward_min |   episode_len_mean |
|------------------------------------------------------+----------+-------------------+--------+------------------+---------+----------+----------------------+----------------------+--------------------|
| QMIX_grouped_rware_v2_rware-small-4ag-v2_74c9b_00000 | RUNNING  | 172.24.0.2:994514 |    718 |          1512.41 | 2157000 |     0.03 |                    1 |                    0 |                500 |
+------------------------------------------------------+----------+-------------------+--------+------------------+---------+----------+----------------------+----------------------+--------------------+


== Status ==
Current time: 2026-05-22 23:07:53 (running for 00:25:48.42)
Memory usage on this node: 80.9/251.6 GiB
Using FIFO scheduling algorithm.
Resources requested: 7.0/8 CPUs, 1.0/1 GPUs, 0.0/17.54 GiB heap, 0.0/8.77 GiB objects (0.0/1.0 accelerator_type:G)
Result logdir: /workspace/MARLlib/runs/rware_mappo_gru_small_20m_tensorboard/qmix_gru_rware-small-4ag-v2
Number of trials: 1/1 (1 RUNNING)
+------------------------------------------------------+----------+-------------------+--------+------------------+---------+----------+----------------------+----------------------+--------------------+
| Trial name                                           | status   | loc               |   iter |   total time (s) |      ts |   reward |   episode_reward_max |   episode_reward_min |   episode_len_mean |
|------------------------------------------------------+----------+-------------------+--------+------------------+---------+----------+----------------------+----------------------+--------------------|
| QMIX_grouped_rware_v2_rware-small-4ag-v2_74c9b_00000 | RUNNING  | 172.24.0.2:994514 |    721 |          1518.11 | 2166000 |     0.03 |                    1 |                    0 |                500 |
+------------------------------------------------------+----------+-------------------+--------+------------------+---------+----------+----------------------+----------------------+--------------------+


== Status ==
Current time: 2026-05-22 23:07:59 (running for 00:25:54.18)
Memory usage on this node: 80.9/251.6 GiB
Using FIFO scheduling algorithm.
Resources requested: 7.0/8 CPUs, 1.0/1 GPUs, 0.0/17.54 GiB heap, 0.0/8.77 GiB objects (0.0/1.0 accelerator_type:G)
Result logdir: /workspace/MARLlib/runs/rware_mappo_gru_small_20m_tensorboard/qmix_gru_rware-small-4ag-v2
Number of trials: 1/1 (1 RUNNING)
+------------------------------------------------------+----------+-------------------+--------+------------------+---------+----------+----------------------+----------------------+--------------------+
| Trial name                                           | status   | loc               |   iter |   total time (s) |      ts |   reward |   episode_reward_max |   episode_reward_min |   episode_len_mean |
|------------------------------------------------------+----------+-------------------+--------+------------------+---------+----------+----------------------+----------------------+--------------------|
| QMIX_grouped_rware_v2_rware-small-4ag-v2_74c9b_00000 | RUNNING  | 172.24.0.2:994514 |    724 |          1523.79 | 2175000 |     0.05 |                    2 |                    0 |                500 |
+------------------------------------------------------+----------+-------------------+--------+------------------+---------+----------+----------------------+----------------------+--------------------+


== Status ==
Current time: 2026-05-22 23:08:04 (running for 00:26:00.00)
Memory usage on this node: 81.0/251.6 GiB
Using FIFO scheduling algorithm.
Resources requested: 7.0/8 CPUs, 1.0/1 GPUs, 0.0/17.54 GiB heap, 0.0/8.77 GiB objects (0.0/1.0 accelerator_type:G)
Result logdir: /workspace/MARLlib/runs/rware_mappo_gru_small_20m_tensorboard/qmix_gru_rware-small-4ag-v2
Number of trials: 1/1 (1 RUNNING)
+------------------------------------------------------+----------+-------------------+--------+------------------+---------+----------+----------------------+----------------------+--------------------+
| Trial name                                           | status   | loc               |   iter |   total time (s) |      ts |   reward |   episode_reward_max |   episode_reward_min |   episode_len_mean |
|------------------------------------------------------+----------+-------------------+--------+------------------+---------+----------+----------------------+----------------------+--------------------|
| QMIX_grouped_rware_v2_rware-small-4ag-v2_74c9b_00000 | RUNNING  | 172.24.0.2:994514 |    727 |          1529.53 | 2184000 |     0.05 |                    2 |                    0 |                500 |
+------------------------------------------------------+----------+-------------------+--------+------------------+---------+----------+----------------------+----------------------+--------------------+


== Status ==
Current time: 2026-05-22 23:08:10 (running for 00:26:05.60)
Memory usage on this node: 81.1/251.6 GiB
Using FIFO scheduling algorithm.
Resources requested: 7.0/8 CPUs, 1.0/1 GPUs, 0.0/17.54 GiB heap, 0.0/8.77 GiB objects (0.0/1.0 accelerator_type:G)
Result logdir: /workspace/MARLlib/runs/rware_mappo_gru_small_20m_tensorboard/qmix_gru_rware-small-4ag-v2
Number of trials: 1/1 (1 RUNNING)
+------------------------------------------------------+----------+-------------------+--------+------------------+---------+----------+----------------------+----------------------+--------------------+
| Trial name                                           | status   | loc               |   iter |   total time (s) |      ts |   reward |   episode_reward_max |   episode_reward_min |   episode_len_mean |
|------------------------------------------------------+----------+-------------------+--------+------------------+---------+----------+----------------------+----------------------+--------------------|
| QMIX_grouped_rware_v2_rware-small-4ag-v2_74c9b_00000 | RUNNING  | 172.24.0.2:994514 |    730 |          1535.06 | 2193000 |     0.05 |                    2 |                    0 |                500 |
+------------------------------------------------------+----------+-------------------+--------+------------------+---------+----------+----------------------+----------------------+--------------------+


== Status ==
Current time: 2026-05-22 23:08:16 (running for 00:26:11.54)
Memory usage on this node: 81.2/251.6 GiB
Using FIFO scheduling algorithm.
Resources requested: 7.0/8 CPUs, 1.0/1 GPUs, 0.0/17.54 GiB heap, 0.0/8.77 GiB objects (0.0/1.0 accelerator_type:G)
Result logdir: /workspace/MARLlib/runs/rware_mappo_gru_small_20m_tensorboard/qmix_gru_rware-small-4ag-v2
Number of trials: 1/1 (1 RUNNING)
+------------------------------------------------------+----------+-------------------+--------+------------------+---------+----------+----------------------+----------------------+--------------------+
| Trial name                                           | status   | loc               |   iter |   total time (s) |      ts |   reward |   episode_reward_max |   episode_reward_min |   episode_len_mean |
|------------------------------------------------------+----------+-------------------+--------+------------------+---------+----------+----------------------+----------------------+--------------------|
| QMIX_grouped_rware_v2_rware-small-4ag-v2_74c9b_00000 | RUNNING  | 172.24.0.2:994514 |    733 |          1540.92 | 2202000 |     0.04 |                    2 |                    0 |                500 |
+------------------------------------------------------+----------+-------------------+--------+------------------+---------+----------+----------------------+----------------------+--------------------+


== Status ==
Current time: 2026-05-22 23:08:22 (running for 00:26:17.30)
Memory usage on this node: 81.2/251.6 GiB
Using FIFO scheduling algorithm.
Resources requested: 7.0/8 CPUs, 1.0/1 GPUs, 0.0/17.54 GiB heap, 0.0/8.77 GiB objects (0.0/1.0 accelerator_type:G)
Result logdir: /workspace/MARLlib/runs/rware_mappo_gru_small_20m_tensorboard/qmix_gru_rware-small-4ag-v2
Number of trials: 1/1 (1 RUNNING)
+------------------------------------------------------+----------+-------------------+--------+------------------+---------+----------+----------------------+----------------------+--------------------+
| Trial name                                           | status   | loc               |   iter |   total time (s) |      ts |   reward |   episode_reward_max |   episode_reward_min |   episode_len_mean |
|------------------------------------------------------+----------+-------------------+--------+------------------+---------+----------+----------------------+----------------------+--------------------|
| QMIX_grouped_rware_v2_rware-small-4ag-v2_74c9b_00000 | RUNNING  | 172.24.0.2:994514 |    736 |          1546.61 | 2211000 |     0.05 |                    2 |                    0 |                500 |
+------------------------------------------------------+----------+-------------------+--------+------------------+---------+----------+----------------------+----------------------+--------------------+


== Status ==
Current time: 2026-05-22 23:08:27 (running for 00:26:23.15)
Memory usage on this node: 81.3/251.6 GiB
Using FIFO scheduling algorithm.
Resources requested: 7.0/8 CPUs, 1.0/1 GPUs, 0.0/17.54 GiB heap, 0.0/8.77 GiB objects (0.0/1.0 accelerator_type:G)
Result logdir: /workspace/MARLlib/runs/rware_mappo_gru_small_20m_tensorboard/qmix_gru_rware-small-4ag-v2
Number of trials: 1/1 (1 RUNNING)
+------------------------------------------------------+----------+-------------------+--------+------------------+---------+----------+----------------------+----------------------+--------------------+
| Trial name                                           | status   | loc               |   iter |   total time (s) |      ts |   reward |   episode_reward_max |   episode_reward_min |   episode_len_mean |
|------------------------------------------------------+----------+-------------------+--------+------------------+---------+----------+----------------------+----------------------+--------------------|
| QMIX_grouped_rware_v2_rware-small-4ag-v2_74c9b_00000 | RUNNING  | 172.24.0.2:994514 |    739 |          1552.38 | 2220000 |     0.05 |                    1 |                    0 |                500 |
+------------------------------------------------------+----------+-------------------+--------+------------------+---------+----------+----------------------+----------------------+--------------------+


== Status ==
Current time: 2026-05-22 23:08:33 (running for 00:26:28.91)
Memory usage on this node: 81.4/251.6 GiB
Using FIFO scheduling algorithm.
Resources requested: 7.0/8 CPUs, 1.0/1 GPUs, 0.0/17.54 GiB heap, 0.0/8.77 GiB objects (0.0/1.0 accelerator_type:G)
Result logdir: /workspace/MARLlib/runs/rware_mappo_gru_small_20m_tensorboard/qmix_gru_rware-small-4ag-v2
Number of trials: 1/1 (1 RUNNING)
+------------------------------------------------------+----------+-------------------+--------+------------------+---------+----------+----------------------+----------------------+--------------------+
| Trial name                                           | status   | loc               |   iter |   total time (s) |      ts |   reward |   episode_reward_max |   episode_reward_min |   episode_len_mean |
|------------------------------------------------------+----------+-------------------+--------+------------------+---------+----------+----------------------+----------------------+--------------------|
| QMIX_grouped_rware_v2_rware-small-4ag-v2_74c9b_00000 | RUNNING  | 172.24.0.2:994514 |    742 |          1558.07 | 2229000 |     0.06 |                    1 |                    0 |                500 |
+------------------------------------------------------+----------+-------------------+--------+------------------+---------+----------+----------------------+----------------------+--------------------+


== Status ==
Current time: 2026-05-22 23:08:39 (running for 00:26:34.62)
Memory usage on this node: 81.4/251.6 GiB
Using FIFO scheduling algorithm.
Resources requested: 7.0/8 CPUs, 1.0/1 GPUs, 0.0/17.54 GiB heap, 0.0/8.77 GiB objects (0.0/1.0 accelerator_type:G)
Result logdir: /workspace/MARLlib/runs/rware_mappo_gru_small_20m_tensorboard/qmix_gru_rware-small-4ag-v2
Number of trials: 1/1 (1 RUNNING)
+------------------------------------------------------+----------+-------------------+--------+------------------+---------+----------+----------------------+----------------------+--------------------+
| Trial name                                           | status   | loc               |   iter |   total time (s) |      ts |   reward |   episode_reward_max |   episode_reward_min |   episode_len_mean |
|------------------------------------------------------+----------+-------------------+--------+------------------+---------+----------+----------------------+----------------------+--------------------|
| QMIX_grouped_rware_v2_rware-small-4ag-v2_74c9b_00000 | RUNNING  | 172.24.0.2:994514 |    745 |          1563.69 | 2238000 |     0.06 |                    1 |                    0 |                500 |
+------------------------------------------------------+----------+-------------------+--------+------------------+---------+----------+----------------------+----------------------+--------------------+


== Status ==
Current time: 2026-05-22 23:08:45 (running for 00:26:40.48)
Memory usage on this node: 81.5/251.6 GiB
Using FIFO scheduling algorithm.
Resources requested: 7.0/8 CPUs, 1.0/1 GPUs, 0.0/17.54 GiB heap, 0.0/8.77 GiB objects (0.0/1.0 accelerator_type:G)
Result logdir: /workspace/MARLlib/runs/rware_mappo_gru_small_20m_tensorboard/qmix_gru_rware-small-4ag-v2
Number of trials: 1/1 (1 RUNNING)
+------------------------------------------------------+----------+-------------------+--------+------------------+---------+----------+----------------------+----------------------+--------------------+
| Trial name                                           | status   | loc               |   iter |   total time (s) |      ts |   reward |   episode_reward_max |   episode_reward_min |   episode_len_mean |
|------------------------------------------------------+----------+-------------------+--------+------------------+---------+----------+----------------------+----------------------+--------------------|
| QMIX_grouped_rware_v2_rware-small-4ag-v2_74c9b_00000 | RUNNING  | 172.24.0.2:994514 |    747 |           1567.5 | 2244000 |     0.07 |                    1 |                    0 |                500 |
+------------------------------------------------------+----------+-------------------+--------+------------------+---------+----------+----------------------+----------------------+--------------------+


== Status ==
Current time: 2026-05-22 23:08:50 (running for 00:26:45.91)
Memory usage on this node: 81.6/251.6 GiB
Using FIFO scheduling algorithm.
Resources requested: 7.0/8 CPUs, 1.0/1 GPUs, 0.0/17.54 GiB heap, 0.0/8.77 GiB objects (0.0/1.0 accelerator_type:G)
Result logdir: /workspace/MARLlib/runs/rware_mappo_gru_small_20m_tensorboard/qmix_gru_rware-small-4ag-v2
Number of trials: 1/1 (1 RUNNING)
+------------------------------------------------------+----------+-------------------+--------+------------------+---------+----------+----------------------+----------------------+--------------------+
| Trial name                                           | status   | loc               |   iter |   total time (s) |      ts |   reward |   episode_reward_max |   episode_reward_min |   episode_len_mean |
|------------------------------------------------------+----------+-------------------+--------+------------------+---------+----------+----------------------+----------------------+--------------------|
| QMIX_grouped_rware_v2_rware-small-4ag-v2_74c9b_00000 | RUNNING  | 172.24.0.2:994514 |    749 |          1573.89 | 2250000 |     0.06 |                    1 |                    0 |                500 |
+------------------------------------------------------+----------+-------------------+--------+------------------+---------+----------+----------------------+----------------------+--------------------+


== Status ==
Current time: 2026-05-22 23:08:55 (running for 00:26:50.91)
Memory usage on this node: 81.6/251.6 GiB
Using FIFO scheduling algorithm.
Resources requested: 7.0/8 CPUs, 1.0/1 GPUs, 0.0/17.54 GiB heap, 0.0/8.77 GiB objects (0.0/1.0 accelerator_type:G)
Result logdir: /workspace/MARLlib/runs/rware_mappo_gru_small_20m_tensorboard/qmix_gru_rware-small-4ag-v2
Number of trials: 1/1 (1 RUNNING)
+------------------------------------------------------+----------+-------------------+--------+------------------+---------+----------+----------------------+----------------------+--------------------+
| Trial name                                           | status   | loc               |   iter |   total time (s) |      ts |   reward |   episode_reward_max |   episode_reward_min |   episode_len_mean |
|------------------------------------------------------+----------+-------------------+--------+------------------+---------+----------+----------------------+----------------------+--------------------|
| QMIX_grouped_rware_v2_rware-small-4ag-v2_74c9b_00000 | RUNNING  | 172.24.0.2:994514 |    749 |          1573.89 | 2250000 |     0.06 |                    1 |                    0 |                500 |
+------------------------------------------------------+----------+-------------------+--------+------------------+---------+----------+----------------------+----------------------+--------------------+


== Status ==
Current time: 2026-05-22 23:09:01 (running for 00:26:56.23)
Memory usage on this node: 81.6/251.6 GiB
Using FIFO scheduling algorithm.
Resources requested: 7.0/8 CPUs, 1.0/1 GPUs, 0.0/17.54 GiB heap, 0.0/8.77 GiB objects (0.0/1.0 accelerator_type:G)
Result logdir: /workspace/MARLlib/runs/rware_mappo_gru_small_20m_tensorboard/qmix_gru_rware-small-4ag-v2
Number of trials: 1/1 (1 RUNNING)
+------------------------------------------------------+----------+-------------------+--------+------------------+---------+----------+----------------------+----------------------+--------------------+
| Trial name                                           | status   | loc               |   iter |   total time (s) |      ts |   reward |   episode_reward_max |   episode_reward_min |   episode_len_mean |
|------------------------------------------------------+----------+-------------------+--------+------------------+---------+----------+----------------------+----------------------+--------------------|
| QMIX_grouped_rware_v2_rware-small-4ag-v2_74c9b_00000 | RUNNING  | 172.24.0.2:994514 |    750 |          1585.18 | 2253000 |     0.06 |                    1 |                    0 |                500 |
+------------------------------------------------------+----------+-------------------+--------+------------------+---------+----------+----------------------+----------------------+--------------------+


== Status ==
Current time: 2026-05-22 23:09:07 (running for 00:27:02.19)
Memory usage on this node: 81.6/251.6 GiB
Using FIFO scheduling algorithm.
Resources requested: 7.0/8 CPUs, 1.0/1 GPUs, 0.0/17.54 GiB heap, 0.0/8.77 GiB objects (0.0/1.0 accelerator_type:G)
Result logdir: /workspace/MARLlib/runs/rware_mappo_gru_small_20m_tensorboard/qmix_gru_rware-small-4ag-v2
Number of trials: 1/1 (1 RUNNING)
+------------------------------------------------------+----------+-------------------+--------+------------------+---------+----------+----------------------+----------------------+--------------------+
| Trial name                                           | status   | loc               |   iter |   total time (s) |      ts |   reward |   episode_reward_max |   episode_reward_min |   episode_len_mean |
|------------------------------------------------------+----------+-------------------+--------+------------------+---------+----------+----------------------+----------------------+--------------------|
| QMIX_grouped_rware_v2_rware-small-4ag-v2_74c9b_00000 | RUNNING  | 172.24.0.2:994514 |    753 |          1591.06 | 2262000 |     0.05 |                    1 |                    0 |                500 |
+------------------------------------------------------+----------+-------------------+--------+------------------+---------+----------+----------------------+----------------------+--------------------+


== Status ==
Current time: 2026-05-22 23:09:12 (running for 00:27:07.84)
Memory usage on this node: 81.7/251.6 GiB
Using FIFO scheduling algorithm.
Resources requested: 7.0/8 CPUs, 1.0/1 GPUs, 0.0/17.54 GiB heap, 0.0/8.77 GiB objects (0.0/1.0 accelerator_type:G)
Result logdir: /workspace/MARLlib/runs/rware_mappo_gru_small_20m_tensorboard/qmix_gru_rware-small-4ag-v2
Number of trials: 1/1 (1 RUNNING)
+------------------------------------------------------+----------+-------------------+--------+------------------+---------+----------+----------------------+----------------------+--------------------+
| Trial name                                           | status   | loc               |   iter |   total time (s) |      ts |   reward |   episode_reward_max |   episode_reward_min |   episode_len_mean |
|------------------------------------------------------+----------+-------------------+--------+------------------+---------+----------+----------------------+----------------------+--------------------|
| QMIX_grouped_rware_v2_rware-small-4ag-v2_74c9b_00000 | RUNNING  | 172.24.0.2:994514 |    756 |          1596.63 | 2271000 |     0.02 |                    1 |                    0 |                500 |
+------------------------------------------------------+----------+-------------------+--------+------------------+---------+----------+----------------------+----------------------+--------------------+


== Status ==
Current time: 2026-05-22 23:09:18 (running for 00:27:13.63)
Memory usage on this node: 81.8/251.6 GiB
Using FIFO scheduling algorithm.
Resources requested: 7.0/8 CPUs, 1.0/1 GPUs, 0.0/17.54 GiB heap, 0.0/8.77 GiB objects (0.0/1.0 accelerator_type:G)
Result logdir: /workspace/MARLlib/runs/rware_mappo_gru_small_20m_tensorboard/qmix_gru_rware-small-4ag-v2
Number of trials: 1/1 (1 RUNNING)
+------------------------------------------------------+----------+-------------------+--------+------------------+---------+----------+----------------------+----------------------+--------------------+
| Trial name                                           | status   | loc               |   iter |   total time (s) |      ts |   reward |   episode_reward_max |   episode_reward_min |   episode_len_mean |
|------------------------------------------------------+----------+-------------------+--------+------------------+---------+----------+----------------------+----------------------+--------------------|
| QMIX_grouped_rware_v2_rware-small-4ag-v2_74c9b_00000 | RUNNING  | 172.24.0.2:994514 |    759 |          1602.33 | 2280000 |     0.03 |                    1 |                    0 |                500 |
+------------------------------------------------------+----------+-------------------+--------+------------------+---------+----------+----------------------+----------------------+--------------------+


== Status ==
Current time: 2026-05-22 23:09:24 (running for 00:27:19.48)
Memory usage on this node: 81.9/251.6 GiB
Using FIFO scheduling algorithm.
Resources requested: 7.0/8 CPUs, 1.0/1 GPUs, 0.0/17.54 GiB heap, 0.0/8.77 GiB objects (0.0/1.0 accelerator_type:G)
Result logdir: /workspace/MARLlib/runs/rware_mappo_gru_small_20m_tensorboard/qmix_gru_rware-small-4ag-v2
Number of trials: 1/1 (1 RUNNING)
+------------------------------------------------------+----------+-------------------+--------+------------------+---------+----------+----------------------+----------------------+--------------------+
| Trial name                                           | status   | loc               |   iter |   total time (s) |      ts |   reward |   episode_reward_max |   episode_reward_min |   episode_len_mean |
|------------------------------------------------------+----------+-------------------+--------+------------------+---------+----------+----------------------+----------------------+--------------------|
| QMIX_grouped_rware_v2_rware-small-4ag-v2_74c9b_00000 | RUNNING  | 172.24.0.2:994514 |    762 |          1608.11 | 2289000 |     0.02 |                    1 |                    0 |                500 |
+------------------------------------------------------+----------+-------------------+--------+------------------+---------+----------+----------------------+----------------------+--------------------+


== Status ==
Current time: 2026-05-22 23:09:30 (running for 00:27:25.18)
Memory usage on this node: 81.9/251.6 GiB
Using FIFO scheduling algorithm.
Resources requested: 7.0/8 CPUs, 1.0/1 GPUs, 0.0/17.54 GiB heap, 0.0/8.77 GiB objects (0.0/1.0 accelerator_type:G)
Result logdir: /workspace/MARLlib/runs/rware_mappo_gru_small_20m_tensorboard/qmix_gru_rware-small-4ag-v2
Number of trials: 1/1 (1 RUNNING)
+------------------------------------------------------+----------+-------------------+--------+------------------+---------+----------+----------------------+----------------------+--------------------+
| Trial name                                           | status   | loc               |   iter |   total time (s) |      ts |   reward |   episode_reward_max |   episode_reward_min |   episode_len_mean |
|------------------------------------------------------+----------+-------------------+--------+------------------+---------+----------+----------------------+----------------------+--------------------|
| QMIX_grouped_rware_v2_rware-small-4ag-v2_74c9b_00000 | RUNNING  | 172.24.0.2:994514 |    765 |          1613.73 | 2298000 |     0.02 |                    1 |                    0 |                500 |
+------------------------------------------------------+----------+-------------------+--------+------------------+---------+----------+----------------------+----------------------+--------------------+


== Status ==
Current time: 2026-05-22 23:09:35 (running for 00:27:30.88)
Memory usage on this node: 82.0/251.6 GiB
Using FIFO scheduling algorithm.
Resources requested: 7.0/8 CPUs, 1.0/1 GPUs, 0.0/17.54 GiB heap, 0.0/8.77 GiB objects (0.0/1.0 accelerator_type:G)
Result logdir: /workspace/MARLlib/runs/rware_mappo_gru_small_20m_tensorboard/qmix_gru_rware-small-4ag-v2
Number of trials: 1/1 (1 RUNNING)
+------------------------------------------------------+----------+-------------------+--------+------------------+---------+----------+----------------------+----------------------+--------------------+
| Trial name                                           | status   | loc               |   iter |   total time (s) |      ts |   reward |   episode_reward_max |   episode_reward_min |   episode_len_mean |
|------------------------------------------------------+----------+-------------------+--------+------------------+---------+----------+----------------------+----------------------+--------------------|
| QMIX_grouped_rware_v2_rware-small-4ag-v2_74c9b_00000 | RUNNING  | 172.24.0.2:994514 |    768 |          1619.36 | 2307000 |     0.02 |                    1 |                    0 |                500 |
+------------------------------------------------------+----------+-------------------+--------+------------------+---------+----------+----------------------+----------------------+--------------------+


== Status ==
Current time: 2026-05-22 23:09:41 (running for 00:27:36.70)
Memory usage on this node: 82.1/251.6 GiB
Using FIFO scheduling algorithm.
Resources requested: 7.0/8 CPUs, 1.0/1 GPUs, 0.0/17.54 GiB heap, 0.0/8.77 GiB objects (0.0/1.0 accelerator_type:G)
Result logdir: /workspace/MARLlib/runs/rware_mappo_gru_small_20m_tensorboard/qmix_gru_rware-small-4ag-v2
Number of trials: 1/1 (1 RUNNING)
+------------------------------------------------------+----------+-------------------+--------+------------------+---------+----------+----------------------+----------------------+--------------------+
| Trial name                                           | status   | loc               |   iter |   total time (s) |      ts |   reward |   episode_reward_max |   episode_reward_min |   episode_len_mean |
|------------------------------------------------------+----------+-------------------+--------+------------------+---------+----------+----------------------+----------------------+--------------------|
| QMIX_grouped_rware_v2_rware-small-4ag-v2_74c9b_00000 | RUNNING  | 172.24.0.2:994514 |    771 |          1625.09 | 2316000 |     0.03 |                    1 |                    0 |                500 |
+------------------------------------------------------+----------+-------------------+--------+------------------+---------+----------+----------------------+----------------------+--------------------+


== Status ==
Current time: 2026-05-22 23:09:47 (running for 00:27:42.59)
Memory usage on this node: 82.1/251.6 GiB
Using FIFO scheduling algorithm.
Resources requested: 7.0/8 CPUs, 1.0/1 GPUs, 0.0/17.54 GiB heap, 0.0/8.77 GiB objects (0.0/1.0 accelerator_type:G)
Result logdir: /workspace/MARLlib/runs/rware_mappo_gru_small_20m_tensorboard/qmix_gru_rware-small-4ag-v2
Number of trials: 1/1 (1 RUNNING)
+------------------------------------------------------+----------+-------------------+--------+------------------+---------+----------+----------------------+----------------------+--------------------+
| Trial name                                           | status   | loc               |   iter |   total time (s) |      ts |   reward |   episode_reward_max |   episode_reward_min |   episode_len_mean |
|------------------------------------------------------+----------+-------------------+--------+------------------+---------+----------+----------------------+----------------------+--------------------|
| QMIX_grouped_rware_v2_rware-small-4ag-v2_74c9b_00000 | RUNNING  | 172.24.0.2:994514 |    774 |          1630.93 | 2325000 |     0.02 |                    1 |                    0 |                500 |
+------------------------------------------------------+----------+-------------------+--------+------------------+---------+----------+----------------------+----------------------+--------------------+


== Status ==
Current time: 2026-05-22 23:09:53 (running for 00:27:48.48)
Memory usage on this node: 82.2/251.6 GiB
Using FIFO scheduling algorithm.
Resources requested: 7.0/8 CPUs, 1.0/1 GPUs, 0.0/17.54 GiB heap, 0.0/8.77 GiB objects (0.0/1.0 accelerator_type:G)
Result logdir: /workspace/MARLlib/runs/rware_mappo_gru_small_20m_tensorboard/qmix_gru_rware-small-4ag-v2
Number of trials: 1/1 (1 RUNNING)
+------------------------------------------------------+----------+-------------------+--------+------------------+---------+----------+----------------------+----------------------+--------------------+
| Trial name                                           | status   | loc               |   iter |   total time (s) |      ts |   reward |   episode_reward_max |   episode_reward_min |   episode_len_mean |
|------------------------------------------------------+----------+-------------------+--------+------------------+---------+----------+----------------------+----------------------+--------------------|
| QMIX_grouped_rware_v2_rware-small-4ag-v2_74c9b_00000 | RUNNING  | 172.24.0.2:994514 |    777 |          1636.73 | 2334000 |     0.04 |                    1 |                    0 |                500 |
+------------------------------------------------------+----------+-------------------+--------+------------------+---------+----------+----------------------+----------------------+--------------------+


== Status ==
Current time: 2026-05-22 23:09:59 (running for 00:27:54.17)
Memory usage on this node: 82.3/251.6 GiB
Using FIFO scheduling algorithm.
Resources requested: 7.0/8 CPUs, 1.0/1 GPUs, 0.0/17.54 GiB heap, 0.0/8.77 GiB objects (0.0/1.0 accelerator_type:G)
Result logdir: /workspace/MARLlib/runs/rware_mappo_gru_small_20m_tensorboard/qmix_gru_rware-small-4ag-v2
Number of trials: 1/1 (1 RUNNING)
+------------------------------------------------------+----------+-------------------+--------+------------------+---------+----------+----------------------+----------------------+--------------------+
| Trial name                                           | status   | loc               |   iter |   total time (s) |      ts |   reward |   episode_reward_max |   episode_reward_min |   episode_len_mean |
|------------------------------------------------------+----------+-------------------+--------+------------------+---------+----------+----------------------+----------------------+--------------------|
| QMIX_grouped_rware_v2_rware-small-4ag-v2_74c9b_00000 | RUNNING  | 172.24.0.2:994514 |    780 |          1642.35 | 2343000 |     0.04 |                    1 |                    0 |                500 |
+------------------------------------------------------+----------+-------------------+--------+------------------+---------+----------+----------------------+----------------------+--------------------+


== Status ==
Current time: 2026-05-22 23:10:04 (running for 00:27:59.88)
Memory usage on this node: 82.4/251.6 GiB
Using FIFO scheduling algorithm.
Resources requested: 7.0/8 CPUs, 1.0/1 GPUs, 0.0/17.54 GiB heap, 0.0/8.77 GiB objects (0.0/1.0 accelerator_type:G)
Result logdir: /workspace/MARLlib/runs/rware_mappo_gru_small_20m_tensorboard/qmix_gru_rware-small-4ag-v2
Number of trials: 1/1 (1 RUNNING)
+------------------------------------------------------+----------+-------------------+--------+------------------+---------+----------+----------------------+----------------------+--------------------+
| Trial name                                           | status   | loc               |   iter |   total time (s) |      ts |   reward |   episode_reward_max |   episode_reward_min |   episode_len_mean |
|------------------------------------------------------+----------+-------------------+--------+------------------+---------+----------+----------------------+----------------------+--------------------|
| QMIX_grouped_rware_v2_rware-small-4ag-v2_74c9b_00000 | RUNNING  | 172.24.0.2:994514 |    783 |          1647.98 | 2352000 |     0.04 |                    1 |                    0 |                500 |
+------------------------------------------------------+----------+-------------------+--------+------------------+---------+----------+----------------------+----------------------+--------------------+


== Status ==
Current time: 2026-05-22 23:10:10 (running for 00:28:05.60)
Memory usage on this node: 82.5/251.6 GiB
Using FIFO scheduling algorithm.
Resources requested: 7.0/8 CPUs, 1.0/1 GPUs, 0.0/17.54 GiB heap, 0.0/8.77 GiB objects (0.0/1.0 accelerator_type:G)
Result logdir: /workspace/MARLlib/runs/rware_mappo_gru_small_20m_tensorboard/qmix_gru_rware-small-4ag-v2
Number of trials: 1/1 (1 RUNNING)
+------------------------------------------------------+----------+-------------------+--------+------------------+---------+----------+----------------------+----------------------+--------------------+
| Trial name                                           | status   | loc               |   iter |   total time (s) |      ts |   reward |   episode_reward_max |   episode_reward_min |   episode_len_mean |
|------------------------------------------------------+----------+-------------------+--------+------------------+---------+----------+----------------------+----------------------+--------------------|
| QMIX_grouped_rware_v2_rware-small-4ag-v2_74c9b_00000 | RUNNING  | 172.24.0.2:994514 |    786 |          1653.63 | 2361000 |     0.02 |                    1 |                    0 |                500 |
+------------------------------------------------------+----------+-------------------+--------+------------------+---------+----------+----------------------+----------------------+--------------------+


== Status ==
Current time: 2026-05-22 23:10:16 (running for 00:28:11.45)
Memory usage on this node: 82.5/251.6 GiB
Using FIFO scheduling algorithm.
Resources requested: 7.0/8 CPUs, 1.0/1 GPUs, 0.0/17.54 GiB heap, 0.0/8.77 GiB objects (0.0/1.0 accelerator_type:G)
Result logdir: /workspace/MARLlib/runs/rware_mappo_gru_small_20m_tensorboard/qmix_gru_rware-small-4ag-v2
Number of trials: 1/1 (1 RUNNING)
+------------------------------------------------------+----------+-------------------+--------+------------------+---------+----------+----------------------+----------------------+--------------------+
| Trial name                                           | status   | loc               |   iter |   total time (s) |      ts |   reward |   episode_reward_max |   episode_reward_min |   episode_len_mean |
|------------------------------------------------------+----------+-------------------+--------+------------------+---------+----------+----------------------+----------------------+--------------------|
| QMIX_grouped_rware_v2_rware-small-4ag-v2_74c9b_00000 | RUNNING  | 172.24.0.2:994514 |    789 |           1659.4 | 2370000 |     0.02 |                    1 |                    0 |                500 |
+------------------------------------------------------+----------+-------------------+--------+------------------+---------+----------+----------------------+----------------------+--------------------+


== Status ==
Current time: 2026-05-22 23:10:22 (running for 00:28:17.39)
Memory usage on this node: 82.6/251.6 GiB
Using FIFO scheduling algorithm.
Resources requested: 7.0/8 CPUs, 1.0/1 GPUs, 0.0/17.54 GiB heap, 0.0/8.77 GiB objects (0.0/1.0 accelerator_type:G)
Result logdir: /workspace/MARLlib/runs/rware_mappo_gru_small_20m_tensorboard/qmix_gru_rware-small-4ag-v2
Number of trials: 1/1 (1 RUNNING)
+------------------------------------------------------+----------+-------------------+--------+------------------+---------+----------+----------------------+----------------------+--------------------+
| Trial name                                           | status   | loc               |   iter |   total time (s) |      ts |   reward |   episode_reward_max |   episode_reward_min |   episode_len_mean |
|------------------------------------------------------+----------+-------------------+--------+------------------+---------+----------+----------------------+----------------------+--------------------|
| QMIX_grouped_rware_v2_rware-small-4ag-v2_74c9b_00000 | RUNNING  | 172.24.0.2:994514 |    792 |          1665.25 | 2379000 |     0.02 |                    1 |                    0 |                500 |
+------------------------------------------------------+----------+-------------------+--------+------------------+---------+----------+----------------------+----------------------+--------------------+


== Status ==
Current time: 2026-05-22 23:10:27 (running for 00:28:23.12)
Memory usage on this node: 82.7/251.6 GiB
Using FIFO scheduling algorithm.
Resources requested: 7.0/8 CPUs, 1.0/1 GPUs, 0.0/17.54 GiB heap, 0.0/8.77 GiB objects (0.0/1.0 accelerator_type:G)
Result logdir: /workspace/MARLlib/runs/rware_mappo_gru_small_20m_tensorboard/qmix_gru_rware-small-4ag-v2
Number of trials: 1/1 (1 RUNNING)
+------------------------------------------------------+----------+-------------------+--------+------------------+---------+----------+----------------------+----------------------+--------------------+
| Trial name                                           | status   | loc               |   iter |   total time (s) |      ts |   reward |   episode_reward_max |   episode_reward_min |   episode_len_mean |
|------------------------------------------------------+----------+-------------------+--------+------------------+---------+----------+----------------------+----------------------+--------------------|
| QMIX_grouped_rware_v2_rware-small-4ag-v2_74c9b_00000 | RUNNING  | 172.24.0.2:994514 |    795 |          1670.92 | 2388000 |        0 |                    0 |                    0 |                500 |
+------------------------------------------------------+----------+-------------------+--------+------------------+---------+----------+----------------------+----------------------+--------------------+


== Status ==
Current time: 2026-05-22 23:10:33 (running for 00:28:28.97)
Memory usage on this node: 82.7/251.6 GiB
Using FIFO scheduling algorithm.
Resources requested: 7.0/8 CPUs, 1.0/1 GPUs, 0.0/17.54 GiB heap, 0.0/8.77 GiB objects (0.0/1.0 accelerator_type:G)
Result logdir: /workspace/MARLlib/runs/rware_mappo_gru_small_20m_tensorboard/qmix_gru_rware-small-4ag-v2
Number of trials: 1/1 (1 RUNNING)
+------------------------------------------------------+----------+-------------------+--------+------------------+---------+----------+----------------------+----------------------+--------------------+
| Trial name                                           | status   | loc               |   iter |   total time (s) |      ts |   reward |   episode_reward_max |   episode_reward_min |   episode_len_mean |
|------------------------------------------------------+----------+-------------------+--------+------------------+---------+----------+----------------------+----------------------+--------------------|
| QMIX_grouped_rware_v2_rware-small-4ag-v2_74c9b_00000 | RUNNING  | 172.24.0.2:994514 |    798 |          1676.73 | 2397000 |     0.01 |                    1 |                    0 |                500 |
+------------------------------------------------------+----------+-------------------+--------+------------------+---------+----------+----------------------+----------------------+--------------------+


== Status ==
Current time: 2026-05-22 23:10:39 (running for 00:28:34.93)
Memory usage on this node: 82.8/251.6 GiB
Using FIFO scheduling algorithm.
Resources requested: 7.0/8 CPUs, 1.0/1 GPUs, 0.0/17.54 GiB heap, 0.0/8.77 GiB objects (0.0/1.0 accelerator_type:G)
Result logdir: /workspace/MARLlib/runs/rware_mappo_gru_small_20m_tensorboard/qmix_gru_rware-small-4ag-v2
Number of trials: 1/1 (1 RUNNING)
+------------------------------------------------------+----------+-------------------+--------+------------------+---------+----------+----------------------+----------------------+--------------------+
| Trial name                                           | status   | loc               |   iter |   total time (s) |      ts |   reward |   episode_reward_max |   episode_reward_min |   episode_len_mean |
|------------------------------------------------------+----------+-------------------+--------+------------------+---------+----------+----------------------+----------------------+--------------------|
| QMIX_grouped_rware_v2_rware-small-4ag-v2_74c9b_00000 | RUNNING  | 172.24.0.2:994514 |    799 |          1678.67 | 2400000 |     0.01 |                    1 |                    0 |                500 |
+------------------------------------------------------+----------+-------------------+--------+------------------+---------+----------+----------------------+----------------------+--------------------+


== Status ==
Current time: 2026-05-22 23:10:44 (running for 00:28:39.94)
Memory usage on this node: 82.8/251.6 GiB
Using FIFO scheduling algorithm.
Resources requested: 7.0/8 CPUs, 1.0/1 GPUs, 0.0/17.54 GiB heap, 0.0/8.77 GiB objects (0.0/1.0 accelerator_type:G)
Result logdir: /workspace/MARLlib/runs/rware_mappo_gru_small_20m_tensorboard/qmix_gru_rware-small-4ag-v2
Number of trials: 1/1 (1 RUNNING)
+------------------------------------------------------+----------+-------------------+--------+------------------+---------+----------+----------------------+----------------------+--------------------+
| Trial name                                           | status   | loc               |   iter |   total time (s) |      ts |   reward |   episode_reward_max |   episode_reward_min |   episode_len_mean |
|------------------------------------------------------+----------+-------------------+--------+------------------+---------+----------+----------------------+----------------------+--------------------|
| QMIX_grouped_rware_v2_rware-small-4ag-v2_74c9b_00000 | RUNNING  | 172.24.0.2:994514 |    799 |          1678.67 | 2400000 |     0.01 |                    1 |                    0 |                500 |
+------------------------------------------------------+----------+-------------------+--------+------------------+---------+----------+----------------------+----------------------+--------------------+


== Status ==
Current time: 2026-05-22 23:10:50 (running for 00:28:45.17)
Memory usage on this node: 82.8/251.6 GiB
Using FIFO scheduling algorithm.
Resources requested: 7.0/8 CPUs, 1.0/1 GPUs, 0.0/17.54 GiB heap, 0.0/8.77 GiB objects (0.0/1.0 accelerator_type:G)
Result logdir: /workspace/MARLlib/runs/rware_mappo_gru_small_20m_tensorboard/qmix_gru_rware-small-4ag-v2
Number of trials: 1/1 (1 RUNNING)
+------------------------------------------------------+----------+-------------------+--------+------------------+---------+----------+----------------------+----------------------+--------------------+
| Trial name                                           | status   | loc               |   iter |   total time (s) |      ts |   reward |   episode_reward_max |   episode_reward_min |   episode_len_mean |
|------------------------------------------------------+----------+-------------------+--------+------------------+---------+----------+----------------------+----------------------+--------------------|
| QMIX_grouped_rware_v2_rware-small-4ag-v2_74c9b_00000 | RUNNING  | 172.24.0.2:994514 |    802 |          1693.84 | 2409000 |     0.02 |                    1 |                    0 |                500 |
+------------------------------------------------------+----------+-------------------+--------+------------------+---------+----------+----------------------+----------------------+--------------------+


== Status ==
Current time: 2026-05-22 23:10:55 (running for 00:28:50.86)
Memory usage on this node: 82.9/251.6 GiB
Using FIFO scheduling algorithm.
Resources requested: 7.0/8 CPUs, 1.0/1 GPUs, 0.0/17.54 GiB heap, 0.0/8.77 GiB objects (0.0/1.0 accelerator_type:G)
Result logdir: /workspace/MARLlib/runs/rware_mappo_gru_small_20m_tensorboard/qmix_gru_rware-small-4ag-v2
Number of trials: 1/1 (1 RUNNING)
+------------------------------------------------------+----------+-------------------+--------+------------------+---------+----------+----------------------+----------------------+--------------------+
| Trial name                                           | status   | loc               |   iter |   total time (s) |      ts |   reward |   episode_reward_max |   episode_reward_min |   episode_len_mean |
|------------------------------------------------------+----------+-------------------+--------+------------------+---------+----------+----------------------+----------------------+--------------------|
| QMIX_grouped_rware_v2_rware-small-4ag-v2_74c9b_00000 | RUNNING  | 172.24.0.2:994514 |    805 |          1699.47 | 2418000 |     0.02 |                    1 |                    0 |                500 |
+------------------------------------------------------+----------+-------------------+--------+------------------+---------+----------+----------------------+----------------------+--------------------+


== Status ==
Current time: 2026-05-22 23:11:01 (running for 00:28:56.59)
Memory usage on this node: 83.0/251.6 GiB
Using FIFO scheduling algorithm.
Resources requested: 7.0/8 CPUs, 1.0/1 GPUs, 0.0/17.54 GiB heap, 0.0/8.77 GiB objects (0.0/1.0 accelerator_type:G)
Result logdir: /workspace/MARLlib/runs/rware_mappo_gru_small_20m_tensorboard/qmix_gru_rware-small-4ag-v2
Number of trials: 1/1 (1 RUNNING)
+------------------------------------------------------+----------+-------------------+--------+------------------+---------+----------+----------------------+----------------------+--------------------+
| Trial name                                           | status   | loc               |   iter |   total time (s) |      ts |   reward |   episode_reward_max |   episode_reward_min |   episode_len_mean |
|------------------------------------------------------+----------+-------------------+--------+------------------+---------+----------+----------------------+----------------------+--------------------|
| QMIX_grouped_rware_v2_rware-small-4ag-v2_74c9b_00000 | RUNNING  | 172.24.0.2:994514 |    808 |          1705.12 | 2427000 |     0.02 |                    1 |                    0 |                500 |
+------------------------------------------------------+----------+-------------------+--------+------------------+---------+----------+----------------------+----------------------+--------------------+


== Status ==
Current time: 2026-05-22 23:11:07 (running for 00:29:02.45)
Memory usage on this node: 83.0/251.6 GiB
Using FIFO scheduling algorithm.
Resources requested: 7.0/8 CPUs, 1.0/1 GPUs, 0.0/17.54 GiB heap, 0.0/8.77 GiB objects (0.0/1.0 accelerator_type:G)
Result logdir: /workspace/MARLlib/runs/rware_mappo_gru_small_20m_tensorboard/qmix_gru_rware-small-4ag-v2
Number of trials: 1/1 (1 RUNNING)
+------------------------------------------------------+----------+-------------------+--------+------------------+---------+----------+----------------------+----------------------+--------------------+
| Trial name                                           | status   | loc               |   iter |   total time (s) |      ts |   reward |   episode_reward_max |   episode_reward_min |   episode_len_mean |
|------------------------------------------------------+----------+-------------------+--------+------------------+---------+----------+----------------------+----------------------+--------------------|
| QMIX_grouped_rware_v2_rware-small-4ag-v2_74c9b_00000 | RUNNING  | 172.24.0.2:994514 |    811 |          1710.91 | 2436000 |     0.04 |                    1 |                    0 |                500 |
+------------------------------------------------------+----------+-------------------+--------+------------------+---------+----------+----------------------+----------------------+--------------------+


== Status ==
Current time: 2026-05-22 23:11:13 (running for 00:29:08.25)
Memory usage on this node: 83.1/251.6 GiB
Using FIFO scheduling algorithm.
Resources requested: 7.0/8 CPUs, 1.0/1 GPUs, 0.0/17.54 GiB heap, 0.0/8.77 GiB objects (0.0/1.0 accelerator_type:G)
Result logdir: /workspace/MARLlib/runs/rware_mappo_gru_small_20m_tensorboard/qmix_gru_rware-small-4ag-v2
Number of trials: 1/1 (1 RUNNING)
+------------------------------------------------------+----------+-------------------+--------+------------------+---------+----------+----------------------+----------------------+--------------------+
| Trial name                                           | status   | loc               |   iter |   total time (s) |      ts |   reward |   episode_reward_max |   episode_reward_min |   episode_len_mean |
|------------------------------------------------------+----------+-------------------+--------+------------------+---------+----------+----------------------+----------------------+--------------------|
| QMIX_grouped_rware_v2_rware-small-4ag-v2_74c9b_00000 | RUNNING  | 172.24.0.2:994514 |    814 |          1716.64 | 2445000 |     0.04 |                    1 |                    0 |                500 |
+------------------------------------------------------+----------+-------------------+--------+------------------+---------+----------+----------------------+----------------------+--------------------+


== Status ==
Current time: 2026-05-22 23:11:18 (running for 00:29:14.01)
Memory usage on this node: 83.2/251.6 GiB
Using FIFO scheduling algorithm.
Resources requested: 7.0/8 CPUs, 1.0/1 GPUs, 0.0/17.54 GiB heap, 0.0/8.77 GiB objects (0.0/1.0 accelerator_type:G)
Result logdir: /workspace/MARLlib/runs/rware_mappo_gru_small_20m_tensorboard/qmix_gru_rware-small-4ag-v2
Number of trials: 1/1 (1 RUNNING)
+------------------------------------------------------+----------+-------------------+--------+------------------+---------+----------+----------------------+----------------------+--------------------+
| Trial name                                           | status   | loc               |   iter |   total time (s) |      ts |   reward |   episode_reward_max |   episode_reward_min |   episode_len_mean |
|------------------------------------------------------+----------+-------------------+--------+------------------+---------+----------+----------------------+----------------------+--------------------|
| QMIX_grouped_rware_v2_rware-small-4ag-v2_74c9b_00000 | RUNNING  | 172.24.0.2:994514 |    817 |          1722.31 | 2454000 |     0.04 |                    1 |                    0 |                500 |
+------------------------------------------------------+----------+-------------------+--------+------------------+---------+----------+----------------------+----------------------+--------------------+


== Status ==
Current time: 2026-05-22 23:11:24 (running for 00:29:19.80)
Memory usage on this node: 83.2/251.6 GiB
Using FIFO scheduling algorithm.
Resources requested: 7.0/8 CPUs, 1.0/1 GPUs, 0.0/17.54 GiB heap, 0.0/8.77 GiB objects (0.0/1.0 accelerator_type:G)
Result logdir: /workspace/MARLlib/runs/rware_mappo_gru_small_20m_tensorboard/qmix_gru_rware-small-4ag-v2
Number of trials: 1/1 (1 RUNNING)
+------------------------------------------------------+----------+-------------------+--------+------------------+---------+----------+----------------------+----------------------+--------------------+
| Trial name                                           | status   | loc               |   iter |   total time (s) |      ts |   reward |   episode_reward_max |   episode_reward_min |   episode_len_mean |
|------------------------------------------------------+----------+-------------------+--------+------------------+---------+----------+----------------------+----------------------+--------------------|
| QMIX_grouped_rware_v2_rware-small-4ag-v2_74c9b_00000 | RUNNING  | 172.24.0.2:994514 |    820 |          1728.02 | 2463000 |     0.04 |                    1 |                    0 |                500 |
+------------------------------------------------------+----------+-------------------+--------+------------------+---------+----------+----------------------+----------------------+--------------------+


== Status ==
Current time: 2026-05-22 23:11:30 (running for 00:29:25.64)
Memory usage on this node: 83.3/251.6 GiB
Using FIFO scheduling algorithm.
Resources requested: 7.0/8 CPUs, 1.0/1 GPUs, 0.0/17.54 GiB heap, 0.0/8.77 GiB objects (0.0/1.0 accelerator_type:G)
Result logdir: /workspace/MARLlib/runs/rware_mappo_gru_small_20m_tensorboard/qmix_gru_rware-small-4ag-v2
Number of trials: 1/1 (1 RUNNING)
+------------------------------------------------------+----------+-------------------+--------+------------------+---------+----------+----------------------+----------------------+--------------------+
| Trial name                                           | status   | loc               |   iter |   total time (s) |      ts |   reward |   episode_reward_max |   episode_reward_min |   episode_len_mean |
|------------------------------------------------------+----------+-------------------+--------+------------------+---------+----------+----------------------+----------------------+--------------------|
| QMIX_grouped_rware_v2_rware-small-4ag-v2_74c9b_00000 | RUNNING  | 172.24.0.2:994514 |    823 |          1733.81 | 2472000 |     0.05 |                    1 |                    0 |                500 |
+------------------------------------------------------+----------+-------------------+--------+------------------+---------+----------+----------------------+----------------------+--------------------+


== Status ==
Current time: 2026-05-22 23:11:36 (running for 00:29:31.32)
Memory usage on this node: 83.4/251.6 GiB
Using FIFO scheduling algorithm.
Resources requested: 7.0/8 CPUs, 1.0/1 GPUs, 0.0/17.54 GiB heap, 0.0/8.77 GiB objects (0.0/1.0 accelerator_type:G)
Result logdir: /workspace/MARLlib/runs/rware_mappo_gru_small_20m_tensorboard/qmix_gru_rware-small-4ag-v2
Number of trials: 1/1 (1 RUNNING)
+------------------------------------------------------+----------+-------------------+--------+------------------+---------+----------+----------------------+----------------------+--------------------+
| Trial name                                           | status   | loc               |   iter |   total time (s) |      ts |   reward |   episode_reward_max |   episode_reward_min |   episode_len_mean |
|------------------------------------------------------+----------+-------------------+--------+------------------+---------+----------+----------------------+----------------------+--------------------|
| QMIX_grouped_rware_v2_rware-small-4ag-v2_74c9b_00000 | RUNNING  | 172.24.0.2:994514 |    826 |          1739.44 | 2481000 |     0.05 |                    1 |                    0 |                500 |
+------------------------------------------------------+----------+-------------------+--------+------------------+---------+----------+----------------------+----------------------+--------------------+


== Status ==
Current time: 2026-05-22 23:11:41 (running for 00:29:37.05)
Memory usage on this node: 83.5/251.6 GiB
Using FIFO scheduling algorithm.
Resources requested: 7.0/8 CPUs, 1.0/1 GPUs, 0.0/17.54 GiB heap, 0.0/8.77 GiB objects (0.0/1.0 accelerator_type:G)
Result logdir: /workspace/MARLlib/runs/rware_mappo_gru_small_20m_tensorboard/qmix_gru_rware-small-4ag-v2
Number of trials: 1/1 (1 RUNNING)
+------------------------------------------------------+----------+-------------------+--------+------------------+---------+----------+----------------------+----------------------+--------------------+
| Trial name                                           | status   | loc               |   iter |   total time (s) |      ts |   reward |   episode_reward_max |   episode_reward_min |   episode_len_mean |
|------------------------------------------------------+----------+-------------------+--------+------------------+---------+----------+----------------------+----------------------+--------------------|
| QMIX_grouped_rware_v2_rware-small-4ag-v2_74c9b_00000 | RUNNING  | 172.24.0.2:994514 |    829 |          1745.09 | 2490000 |     0.04 |                    1 |                    0 |                500 |
+------------------------------------------------------+----------+-------------------+--------+------------------+---------+----------+----------------------+----------------------+--------------------+


== Status ==
Current time: 2026-05-22 23:11:47 (running for 00:29:42.91)
Memory usage on this node: 83.6/251.6 GiB
Using FIFO scheduling algorithm.
Resources requested: 7.0/8 CPUs, 1.0/1 GPUs, 0.0/17.54 GiB heap, 0.0/8.77 GiB objects (0.0/1.0 accelerator_type:G)
Result logdir: /workspace/MARLlib/runs/rware_mappo_gru_small_20m_tensorboard/qmix_gru_rware-small-4ag-v2
Number of trials: 1/1 (1 RUNNING)
+------------------------------------------------------+----------+-------------------+--------+------------------+---------+----------+----------------------+----------------------+--------------------+
| Trial name                                           | status   | loc               |   iter |   total time (s) |      ts |   reward |   episode_reward_max |   episode_reward_min |   episode_len_mean |
|------------------------------------------------------+----------+-------------------+--------+------------------+---------+----------+----------------------+----------------------+--------------------|
| QMIX_grouped_rware_v2_rware-small-4ag-v2_74c9b_00000 | RUNNING  | 172.24.0.2:994514 |    832 |          1750.87 | 2499000 |     0.03 |                    1 |                    0 |                500 |
+------------------------------------------------------+----------+-------------------+--------+------------------+---------+----------+----------------------+----------------------+--------------------+


== Status ==
Current time: 2026-05-22 23:11:53 (running for 00:29:48.63)
Memory usage on this node: 83.7/251.6 GiB
Using FIFO scheduling algorithm.
Resources requested: 7.0/8 CPUs, 1.0/1 GPUs, 0.0/17.54 GiB heap, 0.0/8.77 GiB objects (0.0/1.0 accelerator_type:G)
Result logdir: /workspace/MARLlib/runs/rware_mappo_gru_small_20m_tensorboard/qmix_gru_rware-small-4ag-v2
Number of trials: 1/1 (1 RUNNING)
+------------------------------------------------------+----------+-------------------+--------+------------------+---------+----------+----------------------+----------------------+--------------------+
| Trial name                                           | status   | loc               |   iter |   total time (s) |      ts |   reward |   episode_reward_max |   episode_reward_min |   episode_len_mean |
|------------------------------------------------------+----------+-------------------+--------+------------------+---------+----------+----------------------+----------------------+--------------------|
| QMIX_grouped_rware_v2_rware-small-4ag-v2_74c9b_00000 | RUNNING  | 172.24.0.2:994514 |    835 |          1756.51 | 2508000 |     0.02 |                    1 |                    0 |                500 |
+------------------------------------------------------+----------+-------------------+--------+------------------+---------+----------+----------------------+----------------------+--------------------+


== Status ==
Current time: 2026-05-22 23:11:59 (running for 00:29:54.45)
Memory usage on this node: 83.7/251.6 GiB
Using FIFO scheduling algorithm.
Resources requested: 7.0/8 CPUs, 1.0/1 GPUs, 0.0/17.54 GiB heap, 0.0/8.77 GiB objects (0.0/1.0 accelerator_type:G)
Result logdir: /workspace/MARLlib/runs/rware_mappo_gru_small_20m_tensorboard/qmix_gru_rware-small-4ag-v2
Number of trials: 1/1 (1 RUNNING)
+------------------------------------------------------+----------+-------------------+--------+------------------+---------+----------+----------------------+----------------------+--------------------+
| Trial name                                           | status   | loc               |   iter |   total time (s) |      ts |   reward |   episode_reward_max |   episode_reward_min |   episode_len_mean |
|------------------------------------------------------+----------+-------------------+--------+------------------+---------+----------+----------------------+----------------------+--------------------|
| QMIX_grouped_rware_v2_rware-small-4ag-v2_74c9b_00000 | RUNNING  | 172.24.0.2:994514 |    838 |          1762.25 | 2517000 |     0.04 |                    1 |                    0 |                500 |
+------------------------------------------------------+----------+-------------------+--------+------------------+---------+----------+----------------------+----------------------+--------------------+


== Status ==
Current time: 2026-05-22 23:12:05 (running for 00:30:00.24)
Memory usage on this node: 83.9/251.6 GiB
Using FIFO scheduling algorithm.
Resources requested: 7.0/8 CPUs, 1.0/1 GPUs, 0.0/17.54 GiB heap, 0.0/8.77 GiB objects (0.0/1.0 accelerator_type:G)
Result logdir: /workspace/MARLlib/runs/rware_mappo_gru_small_20m_tensorboard/qmix_gru_rware-small-4ag-v2
Number of trials: 1/1 (1 RUNNING)
+------------------------------------------------------+----------+-------------------+--------+------------------+---------+----------+----------------------+----------------------+--------------------+
| Trial name                                           | status   | loc               |   iter |   total time (s) |      ts |   reward |   episode_reward_max |   episode_reward_min |   episode_len_mean |
|------------------------------------------------------+----------+-------------------+--------+------------------+---------+----------+----------------------+----------------------+--------------------|
| QMIX_grouped_rware_v2_rware-small-4ag-v2_74c9b_00000 | RUNNING  | 172.24.0.2:994514 |    840 |          1765.99 | 2523000 |     0.03 |                    1 |                    0 |                500 |
+------------------------------------------------------+----------+-------------------+--------+------------------+---------+----------+----------------------+----------------------+--------------------+


== Status ==
Current time: 2026-05-22 23:12:10 (running for 00:30:06.08)
Memory usage on this node: 83.8/251.6 GiB
Using FIFO scheduling algorithm.
Resources requested: 7.0/8 CPUs, 1.0/1 GPUs, 0.0/17.54 GiB heap, 0.0/8.77 GiB objects (0.0/1.0 accelerator_type:G)
Result logdir: /workspace/MARLlib/runs/rware_mappo_gru_small_20m_tensorboard/qmix_gru_rware-small-4ag-v2
Number of trials: 1/1 (1 RUNNING)
+------------------------------------------------------+----------+-------------------+--------+------------------+---------+----------+----------------------+----------------------+--------------------+
| Trial name                                           | status   | loc               |   iter |   total time (s) |      ts |   reward |   episode_reward_max |   episode_reward_min |   episode_len_mean |
|------------------------------------------------------+----------+-------------------+--------+------------------+---------+----------+----------------------+----------------------+--------------------|
| QMIX_grouped_rware_v2_rware-small-4ag-v2_74c9b_00000 | RUNNING  | 172.24.0.2:994514 |    842 |          1772.78 | 2529000 |     0.02 |                    1 |                    0 |                500 |
+------------------------------------------------------+----------+-------------------+--------+------------------+---------+----------+----------------------+----------------------+--------------------+


== Status ==
Current time: 2026-05-22 23:12:16 (running for 00:30:11.82)
Memory usage on this node: 83.9/251.6 GiB
Using FIFO scheduling algorithm.
Resources requested: 7.0/8 CPUs, 1.0/1 GPUs, 0.0/17.54 GiB heap, 0.0/8.77 GiB objects (0.0/1.0 accelerator_type:G)
Result logdir: /workspace/MARLlib/runs/rware_mappo_gru_small_20m_tensorboard/qmix_gru_rware-small-4ag-v2
Number of trials: 1/1 (1 RUNNING)
+------------------------------------------------------+----------+-------------------+--------+------------------+---------+----------+----------------------+----------------------+--------------------+
| Trial name                                           | status   | loc               |   iter |   total time (s) |      ts |   reward |   episode_reward_max |   episode_reward_min |   episode_len_mean |
|------------------------------------------------------+----------+-------------------+--------+------------------+---------+----------+----------------------+----------------------+--------------------|
| QMIX_grouped_rware_v2_rware-small-4ag-v2_74c9b_00000 | RUNNING  | 172.24.0.2:994514 |    845 |          1778.43 | 2538000 |     0.02 |                    1 |                    0 |                500 |
+------------------------------------------------------+----------+-------------------+--------+------------------+---------+----------+----------------------+----------------------+--------------------+


== Status ==
Current time: 2026-05-22 23:12:22 (running for 00:30:17.45)
Memory usage on this node: 83.9/251.6 GiB
Using FIFO scheduling algorithm.
Resources requested: 7.0/8 CPUs, 1.0/1 GPUs, 0.0/17.54 GiB heap, 0.0/8.77 GiB objects (0.0/1.0 accelerator_type:G)
Result logdir: /workspace/MARLlib/runs/rware_mappo_gru_small_20m_tensorboard/qmix_gru_rware-small-4ag-v2
Number of trials: 1/1 (1 RUNNING)
+------------------------------------------------------+----------+-------------------+--------+------------------+---------+----------+----------------------+----------------------+--------------------+
| Trial name                                           | status   | loc               |   iter |   total time (s) |      ts |   reward |   episode_reward_max |   episode_reward_min |   episode_len_mean |
|------------------------------------------------------+----------+-------------------+--------+------------------+---------+----------+----------------------+----------------------+--------------------|
| QMIX_grouped_rware_v2_rware-small-4ag-v2_74c9b_00000 | RUNNING  | 172.24.0.2:994514 |    848 |          1783.99 | 2547000 |     0.02 |                    1 |                    0 |                500 |
+------------------------------------------------------+----------+-------------------+--------+------------------+---------+----------+----------------------+----------------------+--------------------+


== Status ==
Current time: 2026-05-22 23:12:28 (running for 00:30:23.37)
Memory usage on this node: 84.0/251.6 GiB
Using FIFO scheduling algorithm.
Resources requested: 7.0/8 CPUs, 1.0/1 GPUs, 0.0/17.54 GiB heap, 0.0/8.77 GiB objects (0.0/1.0 accelerator_type:G)
Result logdir: /workspace/MARLlib/runs/rware_mappo_gru_small_20m_tensorboard/qmix_gru_rware-small-4ag-v2
Number of trials: 1/1 (1 RUNNING)
+------------------------------------------------------+----------+-------------------+--------+------------------+---------+----------+----------------------+----------------------+--------------------+
| Trial name                                           | status   | loc               |   iter |   total time (s) |      ts |   reward |   episode_reward_max |   episode_reward_min |   episode_len_mean |
|------------------------------------------------------+----------+-------------------+--------+------------------+---------+----------+----------------------+----------------------+--------------------|
| QMIX_grouped_rware_v2_rware-small-4ag-v2_74c9b_00000 | RUNNING  | 172.24.0.2:994514 |    849 |          1785.89 | 2550000 |     0.02 |                    1 |                    0 |                500 |
+------------------------------------------------------+----------+-------------------+--------+------------------+---------+----------+----------------------+----------------------+--------------------+


== Status ==
Current time: 2026-05-22 23:12:33 (running for 00:30:28.38)
Memory usage on this node: 84.0/251.6 GiB
Using FIFO scheduling algorithm.
Resources requested: 7.0/8 CPUs, 1.0/1 GPUs, 0.0/17.54 GiB heap, 0.0/8.77 GiB objects (0.0/1.0 accelerator_type:G)
Result logdir: /workspace/MARLlib/runs/rware_mappo_gru_small_20m_tensorboard/qmix_gru_rware-small-4ag-v2
Number of trials: 1/1 (1 RUNNING)
+------------------------------------------------------+----------+-------------------+--------+------------------+---------+----------+----------------------+----------------------+--------------------+
| Trial name                                           | status   | loc               |   iter |   total time (s) |      ts |   reward |   episode_reward_max |   episode_reward_min |   episode_len_mean |
|------------------------------------------------------+----------+-------------------+--------+------------------+---------+----------+----------------------+----------------------+--------------------|
| QMIX_grouped_rware_v2_rware-small-4ag-v2_74c9b_00000 | RUNNING  | 172.24.0.2:994514 |    849 |          1785.89 | 2550000 |     0.02 |                    1 |                    0 |                500 |
+------------------------------------------------------+----------+-------------------+--------+------------------+---------+----------+----------------------+----------------------+--------------------+


== Status ==
Current time: 2026-05-22 23:12:38 (running for 00:30:33.49)
Memory usage on this node: 84.0/251.6 GiB
Using FIFO scheduling algorithm.
Resources requested: 7.0/8 CPUs, 1.0/1 GPUs, 0.0/17.54 GiB heap, 0.0/8.77 GiB objects (0.0/1.0 accelerator_type:G)
Result logdir: /workspace/MARLlib/runs/rware_mappo_gru_small_20m_tensorboard/qmix_gru_rware-small-4ag-v2
Number of trials: 1/1 (1 RUNNING)
+------------------------------------------------------+----------+-------------------+--------+------------------+---------+----------+----------------------+----------------------+--------------------+
| Trial name                                           | status   | loc               |   iter |   total time (s) |      ts |   reward |   episode_reward_max |   episode_reward_min |   episode_len_mean |
|------------------------------------------------------+----------+-------------------+--------+------------------+---------+----------+----------------------+----------------------+--------------------|
| QMIX_grouped_rware_v2_rware-small-4ag-v2_74c9b_00000 | RUNNING  | 172.24.0.2:994514 |    852 |          1800.93 | 2559000 |     0.02 |                    1 |                    0 |                500 |
+------------------------------------------------------+----------+-------------------+--------+------------------+---------+----------+----------------------+----------------------+--------------------+


== Status ==
Current time: 2026-05-22 23:12:44 (running for 00:30:39.21)
Memory usage on this node: 84.1/251.6 GiB
Using FIFO scheduling algorithm.
Resources requested: 7.0/8 CPUs, 1.0/1 GPUs, 0.0/17.54 GiB heap, 0.0/8.77 GiB objects (0.0/1.0 accelerator_type:G)
Result logdir: /workspace/MARLlib/runs/rware_mappo_gru_small_20m_tensorboard/qmix_gru_rware-small-4ag-v2
Number of trials: 1/1 (1 RUNNING)
+------------------------------------------------------+----------+-------------------+--------+------------------+---------+----------+----------------------+----------------------+--------------------+
| Trial name                                           | status   | loc               |   iter |   total time (s) |      ts |   reward |   episode_reward_max |   episode_reward_min |   episode_len_mean |
|------------------------------------------------------+----------+-------------------+--------+------------------+---------+----------+----------------------+----------------------+--------------------|
| QMIX_grouped_rware_v2_rware-small-4ag-v2_74c9b_00000 | RUNNING  | 172.24.0.2:994514 |    855 |          1806.57 | 2568000 |     0.01 |                    1 |                    0 |                500 |
+------------------------------------------------------+----------+-------------------+--------+------------------+---------+----------+----------------------+----------------------+--------------------+


== Status ==
Current time: 2026-05-22 23:12:49 (running for 00:30:44.89)
Memory usage on this node: 84.2/251.6 GiB
Using FIFO scheduling algorithm.
Resources requested: 7.0/8 CPUs, 1.0/1 GPUs, 0.0/17.54 GiB heap, 0.0/8.77 GiB objects (0.0/1.0 accelerator_type:G)
Result logdir: /workspace/MARLlib/runs/rware_mappo_gru_small_20m_tensorboard/qmix_gru_rware-small-4ag-v2
Number of trials: 1/1 (1 RUNNING)
+------------------------------------------------------+----------+-------------------+--------+------------------+---------+----------+----------------------+----------------------+--------------------+
| Trial name                                           | status   | loc               |   iter |   total time (s) |      ts |   reward |   episode_reward_max |   episode_reward_min |   episode_len_mean |
|------------------------------------------------------+----------+-------------------+--------+------------------+---------+----------+----------------------+----------------------+--------------------|
| QMIX_grouped_rware_v2_rware-small-4ag-v2_74c9b_00000 | RUNNING  | 172.24.0.2:994514 |    858 |          1812.18 | 2577000 |     0.01 |                    1 |                    0 |                500 |
+------------------------------------------------------+----------+-------------------+--------+------------------+---------+----------+----------------------+----------------------+--------------------+


== Status ==
Current time: 2026-05-22 23:12:55 (running for 00:30:50.74)
Memory usage on this node: 84.3/251.6 GiB
Using FIFO scheduling algorithm.
Resources requested: 7.0/8 CPUs, 1.0/1 GPUs, 0.0/17.54 GiB heap, 0.0/8.77 GiB objects (0.0/1.0 accelerator_type:G)
Result logdir: /workspace/MARLlib/runs/rware_mappo_gru_small_20m_tensorboard/qmix_gru_rware-small-4ag-v2
Number of trials: 1/1 (1 RUNNING)
+------------------------------------------------------+----------+-------------------+--------+------------------+---------+----------+----------------------+----------------------+--------------------+
| Trial name                                           | status   | loc               |   iter |   total time (s) |      ts |   reward |   episode_reward_max |   episode_reward_min |   episode_len_mean |
|------------------------------------------------------+----------+-------------------+--------+------------------+---------+----------+----------------------+----------------------+--------------------|
| QMIX_grouped_rware_v2_rware-small-4ag-v2_74c9b_00000 | RUNNING  | 172.24.0.2:994514 |    860 |             1816 | 2583000 |     0.01 |                    1 |                    0 |                500 |
+------------------------------------------------------+----------+-------------------+--------+------------------+---------+----------+----------------------+----------------------+--------------------+


== Status ==
Current time: 2026-05-22 23:13:01 (running for 00:30:56.50)
Memory usage on this node: 84.3/251.6 GiB
Using FIFO scheduling algorithm.
Resources requested: 7.0/8 CPUs, 1.0/1 GPUs, 0.0/17.54 GiB heap, 0.0/8.77 GiB objects (0.0/1.0 accelerator_type:G)
Result logdir: /workspace/MARLlib/runs/rware_mappo_gru_small_20m_tensorboard/qmix_gru_rware-small-4ag-v2
Number of trials: 1/1 (1 RUNNING)
+------------------------------------------------------+----------+-------------------+--------+------------------+---------+----------+----------------------+----------------------+--------------------+
| Trial name                                           | status   | loc               |   iter |   total time (s) |      ts |   reward |   episode_reward_max |   episode_reward_min |   episode_len_mean |
|------------------------------------------------------+----------+-------------------+--------+------------------+---------+----------+----------------------+----------------------+--------------------|
| QMIX_grouped_rware_v2_rware-small-4ag-v2_74c9b_00000 | RUNNING  | 172.24.0.2:994514 |    864 |          1823.67 | 2595000 |     0.02 |                    1 |                    0 |                500 |
+------------------------------------------------------+----------+-------------------+--------+------------------+---------+----------+----------------------+----------------------+--------------------+


== Status ==
Current time: 2026-05-22 23:13:07 (running for 00:31:02.37)
Memory usage on this node: 84.4/251.6 GiB
Using FIFO scheduling algorithm.
Resources requested: 7.0/8 CPUs, 1.0/1 GPUs, 0.0/17.54 GiB heap, 0.0/8.77 GiB objects (0.0/1.0 accelerator_type:G)
Result logdir: /workspace/MARLlib/runs/rware_mappo_gru_small_20m_tensorboard/qmix_gru_rware-small-4ag-v2
Number of trials: 1/1 (1 RUNNING)
+------------------------------------------------------+----------+-------------------+--------+------------------+---------+----------+----------------------+----------------------+--------------------+
| Trial name                                           | status   | loc               |   iter |   total time (s) |      ts |   reward |   episode_reward_max |   episode_reward_min |   episode_len_mean |
|------------------------------------------------------+----------+-------------------+--------+------------------+---------+----------+----------------------+----------------------+--------------------|
| QMIX_grouped_rware_v2_rware-small-4ag-v2_74c9b_00000 | RUNNING  | 172.24.0.2:994514 |    867 |          1829.47 | 2604000 |     0.02 |                    1 |                    0 |                500 |
+------------------------------------------------------+----------+-------------------+--------+------------------+---------+----------+----------------------+----------------------+--------------------+


== Status ==
Current time: 2026-05-22 23:13:13 (running for 00:31:08.18)
Memory usage on this node: 84.4/251.6 GiB
Using FIFO scheduling algorithm.
Resources requested: 7.0/8 CPUs, 1.0/1 GPUs, 0.0/17.54 GiB heap, 0.0/8.77 GiB objects (0.0/1.0 accelerator_type:G)
Result logdir: /workspace/MARLlib/runs/rware_mappo_gru_small_20m_tensorboard/qmix_gru_rware-small-4ag-v2
Number of trials: 1/1 (1 RUNNING)
+------------------------------------------------------+----------+-------------------+--------+------------------+---------+----------+----------------------+----------------------+--------------------+
| Trial name                                           | status   | loc               |   iter |   total time (s) |      ts |   reward |   episode_reward_max |   episode_reward_min |   episode_len_mean |
|------------------------------------------------------+----------+-------------------+--------+------------------+---------+----------+----------------------+----------------------+--------------------|
| QMIX_grouped_rware_v2_rware-small-4ag-v2_74c9b_00000 | RUNNING  | 172.24.0.2:994514 |    870 |          1835.21 | 2613000 |     0.03 |                    1 |                    0 |                500 |
+------------------------------------------------------+----------+-------------------+--------+------------------+---------+----------+----------------------+----------------------+--------------------+


== Status ==
Current time: 2026-05-22 23:13:18 (running for 00:31:13.82)
Memory usage on this node: 84.5/251.6 GiB
Using FIFO scheduling algorithm.
Resources requested: 7.0/8 CPUs, 1.0/1 GPUs, 0.0/17.54 GiB heap, 0.0/8.77 GiB objects (0.0/1.0 accelerator_type:G)
Result logdir: /workspace/MARLlib/runs/rware_mappo_gru_small_20m_tensorboard/qmix_gru_rware-small-4ag-v2
Number of trials: 1/1 (1 RUNNING)
+------------------------------------------------------+----------+-------------------+--------+------------------+---------+----------+----------------------+----------------------+--------------------+
| Trial name                                           | status   | loc               |   iter |   total time (s) |      ts |   reward |   episode_reward_max |   episode_reward_min |   episode_len_mean |
|------------------------------------------------------+----------+-------------------+--------+------------------+---------+----------+----------------------+----------------------+--------------------|
| QMIX_grouped_rware_v2_rware-small-4ag-v2_74c9b_00000 | RUNNING  | 172.24.0.2:994514 |    873 |          1840.78 | 2622000 |     0.05 |                    1 |                    0 |                500 |
+------------------------------------------------------+----------+-------------------+--------+------------------+---------+----------+----------------------+----------------------+--------------------+


== Status ==
Current time: 2026-05-22 23:13:24 (running for 00:31:19.59)
Memory usage on this node: 84.5/251.6 GiB
Using FIFO scheduling algorithm.
Resources requested: 7.0/8 CPUs, 1.0/1 GPUs, 0.0/17.54 GiB heap, 0.0/8.77 GiB objects (0.0/1.0 accelerator_type:G)
Result logdir: /workspace/MARLlib/runs/rware_mappo_gru_small_20m_tensorboard/qmix_gru_rware-small-4ag-v2
Number of trials: 1/1 (1 RUNNING)
+------------------------------------------------------+----------+-------------------+--------+------------------+---------+----------+----------------------+----------------------+--------------------+
| Trial name                                           | status   | loc               |   iter |   total time (s) |      ts |   reward |   episode_reward_max |   episode_reward_min |   episode_len_mean |
|------------------------------------------------------+----------+-------------------+--------+------------------+---------+----------+----------------------+----------------------+--------------------|
| QMIX_grouped_rware_v2_rware-small-4ag-v2_74c9b_00000 | RUNNING  | 172.24.0.2:994514 |    876 |          1846.49 | 2631000 |     0.05 |                    1 |                    0 |                500 |
+------------------------------------------------------+----------+-------------------+--------+------------------+---------+----------+----------------------+----------------------+--------------------+


== Status ==
Current time: 2026-05-22 23:13:30 (running for 00:31:25.37)
Memory usage on this node: 84.6/251.6 GiB
Using FIFO scheduling algorithm.
Resources requested: 7.0/8 CPUs, 1.0/1 GPUs, 0.0/17.54 GiB heap, 0.0/8.77 GiB objects (0.0/1.0 accelerator_type:G)
Result logdir: /workspace/MARLlib/runs/rware_mappo_gru_small_20m_tensorboard/qmix_gru_rware-small-4ag-v2
Number of trials: 1/1 (1 RUNNING)
+------------------------------------------------------+----------+-------------------+--------+------------------+---------+----------+----------------------+----------------------+--------------------+
| Trial name                                           | status   | loc               |   iter |   total time (s) |      ts |   reward |   episode_reward_max |   episode_reward_min |   episode_len_mean |
|------------------------------------------------------+----------+-------------------+--------+------------------+---------+----------+----------------------+----------------------+--------------------|
| QMIX_grouped_rware_v2_rware-small-4ag-v2_74c9b_00000 | RUNNING  | 172.24.0.2:994514 |    879 |          1852.21 | 2640000 |     0.05 |                    1 |                    0 |                500 |
+------------------------------------------------------+----------+-------------------+--------+------------------+---------+----------+----------------------+----------------------+--------------------+


== Status ==
Current time: 2026-05-22 23:13:35 (running for 00:31:31.09)
Memory usage on this node: 84.7/251.6 GiB
Using FIFO scheduling algorithm.
Resources requested: 7.0/8 CPUs, 1.0/1 GPUs, 0.0/17.54 GiB heap, 0.0/8.77 GiB objects (0.0/1.0 accelerator_type:G)
Result logdir: /workspace/MARLlib/runs/rware_mappo_gru_small_20m_tensorboard/qmix_gru_rware-small-4ag-v2
Number of trials: 1/1 (1 RUNNING)
+------------------------------------------------------+----------+-------------------+--------+------------------+---------+----------+----------------------+----------------------+--------------------+
| Trial name                                           | status   | loc               |   iter |   total time (s) |      ts |   reward |   episode_reward_max |   episode_reward_min |   episode_len_mean |
|------------------------------------------------------+----------+-------------------+--------+------------------+---------+----------+----------------------+----------------------+--------------------|
| QMIX_grouped_rware_v2_rware-small-4ag-v2_74c9b_00000 | RUNNING  | 172.24.0.2:994514 |    882 |          1857.87 | 2649000 |     0.04 |                    1 |                    0 |                500 |
+------------------------------------------------------+----------+-------------------+--------+------------------+---------+----------+----------------------+----------------------+--------------------+


== Status ==
Current time: 2026-05-22 23:13:41 (running for 00:31:36.86)
Memory usage on this node: 84.8/251.6 GiB
Using FIFO scheduling algorithm.
Resources requested: 7.0/8 CPUs, 1.0/1 GPUs, 0.0/17.54 GiB heap, 0.0/8.77 GiB objects (0.0/1.0 accelerator_type:G)
Result logdir: /workspace/MARLlib/runs/rware_mappo_gru_small_20m_tensorboard/qmix_gru_rware-small-4ag-v2
Number of trials: 1/1 (1 RUNNING)
+------------------------------------------------------+----------+-------------------+--------+------------------+---------+----------+----------------------+----------------------+--------------------+
| Trial name                                           | status   | loc               |   iter |   total time (s) |      ts |   reward |   episode_reward_max |   episode_reward_min |   episode_len_mean |
|------------------------------------------------------+----------+-------------------+--------+------------------+---------+----------+----------------------+----------------------+--------------------|
| QMIX_grouped_rware_v2_rware-small-4ag-v2_74c9b_00000 | RUNNING  | 172.24.0.2:994514 |    885 |          1863.57 | 2658000 |     0.04 |                    1 |                    0 |                500 |
+------------------------------------------------------+----------+-------------------+--------+------------------+---------+----------+----------------------+----------------------+--------------------+


== Status ==
Current time: 2026-05-22 23:13:47 (running for 00:31:42.60)
Memory usage on this node: 84.9/251.6 GiB
Using FIFO scheduling algorithm.
Resources requested: 7.0/8 CPUs, 1.0/1 GPUs, 0.0/17.54 GiB heap, 0.0/8.77 GiB objects (0.0/1.0 accelerator_type:G)
Result logdir: /workspace/MARLlib/runs/rware_mappo_gru_small_20m_tensorboard/qmix_gru_rware-small-4ag-v2
Number of trials: 1/1 (1 RUNNING)
+------------------------------------------------------+----------+-------------------+--------+------------------+---------+----------+----------------------+----------------------+--------------------+
| Trial name                                           | status   | loc               |   iter |   total time (s) |      ts |   reward |   episode_reward_max |   episode_reward_min |   episode_len_mean |
|------------------------------------------------------+----------+-------------------+--------+------------------+---------+----------+----------------------+----------------------+--------------------|
| QMIX_grouped_rware_v2_rware-small-4ag-v2_74c9b_00000 | RUNNING  | 172.24.0.2:994514 |    888 |          1869.25 | 2667000 |     0.04 |                    1 |                    0 |                500 |
+------------------------------------------------------+----------+-------------------+--------+------------------+---------+----------+----------------------+----------------------+--------------------+


== Status ==
Current time: 2026-05-22 23:13:53 (running for 00:31:48.36)
Memory usage on this node: 85.0/251.6 GiB
Using FIFO scheduling algorithm.
Resources requested: 7.0/8 CPUs, 1.0/1 GPUs, 0.0/17.54 GiB heap, 0.0/8.77 GiB objects (0.0/1.0 accelerator_type:G)
Result logdir: /workspace/MARLlib/runs/rware_mappo_gru_small_20m_tensorboard/qmix_gru_rware-small-4ag-v2
Number of trials: 1/1 (1 RUNNING)
+------------------------------------------------------+----------+-------------------+--------+------------------+---------+----------+----------------------+----------------------+--------------------+
| Trial name                                           | status   | loc               |   iter |   total time (s) |      ts |   reward |   episode_reward_max |   episode_reward_min |   episode_len_mean |
|------------------------------------------------------+----------+-------------------+--------+------------------+---------+----------+----------------------+----------------------+--------------------|
| QMIX_grouped_rware_v2_rware-small-4ag-v2_74c9b_00000 | RUNNING  | 172.24.0.2:994514 |    891 |          1874.93 | 2676000 |     0.02 |                    1 |                    0 |                500 |
+------------------------------------------------------+----------+-------------------+--------+------------------+---------+----------+----------------------+----------------------+--------------------+


== Status ==
Current time: 2026-05-22 23:13:58 (running for 00:31:54.11)
Memory usage on this node: 85.0/251.6 GiB
Using FIFO scheduling algorithm.
Resources requested: 7.0/8 CPUs, 1.0/1 GPUs, 0.0/17.54 GiB heap, 0.0/8.77 GiB objects (0.0/1.0 accelerator_type:G)
Result logdir: /workspace/MARLlib/runs/rware_mappo_gru_small_20m_tensorboard/qmix_gru_rware-small-4ag-v2
Number of trials: 1/1 (1 RUNNING)
+------------------------------------------------------+----------+-------------------+--------+------------------+---------+----------+----------------------+----------------------+--------------------+
| Trial name                                           | status   | loc               |   iter |   total time (s) |      ts |   reward |   episode_reward_max |   episode_reward_min |   episode_len_mean |
|------------------------------------------------------+----------+-------------------+--------+------------------+---------+----------+----------------------+----------------------+--------------------|
| QMIX_grouped_rware_v2_rware-small-4ag-v2_74c9b_00000 | RUNNING  | 172.24.0.2:994514 |    894 |           1880.6 | 2685000 |     0.04 |                    1 |                    0 |                500 |
+------------------------------------------------------+----------+-------------------+--------+------------------+---------+----------+----------------------+----------------------+--------------------+


== Status ==
Current time: 2026-05-22 23:14:04 (running for 00:31:59.77)
Memory usage on this node: 85.1/251.6 GiB
Using FIFO scheduling algorithm.
Resources requested: 7.0/8 CPUs, 1.0/1 GPUs, 0.0/17.54 GiB heap, 0.0/8.77 GiB objects (0.0/1.0 accelerator_type:G)
Result logdir: /workspace/MARLlib/runs/rware_mappo_gru_small_20m_tensorboard/qmix_gru_rware-small-4ag-v2
Number of trials: 1/1 (1 RUNNING)
+------------------------------------------------------+----------+-------------------+--------+------------------+---------+----------+----------------------+----------------------+--------------------+
| Trial name                                           | status   | loc               |   iter |   total time (s) |      ts |   reward |   episode_reward_max |   episode_reward_min |   episode_len_mean |
|------------------------------------------------------+----------+-------------------+--------+------------------+---------+----------+----------------------+----------------------+--------------------|
| QMIX_grouped_rware_v2_rware-small-4ag-v2_74c9b_00000 | RUNNING  | 172.24.0.2:994514 |    897 |           1886.2 | 2694000 |     0.04 |                    1 |                    0 |                500 |
+------------------------------------------------------+----------+-------------------+--------+------------------+---------+----------+----------------------+----------------------+--------------------+


== Status ==
Current time: 2026-05-22 23:14:10 (running for 00:32:05.68)
Memory usage on this node: 85.1/251.6 GiB
Using FIFO scheduling algorithm.
Resources requested: 7.0/8 CPUs, 1.0/1 GPUs, 0.0/17.54 GiB heap, 0.0/8.77 GiB objects (0.0/1.0 accelerator_type:G)
Result logdir: /workspace/MARLlib/runs/rware_mappo_gru_small_20m_tensorboard/qmix_gru_rware-small-4ag-v2
Number of trials: 1/1 (1 RUNNING)
+------------------------------------------------------+----------+-------------------+--------+------------------+---------+----------+----------------------+----------------------+--------------------+
| Trial name                                           | status   | loc               |   iter |   total time (s) |      ts |   reward |   episode_reward_max |   episode_reward_min |   episode_len_mean |
|------------------------------------------------------+----------+-------------------+--------+------------------+---------+----------+----------------------+----------------------+--------------------|
| QMIX_grouped_rware_v2_rware-small-4ag-v2_74c9b_00000 | RUNNING  | 172.24.0.2:994514 |    899 |          1890.06 | 2700000 |     0.06 |                    1 |                    0 |                500 |
+------------------------------------------------------+----------+-------------------+--------+------------------+---------+----------+----------------------+----------------------+--------------------+


== Status ==
Current time: 2026-05-22 23:14:15 (running for 00:32:10.69)
Memory usage on this node: 85.1/251.6 GiB
Using FIFO scheduling algorithm.
Resources requested: 7.0/8 CPUs, 1.0/1 GPUs, 0.0/17.54 GiB heap, 0.0/8.77 GiB objects (0.0/1.0 accelerator_type:G)
Result logdir: /workspace/MARLlib/runs/rware_mappo_gru_small_20m_tensorboard/qmix_gru_rware-small-4ag-v2
Number of trials: 1/1 (1 RUNNING)
+------------------------------------------------------+----------+-------------------+--------+------------------+---------+----------+----------------------+----------------------+--------------------+
| Trial name                                           | status   | loc               |   iter |   total time (s) |      ts |   reward |   episode_reward_max |   episode_reward_min |   episode_len_mean |
|------------------------------------------------------+----------+-------------------+--------+------------------+---------+----------+----------------------+----------------------+--------------------|
| QMIX_grouped_rware_v2_rware-small-4ag-v2_74c9b_00000 | RUNNING  | 172.24.0.2:994514 |    899 |          1890.06 | 2700000 |     0.06 |                    1 |                    0 |                500 |
+------------------------------------------------------+----------+-------------------+--------+------------------+---------+----------+----------------------+----------------------+--------------------+


== Status ==
Current time: 2026-05-22 23:14:21 (running for 00:32:16.19)
Memory usage on this node: 85.1/251.6 GiB
Using FIFO scheduling algorithm.
Resources requested: 7.0/8 CPUs, 1.0/1 GPUs, 0.0/17.54 GiB heap, 0.0/8.77 GiB objects (0.0/1.0 accelerator_type:G)
Result logdir: /workspace/MARLlib/runs/rware_mappo_gru_small_20m_tensorboard/qmix_gru_rware-small-4ag-v2
Number of trials: 1/1 (1 RUNNING)
+------------------------------------------------------+----------+-------------------+--------+------------------+---------+----------+----------------------+----------------------+--------------------+
| Trial name                                           | status   | loc               |   iter |   total time (s) |      ts |   reward |   episode_reward_max |   episode_reward_min |   episode_len_mean |
|------------------------------------------------------+----------+-------------------+--------+------------------+---------+----------+----------------------+----------------------+--------------------|
| QMIX_grouped_rware_v2_rware-small-4ag-v2_74c9b_00000 | RUNNING  | 172.24.0.2:994514 |    900 |          1901.54 | 2703000 |     0.05 |                    1 |                    0 |                500 |
+------------------------------------------------------+----------+-------------------+--------+------------------+---------+----------+----------------------+----------------------+--------------------+


== Status ==
Current time: 2026-05-22 23:14:26 (running for 00:32:21.98)
Memory usage on this node: 85.3/251.6 GiB
Using FIFO scheduling algorithm.
Resources requested: 7.0/8 CPUs, 1.0/1 GPUs, 0.0/17.54 GiB heap, 0.0/8.77 GiB objects (0.0/1.0 accelerator_type:G)
Result logdir: /workspace/MARLlib/runs/rware_mappo_gru_small_20m_tensorboard/qmix_gru_rware-small-4ag-v2
Number of trials: 1/1 (1 RUNNING)
+------------------------------------------------------+----------+-------------------+--------+------------------+---------+----------+----------------------+----------------------+--------------------+
| Trial name                                           | status   | loc               |   iter |   total time (s) |      ts |   reward |   episode_reward_max |   episode_reward_min |   episode_len_mean |
|------------------------------------------------------+----------+-------------------+--------+------------------+---------+----------+----------------------+----------------------+--------------------|
| QMIX_grouped_rware_v2_rware-small-4ag-v2_74c9b_00000 | RUNNING  | 172.24.0.2:994514 |    903 |          1907.19 | 2712000 |     0.06 |                    1 |                    0 |                500 |
+------------------------------------------------------+----------+-------------------+--------+------------------+---------+----------+----------------------+----------------------+--------------------+


== Status ==
Current time: 2026-05-22 23:14:32 (running for 00:32:27.69)
Memory usage on this node: 85.3/251.6 GiB
Using FIFO scheduling algorithm.
Resources requested: 7.0/8 CPUs, 1.0/1 GPUs, 0.0/17.54 GiB heap, 0.0/8.77 GiB objects (0.0/1.0 accelerator_type:G)
Result logdir: /workspace/MARLlib/runs/rware_mappo_gru_small_20m_tensorboard/qmix_gru_rware-small-4ag-v2
Number of trials: 1/1 (1 RUNNING)
+------------------------------------------------------+----------+-------------------+--------+------------------+---------+----------+----------------------+----------------------+--------------------+
| Trial name                                           | status   | loc               |   iter |   total time (s) |      ts |   reward |   episode_reward_max |   episode_reward_min |   episode_len_mean |
|------------------------------------------------------+----------+-------------------+--------+------------------+---------+----------+----------------------+----------------------+--------------------|
| QMIX_grouped_rware_v2_rware-small-4ag-v2_74c9b_00000 | RUNNING  | 172.24.0.2:994514 |    906 |          1912.88 | 2721000 |     0.06 |                    1 |                    0 |                500 |
+------------------------------------------------------+----------+-------------------+--------+------------------+---------+----------+----------------------+----------------------+--------------------+


== Status ==
Current time: 2026-05-22 23:14:38 (running for 00:32:33.37)
Memory usage on this node: 85.4/251.6 GiB
Using FIFO scheduling algorithm.
Resources requested: 7.0/8 CPUs, 1.0/1 GPUs, 0.0/17.54 GiB heap, 0.0/8.77 GiB objects (0.0/1.0 accelerator_type:G)
Result logdir: /workspace/MARLlib/runs/rware_mappo_gru_small_20m_tensorboard/qmix_gru_rware-small-4ag-v2
Number of trials: 1/1 (1 RUNNING)
+------------------------------------------------------+----------+-------------------+--------+------------------+---------+----------+----------------------+----------------------+--------------------+
| Trial name                                           | status   | loc               |   iter |   total time (s) |      ts |   reward |   episode_reward_max |   episode_reward_min |   episode_len_mean |
|------------------------------------------------------+----------+-------------------+--------+------------------+---------+----------+----------------------+----------------------+--------------------|
| QMIX_grouped_rware_v2_rware-small-4ag-v2_74c9b_00000 | RUNNING  | 172.24.0.2:994514 |    909 |          1918.49 | 2730000 |     0.05 |                    1 |                    0 |                500 |
+------------------------------------------------------+----------+-------------------+--------+------------------+---------+----------+----------------------+----------------------+--------------------+


== Status ==
Current time: 2026-05-22 23:14:43 (running for 00:32:39.14)
Memory usage on this node: 85.4/251.6 GiB
Using FIFO scheduling algorithm.
Resources requested: 7.0/8 CPUs, 1.0/1 GPUs, 0.0/17.54 GiB heap, 0.0/8.77 GiB objects (0.0/1.0 accelerator_type:G)
Result logdir: /workspace/MARLlib/runs/rware_mappo_gru_small_20m_tensorboard/qmix_gru_rware-small-4ag-v2
Number of trials: 1/1 (1 RUNNING)
+------------------------------------------------------+----------+-------------------+--------+------------------+---------+----------+----------------------+----------------------+--------------------+
| Trial name                                           | status   | loc               |   iter |   total time (s) |      ts |   reward |   episode_reward_max |   episode_reward_min |   episode_len_mean |
|------------------------------------------------------+----------+-------------------+--------+------------------+---------+----------+----------------------+----------------------+--------------------|
| QMIX_grouped_rware_v2_rware-small-4ag-v2_74c9b_00000 | RUNNING  | 172.24.0.2:994514 |    912 |          1924.19 | 2739000 |     0.05 |                    1 |                    0 |                500 |
+------------------------------------------------------+----------+-------------------+--------+------------------+---------+----------+----------------------+----------------------+--------------------+


== Status ==
Current time: 2026-05-22 23:14:49 (running for 00:32:44.96)
Memory usage on this node: 85.5/251.6 GiB
Using FIFO scheduling algorithm.
Resources requested: 7.0/8 CPUs, 1.0/1 GPUs, 0.0/17.54 GiB heap, 0.0/8.77 GiB objects (0.0/1.0 accelerator_type:G)
Result logdir: /workspace/MARLlib/runs/rware_mappo_gru_small_20m_tensorboard/qmix_gru_rware-small-4ag-v2
Number of trials: 1/1 (1 RUNNING)
+------------------------------------------------------+----------+-------------------+--------+------------------+---------+----------+----------------------+----------------------+--------------------+
| Trial name                                           | status   | loc               |   iter |   total time (s) |      ts |   reward |   episode_reward_max |   episode_reward_min |   episode_len_mean |
|------------------------------------------------------+----------+-------------------+--------+------------------+---------+----------+----------------------+----------------------+--------------------|
| QMIX_grouped_rware_v2_rware-small-4ag-v2_74c9b_00000 | RUNNING  | 172.24.0.2:994514 |    915 |          1929.93 | 2748000 |     0.05 |                    1 |                    0 |                500 |
+------------------------------------------------------+----------+-------------------+--------+------------------+---------+----------+----------------------+----------------------+--------------------+


== Status ==
Current time: 2026-05-22 23:14:55 (running for 00:32:50.65)
Memory usage on this node: 85.6/251.6 GiB
Using FIFO scheduling algorithm.
Resources requested: 7.0/8 CPUs, 1.0/1 GPUs, 0.0/17.54 GiB heap, 0.0/8.77 GiB objects (0.0/1.0 accelerator_type:G)
Result logdir: /workspace/MARLlib/runs/rware_mappo_gru_small_20m_tensorboard/qmix_gru_rware-small-4ag-v2
Number of trials: 1/1 (1 RUNNING)
+------------------------------------------------------+----------+-------------------+--------+------------------+---------+----------+----------------------+----------------------+--------------------+
| Trial name                                           | status   | loc               |   iter |   total time (s) |      ts |   reward |   episode_reward_max |   episode_reward_min |   episode_len_mean |
|------------------------------------------------------+----------+-------------------+--------+------------------+---------+----------+----------------------+----------------------+--------------------|
| QMIX_grouped_rware_v2_rware-small-4ag-v2_74c9b_00000 | RUNNING  | 172.24.0.2:994514 |    918 |          1935.55 | 2757000 |     0.04 |                    1 |                    0 |                500 |
+------------------------------------------------------+----------+-------------------+--------+------------------+---------+----------+----------------------+----------------------+--------------------+


== Status ==
Current time: 2026-05-22 23:15:01 (running for 00:32:56.55)
Memory usage on this node: 85.6/251.6 GiB
Using FIFO scheduling algorithm.
Resources requested: 7.0/8 CPUs, 1.0/1 GPUs, 0.0/17.54 GiB heap, 0.0/8.77 GiB objects (0.0/1.0 accelerator_type:G)
Result logdir: /workspace/MARLlib/runs/rware_mappo_gru_small_20m_tensorboard/qmix_gru_rware-small-4ag-v2
Number of trials: 1/1 (1 RUNNING)
+------------------------------------------------------+----------+-------------------+--------+------------------+---------+----------+----------------------+----------------------+--------------------+
| Trial name                                           | status   | loc               |   iter |   total time (s) |      ts |   reward |   episode_reward_max |   episode_reward_min |   episode_len_mean |
|------------------------------------------------------+----------+-------------------+--------+------------------+---------+----------+----------------------+----------------------+--------------------|
| QMIX_grouped_rware_v2_rware-small-4ag-v2_74c9b_00000 | RUNNING  | 172.24.0.2:994514 |    921 |          1941.37 | 2766000 |     0.04 |                    1 |                    0 |                500 |
+------------------------------------------------------+----------+-------------------+--------+------------------+---------+----------+----------------------+----------------------+--------------------+


== Status ==
Current time: 2026-05-22 23:15:07 (running for 00:33:02.29)
Memory usage on this node: 85.7/251.6 GiB
Using FIFO scheduling algorithm.
Resources requested: 7.0/8 CPUs, 1.0/1 GPUs, 0.0/17.54 GiB heap, 0.0/8.77 GiB objects (0.0/1.0 accelerator_type:G)
Result logdir: /workspace/MARLlib/runs/rware_mappo_gru_small_20m_tensorboard/qmix_gru_rware-small-4ag-v2
Number of trials: 1/1 (1 RUNNING)
+------------------------------------------------------+----------+-------------------+--------+------------------+---------+----------+----------------------+----------------------+--------------------+
| Trial name                                           | status   | loc               |   iter |   total time (s) |      ts |   reward |   episode_reward_max |   episode_reward_min |   episode_len_mean |
|------------------------------------------------------+----------+-------------------+--------+------------------+---------+----------+----------------------+----------------------+--------------------|
| QMIX_grouped_rware_v2_rware-small-4ag-v2_74c9b_00000 | RUNNING  | 172.24.0.2:994514 |    924 |          1947.03 | 2775000 |     0.03 |                    1 |                    0 |                500 |
+------------------------------------------------------+----------+-------------------+--------+------------------+---------+----------+----------------------+----------------------+--------------------+


== Status ==
Current time: 2026-05-22 23:15:12 (running for 00:33:08.04)
Memory usage on this node: 85.8/251.6 GiB
Using FIFO scheduling algorithm.
Resources requested: 7.0/8 CPUs, 1.0/1 GPUs, 0.0/17.54 GiB heap, 0.0/8.77 GiB objects (0.0/1.0 accelerator_type:G)
Result logdir: /workspace/MARLlib/runs/rware_mappo_gru_small_20m_tensorboard/qmix_gru_rware-small-4ag-v2
Number of trials: 1/1 (1 RUNNING)
+------------------------------------------------------+----------+-------------------+--------+------------------+---------+----------+----------------------+----------------------+--------------------+
| Trial name                                           | status   | loc               |   iter |   total time (s) |      ts |   reward |   episode_reward_max |   episode_reward_min |   episode_len_mean |
|------------------------------------------------------+----------+-------------------+--------+------------------+---------+----------+----------------------+----------------------+--------------------|
| QMIX_grouped_rware_v2_rware-small-4ag-v2_74c9b_00000 | RUNNING  | 172.24.0.2:994514 |    927 |          1952.71 | 2784000 |     0.07 |                    1 |                    0 |                500 |
+------------------------------------------------------+----------+-------------------+--------+------------------+---------+----------+----------------------+----------------------+--------------------+


== Status ==
Current time: 2026-05-22 23:15:18 (running for 00:33:13.88)
Memory usage on this node: 85.8/251.6 GiB
Using FIFO scheduling algorithm.
Resources requested: 7.0/8 CPUs, 1.0/1 GPUs, 0.0/17.54 GiB heap, 0.0/8.77 GiB objects (0.0/1.0 accelerator_type:G)
Result logdir: /workspace/MARLlib/runs/rware_mappo_gru_small_20m_tensorboard/qmix_gru_rware-small-4ag-v2
Number of trials: 1/1 (1 RUNNING)
+------------------------------------------------------+----------+-------------------+--------+------------------+---------+----------+----------------------+----------------------+--------------------+
| Trial name                                           | status   | loc               |   iter |   total time (s) |      ts |   reward |   episode_reward_max |   episode_reward_min |   episode_len_mean |
|------------------------------------------------------+----------+-------------------+--------+------------------+---------+----------+----------------------+----------------------+--------------------|
| QMIX_grouped_rware_v2_rware-small-4ag-v2_74c9b_00000 | RUNNING  | 172.24.0.2:994514 |    930 |          1958.48 | 2793000 |     0.06 |                    1 |                    0 |                500 |
+------------------------------------------------------+----------+-------------------+--------+------------------+---------+----------+----------------------+----------------------+--------------------+


== Status ==
Current time: 2026-05-22 23:15:24 (running for 00:33:19.62)
Memory usage on this node: 85.9/251.6 GiB
Using FIFO scheduling algorithm.
Resources requested: 7.0/8 CPUs, 1.0/1 GPUs, 0.0/17.54 GiB heap, 0.0/8.77 GiB objects (0.0/1.0 accelerator_type:G)
Result logdir: /workspace/MARLlib/runs/rware_mappo_gru_small_20m_tensorboard/qmix_gru_rware-small-4ag-v2
Number of trials: 1/1 (1 RUNNING)
+------------------------------------------------------+----------+-------------------+--------+------------------+---------+----------+----------------------+----------------------+--------------------+
| Trial name                                           | status   | loc               |   iter |   total time (s) |      ts |   reward |   episode_reward_max |   episode_reward_min |   episode_len_mean |
|------------------------------------------------------+----------+-------------------+--------+------------------+---------+----------+----------------------+----------------------+--------------------|
| QMIX_grouped_rware_v2_rware-small-4ag-v2_74c9b_00000 | RUNNING  | 172.24.0.2:994514 |    933 |          1964.14 | 2802000 |     0.05 |                    1 |                    0 |                500 |
+------------------------------------------------------+----------+-------------------+--------+------------------+---------+----------+----------------------+----------------------+--------------------+


== Status ==
Current time: 2026-05-22 23:15:30 (running for 00:33:25.47)
Memory usage on this node: 86.0/251.6 GiB
Using FIFO scheduling algorithm.
Resources requested: 7.0/8 CPUs, 1.0/1 GPUs, 0.0/17.54 GiB heap, 0.0/8.77 GiB objects (0.0/1.0 accelerator_type:G)
Result logdir: /workspace/MARLlib/runs/rware_mappo_gru_small_20m_tensorboard/qmix_gru_rware-small-4ag-v2
Number of trials: 1/1 (1 RUNNING)
+------------------------------------------------------+----------+-------------------+--------+------------------+---------+----------+----------------------+----------------------+--------------------+
| Trial name                                           | status   | loc               |   iter |   total time (s) |      ts |   reward |   episode_reward_max |   episode_reward_min |   episode_len_mean |
|------------------------------------------------------+----------+-------------------+--------+------------------+---------+----------+----------------------+----------------------+--------------------|
| QMIX_grouped_rware_v2_rware-small-4ag-v2_74c9b_00000 | RUNNING  | 172.24.0.2:994514 |    936 |          1969.91 | 2811000 |     0.06 |                    1 |                    0 |                500 |
+------------------------------------------------------+----------+-------------------+--------+------------------+---------+----------+----------------------+----------------------+--------------------+


== Status ==
Current time: 2026-05-22 23:15:36 (running for 00:33:31.46)
Memory usage on this node: 86.1/251.6 GiB
Using FIFO scheduling algorithm.
Resources requested: 7.0/8 CPUs, 1.0/1 GPUs, 0.0/17.54 GiB heap, 0.0/8.77 GiB objects (0.0/1.0 accelerator_type:G)
Result logdir: /workspace/MARLlib/runs/rware_mappo_gru_small_20m_tensorboard/qmix_gru_rware-small-4ag-v2
Number of trials: 1/1 (1 RUNNING)
+------------------------------------------------------+----------+-------------------+--------+------------------+---------+----------+----------------------+----------------------+--------------------+
| Trial name                                           | status   | loc               |   iter |   total time (s) |      ts |   reward |   episode_reward_max |   episode_reward_min |   episode_len_mean |
|------------------------------------------------------+----------+-------------------+--------+------------------+---------+----------+----------------------+----------------------+--------------------|
| QMIX_grouped_rware_v2_rware-small-4ag-v2_74c9b_00000 | RUNNING  | 172.24.0.2:994514 |    939 |          1975.83 | 2820000 |     0.06 |                    1 |                    0 |                500 |
+------------------------------------------------------+----------+-------------------+--------+------------------+---------+----------+----------------------+----------------------+--------------------+


== Status ==
Current time: 2026-05-22 23:15:42 (running for 00:33:37.31)
Memory usage on this node: 86.2/251.6 GiB
Using FIFO scheduling algorithm.
Resources requested: 7.0/8 CPUs, 1.0/1 GPUs, 0.0/17.54 GiB heap, 0.0/8.77 GiB objects (0.0/1.0 accelerator_type:G)
Result logdir: /workspace/MARLlib/runs/rware_mappo_gru_small_20m_tensorboard/qmix_gru_rware-small-4ag-v2
Number of trials: 1/1 (1 RUNNING)
+------------------------------------------------------+----------+-------------------+--------+------------------+---------+----------+----------------------+----------------------+--------------------+
| Trial name                                           | status   | loc               |   iter |   total time (s) |      ts |   reward |   episode_reward_max |   episode_reward_min |   episode_len_mean |
|------------------------------------------------------+----------+-------------------+--------+------------------+---------+----------+----------------------+----------------------+--------------------|
| QMIX_grouped_rware_v2_rware-small-4ag-v2_74c9b_00000 | RUNNING  | 172.24.0.2:994514 |    942 |          1981.61 | 2829000 |     0.04 |                    1 |                    0 |                500 |
+------------------------------------------------------+----------+-------------------+--------+------------------+---------+----------+----------------------+----------------------+--------------------+


== Status ==
Current time: 2026-05-22 23:15:47 (running for 00:33:42.98)
Memory usage on this node: 86.2/251.6 GiB
Using FIFO scheduling algorithm.
Resources requested: 7.0/8 CPUs, 1.0/1 GPUs, 0.0/17.54 GiB heap, 0.0/8.77 GiB objects (0.0/1.0 accelerator_type:G)
Result logdir: /workspace/MARLlib/runs/rware_mappo_gru_small_20m_tensorboard/qmix_gru_rware-small-4ag-v2
Number of trials: 1/1 (1 RUNNING)
+------------------------------------------------------+----------+-------------------+--------+------------------+---------+----------+----------------------+----------------------+--------------------+
| Trial name                                           | status   | loc               |   iter |   total time (s) |      ts |   reward |   episode_reward_max |   episode_reward_min |   episode_len_mean |
|------------------------------------------------------+----------+-------------------+--------+------------------+---------+----------+----------------------+----------------------+--------------------|
| QMIX_grouped_rware_v2_rware-small-4ag-v2_74c9b_00000 | RUNNING  | 172.24.0.2:994514 |    945 |          1987.22 | 2838000 |     0.02 |                    1 |                    0 |                500 |
+------------------------------------------------------+----------+-------------------+--------+------------------+---------+----------+----------------------+----------------------+--------------------+


== Status ==
Current time: 2026-05-22 23:15:53 (running for 00:33:48.73)
Memory usage on this node: 86.3/251.6 GiB
Using FIFO scheduling algorithm.
Resources requested: 7.0/8 CPUs, 1.0/1 GPUs, 0.0/17.54 GiB heap, 0.0/8.77 GiB objects (0.0/1.0 accelerator_type:G)
Result logdir: /workspace/MARLlib/runs/rware_mappo_gru_small_20m_tensorboard/qmix_gru_rware-small-4ag-v2
Number of trials: 1/1 (1 RUNNING)
+------------------------------------------------------+----------+-------------------+--------+------------------+---------+----------+----------------------+----------------------+--------------------+
| Trial name                                           | status   | loc               |   iter |   total time (s) |      ts |   reward |   episode_reward_max |   episode_reward_min |   episode_len_mean |
|------------------------------------------------------+----------+-------------------+--------+------------------+---------+----------+----------------------+----------------------+--------------------|
| QMIX_grouped_rware_v2_rware-small-4ag-v2_74c9b_00000 | RUNNING  | 172.24.0.2:994514 |    948 |           1992.9 | 2847000 |     0.02 |                    1 |                    0 |                500 |
+------------------------------------------------------+----------+-------------------+--------+------------------+---------+----------+----------------------+----------------------+--------------------+


== Status ==
Current time: 2026-05-22 23:15:59 (running for 00:33:54.66)
Memory usage on this node: 86.4/251.6 GiB
Using FIFO scheduling algorithm.
Resources requested: 7.0/8 CPUs, 1.0/1 GPUs, 0.0/17.54 GiB heap, 0.0/8.77 GiB objects (0.0/1.0 accelerator_type:G)
Result logdir: /workspace/MARLlib/runs/rware_mappo_gru_small_20m_tensorboard/qmix_gru_rware-small-4ag-v2
Number of trials: 1/1 (1 RUNNING)
+------------------------------------------------------+----------+-------------------+--------+------------------+---------+----------+----------------------+----------------------+--------------------+
| Trial name                                           | status   | loc               |   iter |   total time (s) |      ts |   reward |   episode_reward_max |   episode_reward_min |   episode_len_mean |
|------------------------------------------------------+----------+-------------------+--------+------------------+---------+----------+----------------------+----------------------+--------------------|
| QMIX_grouped_rware_v2_rware-small-4ag-v2_74c9b_00000 | RUNNING  | 172.24.0.2:994514 |    949 |           1994.8 | 2850000 |     0.02 |                    1 |                    0 |                500 |
+------------------------------------------------------+----------+-------------------+--------+------------------+---------+----------+----------------------+----------------------+--------------------+


== Status ==
Current time: 2026-05-22 23:16:04 (running for 00:33:59.67)
Memory usage on this node: 86.4/251.6 GiB
Using FIFO scheduling algorithm.
Resources requested: 7.0/8 CPUs, 1.0/1 GPUs, 0.0/17.54 GiB heap, 0.0/8.77 GiB objects (0.0/1.0 accelerator_type:G)
Result logdir: /workspace/MARLlib/runs/rware_mappo_gru_small_20m_tensorboard/qmix_gru_rware-small-4ag-v2
Number of trials: 1/1 (1 RUNNING)
+------------------------------------------------------+----------+-------------------+--------+------------------+---------+----------+----------------------+----------------------+--------------------+
| Trial name                                           | status   | loc               |   iter |   total time (s) |      ts |   reward |   episode_reward_max |   episode_reward_min |   episode_len_mean |
|------------------------------------------------------+----------+-------------------+--------+------------------+---------+----------+----------------------+----------------------+--------------------|
| QMIX_grouped_rware_v2_rware-small-4ag-v2_74c9b_00000 | RUNNING  | 172.24.0.2:994514 |    949 |           1994.8 | 2850000 |     0.02 |                    1 |                    0 |                500 |
+------------------------------------------------------+----------+-------------------+--------+------------------+---------+----------+----------------------+----------------------+--------------------+


== Status ==
Current time: 2026-05-22 23:16:09 (running for 00:34:04.99)
Memory usage on this node: 86.4/251.6 GiB
Using FIFO scheduling algorithm.
Resources requested: 7.0/8 CPUs, 1.0/1 GPUs, 0.0/17.54 GiB heap, 0.0/8.77 GiB objects (0.0/1.0 accelerator_type:G)
Result logdir: /workspace/MARLlib/runs/rware_mappo_gru_small_20m_tensorboard/qmix_gru_rware-small-4ag-v2
Number of trials: 1/1 (1 RUNNING)
+------------------------------------------------------+----------+-------------------+--------+------------------+---------+----------+----------------------+----------------------+--------------------+
| Trial name                                           | status   | loc               |   iter |   total time (s) |      ts |   reward |   episode_reward_max |   episode_reward_min |   episode_len_mean |
|------------------------------------------------------+----------+-------------------+--------+------------------+---------+----------+----------------------+----------------------+--------------------|
| QMIX_grouped_rware_v2_rware-small-4ag-v2_74c9b_00000 | RUNNING  | 172.24.0.2:994514 |    952 |          2010.07 | 2859000 |        0 |                    0 |                    0 |                500 |
+------------------------------------------------------+----------+-------------------+--------+------------------+---------+----------+----------------------+----------------------+--------------------+


== Status ==
Current time: 2026-05-22 23:16:15 (running for 00:34:10.69)
Memory usage on this node: 86.5/251.6 GiB
Using FIFO scheduling algorithm.
Resources requested: 7.0/8 CPUs, 1.0/1 GPUs, 0.0/17.54 GiB heap, 0.0/8.77 GiB objects (0.0/1.0 accelerator_type:G)
Result logdir: /workspace/MARLlib/runs/rware_mappo_gru_small_20m_tensorboard/qmix_gru_rware-small-4ag-v2
Number of trials: 1/1 (1 RUNNING)
+------------------------------------------------------+----------+-------------------+--------+------------------+---------+----------+----------------------+----------------------+--------------------+
| Trial name                                           | status   | loc               |   iter |   total time (s) |      ts |   reward |   episode_reward_max |   episode_reward_min |   episode_len_mean |
|------------------------------------------------------+----------+-------------------+--------+------------------+---------+----------+----------------------+----------------------+--------------------|
| QMIX_grouped_rware_v2_rware-small-4ag-v2_74c9b_00000 | RUNNING  | 172.24.0.2:994514 |    955 |          2015.71 | 2868000 |        0 |                    0 |                    0 |                500 |
+------------------------------------------------------+----------+-------------------+--------+------------------+---------+----------+----------------------+----------------------+--------------------+


== Status ==
Current time: 2026-05-22 23:16:21 (running for 00:34:16.51)
Memory usage on this node: 86.5/251.6 GiB
Using FIFO scheduling algorithm.
Resources requested: 7.0/8 CPUs, 1.0/1 GPUs, 0.0/17.54 GiB heap, 0.0/8.77 GiB objects (0.0/1.0 accelerator_type:G)
Result logdir: /workspace/MARLlib/runs/rware_mappo_gru_small_20m_tensorboard/qmix_gru_rware-small-4ag-v2
Number of trials: 1/1 (1 RUNNING)
+------------------------------------------------------+----------+-------------------+--------+------------------+---------+----------+----------------------+----------------------+--------------------+
| Trial name                                           | status   | loc               |   iter |   total time (s) |      ts |   reward |   episode_reward_max |   episode_reward_min |   episode_len_mean |
|------------------------------------------------------+----------+-------------------+--------+------------------+---------+----------+----------------------+----------------------+--------------------|
| QMIX_grouped_rware_v2_rware-small-4ag-v2_74c9b_00000 | RUNNING  | 172.24.0.2:994514 |    958 |          2021.46 | 2877000 |        0 |                    0 |                    0 |                500 |
+------------------------------------------------------+----------+-------------------+--------+------------------+---------+----------+----------------------+----------------------+--------------------+


== Status ==
Current time: 2026-05-22 23:16:27 (running for 00:34:22.36)
Memory usage on this node: 86.6/251.6 GiB
Using FIFO scheduling algorithm.
Resources requested: 7.0/8 CPUs, 1.0/1 GPUs, 0.0/17.54 GiB heap, 0.0/8.77 GiB objects (0.0/1.0 accelerator_type:G)
Result logdir: /workspace/MARLlib/runs/rware_mappo_gru_small_20m_tensorboard/qmix_gru_rware-small-4ag-v2
Number of trials: 1/1 (1 RUNNING)
+------------------------------------------------------+----------+-------------------+--------+------------------+---------+----------+----------------------+----------------------+--------------------+
| Trial name                                           | status   | loc               |   iter |   total time (s) |      ts |   reward |   episode_reward_max |   episode_reward_min |   episode_len_mean |
|------------------------------------------------------+----------+-------------------+--------+------------------+---------+----------+----------------------+----------------------+--------------------|
| QMIX_grouped_rware_v2_rware-small-4ag-v2_74c9b_00000 | RUNNING  | 172.24.0.2:994514 |    961 |          2027.25 | 2886000 |        0 |                    0 |                    0 |                500 |
+------------------------------------------------------+----------+-------------------+--------+------------------+---------+----------+----------------------+----------------------+--------------------+


== Status ==
Current time: 2026-05-22 23:16:32 (running for 00:34:27.97)
Memory usage on this node: 86.7/251.6 GiB
Using FIFO scheduling algorithm.
Resources requested: 7.0/8 CPUs, 1.0/1 GPUs, 0.0/17.54 GiB heap, 0.0/8.77 GiB objects (0.0/1.0 accelerator_type:G)
Result logdir: /workspace/MARLlib/runs/rware_mappo_gru_small_20m_tensorboard/qmix_gru_rware-small-4ag-v2
Number of trials: 1/1 (1 RUNNING)
+------------------------------------------------------+----------+-------------------+--------+------------------+---------+----------+----------------------+----------------------+--------------------+
| Trial name                                           | status   | loc               |   iter |   total time (s) |      ts |   reward |   episode_reward_max |   episode_reward_min |   episode_len_mean |
|------------------------------------------------------+----------+-------------------+--------+------------------+---------+----------+----------------------+----------------------+--------------------|
| QMIX_grouped_rware_v2_rware-small-4ag-v2_74c9b_00000 | RUNNING  | 172.24.0.2:994514 |    964 |          2032.81 | 2895000 |        0 |                    0 |                    0 |                500 |
+------------------------------------------------------+----------+-------------------+--------+------------------+---------+----------+----------------------+----------------------+--------------------+


== Status ==
Current time: 2026-05-22 23:16:38 (running for 00:34:33.76)
Memory usage on this node: 86.9/251.6 GiB
Using FIFO scheduling algorithm.
Resources requested: 7.0/8 CPUs, 1.0/1 GPUs, 0.0/17.54 GiB heap, 0.0/8.77 GiB objects (0.0/1.0 accelerator_type:G)
Result logdir: /workspace/MARLlib/runs/rware_mappo_gru_small_20m_tensorboard/qmix_gru_rware-small-4ag-v2
Number of trials: 1/1 (1 RUNNING)
+------------------------------------------------------+----------+-------------------+--------+------------------+---------+----------+----------------------+----------------------+--------------------+
| Trial name                                           | status   | loc               |   iter |   total time (s) |      ts |   reward |   episode_reward_max |   episode_reward_min |   episode_len_mean |
|------------------------------------------------------+----------+-------------------+--------+------------------+---------+----------+----------------------+----------------------+--------------------|
| QMIX_grouped_rware_v2_rware-small-4ag-v2_74c9b_00000 | RUNNING  | 172.24.0.2:994514 |    966 |          2036.56 | 2901000 |        0 |                    0 |                    0 |                500 |
+------------------------------------------------------+----------+-------------------+--------+------------------+---------+----------+----------------------+----------------------+--------------------+


== Status ==
Current time: 2026-05-22 23:16:43 (running for 00:34:38.93)
Memory usage on this node: 86.8/251.6 GiB
Using FIFO scheduling algorithm.
Resources requested: 7.0/8 CPUs, 1.0/1 GPUs, 0.0/17.54 GiB heap, 0.0/8.77 GiB objects (0.0/1.0 accelerator_type:G)
Result logdir: /workspace/MARLlib/runs/rware_mappo_gru_small_20m_tensorboard/qmix_gru_rware-small-4ag-v2
Number of trials: 1/1 (1 RUNNING)
+------------------------------------------------------+----------+-------------------+--------+------------------+---------+----------+----------------------+----------------------+--------------------+
| Trial name                                           | status   | loc               |   iter |   total time (s) |      ts |   reward |   episode_reward_max |   episode_reward_min |   episode_len_mean |
|------------------------------------------------------+----------+-------------------+--------+------------------+---------+----------+----------------------+----------------------+--------------------|
| QMIX_grouped_rware_v2_rware-small-4ag-v2_74c9b_00000 | RUNNING  | 172.24.0.2:994514 |    968 |          2043.67 | 2907000 |     0.01 |                    1 |                    0 |                500 |
+------------------------------------------------------+----------+-------------------+--------+------------------+---------+----------+----------------------+----------------------+--------------------+


== Status ==
Current time: 2026-05-22 23:16:49 (running for 00:34:44.85)
Memory usage on this node: 86.8/251.6 GiB
Using FIFO scheduling algorithm.
Resources requested: 7.0/8 CPUs, 1.0/1 GPUs, 0.0/17.54 GiB heap, 0.0/8.77 GiB objects (0.0/1.0 accelerator_type:G)
Result logdir: /workspace/MARLlib/runs/rware_mappo_gru_small_20m_tensorboard/qmix_gru_rware-small-4ag-v2
Number of trials: 1/1 (1 RUNNING)
+------------------------------------------------------+----------+-------------------+--------+------------------+---------+----------+----------------------+----------------------+--------------------+
| Trial name                                           | status   | loc               |   iter |   total time (s) |      ts |   reward |   episode_reward_max |   episode_reward_min |   episode_len_mean |
|------------------------------------------------------+----------+-------------------+--------+------------------+---------+----------+----------------------+----------------------+--------------------|
| QMIX_grouped_rware_v2_rware-small-4ag-v2_74c9b_00000 | RUNNING  | 172.24.0.2:994514 |    971 |          2049.52 | 2916000 |     0.02 |                    1 |                    0 |                500 |
+------------------------------------------------------+----------+-------------------+--------+------------------+---------+----------+----------------------+----------------------+--------------------+


== Status ==
Current time: 2026-05-22 23:16:55 (running for 00:34:50.50)
Memory usage on this node: 86.9/251.6 GiB
Using FIFO scheduling algorithm.
Resources requested: 7.0/8 CPUs, 1.0/1 GPUs, 0.0/17.54 GiB heap, 0.0/8.77 GiB objects (0.0/1.0 accelerator_type:G)
Result logdir: /workspace/MARLlib/runs/rware_mappo_gru_small_20m_tensorboard/qmix_gru_rware-small-4ag-v2
Number of trials: 1/1 (1 RUNNING)
+------------------------------------------------------+----------+-------------------+--------+------------------+---------+----------+----------------------+----------------------+--------------------+
| Trial name                                           | status   | loc               |   iter |   total time (s) |      ts |   reward |   episode_reward_max |   episode_reward_min |   episode_len_mean |
|------------------------------------------------------+----------+-------------------+--------+------------------+---------+----------+----------------------+----------------------+--------------------|
| QMIX_grouped_rware_v2_rware-small-4ag-v2_74c9b_00000 | RUNNING  | 172.24.0.2:994514 |    974 |           2055.1 | 2925000 |     0.02 |                    1 |                    0 |                500 |
+------------------------------------------------------+----------+-------------------+--------+------------------+---------+----------+----------------------+----------------------+--------------------+


== Status ==
Current time: 2026-05-22 23:17:01 (running for 00:34:56.26)
Memory usage on this node: 87.0/251.6 GiB
Using FIFO scheduling algorithm.
Resources requested: 7.0/8 CPUs, 1.0/1 GPUs, 0.0/17.54 GiB heap, 0.0/8.77 GiB objects (0.0/1.0 accelerator_type:G)
Result logdir: /workspace/MARLlib/runs/rware_mappo_gru_small_20m_tensorboard/qmix_gru_rware-small-4ag-v2
Number of trials: 1/1 (1 RUNNING)
+------------------------------------------------------+----------+-------------------+--------+------------------+---------+----------+----------------------+----------------------+--------------------+
| Trial name                                           | status   | loc               |   iter |   total time (s) |      ts |   reward |   episode_reward_max |   episode_reward_min |   episode_len_mean |
|------------------------------------------------------+----------+-------------------+--------+------------------+---------+----------+----------------------+----------------------+--------------------|
| QMIX_grouped_rware_v2_rware-small-4ag-v2_74c9b_00000 | RUNNING  | 172.24.0.2:994514 |    977 |          2060.79 | 2934000 |     0.02 |                    1 |                    0 |                500 |
+------------------------------------------------------+----------+-------------------+--------+------------------+---------+----------+----------------------+----------------------+--------------------+


== Status ==
Current time: 2026-05-22 23:17:06 (running for 00:35:02.12)
Memory usage on this node: 87.1/251.6 GiB
Using FIFO scheduling algorithm.
Resources requested: 7.0/8 CPUs, 1.0/1 GPUs, 0.0/17.54 GiB heap, 0.0/8.77 GiB objects (0.0/1.0 accelerator_type:G)
Result logdir: /workspace/MARLlib/runs/rware_mappo_gru_small_20m_tensorboard/qmix_gru_rware-small-4ag-v2
Number of trials: 1/1 (1 RUNNING)
+------------------------------------------------------+----------+-------------------+--------+------------------+---------+----------+----------------------+----------------------+--------------------+
| Trial name                                           | status   | loc               |   iter |   total time (s) |      ts |   reward |   episode_reward_max |   episode_reward_min |   episode_len_mean |
|------------------------------------------------------+----------+-------------------+--------+------------------+---------+----------+----------------------+----------------------+--------------------|
| QMIX_grouped_rware_v2_rware-small-4ag-v2_74c9b_00000 | RUNNING  | 172.24.0.2:994514 |    980 |          2066.57 | 2943000 |     0.02 |                    1 |                    0 |                500 |
+------------------------------------------------------+----------+-------------------+--------+------------------+---------+----------+----------------------+----------------------+--------------------+


== Status ==
Current time: 2026-05-22 23:17:12 (running for 00:35:07.98)
Memory usage on this node: 87.2/251.6 GiB
Using FIFO scheduling algorithm.
Resources requested: 7.0/8 CPUs, 1.0/1 GPUs, 0.0/17.54 GiB heap, 0.0/8.77 GiB objects (0.0/1.0 accelerator_type:G)
Result logdir: /workspace/MARLlib/runs/rware_mappo_gru_small_20m_tensorboard/qmix_gru_rware-small-4ag-v2
Number of trials: 1/1 (1 RUNNING)
+------------------------------------------------------+----------+-------------------+--------+------------------+---------+----------+----------------------+----------------------+--------------------+
| Trial name                                           | status   | loc               |   iter |   total time (s) |      ts |   reward |   episode_reward_max |   episode_reward_min |   episode_len_mean |
|------------------------------------------------------+----------+-------------------+--------+------------------+---------+----------+----------------------+----------------------+--------------------|
| QMIX_grouped_rware_v2_rware-small-4ag-v2_74c9b_00000 | RUNNING  | 172.24.0.2:994514 |    983 |          2072.35 | 2952000 |     0.02 |                    1 |                    0 |                500 |
+------------------------------------------------------+----------+-------------------+--------+------------------+---------+----------+----------------------+----------------------+--------------------+


== Status ==
Current time: 2026-05-22 23:17:18 (running for 00:35:13.84)
Memory usage on this node: 87.2/251.6 GiB
Using FIFO scheduling algorithm.
Resources requested: 7.0/8 CPUs, 1.0/1 GPUs, 0.0/17.54 GiB heap, 0.0/8.77 GiB objects (0.0/1.0 accelerator_type:G)
Result logdir: /workspace/MARLlib/runs/rware_mappo_gru_small_20m_tensorboard/qmix_gru_rware-small-4ag-v2
Number of trials: 1/1 (1 RUNNING)
+------------------------------------------------------+----------+-------------------+--------+------------------+---------+----------+----------------------+----------------------+--------------------+
| Trial name                                           | status   | loc               |   iter |   total time (s) |      ts |   reward |   episode_reward_max |   episode_reward_min |   episode_len_mean |
|------------------------------------------------------+----------+-------------------+--------+------------------+---------+----------+----------------------+----------------------+--------------------|
| QMIX_grouped_rware_v2_rware-small-4ag-v2_74c9b_00000 | RUNNING  | 172.24.0.2:994514 |    986 |          2078.14 | 2961000 |     0.02 |                    1 |                    0 |                500 |
+------------------------------------------------------+----------+-------------------+--------+------------------+---------+----------+----------------------+----------------------+--------------------+


== Status ==
Current time: 2026-05-22 23:17:24 (running for 00:35:19.58)
Memory usage on this node: 87.3/251.6 GiB
Using FIFO scheduling algorithm.
Resources requested: 7.0/8 CPUs, 1.0/1 GPUs, 0.0/17.54 GiB heap, 0.0/8.77 GiB objects (0.0/1.0 accelerator_type:G)
Result logdir: /workspace/MARLlib/runs/rware_mappo_gru_small_20m_tensorboard/qmix_gru_rware-small-4ag-v2
Number of trials: 1/1 (1 RUNNING)
+------------------------------------------------------+----------+-------------------+--------+------------------+---------+----------+----------------------+----------------------+--------------------+
| Trial name                                           | status   | loc               |   iter |   total time (s) |      ts |   reward |   episode_reward_max |   episode_reward_min |   episode_len_mean |
|------------------------------------------------------+----------+-------------------+--------+------------------+---------+----------+----------------------+----------------------+--------------------|
| QMIX_grouped_rware_v2_rware-small-4ag-v2_74c9b_00000 | RUNNING  | 172.24.0.2:994514 |    989 |           2083.8 | 2970000 |     0.03 |                    1 |                    0 |                500 |
+------------------------------------------------------+----------+-------------------+--------+------------------+---------+----------+----------------------+----------------------+--------------------+


== Status ==
Current time: 2026-05-22 23:17:30 (running for 00:35:25.44)
Memory usage on this node: 87.4/251.6 GiB
Using FIFO scheduling algorithm.
Resources requested: 7.0/8 CPUs, 1.0/1 GPUs, 0.0/17.54 GiB heap, 0.0/8.77 GiB objects (0.0/1.0 accelerator_type:G)
Result logdir: /workspace/MARLlib/runs/rware_mappo_gru_small_20m_tensorboard/qmix_gru_rware-small-4ag-v2
Number of trials: 1/1 (1 RUNNING)
+------------------------------------------------------+----------+-------------------+--------+------------------+---------+----------+----------------------+----------------------+--------------------+
| Trial name                                           | status   | loc               |   iter |   total time (s) |      ts |   reward |   episode_reward_max |   episode_reward_min |   episode_len_mean |
|------------------------------------------------------+----------+-------------------+--------+------------------+---------+----------+----------------------+----------------------+--------------------|
| QMIX_grouped_rware_v2_rware-small-4ag-v2_74c9b_00000 | RUNNING  | 172.24.0.2:994514 |    992 |          2089.59 | 2979000 |     0.04 |                    1 |                    0 |                500 |
+------------------------------------------------------+----------+-------------------+--------+------------------+---------+----------+----------------------+----------------------+--------------------+


== Status ==
Current time: 2026-05-22 23:17:36 (running for 00:35:31.33)
Memory usage on this node: 87.5/251.6 GiB
Using FIFO scheduling algorithm.
Resources requested: 7.0/8 CPUs, 1.0/1 GPUs, 0.0/17.54 GiB heap, 0.0/8.77 GiB objects (0.0/1.0 accelerator_type:G)
Result logdir: /workspace/MARLlib/runs/rware_mappo_gru_small_20m_tensorboard/qmix_gru_rware-small-4ag-v2
Number of trials: 1/1 (1 RUNNING)
+------------------------------------------------------+----------+-------------------+--------+------------------+---------+----------+----------------------+----------------------+--------------------+
| Trial name                                           | status   | loc               |   iter |   total time (s) |      ts |   reward |   episode_reward_max |   episode_reward_min |   episode_len_mean |
|------------------------------------------------------+----------+-------------------+--------+------------------+---------+----------+----------------------+----------------------+--------------------|
| QMIX_grouped_rware_v2_rware-small-4ag-v2_74c9b_00000 | RUNNING  | 172.24.0.2:994514 |    995 |           2095.4 | 2988000 |     0.04 |                    1 |                    0 |                500 |
+------------------------------------------------------+----------+-------------------+--------+------------------+---------+----------+----------------------+----------------------+--------------------+


== Status ==
Current time: 2026-05-22 23:17:42 (running for 00:35:37.29)
Memory usage on this node: 87.5/251.6 GiB
Using FIFO scheduling algorithm.
Resources requested: 7.0/8 CPUs, 1.0/1 GPUs, 0.0/17.54 GiB heap, 0.0/8.77 GiB objects (0.0/1.0 accelerator_type:G)
Result logdir: /workspace/MARLlib/runs/rware_mappo_gru_small_20m_tensorboard/qmix_gru_rware-small-4ag-v2
Number of trials: 1/1 (1 RUNNING)
+------------------------------------------------------+----------+-------------------+--------+------------------+---------+----------+----------------------+----------------------+--------------------+
| Trial name                                           | status   | loc               |   iter |   total time (s) |      ts |   reward |   episode_reward_max |   episode_reward_min |   episode_len_mean |
|------------------------------------------------------+----------+-------------------+--------+------------------+---------+----------+----------------------+----------------------+--------------------|
| QMIX_grouped_rware_v2_rware-small-4ag-v2_74c9b_00000 | RUNNING  | 172.24.0.2:994514 |    998 |          2101.28 | 2997000 |     0.05 |                    1 |                    0 |                500 |
+------------------------------------------------------+----------+-------------------+--------+------------------+---------+----------+----------------------+----------------------+--------------------+


== Status ==
Current time: 2026-05-22 23:17:48 (running for 00:35:43.25)
Memory usage on this node: 87.6/251.6 GiB
Using FIFO scheduling algorithm.
Resources requested: 7.0/8 CPUs, 1.0/1 GPUs, 0.0/17.54 GiB heap, 0.0/8.77 GiB objects (0.0/1.0 accelerator_type:G)
Result logdir: /workspace/MARLlib/runs/rware_mappo_gru_small_20m_tensorboard/qmix_gru_rware-small-4ag-v2
Number of trials: 1/1 (1 RUNNING)
+------------------------------------------------------+----------+-------------------+--------+------------------+---------+----------+----------------------+----------------------+--------------------+
| Trial name                                           | status   | loc               |   iter |   total time (s) |      ts |   reward |   episode_reward_max |   episode_reward_min |   episode_len_mean |
|------------------------------------------------------+----------+-------------------+--------+------------------+---------+----------+----------------------+----------------------+--------------------|
| QMIX_grouped_rware_v2_rware-small-4ag-v2_74c9b_00000 | RUNNING  | 172.24.0.2:994514 |    999 |           2103.2 | 3000000 |     0.05 |                    1 |                    0 |                500 |
+------------------------------------------------------+----------+-------------------+--------+------------------+---------+----------+----------------------+----------------------+--------------------+


== Status ==
Current time: 2026-05-22 23:17:53 (running for 00:35:48.25)
Memory usage on this node: 87.6/251.6 GiB
Using FIFO scheduling algorithm.
Resources requested: 7.0/8 CPUs, 1.0/1 GPUs, 0.0/17.54 GiB heap, 0.0/8.77 GiB objects (0.0/1.0 accelerator_type:G)
Result logdir: /workspace/MARLlib/runs/rware_mappo_gru_small_20m_tensorboard/qmix_gru_rware-small-4ag-v2
Number of trials: 1/1 (1 RUNNING)
+------------------------------------------------------+----------+-------------------+--------+------------------+---------+----------+----------------------+----------------------+--------------------+
| Trial name                                           | status   | loc               |   iter |   total time (s) |      ts |   reward |   episode_reward_max |   episode_reward_min |   episode_len_mean |
|------------------------------------------------------+----------+-------------------+--------+------------------+---------+----------+----------------------+----------------------+--------------------|
| QMIX_grouped_rware_v2_rware-small-4ag-v2_74c9b_00000 | RUNNING  | 172.24.0.2:994514 |    999 |           2103.2 | 3000000 |     0.05 |                    1 |                    0 |                500 |
+------------------------------------------------------+----------+-------------------+--------+------------------+---------+----------+----------------------+----------------------+--------------------+


== Status ==
Current time: 2026-05-22 23:17:58 (running for 00:35:53.66)
Memory usage on this node: 87.6/251.6 GiB
Using FIFO scheduling algorithm.
Resources requested: 7.0/8 CPUs, 1.0/1 GPUs, 0.0/17.54 GiB heap, 0.0/8.77 GiB objects (0.0/1.0 accelerator_type:G)
Result logdir: /workspace/MARLlib/runs/rware_mappo_gru_small_20m_tensorboard/qmix_gru_rware-small-4ag-v2
Number of trials: 1/1 (1 RUNNING)
+------------------------------------------------------+----------+-------------------+--------+------------------+---------+----------+----------------------+----------------------+--------------------+
| Trial name                                           | status   | loc               |   iter |   total time (s) |      ts |   reward |   episode_reward_max |   episode_reward_min |   episode_len_mean |
|------------------------------------------------------+----------+-------------------+--------+------------------+---------+----------+----------------------+----------------------+--------------------|
| QMIX_grouped_rware_v2_rware-small-4ag-v2_74c9b_00000 | RUNNING  | 172.24.0.2:994514 |   1001 |          2116.55 | 3006000 |     0.04 |                    1 |                    0 |                500 |
+------------------------------------------------------+----------+-------------------+--------+------------------+---------+----------+----------------------+----------------------+--------------------+


== Status ==
Current time: 2026-05-22 23:18:04 (running for 00:35:59.52)
Memory usage on this node: 87.7/251.6 GiB
Using FIFO scheduling algorithm.
Resources requested: 7.0/8 CPUs, 1.0/1 GPUs, 0.0/17.54 GiB heap, 0.0/8.77 GiB objects (0.0/1.0 accelerator_type:G)
Result logdir: /workspace/MARLlib/runs/rware_mappo_gru_small_20m_tensorboard/qmix_gru_rware-small-4ag-v2
Number of trials: 1/1 (1 RUNNING)
+------------------------------------------------------+----------+-------------------+--------+------------------+---------+----------+----------------------+----------------------+--------------------+
| Trial name                                           | status   | loc               |   iter |   total time (s) |      ts |   reward |   episode_reward_max |   episode_reward_min |   episode_len_mean |
|------------------------------------------------------+----------+-------------------+--------+------------------+---------+----------+----------------------+----------------------+--------------------|
| QMIX_grouped_rware_v2_rware-small-4ag-v2_74c9b_00000 | RUNNING  | 172.24.0.2:994514 |   1004 |          2122.33 | 3015000 |     0.03 |                    1 |                    0 |                500 |
+------------------------------------------------------+----------+-------------------+--------+------------------+---------+----------+----------------------+----------------------+--------------------+


== Status ==
Current time: 2026-05-22 23:18:10 (running for 00:36:05.20)
Memory usage on this node: 87.8/251.6 GiB
Using FIFO scheduling algorithm.
Resources requested: 7.0/8 CPUs, 1.0/1 GPUs, 0.0/17.54 GiB heap, 0.0/8.77 GiB objects (0.0/1.0 accelerator_type:G)
Result logdir: /workspace/MARLlib/runs/rware_mappo_gru_small_20m_tensorboard/qmix_gru_rware-small-4ag-v2
Number of trials: 1/1 (1 RUNNING)
+------------------------------------------------------+----------+-------------------+--------+------------------+---------+----------+----------------------+----------------------+--------------------+
| Trial name                                           | status   | loc               |   iter |   total time (s) |      ts |   reward |   episode_reward_max |   episode_reward_min |   episode_len_mean |
|------------------------------------------------------+----------+-------------------+--------+------------------+---------+----------+----------------------+----------------------+--------------------|
| QMIX_grouped_rware_v2_rware-small-4ag-v2_74c9b_00000 | RUNNING  | 172.24.0.2:994514 |   1007 |          2127.94 | 3024000 |     0.01 |                    1 |                    0 |                500 |
+------------------------------------------------------+----------+-------------------+--------+------------------+---------+----------+----------------------+----------------------+--------------------+


== Status ==
Current time: 2026-05-22 23:18:15 (running for 00:36:10.88)
Memory usage on this node: 87.8/251.6 GiB
Using FIFO scheduling algorithm.
Resources requested: 7.0/8 CPUs, 1.0/1 GPUs, 0.0/17.54 GiB heap, 0.0/8.77 GiB objects (0.0/1.0 accelerator_type:G)
Result logdir: /workspace/MARLlib/runs/rware_mappo_gru_small_20m_tensorboard/qmix_gru_rware-small-4ag-v2
Number of trials: 1/1 (1 RUNNING)
+------------------------------------------------------+----------+-------------------+--------+------------------+---------+----------+----------------------+----------------------+--------------------+
| Trial name                                           | status   | loc               |   iter |   total time (s) |      ts |   reward |   episode_reward_max |   episode_reward_min |   episode_len_mean |
|------------------------------------------------------+----------+-------------------+--------+------------------+---------+----------+----------------------+----------------------+--------------------|
| QMIX_grouped_rware_v2_rware-small-4ag-v2_74c9b_00000 | RUNNING  | 172.24.0.2:994514 |   1010 |          2133.54 | 3033000 |     0.01 |                    1 |                    0 |                500 |
+------------------------------------------------------+----------+-------------------+--------+------------------+---------+----------+----------------------+----------------------+--------------------+


== Status ==
Current time: 2026-05-22 23:18:21 (running for 00:36:16.68)
Memory usage on this node: 87.9/251.6 GiB
Using FIFO scheduling algorithm.
Resources requested: 7.0/8 CPUs, 1.0/1 GPUs, 0.0/17.54 GiB heap, 0.0/8.77 GiB objects (0.0/1.0 accelerator_type:G)
Result logdir: /workspace/MARLlib/runs/rware_mappo_gru_small_20m_tensorboard/qmix_gru_rware-small-4ag-v2
Number of trials: 1/1 (1 RUNNING)
+------------------------------------------------------+----------+-------------------+--------+------------------+---------+----------+----------------------+----------------------+--------------------+
| Trial name                                           | status   | loc               |   iter |   total time (s) |      ts |   reward |   episode_reward_max |   episode_reward_min |   episode_len_mean |
|------------------------------------------------------+----------+-------------------+--------+------------------+---------+----------+----------------------+----------------------+--------------------|
| QMIX_grouped_rware_v2_rware-small-4ag-v2_74c9b_00000 | RUNNING  | 172.24.0.2:994514 |   1013 |          2139.26 | 3042000 |        0 |                    0 |                    0 |                500 |
+------------------------------------------------------+----------+-------------------+--------+------------------+---------+----------+----------------------+----------------------+--------------------+


== Status ==
Current time: 2026-05-22 23:18:27 (running for 00:36:22.44)
Memory usage on this node: 88.0/251.6 GiB
Using FIFO scheduling algorithm.
Resources requested: 7.0/8 CPUs, 1.0/1 GPUs, 0.0/17.54 GiB heap, 0.0/8.77 GiB objects (0.0/1.0 accelerator_type:G)
Result logdir: /workspace/MARLlib/runs/rware_mappo_gru_small_20m_tensorboard/qmix_gru_rware-small-4ag-v2
Number of trials: 1/1 (1 RUNNING)
+------------------------------------------------------+----------+-------------------+--------+------------------+---------+----------+----------------------+----------------------+--------------------+
| Trial name                                           | status   | loc               |   iter |   total time (s) |      ts |   reward |   episode_reward_max |   episode_reward_min |   episode_len_mean |
|------------------------------------------------------+----------+-------------------+--------+------------------+---------+----------+----------------------+----------------------+--------------------|
| QMIX_grouped_rware_v2_rware-small-4ag-v2_74c9b_00000 | RUNNING  | 172.24.0.2:994514 |   1016 |          2144.94 | 3051000 |     0.01 |                    1 |                    0 |                500 |
+------------------------------------------------------+----------+-------------------+--------+------------------+---------+----------+----------------------+----------------------+--------------------+


== Status ==
Current time: 2026-05-22 23:18:33 (running for 00:36:28.28)
Memory usage on this node: 88.1/251.6 GiB
Using FIFO scheduling algorithm.
Resources requested: 7.0/8 CPUs, 1.0/1 GPUs, 0.0/17.54 GiB heap, 0.0/8.77 GiB objects (0.0/1.0 accelerator_type:G)
Result logdir: /workspace/MARLlib/runs/rware_mappo_gru_small_20m_tensorboard/qmix_gru_rware-small-4ag-v2
Number of trials: 1/1 (1 RUNNING)
+------------------------------------------------------+----------+-------------------+--------+------------------+---------+----------+----------------------+----------------------+--------------------+
| Trial name                                           | status   | loc               |   iter |   total time (s) |      ts |   reward |   episode_reward_max |   episode_reward_min |   episode_len_mean |
|------------------------------------------------------+----------+-------------------+--------+------------------+---------+----------+----------------------+----------------------+--------------------|
| QMIX_grouped_rware_v2_rware-small-4ag-v2_74c9b_00000 | RUNNING  | 172.24.0.2:994514 |   1019 |          2150.71 | 3060000 |     0.01 |                    1 |                    0 |                500 |
+------------------------------------------------------+----------+-------------------+--------+------------------+---------+----------+----------------------+----------------------+--------------------+


== Status ==
Current time: 2026-05-22 23:18:38 (running for 00:36:34.11)
Memory usage on this node: 88.2/251.6 GiB
Using FIFO scheduling algorithm.
Resources requested: 7.0/8 CPUs, 1.0/1 GPUs, 0.0/17.54 GiB heap, 0.0/8.77 GiB objects (0.0/1.0 accelerator_type:G)
Result logdir: /workspace/MARLlib/runs/rware_mappo_gru_small_20m_tensorboard/qmix_gru_rware-small-4ag-v2
Number of trials: 1/1 (1 RUNNING)
+------------------------------------------------------+----------+-------------------+--------+------------------+---------+----------+----------------------+----------------------+--------------------+
| Trial name                                           | status   | loc               |   iter |   total time (s) |      ts |   reward |   episode_reward_max |   episode_reward_min |   episode_len_mean |
|------------------------------------------------------+----------+-------------------+--------+------------------+---------+----------+----------------------+----------------------+--------------------|
| QMIX_grouped_rware_v2_rware-small-4ag-v2_74c9b_00000 | RUNNING  | 172.24.0.2:994514 |   1022 |          2156.46 | 3069000 |     0.01 |                    1 |                    0 |                500 |
+------------------------------------------------------+----------+-------------------+--------+------------------+---------+----------+----------------------+----------------------+--------------------+


== Status ==
Current time: 2026-05-22 23:18:44 (running for 00:36:39.91)
Memory usage on this node: 88.2/251.6 GiB
Using FIFO scheduling algorithm.
Resources requested: 7.0/8 CPUs, 1.0/1 GPUs, 0.0/17.54 GiB heap, 0.0/8.77 GiB objects (0.0/1.0 accelerator_type:G)
Result logdir: /workspace/MARLlib/runs/rware_mappo_gru_small_20m_tensorboard/qmix_gru_rware-small-4ag-v2
Number of trials: 1/1 (1 RUNNING)
+------------------------------------------------------+----------+-------------------+--------+------------------+---------+----------+----------------------+----------------------+--------------------+
| Trial name                                           | status   | loc               |   iter |   total time (s) |      ts |   reward |   episode_reward_max |   episode_reward_min |   episode_len_mean |
|------------------------------------------------------+----------+-------------------+--------+------------------+---------+----------+----------------------+----------------------+--------------------|
| QMIX_grouped_rware_v2_rware-small-4ag-v2_74c9b_00000 | RUNNING  | 172.24.0.2:994514 |   1025 |          2162.18 | 3078000 |     0.01 |                    1 |                    0 |                500 |
+------------------------------------------------------+----------+-------------------+--------+------------------+---------+----------+----------------------+----------------------+--------------------+


== Status ==
Current time: 2026-05-22 23:18:50 (running for 00:36:45.69)
Memory usage on this node: 88.3/251.6 GiB
Using FIFO scheduling algorithm.
Resources requested: 7.0/8 CPUs, 1.0/1 GPUs, 0.0/17.54 GiB heap, 0.0/8.77 GiB objects (0.0/1.0 accelerator_type:G)
Result logdir: /workspace/MARLlib/runs/rware_mappo_gru_small_20m_tensorboard/qmix_gru_rware-small-4ag-v2
Number of trials: 1/1 (1 RUNNING)
+------------------------------------------------------+----------+-------------------+--------+------------------+---------+----------+----------------------+----------------------+--------------------+
| Trial name                                           | status   | loc               |   iter |   total time (s) |      ts |   reward |   episode_reward_max |   episode_reward_min |   episode_len_mean |
|------------------------------------------------------+----------+-------------------+--------+------------------+---------+----------+----------------------+----------------------+--------------------|
| QMIX_grouped_rware_v2_rware-small-4ag-v2_74c9b_00000 | RUNNING  | 172.24.0.2:994514 |   1028 |          2167.87 | 3087000 |     0.01 |                    1 |                    0 |                500 |
+------------------------------------------------------+----------+-------------------+--------+------------------+---------+----------+----------------------+----------------------+--------------------+


== Status ==
Current time: 2026-05-22 23:18:56 (running for 00:36:51.50)
Memory usage on this node: 88.4/251.6 GiB
Using FIFO scheduling algorithm.
Resources requested: 7.0/8 CPUs, 1.0/1 GPUs, 0.0/17.54 GiB heap, 0.0/8.77 GiB objects (0.0/1.0 accelerator_type:G)
Result logdir: /workspace/MARLlib/runs/rware_mappo_gru_small_20m_tensorboard/qmix_gru_rware-small-4ag-v2
Number of trials: 1/1 (1 RUNNING)
+------------------------------------------------------+----------+-------------------+--------+------------------+---------+----------+----------------------+----------------------+--------------------+
| Trial name                                           | status   | loc               |   iter |   total time (s) |      ts |   reward |   episode_reward_max |   episode_reward_min |   episode_len_mean |
|------------------------------------------------------+----------+-------------------+--------+------------------+---------+----------+----------------------+----------------------+--------------------|
| QMIX_grouped_rware_v2_rware-small-4ag-v2_74c9b_00000 | RUNNING  | 172.24.0.2:994514 |   1031 |          2173.61 | 3096000 |     0.01 |                    1 |                    0 |                500 |
+------------------------------------------------------+----------+-------------------+--------+------------------+---------+----------+----------------------+----------------------+--------------------+


== Status ==
Current time: 2026-05-22 23:19:02 (running for 00:36:57.22)
Memory usage on this node: 88.4/251.6 GiB
Using FIFO scheduling algorithm.
Resources requested: 7.0/8 CPUs, 1.0/1 GPUs, 0.0/17.54 GiB heap, 0.0/8.77 GiB objects (0.0/1.0 accelerator_type:G)
Result logdir: /workspace/MARLlib/runs/rware_mappo_gru_small_20m_tensorboard/qmix_gru_rware-small-4ag-v2
Number of trials: 1/1 (1 RUNNING)
+------------------------------------------------------+----------+-------------------+--------+------------------+---------+----------+----------------------+----------------------+--------------------+
| Trial name                                           | status   | loc               |   iter |   total time (s) |      ts |   reward |   episode_reward_max |   episode_reward_min |   episode_len_mean |
|------------------------------------------------------+----------+-------------------+--------+------------------+---------+----------+----------------------+----------------------+--------------------|
| QMIX_grouped_rware_v2_rware-small-4ag-v2_74c9b_00000 | RUNNING  | 172.24.0.2:994514 |   1034 |          2179.26 | 3105000 |        0 |                    0 |                    0 |                500 |
+------------------------------------------------------+----------+-------------------+--------+------------------+---------+----------+----------------------+----------------------+--------------------+


== Status ==
Current time: 2026-05-22 23:19:07 (running for 00:37:03.07)
Memory usage on this node: 88.5/251.6 GiB
Using FIFO scheduling algorithm.
Resources requested: 7.0/8 CPUs, 1.0/1 GPUs, 0.0/17.54 GiB heap, 0.0/8.77 GiB objects (0.0/1.0 accelerator_type:G)
Result logdir: /workspace/MARLlib/runs/rware_mappo_gru_small_20m_tensorboard/qmix_gru_rware-small-4ag-v2
Number of trials: 1/1 (1 RUNNING)
+------------------------------------------------------+----------+-------------------+--------+------------------+---------+----------+----------------------+----------------------+--------------------+
| Trial name                                           | status   | loc               |   iter |   total time (s) |      ts |   reward |   episode_reward_max |   episode_reward_min |   episode_len_mean |
|------------------------------------------------------+----------+-------------------+--------+------------------+---------+----------+----------------------+----------------------+--------------------|
| QMIX_grouped_rware_v2_rware-small-4ag-v2_74c9b_00000 | RUNNING  | 172.24.0.2:994514 |   1037 |          2185.03 | 3114000 |        0 |                    0 |                    0 |                500 |
+------------------------------------------------------+----------+-------------------+--------+------------------+---------+----------+----------------------+----------------------+--------------------+


== Status ==
Current time: 2026-05-22 23:19:13 (running for 00:37:08.88)
Memory usage on this node: 88.6/251.6 GiB
Using FIFO scheduling algorithm.
Resources requested: 7.0/8 CPUs, 1.0/1 GPUs, 0.0/17.54 GiB heap, 0.0/8.77 GiB objects (0.0/1.0 accelerator_type:G)
Result logdir: /workspace/MARLlib/runs/rware_mappo_gru_small_20m_tensorboard/qmix_gru_rware-small-4ag-v2
Number of trials: 1/1 (1 RUNNING)
+------------------------------------------------------+----------+-------------------+--------+------------------+---------+----------+----------------------+----------------------+--------------------+
| Trial name                                           | status   | loc               |   iter |   total time (s) |      ts |   reward |   episode_reward_max |   episode_reward_min |   episode_len_mean |
|------------------------------------------------------+----------+-------------------+--------+------------------+---------+----------+----------------------+----------------------+--------------------|
| QMIX_grouped_rware_v2_rware-small-4ag-v2_74c9b_00000 | RUNNING  | 172.24.0.2:994514 |   1040 |          2190.77 | 3123000 |     0.01 |                    1 |                    0 |                500 |
+------------------------------------------------------+----------+-------------------+--------+------------------+---------+----------+----------------------+----------------------+--------------------+


== Status ==
Current time: 2026-05-22 23:19:19 (running for 00:37:14.60)
Memory usage on this node: 88.7/251.6 GiB
Using FIFO scheduling algorithm.
Resources requested: 7.0/8 CPUs, 1.0/1 GPUs, 0.0/17.54 GiB heap, 0.0/8.77 GiB objects (0.0/1.0 accelerator_type:G)
Result logdir: /workspace/MARLlib/runs/rware_mappo_gru_small_20m_tensorboard/qmix_gru_rware-small-4ag-v2
Number of trials: 1/1 (1 RUNNING)
+------------------------------------------------------+----------+-------------------+--------+------------------+---------+----------+----------------------+----------------------+--------------------+
| Trial name                                           | status   | loc               |   iter |   total time (s) |      ts |   reward |   episode_reward_max |   episode_reward_min |   episode_len_mean |
|------------------------------------------------------+----------+-------------------+--------+------------------+---------+----------+----------------------+----------------------+--------------------|
| QMIX_grouped_rware_v2_rware-small-4ag-v2_74c9b_00000 | RUNNING  | 172.24.0.2:994514 |   1043 |          2196.41 | 3132000 |     0.01 |                    1 |                    0 |                500 |
+------------------------------------------------------+----------+-------------------+--------+------------------+---------+----------+----------------------+----------------------+--------------------+


== Status ==
Current time: 2026-05-22 23:19:25 (running for 00:37:20.38)
Memory usage on this node: 88.7/251.6 GiB
Using FIFO scheduling algorithm.
Resources requested: 7.0/8 CPUs, 1.0/1 GPUs, 0.0/17.54 GiB heap, 0.0/8.77 GiB objects (0.0/1.0 accelerator_type:G)
Result logdir: /workspace/MARLlib/runs/rware_mappo_gru_small_20m_tensorboard/qmix_gru_rware-small-4ag-v2
Number of trials: 1/1 (1 RUNNING)
+------------------------------------------------------+----------+-------------------+--------+------------------+---------+----------+----------------------+----------------------+--------------------+
| Trial name                                           | status   | loc               |   iter |   total time (s) |      ts |   reward |   episode_reward_max |   episode_reward_min |   episode_len_mean |
|------------------------------------------------------+----------+-------------------+--------+------------------+---------+----------+----------------------+----------------------+--------------------|
| QMIX_grouped_rware_v2_rware-small-4ag-v2_74c9b_00000 | RUNNING  | 172.24.0.2:994514 |   1046 |          2202.11 | 3141000 |     0.02 |                    1 |                    0 |                500 |
+------------------------------------------------------+----------+-------------------+--------+------------------+---------+----------+----------------------+----------------------+--------------------+


== Status ==
Current time: 2026-05-22 23:19:30 (running for 00:37:26.13)
Memory usage on this node: 88.8/251.6 GiB
Using FIFO scheduling algorithm.
Resources requested: 7.0/8 CPUs, 1.0/1 GPUs, 0.0/17.54 GiB heap, 0.0/8.77 GiB objects (0.0/1.0 accelerator_type:G)
Result logdir: /workspace/MARLlib/runs/rware_mappo_gru_small_20m_tensorboard/qmix_gru_rware-small-4ag-v2
Number of trials: 1/1 (1 RUNNING)
+------------------------------------------------------+----------+-------------------+--------+------------------+---------+----------+----------------------+----------------------+--------------------+
| Trial name                                           | status   | loc               |   iter |   total time (s) |      ts |   reward |   episode_reward_max |   episode_reward_min |   episode_len_mean |
|------------------------------------------------------+----------+-------------------+--------+------------------+---------+----------+----------------------+----------------------+--------------------|
| QMIX_grouped_rware_v2_rware-small-4ag-v2_74c9b_00000 | RUNNING  | 172.24.0.2:994514 |   1049 |          2207.79 | 3150000 |     0.02 |                    1 |                    0 |                500 |
+------------------------------------------------------+----------+-------------------+--------+------------------+---------+----------+----------------------+----------------------+--------------------+


== Status ==
Current time: 2026-05-22 23:19:35 (running for 00:37:31.14)
Memory usage on this node: 88.8/251.6 GiB
Using FIFO scheduling algorithm.
Resources requested: 7.0/8 CPUs, 1.0/1 GPUs, 0.0/17.54 GiB heap, 0.0/8.77 GiB objects (0.0/1.0 accelerator_type:G)
Result logdir: /workspace/MARLlib/runs/rware_mappo_gru_small_20m_tensorboard/qmix_gru_rware-small-4ag-v2
Number of trials: 1/1 (1 RUNNING)
+------------------------------------------------------+----------+-------------------+--------+------------------+---------+----------+----------------------+----------------------+--------------------+
| Trial name                                           | status   | loc               |   iter |   total time (s) |      ts |   reward |   episode_reward_max |   episode_reward_min |   episode_len_mean |
|------------------------------------------------------+----------+-------------------+--------+------------------+---------+----------+----------------------+----------------------+--------------------|
| QMIX_grouped_rware_v2_rware-small-4ag-v2_74c9b_00000 | RUNNING  | 172.24.0.2:994514 |   1049 |          2207.79 | 3150000 |     0.02 |                    1 |                    0 |                500 |
+------------------------------------------------------+----------+-------------------+--------+------------------+---------+----------+----------------------+----------------------+--------------------+


== Status ==
Current time: 2026-05-22 23:19:40 (running for 00:37:36.14)
Memory usage on this node: 88.8/251.6 GiB
Using FIFO scheduling algorithm.
Resources requested: 7.0/8 CPUs, 1.0/1 GPUs, 0.0/17.54 GiB heap, 0.0/8.77 GiB objects (0.0/1.0 accelerator_type:G)
Result logdir: /workspace/MARLlib/runs/rware_mappo_gru_small_20m_tensorboard/qmix_gru_rware-small-4ag-v2
Number of trials: 1/1 (1 RUNNING)
+------------------------------------------------------+----------+-------------------+--------+------------------+---------+----------+----------------------+----------------------+--------------------+
| Trial name                                           | status   | loc               |   iter |   total time (s) |      ts |   reward |   episode_reward_max |   episode_reward_min |   episode_len_mean |
|------------------------------------------------------+----------+-------------------+--------+------------------+---------+----------+----------------------+----------------------+--------------------|
| QMIX_grouped_rware_v2_rware-small-4ag-v2_74c9b_00000 | RUNNING  | 172.24.0.2:994514 |   1049 |          2207.79 | 3150000 |     0.02 |                    1 |                    0 |                500 |
+------------------------------------------------------+----------+-------------------+--------+------------------+---------+----------+----------------------+----------------------+--------------------+


== Status ==
Current time: 2026-05-22 23:19:46 (running for 00:37:41.24)
Memory usage on this node: 88.8/251.6 GiB
Using FIFO scheduling algorithm.
Resources requested: 7.0/8 CPUs, 1.0/1 GPUs, 0.0/17.54 GiB heap, 0.0/8.77 GiB objects (0.0/1.0 accelerator_type:G)
Result logdir: /workspace/MARLlib/runs/rware_mappo_gru_small_20m_tensorboard/qmix_gru_rware-small-4ag-v2
Number of trials: 1/1 (1 RUNNING)
+------------------------------------------------------+----------+-------------------+--------+------------------+---------+----------+----------------------+----------------------+--------------------+
| Trial name                                           | status   | loc               |   iter |   total time (s) |      ts |   reward |   episode_reward_max |   episode_reward_min |   episode_len_mean |
|------------------------------------------------------+----------+-------------------+--------+------------------+---------+----------+----------------------+----------------------+--------------------|
| QMIX_grouped_rware_v2_rware-small-4ag-v2_74c9b_00000 | RUNNING  | 172.24.0.2:994514 |   1052 |          2222.81 | 3159000 |     0.02 |                    1 |                    0 |                500 |
+------------------------------------------------------+----------+-------------------+--------+------------------+---------+----------+----------------------+----------------------+--------------------+


== Status ==
Current time: 2026-05-22 23:19:51 (running for 00:37:47.00)
Memory usage on this node: 88.9/251.6 GiB
Using FIFO scheduling algorithm.
Resources requested: 7.0/8 CPUs, 1.0/1 GPUs, 0.0/17.54 GiB heap, 0.0/8.77 GiB objects (0.0/1.0 accelerator_type:G)
Result logdir: /workspace/MARLlib/runs/rware_mappo_gru_small_20m_tensorboard/qmix_gru_rware-small-4ag-v2
Number of trials: 1/1 (1 RUNNING)
+------------------------------------------------------+----------+-------------------+--------+------------------+---------+----------+----------------------+----------------------+--------------------+
| Trial name                                           | status   | loc               |   iter |   total time (s) |      ts |   reward |   episode_reward_max |   episode_reward_min |   episode_len_mean |
|------------------------------------------------------+----------+-------------------+--------+------------------+---------+----------+----------------------+----------------------+--------------------|
| QMIX_grouped_rware_v2_rware-small-4ag-v2_74c9b_00000 | RUNNING  | 172.24.0.2:994514 |   1055 |          2228.51 | 3168000 |     0.03 |                    1 |                    0 |                500 |
+------------------------------------------------------+----------+-------------------+--------+------------------+---------+----------+----------------------+----------------------+--------------------+


== Status ==
Current time: 2026-05-22 23:19:57 (running for 00:37:52.85)
Memory usage on this node: 89.0/251.6 GiB
Using FIFO scheduling algorithm.
Resources requested: 7.0/8 CPUs, 1.0/1 GPUs, 0.0/17.54 GiB heap, 0.0/8.77 GiB objects (0.0/1.0 accelerator_type:G)
Result logdir: /workspace/MARLlib/runs/rware_mappo_gru_small_20m_tensorboard/qmix_gru_rware-small-4ag-v2
Number of trials: 1/1 (1 RUNNING)
+------------------------------------------------------+----------+-------------------+--------+------------------+---------+----------+----------------------+----------------------+--------------------+
| Trial name                                           | status   | loc               |   iter |   total time (s) |      ts |   reward |   episode_reward_max |   episode_reward_min |   episode_len_mean |
|------------------------------------------------------+----------+-------------------+--------+------------------+---------+----------+----------------------+----------------------+--------------------|
| QMIX_grouped_rware_v2_rware-small-4ag-v2_74c9b_00000 | RUNNING  | 172.24.0.2:994514 |   1058 |          2234.27 | 3177000 |     0.02 |                    1 |                    0 |                500 |
+------------------------------------------------------+----------+-------------------+--------+------------------+---------+----------+----------------------+----------------------+--------------------+


== Status ==
Current time: 2026-05-22 23:20:03 (running for 00:37:58.61)
Memory usage on this node: 89.1/251.6 GiB
Using FIFO scheduling algorithm.
Resources requested: 7.0/8 CPUs, 1.0/1 GPUs, 0.0/17.54 GiB heap, 0.0/8.77 GiB objects (0.0/1.0 accelerator_type:G)
Result logdir: /workspace/MARLlib/runs/rware_mappo_gru_small_20m_tensorboard/qmix_gru_rware-small-4ag-v2
Number of trials: 1/1 (1 RUNNING)
+------------------------------------------------------+----------+-------------------+--------+------------------+---------+----------+----------------------+----------------------+--------------------+
| Trial name                                           | status   | loc               |   iter |   total time (s) |      ts |   reward |   episode_reward_max |   episode_reward_min |   episode_len_mean |
|------------------------------------------------------+----------+-------------------+--------+------------------+---------+----------+----------------------+----------------------+--------------------|
| QMIX_grouped_rware_v2_rware-small-4ag-v2_74c9b_00000 | RUNNING  | 172.24.0.2:994514 |   1061 |          2239.96 | 3186000 |     0.01 |                    1 |                    0 |                500 |
+------------------------------------------------------+----------+-------------------+--------+------------------+---------+----------+----------------------+----------------------+--------------------+


== Status ==
Current time: 2026-05-22 23:20:09 (running for 00:38:04.41)
Memory usage on this node: 89.2/251.6 GiB
Using FIFO scheduling algorithm.
Resources requested: 7.0/8 CPUs, 1.0/1 GPUs, 0.0/17.54 GiB heap, 0.0/8.77 GiB objects (0.0/1.0 accelerator_type:G)
Result logdir: /workspace/MARLlib/runs/rware_mappo_gru_small_20m_tensorboard/qmix_gru_rware-small-4ag-v2
Number of trials: 1/1 (1 RUNNING)
+------------------------------------------------------+----------+-------------------+--------+------------------+---------+----------+----------------------+----------------------+--------------------+
| Trial name                                           | status   | loc               |   iter |   total time (s) |      ts |   reward |   episode_reward_max |   episode_reward_min |   episode_len_mean |
|------------------------------------------------------+----------+-------------------+--------+------------------+---------+----------+----------------------+----------------------+--------------------|
| QMIX_grouped_rware_v2_rware-small-4ag-v2_74c9b_00000 | RUNNING  | 172.24.0.2:994514 |   1064 |          2245.68 | 3195000 |     0.02 |                    1 |                    0 |                500 |
+------------------------------------------------------+----------+-------------------+--------+------------------+---------+----------+----------------------+----------------------+--------------------+


== Status ==
Current time: 2026-05-22 23:20:15 (running for 00:38:10.21)
Memory usage on this node: 89.3/251.6 GiB
Using FIFO scheduling algorithm.
Resources requested: 7.0/8 CPUs, 1.0/1 GPUs, 0.0/17.54 GiB heap, 0.0/8.77 GiB objects (0.0/1.0 accelerator_type:G)
Result logdir: /workspace/MARLlib/runs/rware_mappo_gru_small_20m_tensorboard/qmix_gru_rware-small-4ag-v2
Number of trials: 1/1 (1 RUNNING)
+------------------------------------------------------+----------+-------------------+--------+------------------+---------+----------+----------------------+----------------------+--------------------+
| Trial name                                           | status   | loc               |   iter |   total time (s) |      ts |   reward |   episode_reward_max |   episode_reward_min |   episode_len_mean |
|------------------------------------------------------+----------+-------------------+--------+------------------+---------+----------+----------------------+----------------------+--------------------|
| QMIX_grouped_rware_v2_rware-small-4ag-v2_74c9b_00000 | RUNNING  | 172.24.0.2:994514 |   1067 |          2251.39 | 3204000 |     0.02 |                    1 |                    0 |                500 |
+------------------------------------------------------+----------+-------------------+--------+------------------+---------+----------+----------------------+----------------------+--------------------+


== Status ==
Current time: 2026-05-22 23:20:20 (running for 00:38:15.93)
Memory usage on this node: 89.3/251.6 GiB
Using FIFO scheduling algorithm.
Resources requested: 7.0/8 CPUs, 1.0/1 GPUs, 0.0/17.54 GiB heap, 0.0/8.77 GiB objects (0.0/1.0 accelerator_type:G)
Result logdir: /workspace/MARLlib/runs/rware_mappo_gru_small_20m_tensorboard/qmix_gru_rware-small-4ag-v2
Number of trials: 1/1 (1 RUNNING)
+------------------------------------------------------+----------+-------------------+--------+------------------+---------+----------+----------------------+----------------------+--------------------+
| Trial name                                           | status   | loc               |   iter |   total time (s) |      ts |   reward |   episode_reward_max |   episode_reward_min |   episode_len_mean |
|------------------------------------------------------+----------+-------------------+--------+------------------+---------+----------+----------------------+----------------------+--------------------|
| QMIX_grouped_rware_v2_rware-small-4ag-v2_74c9b_00000 | RUNNING  | 172.24.0.2:994514 |   1070 |          2257.04 | 3213000 |     0.03 |                    1 |                    0 |                500 |
+------------------------------------------------------+----------+-------------------+--------+------------------+---------+----------+----------------------+----------------------+--------------------+


== Status ==
Current time: 2026-05-22 23:20:26 (running for 00:38:21.73)
Memory usage on this node: 89.4/251.6 GiB
Using FIFO scheduling algorithm.
Resources requested: 7.0/8 CPUs, 1.0/1 GPUs, 0.0/17.54 GiB heap, 0.0/8.77 GiB objects (0.0/1.0 accelerator_type:G)
Result logdir: /workspace/MARLlib/runs/rware_mappo_gru_small_20m_tensorboard/qmix_gru_rware-small-4ag-v2
Number of trials: 1/1 (1 RUNNING)
+------------------------------------------------------+----------+-------------------+--------+------------------+---------+----------+----------------------+----------------------+--------------------+
| Trial name                                           | status   | loc               |   iter |   total time (s) |      ts |   reward |   episode_reward_max |   episode_reward_min |   episode_len_mean |
|------------------------------------------------------+----------+-------------------+--------+------------------+---------+----------+----------------------+----------------------+--------------------|
| QMIX_grouped_rware_v2_rware-small-4ag-v2_74c9b_00000 | RUNNING  | 172.24.0.2:994514 |   1073 |          2262.76 | 3222000 |     0.02 |                    1 |                    0 |                500 |
+------------------------------------------------------+----------+-------------------+--------+------------------+---------+----------+----------------------+----------------------+--------------------+


== Status ==
Current time: 2026-05-22 23:20:32 (running for 00:38:27.53)
Memory usage on this node: 89.4/251.6 GiB
Using FIFO scheduling algorithm.
Resources requested: 7.0/8 CPUs, 1.0/1 GPUs, 0.0/17.54 GiB heap, 0.0/8.77 GiB objects (0.0/1.0 accelerator_type:G)
Result logdir: /workspace/MARLlib/runs/rware_mappo_gru_small_20m_tensorboard/qmix_gru_rware-small-4ag-v2
Number of trials: 1/1 (1 RUNNING)
+------------------------------------------------------+----------+-------------------+--------+------------------+---------+----------+----------------------+----------------------+--------------------+
| Trial name                                           | status   | loc               |   iter |   total time (s) |      ts |   reward |   episode_reward_max |   episode_reward_min |   episode_len_mean |
|------------------------------------------------------+----------+-------------------+--------+------------------+---------+----------+----------------------+----------------------+--------------------|
| QMIX_grouped_rware_v2_rware-small-4ag-v2_74c9b_00000 | RUNNING  | 172.24.0.2:994514 |   1076 |          2268.48 | 3231000 |     0.02 |                    1 |                    0 |                500 |
+------------------------------------------------------+----------+-------------------+--------+------------------+---------+----------+----------------------+----------------------+--------------------+


== Status ==
Current time: 2026-05-22 23:20:38 (running for 00:38:33.43)
Memory usage on this node: 89.5/251.6 GiB
Using FIFO scheduling algorithm.
Resources requested: 7.0/8 CPUs, 1.0/1 GPUs, 0.0/17.54 GiB heap, 0.0/8.77 GiB objects (0.0/1.0 accelerator_type:G)
Result logdir: /workspace/MARLlib/runs/rware_mappo_gru_small_20m_tensorboard/qmix_gru_rware-small-4ag-v2
Number of trials: 1/1 (1 RUNNING)
+------------------------------------------------------+----------+-------------------+--------+------------------+---------+----------+----------------------+----------------------+--------------------+
| Trial name                                           | status   | loc               |   iter |   total time (s) |      ts |   reward |   episode_reward_max |   episode_reward_min |   episode_len_mean |
|------------------------------------------------------+----------+-------------------+--------+------------------+---------+----------+----------------------+----------------------+--------------------|
| QMIX_grouped_rware_v2_rware-small-4ag-v2_74c9b_00000 | RUNNING  | 172.24.0.2:994514 |   1079 |           2274.3 | 3240000 |     0.02 |                    1 |                    0 |                500 |
+------------------------------------------------------+----------+-------------------+--------+------------------+---------+----------+----------------------+----------------------+--------------------+


== Status ==
Current time: 2026-05-22 23:20:44 (running for 00:38:39.25)
Memory usage on this node: 89.6/251.6 GiB
Using FIFO scheduling algorithm.
Resources requested: 7.0/8 CPUs, 1.0/1 GPUs, 0.0/17.54 GiB heap, 0.0/8.77 GiB objects (0.0/1.0 accelerator_type:G)
Result logdir: /workspace/MARLlib/runs/rware_mappo_gru_small_20m_tensorboard/qmix_gru_rware-small-4ag-v2
Number of trials: 1/1 (1 RUNNING)
+------------------------------------------------------+----------+-------------------+--------+------------------+---------+----------+----------------------+----------------------+--------------------+
| Trial name                                           | status   | loc               |   iter |   total time (s) |      ts |   reward |   episode_reward_max |   episode_reward_min |   episode_len_mean |
|------------------------------------------------------+----------+-------------------+--------+------------------+---------+----------+----------------------+----------------------+--------------------|
| QMIX_grouped_rware_v2_rware-small-4ag-v2_74c9b_00000 | RUNNING  | 172.24.0.2:994514 |   1082 |          2280.04 | 3249000 |     0.03 |                    1 |                    0 |                500 |
+------------------------------------------------------+----------+-------------------+--------+------------------+---------+----------+----------------------+----------------------+--------------------+


== Status ==
Current time: 2026-05-22 23:20:49 (running for 00:38:45.00)
Memory usage on this node: 89.7/251.6 GiB
Using FIFO scheduling algorithm.
Resources requested: 7.0/8 CPUs, 1.0/1 GPUs, 0.0/17.54 GiB heap, 0.0/8.77 GiB objects (0.0/1.0 accelerator_type:G)
Result logdir: /workspace/MARLlib/runs/rware_mappo_gru_small_20m_tensorboard/qmix_gru_rware-small-4ag-v2
Number of trials: 1/1 (1 RUNNING)
+------------------------------------------------------+----------+-------------------+--------+------------------+---------+----------+----------------------+----------------------+--------------------+
| Trial name                                           | status   | loc               |   iter |   total time (s) |      ts |   reward |   episode_reward_max |   episode_reward_min |   episode_len_mean |
|------------------------------------------------------+----------+-------------------+--------+------------------+---------+----------+----------------------+----------------------+--------------------|
| QMIX_grouped_rware_v2_rware-small-4ag-v2_74c9b_00000 | RUNNING  | 172.24.0.2:994514 |   1085 |          2285.74 | 3258000 |     0.03 |                    1 |                    0 |                500 |
+------------------------------------------------------+----------+-------------------+--------+------------------+---------+----------+----------------------+----------------------+--------------------+


== Status ==
Current time: 2026-05-22 23:20:55 (running for 00:38:50.69)
Memory usage on this node: 89.8/251.6 GiB
Using FIFO scheduling algorithm.
Resources requested: 7.0/8 CPUs, 1.0/1 GPUs, 0.0/17.54 GiB heap, 0.0/8.77 GiB objects (0.0/1.0 accelerator_type:G)
Result logdir: /workspace/MARLlib/runs/rware_mappo_gru_small_20m_tensorboard/qmix_gru_rware-small-4ag-v2
Number of trials: 1/1 (1 RUNNING)
+------------------------------------------------------+----------+-------------------+--------+------------------+---------+----------+----------------------+----------------------+--------------------+
| Trial name                                           | status   | loc               |   iter |   total time (s) |      ts |   reward |   episode_reward_max |   episode_reward_min |   episode_len_mean |
|------------------------------------------------------+----------+-------------------+--------+------------------+---------+----------+----------------------+----------------------+--------------------|
| QMIX_grouped_rware_v2_rware-small-4ag-v2_74c9b_00000 | RUNNING  | 172.24.0.2:994514 |   1088 |          2291.36 | 3267000 |     0.02 |                    1 |                    0 |                500 |
+------------------------------------------------------+----------+-------------------+--------+------------------+---------+----------+----------------------+----------------------+--------------------+


== Status ==
Current time: 2026-05-22 23:21:01 (running for 00:38:56.53)
Memory usage on this node: 89.8/251.6 GiB
Using FIFO scheduling algorithm.
Resources requested: 7.0/8 CPUs, 1.0/1 GPUs, 0.0/17.54 GiB heap, 0.0/8.77 GiB objects (0.0/1.0 accelerator_type:G)
Result logdir: /workspace/MARLlib/runs/rware_mappo_gru_small_20m_tensorboard/qmix_gru_rware-small-4ag-v2
Number of trials: 1/1 (1 RUNNING)
+------------------------------------------------------+----------+-------------------+--------+------------------+---------+----------+----------------------+----------------------+--------------------+
| Trial name                                           | status   | loc               |   iter |   total time (s) |      ts |   reward |   episode_reward_max |   episode_reward_min |   episode_len_mean |
|------------------------------------------------------+----------+-------------------+--------+------------------+---------+----------+----------------------+----------------------+--------------------|
| QMIX_grouped_rware_v2_rware-small-4ag-v2_74c9b_00000 | RUNNING  | 172.24.0.2:994514 |   1091 |          2297.11 | 3276000 |     0.03 |                    1 |                    0 |                500 |
+------------------------------------------------------+----------+-------------------+--------+------------------+---------+----------+----------------------+----------------------+--------------------+


== Status ==
Current time: 2026-05-22 23:21:07 (running for 00:39:02.33)
Memory usage on this node: 89.9/251.6 GiB
Using FIFO scheduling algorithm.
Resources requested: 7.0/8 CPUs, 1.0/1 GPUs, 0.0/17.54 GiB heap, 0.0/8.77 GiB objects (0.0/1.0 accelerator_type:G)
Result logdir: /workspace/MARLlib/runs/rware_mappo_gru_small_20m_tensorboard/qmix_gru_rware-small-4ag-v2
Number of trials: 1/1 (1 RUNNING)
+------------------------------------------------------+----------+-------------------+--------+------------------+---------+----------+----------------------+----------------------+--------------------+
| Trial name                                           | status   | loc               |   iter |   total time (s) |      ts |   reward |   episode_reward_max |   episode_reward_min |   episode_len_mean |
|------------------------------------------------------+----------+-------------------+--------+------------------+---------+----------+----------------------+----------------------+--------------------|
| QMIX_grouped_rware_v2_rware-small-4ag-v2_74c9b_00000 | RUNNING  | 172.24.0.2:994514 |   1094 |          2302.84 | 3285000 |     0.03 |                    1 |                    0 |                500 |
+------------------------------------------------------+----------+-------------------+--------+------------------+---------+----------+----------------------+----------------------+--------------------+


== Status ==
Current time: 2026-05-22 23:21:12 (running for 00:39:08.14)
Memory usage on this node: 89.9/251.6 GiB
Using FIFO scheduling algorithm.
Resources requested: 7.0/8 CPUs, 1.0/1 GPUs, 0.0/17.54 GiB heap, 0.0/8.77 GiB objects (0.0/1.0 accelerator_type:G)
Result logdir: /workspace/MARLlib/runs/rware_mappo_gru_small_20m_tensorboard/qmix_gru_rware-small-4ag-v2
Number of trials: 1/1 (1 RUNNING)
+------------------------------------------------------+----------+-------------------+--------+------------------+---------+----------+----------------------+----------------------+--------------------+
| Trial name                                           | status   | loc               |   iter |   total time (s) |      ts |   reward |   episode_reward_max |   episode_reward_min |   episode_len_mean |
|------------------------------------------------------+----------+-------------------+--------+------------------+---------+----------+----------------------+----------------------+--------------------|
| QMIX_grouped_rware_v2_rware-small-4ag-v2_74c9b_00000 | RUNNING  | 172.24.0.2:994514 |   1097 |          2308.57 | 3294000 |     0.01 |                    1 |                    0 |                500 |
+------------------------------------------------------+----------+-------------------+--------+------------------+---------+----------+----------------------+----------------------+--------------------+


== Status ==
Current time: 2026-05-22 23:21:18 (running for 00:39:13.99)
Memory usage on this node: 90.0/251.6 GiB
Using FIFO scheduling algorithm.
Resources requested: 7.0/8 CPUs, 1.0/1 GPUs, 0.0/17.54 GiB heap, 0.0/8.77 GiB objects (0.0/1.0 accelerator_type:G)
Result logdir: /workspace/MARLlib/runs/rware_mappo_gru_small_20m_tensorboard/qmix_gru_rware-small-4ag-v2
Number of trials: 1/1 (1 RUNNING)
+------------------------------------------------------+----------+-------------------+--------+------------------+---------+----------+----------------------+----------------------+--------------------+
| Trial name                                           | status   | loc               |   iter |   total time (s) |      ts |   reward |   episode_reward_max |   episode_reward_min |   episode_len_mean |
|------------------------------------------------------+----------+-------------------+--------+------------------+---------+----------+----------------------+----------------------+--------------------|
| QMIX_grouped_rware_v2_rware-small-4ag-v2_74c9b_00000 | RUNNING  | 172.24.0.2:994514 |   1099 |          2312.37 | 3300000 |     0.01 |                    1 |                    0 |                500 |
+------------------------------------------------------+----------+-------------------+--------+------------------+---------+----------+----------------------+----------------------+--------------------+


== Status ==
Current time: 2026-05-22 23:21:23 (running for 00:39:19.00)
Memory usage on this node: 90.0/251.6 GiB
Using FIFO scheduling algorithm.
Resources requested: 7.0/8 CPUs, 1.0/1 GPUs, 0.0/17.54 GiB heap, 0.0/8.77 GiB objects (0.0/1.0 accelerator_type:G)
Result logdir: /workspace/MARLlib/runs/rware_mappo_gru_small_20m_tensorboard/qmix_gru_rware-small-4ag-v2
Number of trials: 1/1 (1 RUNNING)
+------------------------------------------------------+----------+-------------------+--------+------------------+---------+----------+----------------------+----------------------+--------------------+
| Trial name                                           | status   | loc               |   iter |   total time (s) |      ts |   reward |   episode_reward_max |   episode_reward_min |   episode_len_mean |
|------------------------------------------------------+----------+-------------------+--------+------------------+---------+----------+----------------------+----------------------+--------------------|
| QMIX_grouped_rware_v2_rware-small-4ag-v2_74c9b_00000 | RUNNING  | 172.24.0.2:994514 |   1099 |          2312.37 | 3300000 |     0.01 |                    1 |                    0 |                500 |
+------------------------------------------------------+----------+-------------------+--------+------------------+---------+----------+----------------------+----------------------+--------------------+


== Status ==
Current time: 2026-05-22 23:21:29 (running for 00:39:24.39)
Memory usage on this node: 90.0/251.6 GiB
Using FIFO scheduling algorithm.
Resources requested: 7.0/8 CPUs, 1.0/1 GPUs, 0.0/17.54 GiB heap, 0.0/8.77 GiB objects (0.0/1.0 accelerator_type:G)
Result logdir: /workspace/MARLlib/runs/rware_mappo_gru_small_20m_tensorboard/qmix_gru_rware-small-4ag-v2
Number of trials: 1/1 (1 RUNNING)
+------------------------------------------------------+----------+-------------------+--------+------------------+---------+----------+----------------------+----------------------+--------------------+
| Trial name                                           | status   | loc               |   iter |   total time (s) |      ts |   reward |   episode_reward_max |   episode_reward_min |   episode_len_mean |
|------------------------------------------------------+----------+-------------------+--------+------------------+---------+----------+----------------------+----------------------+--------------------|
| QMIX_grouped_rware_v2_rware-small-4ag-v2_74c9b_00000 | RUNNING  | 172.24.0.2:994514 |   1101 |           2325.7 | 3306000 |     0.01 |                    1 |                    0 |                500 |
+------------------------------------------------------+----------+-------------------+--------+------------------+---------+----------+----------------------+----------------------+--------------------+


== Status ==
Current time: 2026-05-22 23:21:35 (running for 00:39:30.32)
Memory usage on this node: 90.1/251.6 GiB
Using FIFO scheduling algorithm.
Resources requested: 7.0/8 CPUs, 1.0/1 GPUs, 0.0/17.54 GiB heap, 0.0/8.77 GiB objects (0.0/1.0 accelerator_type:G)
Result logdir: /workspace/MARLlib/runs/rware_mappo_gru_small_20m_tensorboard/qmix_gru_rware-small-4ag-v2
Number of trials: 1/1 (1 RUNNING)
+------------------------------------------------------+----------+-------------------+--------+------------------+---------+----------+----------------------+----------------------+--------------------+
| Trial name                                           | status   | loc               |   iter |   total time (s) |      ts |   reward |   episode_reward_max |   episode_reward_min |   episode_len_mean |
|------------------------------------------------------+----------+-------------------+--------+------------------+---------+----------+----------------------+----------------------+--------------------|
| QMIX_grouped_rware_v2_rware-small-4ag-v2_74c9b_00000 | RUNNING  | 172.24.0.2:994514 |   1104 |          2331.55 | 3315000 |     0.01 |                    1 |                    0 |                500 |
+------------------------------------------------------+----------+-------------------+--------+------------------+---------+----------+----------------------+----------------------+--------------------+


== Status ==
Current time: 2026-05-22 23:21:40 (running for 00:39:36.11)
Memory usage on this node: 90.2/251.6 GiB
Using FIFO scheduling algorithm.
Resources requested: 7.0/8 CPUs, 1.0/1 GPUs, 0.0/17.54 GiB heap, 0.0/8.77 GiB objects (0.0/1.0 accelerator_type:G)
Result logdir: /workspace/MARLlib/runs/rware_mappo_gru_small_20m_tensorboard/qmix_gru_rware-small-4ag-v2
Number of trials: 1/1 (1 RUNNING)
+------------------------------------------------------+----------+-------------------+--------+------------------+---------+----------+----------------------+----------------------+--------------------+
| Trial name                                           | status   | loc               |   iter |   total time (s) |      ts |   reward |   episode_reward_max |   episode_reward_min |   episode_len_mean |
|------------------------------------------------------+----------+-------------------+--------+------------------+---------+----------+----------------------+----------------------+--------------------|
| QMIX_grouped_rware_v2_rware-small-4ag-v2_74c9b_00000 | RUNNING  | 172.24.0.2:994514 |   1107 |          2337.26 | 3324000 |     0.01 |                    1 |                    0 |                500 |
+------------------------------------------------------+----------+-------------------+--------+------------------+---------+----------+----------------------+----------------------+--------------------+


== Status ==
Current time: 2026-05-22 23:21:46 (running for 00:39:41.87)
Memory usage on this node: 90.3/251.6 GiB
Using FIFO scheduling algorithm.
Resources requested: 7.0/8 CPUs, 1.0/1 GPUs, 0.0/17.54 GiB heap, 0.0/8.77 GiB objects (0.0/1.0 accelerator_type:G)
Result logdir: /workspace/MARLlib/runs/rware_mappo_gru_small_20m_tensorboard/qmix_gru_rware-small-4ag-v2
Number of trials: 1/1 (1 RUNNING)
+------------------------------------------------------+----------+-------------------+--------+------------------+---------+----------+----------------------+----------------------+--------------------+
| Trial name                                           | status   | loc               |   iter |   total time (s) |      ts |   reward |   episode_reward_max |   episode_reward_min |   episode_len_mean |
|------------------------------------------------------+----------+-------------------+--------+------------------+---------+----------+----------------------+----------------------+--------------------|
| QMIX_grouped_rware_v2_rware-small-4ag-v2_74c9b_00000 | RUNNING  | 172.24.0.2:994514 |   1110 |          2342.96 | 3333000 |     0.01 |                    1 |                    0 |                500 |
+------------------------------------------------------+----------+-------------------+--------+------------------+---------+----------+----------------------+----------------------+--------------------+


== Status ==
Current time: 2026-05-22 23:21:52 (running for 00:39:47.64)
Memory usage on this node: 90.4/251.6 GiB
Using FIFO scheduling algorithm.
Resources requested: 7.0/8 CPUs, 1.0/1 GPUs, 0.0/17.54 GiB heap, 0.0/8.77 GiB objects (0.0/1.0 accelerator_type:G)
Result logdir: /workspace/MARLlib/runs/rware_mappo_gru_small_20m_tensorboard/qmix_gru_rware-small-4ag-v2
Number of trials: 1/1 (1 RUNNING)
+------------------------------------------------------+----------+-------------------+--------+------------------+---------+----------+----------------------+----------------------+--------------------+
| Trial name                                           | status   | loc               |   iter |   total time (s) |      ts |   reward |   episode_reward_max |   episode_reward_min |   episode_len_mean |
|------------------------------------------------------+----------+-------------------+--------+------------------+---------+----------+----------------------+----------------------+--------------------|
| QMIX_grouped_rware_v2_rware-small-4ag-v2_74c9b_00000 | RUNNING  | 172.24.0.2:994514 |   1113 |          2348.64 | 3342000 |     0.01 |                    1 |                    0 |                500 |
+------------------------------------------------------+----------+-------------------+--------+------------------+---------+----------+----------------------+----------------------+--------------------+


[2m[36m(pid=994514)[0m 2026-05-22 22:42:07,728	WARNING deprecation.py:38 -- DeprecationWarning: `simple_optimizer` has been deprecated. This will raise an error in the future!
[2m[36m(pid=994514)[0m 2026-05-22 22:42:07,728	INFO dqn.py:142 -- In multi-agent mode, policies will be optimized sequentially by the multi-GPU optimizer. Consider setting simple_optimizer=True if this doesn't work for you.
[2m[36m(pid=994514)[0m 2026-05-22 22:42:07,728	INFO trainer.py:770 -- Current log_level is WARN. For more information, set 'log_level': 'INFO' / 'DEBUG' or use the -v and -vv flags.
[2m[36m(pid=994514)[0m 2026-05-22 22:42:16,667	WARNING deprecation.py:38 -- DeprecationWarning: `simple_optimizer` has been deprecated. This will raise an error in the future!
[2m[36m(pid=994509)[0m /workspace/MARLlib/marllib/marl/algos/core/VD/iql_vdn_qmix.py:482: UserWarning: The given NumPy array is not writeable, and PyTorch does not support non-writeable tensors. This means you can write to the underlying (supposedly non-writeable) NumPy array using the tensor. You may want to copy the array to protect its data or make it writeable before converting it to a tensor. This type of warning will be suppressed for the rest of this program. (Triggered internally at  ../torch/csrc/utils/tensor_numpy.cpp:189.)
[2m[36m(pid=994509)[0m   k: torch.as_tensor(v, device=self.device)
[2m[36m(pid=994511)[0m /workspace/MARLlib/marllib/marl/algos/core/VD/iql_vdn_qmix.py:482: UserWarning: The given NumPy array is not writeable, and PyTorch does not support non-writeable tensors. This means you can write to the underlying (supposedly non-writeable) NumPy array using the tensor. You may want to copy the array to protect its data or make it writeable before converting it to a tensor. This type of warning will be suppressed for the rest of this program. (Triggered internally at  ../torch/csrc/utils/tensor_numpy.cpp:189.)
[2m[36m(pid=994511)[0m   k: torch.as_tensor(v, device=self.device)
[2m[36m(pid=994516)[0m /workspace/MARLlib/marllib/marl/algos/core/VD/iql_vdn_qmix.py:482: UserWarning: The given NumPy array is not writeable, and PyTorch does not support non-writeable tensors. This means you can write to the underlying (supposedly non-writeable) NumPy array using the tensor. You may want to copy the array to protect its data or make it writeable before converting it to a tensor. This type of warning will be suppressed for the rest of this program. (Triggered internally at  ../torch/csrc/utils/tensor_numpy.cpp:189.)
[2m[36m(pid=994516)[0m   k: torch.as_tensor(v, device=self.device)
[2m[36m(pid=994515)[0m /workspace/MARLlib/marllib/marl/algos/core/VD/iql_vdn_qmix.py:482: UserWarning: The given NumPy array is not writeable, and PyTorch does not support non-writeable tensors. This means you can write to the underlying (supposedly non-writeable) NumPy array using the tensor. You may want to copy the array to protect its data or make it writeable before converting it to a tensor. This type of warning will be suppressed for the rest of this program. (Triggered internally at  ../torch/csrc/utils/tensor_numpy.cpp:189.)
[2m[36m(pid=994515)[0m   k: torch.as_tensor(v, device=self.device)
[2m[36m(pid=994512)[0m /workspace/MARLlib/marllib/marl/algos/core/VD/iql_vdn_qmix.py:482: UserWarning: The given NumPy array is not writeable, and PyTorch does not support non-writeable tensors. This means you can write to the underlying (supposedly non-writeable) NumPy array using the tensor. You may want to copy the array to protect its data or make it writeable before converting it to a tensor. This type of warning will be suppressed for the rest of this program. (Triggered internally at  ../torch/csrc/utils/tensor_numpy.cpp:189.)
[2m[36m(pid=994512)[0m   k: torch.as_tensor(v, device=self.device)
[2m[36m(pid=994513)[0m /workspace/MARLlib/marllib/marl/algos/core/VD/iql_vdn_qmix.py:482: UserWarning: The given NumPy array is not writeable, and PyTorch does not support non-writeable tensors. This means you can write to the underlying (supposedly non-writeable) NumPy array using the tensor. You may want to copy the array to protect its data or make it writeable before converting it to a tensor. This type of warning will be suppressed for the rest of this program. (Triggered internally at  ../torch/csrc/utils/tensor_numpy.cpp:189.)
[2m[36m(pid=994513)[0m   k: torch.as_tensor(v, device=self.device)
[2m[36m(pid=994514)[0m 2026-05-22 22:42:16,722	WARNING util.py:57 -- Install gputil for GPU system monitoring.
[2m[36m(pid=994509)[0m /workspace/miniconda3/envs/marllib/lib/python3.8/site-packages/gymnasium/utils/passive_env_checker.py:245: UserWarning: [33mWARN: The reward returned by `step()` must be a float, int, np.integer or np.floating, actual type: <class 'list'>[0m
[2m[36m(pid=994509)[0m   logger.warn(
[2m[36m(pid=994511)[0m /workspace/miniconda3/envs/marllib/lib/python3.8/site-packages/gymnasium/utils/passive_env_checker.py:245: UserWarning: [33mWARN: The reward returned by `step()` must be a float, int, np.integer or np.floating, actual type: <class 'list'>[0m
[2m[36m(pid=994511)[0m   logger.warn(
[2m[36m(pid=994516)[0m /workspace/miniconda3/envs/marllib/lib/python3.8/site-packages/gymnasium/utils/passive_env_checker.py:245: UserWarning: [33mWARN: The reward returned by `step()` must be a float, int, np.integer or np.floating, actual type: <class 'list'>[0m
[2m[36m(pid=994516)[0m   logger.warn(
[2m[36m(pid=994515)[0m /workspace/miniconda3/envs/marllib/lib/python3.8/site-packages/gymnasium/utils/passive_env_checker.py:245: UserWarning: [33mWARN: The reward returned by `step()` must be a float, int, np.integer or np.floating, actual type: <class 'list'>[0m
[2m[36m(pid=994515)[0m   logger.warn(
[2m[36m(pid=994513)[0m /workspace/miniconda3/envs/marllib/lib/python3.8/site-packages/gymnasium/utils/passive_env_checker.py:245: UserWarning: [33mWARN: The reward returned by `step()` must be a float, int, np.integer or np.floating, actual type: <class 'list'>[0m
[2m[36m(pid=994513)[0m   logger.warn(
[2m[36m(pid=994512)[0m /workspace/miniconda3/envs/marllib/lib/python3.8/site-packages/gymnasium/utils/passive_env_checker.py:245: UserWarning: [33mWARN: The reward returned by `step()` must be a float, int, np.integer or np.floating, actual type: <class 'list'>[0m
[2m[36m(pid=994512)[0m   logger.warn(
[2m[36m(pid=994514)[0m /workspace/miniconda3/envs/marllib/lib/python3.8/site-packages/gymnasium/utils/passive_env_checker.py:245: UserWarning: [33mWARN: The reward returned by `step()` must be a float, int, np.integer or np.floating, actual type: <class 'list'>[0m
[2m[36m(pid=994514)[0m   logger.warn(
[2m[36m(pid=994514)[0m 2026-05-22 23:22:14,781	ERROR worker.py:79 -- Unhandled error (suppress with RAY_IGNORE_UNHANDLED_ERRORS=1): [36mray::RolloutWorker.set_weights()[39m (pid=994512, ip=172.24.0.2, repr=<ray.rllib.evaluation.rollout_worker.RolloutWorker object at 0x7fd14ca8b730>)
[2m[36m(pid=994514)[0m ray._private.memory_monitor.RayOutOfMemoryError: More than 95% of the memory on node 5f2e1c1af545 is used (36.29 / 38.18 GB). The top 10 memory consumers are:
[2m[36m(pid=994514)[0m 
[2m[36m(pid=994514)[0m PID	MEM	COMMAND
[2m[36m(pid=994514)[0m 994514	32.41GiB	ray::QMIX.train()
[2m[36m(pid=994514)[0m 2716	0.87GiB	/root/.vscode-server/cli/servers/Stable-560a9dba96f961efea7b1612916f89e5d5d4d679/server/node --dns-r
[2m[36m(pid=994514)[0m 988846	0.41GiB	/workspace/miniconda3/envs/marllib/bin/python /workspace/miniconda3/envs/marllib/bin/tensorboard --l
[2m[36m(pid=994514)[0m 994511	0.23GiB	ray::RolloutWorker
[2m[36m(pid=994514)[0m 994513	0.23GiB	ray::RolloutWorker
[2m[36m(pid=994514)[0m 994515	0.23GiB	ray::RolloutWorker
[2m[36m(pid=994514)[0m 994512	0.23GiB	ray::RolloutWorker
[2m[36m(pid=994514)[0m 994516	0.23GiB	ray::RolloutWorker
[2m[36m(pid=994514)[0m 994509	0.23GiB	ray::RolloutWorker
[2m[36m(pid=994514)[0m 994385	0.22GiB	/workspace/miniconda3/envs/marllib/bin/python scripts/train_rware_qmix.py
[2m[36m(pid=994514)[0m 
[2m[36m(pid=994514)[0m In addition, up to 2.66 GiB of shared memory is currently being used by the Ray object store.
[2m[36m(pid=994514)[0m ---
[2m[36m(pid=994514)[0m --- Tip: Use the `ray memory` command to list active objects in the cluster.
[2m[36m(pid=994514)[0m --- To disable OOM exceptions, set RAY_DISABLE_MEMORY_MONITOR=1.
[2m[36m(pid=994514)[0m ---
[2m[36m(pid=994514)[0m 2026-05-22 23:22:16,712	ERROR worker.py:79 -- Unhandled error (suppress with RAY_IGNORE_UNHANDLED_ERRORS=1): [36mray::RolloutWorker.set_weights()[39m (pid=994512, ip=172.24.0.2, repr=<ray.rllib.evaluation.rollout_worker.RolloutWorker object at 0x7fd14ca8b730>)
[2m[36m(pid=994514)[0m ray._private.memory_monitor.RayOutOfMemoryError: More than 95% of the memory on node 5f2e1c1af545 is used (36.28 / 38.18 GB). The top 10 memory consumers are:
[2m[36m(pid=994514)[0m 
[2m[36m(pid=994514)[0m PID	MEM	COMMAND
[2m[36m(pid=994514)[0m 994514	32.41GiB	ray::QMIX.train()
[2m[36m(pid=994514)[0m 2716	0.87GiB	/root/.vscode-server/cli/servers/Stable-560a9dba96f961efea7b1612916f89e5d5d4d679/server/node --dns-r
[2m[36m(pid=994514)[0m 988846	0.41GiB	/workspace/miniconda3/envs/marllib/bin/python /workspace/miniconda3/envs/marllib/bin/tensorboard --l
[2m[36m(pid=994514)[0m 994511	0.23GiB	ray::RolloutWorker
[2m[36m(pid=994514)[0m 994513	0.23GiB	ray::RolloutWorker
[2m[36m(pid=994514)[0m 994515	0.23GiB	ray::RolloutWorker
[2m[36m(pid=994514)[0m 994512	0.23GiB	ray::RolloutWorker
[2m[36m(pid=994514)[0m 994516	0.23GiB	ray::RolloutWorker
[2m[36m(pid=994514)[0m 994509	0.23GiB	ray::RolloutWorker
[2m[36m(pid=994514)[0m 994385	0.22GiB	/workspace/miniconda3/envs/marllib/bin/python scripts/train_rware_qmix.py
[2m[36m(pid=994514)[0m 
[2m[36m(pid=994514)[0m In addition, up to 2.66 GiB of shared memory is currently being used by the Ray object store.
[2m[36m(pid=994514)[0m ---
[2m[36m(pid=994514)[0m --- Tip: Use the `ray memory` command to list active objects in the cluster.
[2m[36m(pid=994514)[0m --- To disable OOM exceptions, set RAY_DISABLE_MEMORY_MONITOR=1.
[2m[36m(pid=994514)[0m ---
2026-05-22 23:22:20,600	ERROR trial_runner.py:924 -- Trial QMIX_grouped_rware_v2_rware-small-4ag-v2_74c9b_00000: Error processing event.
Traceback (most recent call last):
  File "/workspace/miniconda3/envs/marllib/lib/python3.8/site-packages/ray/tune/trial_runner.py", line 890, in _process_trial
    results = self.trial_executor.fetch_result(trial)
  File "/workspace/miniconda3/envs/marllib/lib/python3.8/site-packages/ray/tune/ray_trial_executor.py", line 788, in fetch_result
    result = ray.get(trial_future[0], timeout=DEFAULT_GET_TIMEOUT)
  File "/workspace/miniconda3/envs/marllib/lib/python3.8/site-packages/ray/_private/client_mode_hook.py", line 105, in wrapper
    return func(*args, **kwargs)
  File "/workspace/miniconda3/envs/marllib/lib/python3.8/site-packages/ray/worker.py", line 1625, in get
    raise value.as_instanceof_cause()
ray.exceptions.RayTaskError(RayOutOfMemoryError): [36mray::QMIX.train()[39m (pid=994514, ip=172.24.0.2, repr=QMIX)
ray._private.memory_monitor.RayOutOfMemoryError: More than 95% of the memory on node 5f2e1c1af545 is used (36.3 / 38.18 GB). The top 10 memory consumers are:

PID	MEM	COMMAND
994514	32.47GiB	ray::QMIX
2716	0.87GiB	/root/.vscode-server/cli/servers/Stable-560a9dba96f961efea7b1612916f89e5d5d4d679/server/node --dns-r
988846	0.41GiB	/workspace/miniconda3/envs/marllib/bin/python /workspace/miniconda3/envs/marllib/bin/tensorboard --l
994511	0.23GiB	ray::RolloutWorker
994513	0.23GiB	ray::RolloutWorker
994515	0.23GiB	ray::RolloutWorker
994512	0.23GiB	ray::RolloutWorker
994516	0.23GiB	ray::RolloutWorker
994509	0.23GiB	ray::RolloutWorker
994385	0.22GiB	/workspace/miniconda3/envs/marllib/bin/python scripts/train_rware_qmix.py

In addition, up to 2.66 GiB of shared memory is currently being used by the Ray object store.
---
--- Tip: Use the `ray memory` command to list active objects in the cluster.
--- To disable OOM exceptions, set RAY_DISABLE_MEMORY_MONITOR=1.
---
[2m[36m(pid=994514)[0m 2026-05-22 23:22:20,574	ERROR worker.py:79 -- Unhandled error (suppress with RAY_IGNORE_UNHANDLED_ERRORS=1): [36mray::RolloutWorker.set_weights()[39m (pid=994515, ip=172.24.0.2, repr=<ray.rllib.evaluation.rollout_worker.RolloutWorker object at 0x7f57eefad730>)
[2m[36m(pid=994514)[0m ray._private.memory_monitor.RayOutOfMemoryError: More than 95% of the memory on node 5f2e1c1af545 is used (36.3 / 38.18 GB). The top 10 memory consumers are:
[2m[36m(pid=994514)[0m 
[2m[36m(pid=994514)[0m PID	MEM	COMMAND
[2m[36m(pid=994514)[0m 994514	32.47GiB	ray::QMIX.train()
[2m[36m(pid=994514)[0m 2716	0.87GiB	/root/.vscode-server/cli/servers/Stable-560a9dba96f961efea7b1612916f89e5d5d4d679/server/node --dns-r
[2m[36m(pid=994514)[0m 988846	0.41GiB	/workspace/miniconda3/envs/marllib/bin/python /workspace/miniconda3/envs/marllib/bin/tensorboard --l
[2m[36m(pid=994514)[0m 994511	0.23GiB	ray::RolloutWorker
[2m[36m(pid=994514)[0m 994513	0.23GiB	ray::RolloutWorker
[2m[36m(pid=994514)[0m 994515	0.23GiB	ray::RolloutWorker
[2m[36m(pid=994514)[0m 994512	0.23GiB	ray::RolloutWorker
[2m[36m(pid=994514)[0m 994516	0.23GiB	ray::RolloutWorker
[2m[36m(pid=994514)[0m 994509	0.23GiB	ray::RolloutWorker
[2m[36m(pid=994514)[0m 994385	0.22GiB	/workspace/miniconda3/envs/marllib/bin/python scripts/train_rware_qmix.py
[2m[36m(pid=994514)[0m 
[2m[36m(pid=994514)[0m In addition, up to 2.66 GiB of shared memory is currently being used by the Ray object store.
[2m[36m(pid=994514)[0m ---
[2m[36m(pid=994514)[0m --- Tip: Use the `ray memory` command to list active objects in the cluster.
[2m[36m(pid=994514)[0m --- To disable OOM exceptions, set RAY_DISABLE_MEMORY_MONITOR=1.
[2m[36m(pid=994514)[0m ---
[2m[36m(pid=994514)[0m 2026-05-22 23:22:20,574	ERROR worker.py:79 -- Unhandled error (suppress with RAY_IGNORE_UNHANDLED_ERRORS=1): [36mray::RolloutWorker.set_weights()[39m (pid=994513, ip=172.24.0.2, repr=<ray.rllib.evaluation.rollout_worker.RolloutWorker object at 0x7fbcc4e93730>)
[2m[36m(pid=994514)[0m ray._private.memory_monitor.RayOutOfMemoryError: More than 95% of the memory on node 5f2e1c1af545 is used (36.3 / 38.18 GB). The top 10 memory consumers are:
[2m[36m(pid=994514)[0m 
[2m[36m(pid=994514)[0m PID	MEM	COMMAND
[2m[36m(pid=994514)[0m 994514	32.47GiB	ray::QMIX.train()
[2m[36m(pid=994514)[0m 2716	0.87GiB	/root/.vscode-server/cli/servers/Stable-560a9dba96f961efea7b1612916f89e5d5d4d679/server/node --dns-r
[2m[36m(pid=994514)[0m 988846	0.41GiB	/workspace/miniconda3/envs/marllib/bin/python /workspace/miniconda3/envs/marllib/bin/tensorboard --l
[2m[36m(pid=994514)[0m 994511	0.23GiB	ray::RolloutWorker
[2m[36m(pid=994514)[0m 994513	0.23GiB	ray::RolloutWorker
[2m[36m(pid=994514)[0m 994515	0.23GiB	ray::RolloutWorker
[2m[36m(pid=994514)[0m 994512	0.23GiB	ray::RolloutWorker
[2m[36m(pid=994514)[0m 994516	0.23GiB	ray::RolloutWorker
[2m[36m(pid=994514)[0m 994509	0.23GiB	ray::RolloutWorker
[2m[36m(pid=994514)[0m 994385	0.22GiB	/workspace/miniconda3/envs/marllib/bin/python scripts/train_rware_qmix.py
[2m[36m(pid=994514)[0m 
[2m[36m(pid=994514)[0m In addition, up to 2.66 GiB of shared memory is currently being used by the Ray object store.
[2m[36m(pid=994514)[0m ---
[2m[36m(pid=994514)[0m --- Tip: Use the `ray memory` command to list active objects in the cluster.
[2m[36m(pid=994514)[0m --- To disable OOM exceptions, set RAY_DISABLE_MEMORY_MONITOR=1.
[2m[36m(pid=994514)[0m ---
[2m[36m(pid=994514)[0m 2026-05-22 23:22:20,575	ERROR worker.py:79 -- Unhandled error (suppress with RAY_IGNORE_UNHANDLED_ERRORS=1): [36mray::RolloutWorker.set_weights()[39m (pid=994512, ip=172.24.0.2, repr=<ray.rllib.evaluation.rollout_worker.RolloutWorker object at 0x7fd14ca8b730>)
[2m[36m(pid=994514)[0m ray._private.memory_monitor.RayOutOfMemoryError: More than 95% of the memory on node 5f2e1c1af545 is used (36.3 / 38.18 GB). The top 10 memory consumers are:
[2m[36m(pid=994514)[0m 
[2m[36m(pid=994514)[0m PID	MEM	COMMAND
[2m[36m(pid=994514)[0m 994514	32.47GiB	ray::QMIX.train()
[2m[36m(pid=994514)[0m 2716	0.87GiB	/root/.vscode-server/cli/servers/Stable-560a9dba96f961efea7b1612916f89e5d5d4d679/server/node --dns-r
[2m[36m(pid=994514)[0m 988846	0.41GiB	/workspace/miniconda3/envs/marllib/bin/python /workspace/miniconda3/envs/marllib/bin/tensorboard --l
[2m[36m(pid=994514)[0m 994511	0.23GiB	ray::RolloutWorker
[2m[36m(pid=994514)[0m 994513	0.23GiB	ray::RolloutWorker
[2m[36m(pid=994514)[0m 994515	0.23GiB	ray::RolloutWorker
[2m[36m(pid=994514)[0m 994512	0.23GiB	ray::RolloutWorker
[2m[36m(pid=994514)[0m 994516	0.23GiB	ray::RolloutWorker
[2m[36m(pid=994514)[0m 994509	0.23GiB	ray::RolloutWorker
[2m[36m(pid=994514)[0m 994385	0.22GiB	/workspace/miniconda3/envs/marllib/bin/python scripts/train_rware_qmix.py
[2m[36m(pid=994514)[0m 
[2m[36m(pid=994514)[0m In addition, up to 2.66 GiB of shared memory is currently being used by the Ray object store.
[2m[36m(pid=994514)[0m ---
[2m[36m(pid=994514)[0m --- Tip: Use the `ray memory` command to list active objects in the cluster.
[2m[36m(pid=994514)[0m --- To disable OOM exceptions, set RAY_DISABLE_MEMORY_MONITOR=1.
[2m[36m(pid=994514)[0m ---
[2m[36m(pid=994514)[0m 2026-05-22 23:22:20,576	ERROR worker.py:79 -- Unhandled error (suppress with RAY_IGNORE_UNHANDLED_ERRORS=1): [36mray::RolloutWorker.set_weights()[39m (pid=994516, ip=172.24.0.2, repr=<ray.rllib.evaluation.rollout_worker.RolloutWorker object at 0x7f06256a8730>)
[2m[36m(pid=994514)[0m ray._private.memory_monitor.RayOutOfMemoryError: More than 95% of the memory on node 5f2e1c1af545 is used (36.3 / 38.18 GB). The top 10 memory consumers are:
[2m[36m(pid=994514)[0m 
[2m[36m(pid=994514)[0m PID	MEM	COMMAND
[2m[36m(pid=994514)[0m 994514	32.47GiB	ray::QMIX.train()
[2m[36m(pid=994514)[0m 2716	0.87GiB	/root/.vscode-server/cli/servers/Stable-560a9dba96f961efea7b1612916f89e5d5d4d679/server/node --dns-r
[2m[36m(pid=994514)[0m 988846	0.41GiB	/workspace/miniconda3/envs/marllib/bin/python /workspace/miniconda3/envs/marllib/bin/tensorboard --l
[2m[36m(pid=994514)[0m 994511	0.23GiB	ray::RolloutWorker
[2m[36m(pid=994514)[0m 994513	0.23GiB	ray::RolloutWorker
[2m[36m(pid=994514)[0m 994515	0.23GiB	ray::RolloutWorker
[2m[36m(pid=994514)[0m 994512	0.23GiB	ray::RolloutWorker
[2m[36m(pid=994514)[0m 994516	0.23GiB	ray::RolloutWorker
[2m[36m(pid=994514)[0m 994509	0.23GiB	ray::RolloutWorker
[2m[36m(pid=994514)[0m 994385	0.22GiB	/workspace/miniconda3/envs/marllib/bin/python scripts/train_rware_qmix.py
[2m[36m(pid=994514)[0m 
[2m[36m(pid=994514)[0m In addition, up to 2.66 GiB of shared memory is currently being used by the Ray object store.
[2m[36m(pid=994514)[0m ---
[2m[36m(pid=994514)[0m --- Tip: Use the `ray memory` command to list active objects in the cluster.
[2m[36m(pid=994514)[0m --- To disable OOM exceptions, set RAY_DISABLE_MEMORY_MONITOR=1.
[2m[36m(pid=994514)[0m ---
[2m[36m(pid=994514)[0m 2026-05-22 23:22:20,576	ERROR worker.py:79 -- Unhandled error (suppress with RAY_IGNORE_UNHANDLED_ERRORS=1): [36mray::RolloutWorker.set_weights()[39m (pid=994511, ip=172.24.0.2, repr=<ray.rllib.evaluation.rollout_worker.RolloutWorker object at 0x7f7c8c7b0730>)
[2m[36m(pid=994514)[0m ray._private.memory_monitor.RayOutOfMemoryError: More than 95% of the memory on node 5f2e1c1af545 is used (36.3 / 38.18 GB). The top 10 memory consumers are:
[2m[36m(pid=994514)[0m 
[2m[36m(pid=994514)[0m PID	MEM	COMMAND
[2m[36m(pid=994514)[0m 994514	32.47GiB	ray::QMIX.train()
[2m[36m(pid=994514)[0m 2716	0.87GiB	/root/.vscode-server/cli/servers/Stable-560a9dba96f961efea7b1612916f89e5d5d4d679/server/node --dns-r
[2m[36m(pid=994514)[0m 988846	0.41GiB	/workspace/miniconda3/envs/marllib/bin/python /workspace/miniconda3/envs/marllib/bin/tensorboard --l
[2m[36m(pid=994514)[0m 994511	0.23GiB	ray::RolloutWorker
[2m[36m(pid=994514)[0m 994513	0.23GiB	ray::RolloutWorker
[2m[36m(pid=994514)[0m 994515	0.23GiB	ray::RolloutWorker
[2m[36m(pid=994514)[0m 994512	0.23GiB	ray::RolloutWorker
== Status ==
Current time: 2026-05-22 23:21:58 (running for 00:39:53.43)
Memory usage on this node: 90.4/251.6 GiB
Using FIFO scheduling algorithm.
Resources requested: 7.0/8 CPUs, 1.0/1 GPUs, 0.0/17.54 GiB heap, 0.0/8.77 GiB objects (0.0/1.0 accelerator_type:G)
Result logdir: /workspace/MARLlib/runs/rware_mappo_gru_small_20m_tensorboard/qmix_gru_rware-small-4ag-v2
Number of trials: 1/1 (1 RUNNING)
+------------------------------------------------------+----------+-------------------+--------+------------------+---------+----------+----------------------+----------------------+--------------------+
| Trial name                                           | status   | loc               |   iter |   total time (s) |      ts |   reward |   episode_reward_max |   episode_reward_min |   episode_len_mean |
|------------------------------------------------------+----------+-------------------+--------+------------------+---------+----------+----------------------+----------------------+--------------------|
| QMIX_grouped_rware_v2_rware-small-4ag-v2_74c9b_00000 | RUNNING  | 172.24.0.2:994514 |   1116 |          2354.36 | 3351000 |     0.03 |                    1 |                    0 |                500 |
+------------------------------------------------------+----------+-------------------+--------+------------------+---------+----------+----------------------+----------------------+--------------------+


== Status ==
Current time: 2026-05-22 23:22:04 (running for 00:39:59.32)
Memory usage on this node: 90.5/251.6 GiB
Using FIFO scheduling algorithm.
Resources requested: 7.0/8 CPUs, 1.0/1 GPUs, 0.0/17.54 GiB heap, 0.0/8.77 GiB objects (0.0/1.0 accelerator_type:G)
Result logdir: /workspace/MARLlib/runs/rware_mappo_gru_small_20m_tensorboard/qmix_gru_rware-small-4ag-v2
Number of trials: 1/1 (1 RUNNING)
+------------------------------------------------------+----------+-------------------+--------+------------------+---------+----------+----------------------+----------------------+--------------------+
| Trial name                                           | status   | loc               |   iter |   total time (s) |      ts |   reward |   episode_reward_max |   episode_reward_min |   episode_len_mean |
|------------------------------------------------------+----------+-------------------+--------+------------------+---------+----------+----------------------+----------------------+--------------------|
| QMIX_grouped_rware_v2_rware-small-4ag-v2_74c9b_00000 | RUNNING  | 172.24.0.2:994514 |   1119 |          2360.17 | 3360000 |     0.03 |                    1 |                    0 |                500 |
+------------------------------------------------------+----------+-------------------+--------+------------------+---------+----------+----------------------+----------------------+--------------------+


== Status ==
Current time: 2026-05-22 23:22:10 (running for 00:40:05.25)
Memory usage on this node: 90.5/251.6 GiB
Using FIFO scheduling algorithm.
Resources requested: 7.0/8 CPUs, 1.0/1 GPUs, 0.0/17.54 GiB heap, 0.0/8.77 GiB objects (0.0/1.0 accelerator_type:G)
Result logdir: /workspace/MARLlib/runs/rware_mappo_gru_small_20m_tensorboard/qmix_gru_rware-small-4ag-v2
Number of trials: 1/1 (1 RUNNING)
+------------------------------------------------------+----------+-------------------+--------+------------------+---------+----------+----------------------+----------------------+--------------------+
| Trial name                                           | status   | loc               |   iter |   total time (s) |      ts |   reward |   episode_reward_max |   episode_reward_min |   episode_len_mean |
|------------------------------------------------------+----------+-------------------+--------+------------------+---------+----------+----------------------+----------------------+--------------------|
| QMIX_grouped_rware_v2_rware-small-4ag-v2_74c9b_00000 | RUNNING  | 172.24.0.2:994514 |   1120 |          2365.08 | 3363000 |     0.03 |                    1 |                    0 |                500 |
+------------------------------------------------------+----------+-------------------+--------+------------------+---------+----------+----------------------+----------------------+--------------------+


== Status ==
Current time: 2026-05-22 23:22:15 (running for 00:40:10.97)
Memory usage on this node: 90.6/251.6 GiB
Using FIFO scheduling algorithm.
Resources requested: 7.0/8 CPUs, 1.0/1 GPUs, 0.0/17.54 GiB heap, 0.0/8.77 GiB objects (0.0/1.0 accelerator_type:G)
Result logdir: /workspace/MARLlib/runs/rware_mappo_gru_small_20m_tensorboard/qmix_gru_rware-small-4ag-v2
Number of trials: 1/1 (1 RUNNING)
+------------------------------------------------------+----------+-------------------+--------+------------------+---------+----------+----------------------+----------------------+--------------------+
| Trial name                                           | status   | loc               |   iter |   total time (s) |      ts |   reward |   episode_reward_max |   episode_reward_min |   episode_len_mean |
|------------------------------------------------------+----------+-------------------+--------+------------------+---------+----------+----------------------+----------------------+--------------------|
| QMIX_grouped_rware_v2_rware-small-4ag-v2_74c9b_00000 | RUNNING  | 172.24.0.2:994514 |   1123 |          2370.71 | 3372000 |     0.02 |                    1 |                    0 |                500 |
+------------------------------------------------------+----------+-------------------+--------+------------------+---------+----------+----------------------+----------------------+--------------------+


[2m[36m(pid=994514)[0m 994516	0.23GiB	ray::RolloutWorker
[2m[36m(pid=994514)[0m 994509	0.23GiB	ray::RolloutWorker
[2m[36m(pid=994514)[0m 994385	0.22GiB	/workspace/miniconda3/envs/marllib/bin/python scripts/train_rware_qmix.py
[2m[36m(pid=994514)[0m 
[2m[36m(pid=994514)[0m In addition, up to 2.66 GiB of shared memory is currently being used by the Ray object store.
[2m[36m(pid=994514)[0m ---
[2m[36m(pid=994514)[0m --- Tip: Use the `ray memory` command to list active objects in the cluster.
[2m[36m(pid=994514)[0m --- To disable OOM exceptions, set RAY_DISABLE_MEMORY_MONITOR=1.
[2m[36m(pid=994514)[0m ---
[2m[36m(pid=994514)[0m 2026-05-22 23:22:20,576	ERROR worker.py:79 -- Unhandled error (suppress with RAY_IGNORE_UNHANDLED_ERRORS=1): [36mray::RolloutWorker.set_weights()[39m (pid=994509, ip=172.24.0.2, repr=<ray.rllib.evaluation.rollout_worker.RolloutWorker object at 0x7f5f259c2730>)
[2m[36m(pid=994514)[0m ray._private.memory_monitor.RayOutOfMemoryError: More than 95% of the memory on node 5f2e1c1af545 is used (36.3 / 38.18 GB). The top 10 memory consumers are:
[2m[36m(pid=994514)[0m 
[2m[36m(pid=994514)[0m PID	MEM	COMMAND
[2m[36m(pid=994514)[0m 994514	32.47GiB	ray::QMIX.train()
[2m[36m(pid=994514)[0m 2716	0.87GiB	/root/.vscode-server/cli/servers/Stable-560a9dba96f961efea7b1612916f89e5d5d4d679/server/node --dns-r
[2m[36m(pid=994514)[0m 988846	0.41GiB	/workspace/miniconda3/envs/marllib/bin/python /workspace/miniconda3/envs/marllib/bin/tensorboard --l
[2m[36m(pid=994514)[0m 994511	0.23GiB	ray::RolloutWorker
[2m[36m(pid=994514)[0m 994513	0.23GiB	ray::RolloutWorker
[2m[36m(pid=994514)[0m 994515	0.23GiB	ray::RolloutWorker
[2m[36m(pid=994514)[0m 994512	0.23GiB	ray::RolloutWorker
[2m[36m(pid=994514)[0m 994516	0.23GiB	ray::RolloutWorker
[2m[36m(pid=994514)[0m 994509	0.23GiB	ray::RolloutWorker
[2m[36m(pid=994514)[0m 994385	0.22GiB	/workspace/miniconda3/envs/marllib/bin/python scripts/train_rware_qmix.py
[2m[36m(pid=994514)[0m 
[2m[36m(pid=994514)[0m In addition, up to 2.66 GiB of shared memory is currently being used by the Ray object store.
[2m[36m(pid=994514)[0m ---
[2m[36m(pid=994514)[0m --- Tip: Use the `ray memory` command to list active objects in the cluster.
[2m[36m(pid=994514)[0m --- To disable OOM exceptions, set RAY_DISABLE_MEMORY_MONITOR=1.
[2m[36m(pid=994514)[0m ---
[2m[36m(pid=994511)[0m 2026-05-22 23:22:20,827	ERROR worker.py:425 -- SystemExit was raised from the worker
[2m[36m(pid=994511)[0m Traceback (most recent call last):
[2m[36m(pid=994511)[0m   File "python/ray/_raylet.pyx", line 558, in ray._raylet.execute_task
[2m[36m(pid=994511)[0m   File "python/ray/_raylet.pyx", line 565, in ray._raylet.execute_task
[2m[36m(pid=994511)[0m   File "python/ray/_raylet.pyx", line 569, in ray._raylet.execute_task
[2m[36m(pid=994511)[0m   File "python/ray/_raylet.pyx", line 519, in ray._raylet.execute_task.function_executor
[2m[36m(pid=994511)[0m   File "/workspace/miniconda3/envs/marllib/lib/python3.8/site-packages/ray/_private/function_manager.py", line 576, in actor_method_executor
[2m[36m(pid=994511)[0m     return method(__ray_actor, *args, **kwargs)
[2m[36m(pid=994511)[0m   File "/workspace/miniconda3/envs/marllib/lib/python3.8/site-packages/ray/util/tracing/tracing_helper.py", line 451, in _resume_span
[2m[36m(pid=994511)[0m     return method(self, *_args, **_kwargs)
[2m[36m(pid=994511)[0m   File "/workspace/miniconda3/envs/marllib/lib/python3.8/site-packages/ray/actor.py", line 1047, in __ray_terminate__
[2m[36m(pid=994511)[0m     ray.actor.exit_actor()
[2m[36m(pid=994511)[0m   File "/workspace/miniconda3/envs/marllib/lib/python3.8/site-packages/ray/actor.py", line 1123, in exit_actor
[2m[36m(pid=994511)[0m     raise exit
[2m[36m(pid=994511)[0m SystemExit: 0
[2m[36m(pid=994511)[0m 
[2m[36m(pid=994511)[0m During handling of the above exception, another exception occurred:
[2m[36m(pid=994511)[0m 
[2m[36m(pid=994511)[0m Traceback (most recent call last):
[2m[36m(pid=994511)[0m   File "python/ray/_raylet.pyx", line 692, in ray._raylet.task_execution_handler
[2m[36m(pid=994511)[0m   File "python/ray/_raylet.pyx", line 521, in ray._raylet.execute_task
[2m[36m(pid=994511)[0m   File "python/ray/includes/libcoreworker.pxi", line 33, in ray._raylet.ProfileEvent.__exit__
[2m[36m(pid=994511)[0m   File "/workspace/miniconda3/envs/marllib/lib/python3.8/traceback.py", line 167, in format_exc
[2m[36m(pid=994511)[0m     return "".join(format_exception(*sys.exc_info(), limit=limit, chain=chain))
[2m[36m(pid=994511)[0m   File "/workspace/miniconda3/envs/marllib/lib/python3.8/traceback.py", line 120, in format_exception
[2m[36m(pid=994511)[0m     return list(TracebackException(
[2m[36m(pid=994511)[0m   File "/workspace/miniconda3/envs/marllib/lib/python3.8/site-packages/ray/worker.py", line 422, in sigterm_handler
[2m[36m(pid=994511)[0m     sys.exit(1)
[2m[36m(pid=994511)[0m SystemExit: 1
[2m[36m(pid=994511)[0m [2026-05-22 23:22:20,830 E 994511 994670] raylet_client.cc:159: IOError: Broken pipe [RayletClient] Failed to disconnect from raylet.
== Status ==
Current time: 2026-05-22 23:22:20 (running for 00:40:15.79)
Memory usage on this node: 90.7/251.6 GiB
Using FIFO scheduling algorithm.
Resources requested: 0/8 CPUs, 0/1 GPUs, 0.0/17.54 GiB heap, 0.0/8.77 GiB objects (0.0/1.0 accelerator_type:G)
Result logdir: /workspace/MARLlib/runs/rware_mappo_gru_small_20m_tensorboard/qmix_gru_rware-small-4ag-v2
Number of trials: 1/1 (1 ERROR)
+------------------------------------------------------+----------+-------------------+--------+------------------+---------+----------+----------------------+----------------------+--------------------+
| Trial name                                           | status   | loc               |   iter |   total time (s) |      ts |   reward |   episode_reward_max |   episode_reward_min |   episode_len_mean |
|------------------------------------------------------+----------+-------------------+--------+------------------+---------+----------+----------------------+----------------------+--------------------|
| QMIX_grouped_rware_v2_rware-small-4ag-v2_74c9b_00000 | ERROR    | 172.24.0.2:994514 |   1126 |          2376.44 | 3381000 |     0.04 |                    1 |                    0 |                500 |
+------------------------------------------------------+----------+-------------------+--------+------------------+---------+----------+----------------------+----------------------+--------------------+
Number of errored trials: 1
+------------------------------------------------------+--------------+--------------------------------------------------------------------------------------------------------------------------------------------------------------------------------+
| Trial name                                           |   # failures | error file                                                                                                                                                                     |
|------------------------------------------------------+--------------+--------------------------------------------------------------------------------------------------------------------------------------------------------------------------------|
| QMIX_grouped_rware_v2_rware-small-4ag-v2_74c9b_00000 |            1 | /workspace/MARLlib/runs/rware_mappo_gru_small_20m_tensorboard/qmix_gru_rware-small-4ag-v2/QMIX_grouped_rware_v2_rware-small-4ag-v2_74c9b_00000_0_2026-05-22_22-42-04/error.txt |
+------------------------------------------------------+--------------+--------------------------------------------------------------------------------------------------------------------------------------------------------------------------------+

Traceback (most recent call last):
  File "scripts/train_rware_qmix.py", line 187, in <module>
    main()
  File "scripts/train_rware_qmix.py", line 168, in main
    qmix.fit(
  File "/workspace/MARLlib/marllib/marl/__init__.py", line 314, in fit
    return run_vd(self.config_dict, env_instance, model_class, stop=stop)
  File "/workspace/MARLlib/marllib/marl/algos/run_vd.py", line 208, in run_vd
    results = POlICY_REGISTRY[exp_info["algorithm"]](model, exp_info, run_config, env_info, stop_config,
  File "/workspace/MARLlib/marllib/marl/algos/scripts/vdn_qmix_iql.py", line 118, in run_joint_q
    results = tune.run(JQTrainer,
  File "/workspace/miniconda3/envs/marllib/lib/python3.8/site-packages/ray/tune/tune.py", line 624, in run
    raise TuneError("Trials did not complete", incomplete_trials)
ray.tune.error.TuneError: ('Trials did not complete', [QMIX_grouped_rware_v2_rware-small-4ag-v2_74c9b_00000])
